[13:25:35] [HOUSE] Ably connected for bet broadcasting
[13:25:35] [HOUSE] House bot started (ETH mode)
[13:25:35] [HOUSE] Bet: 0.005 ETH per side | Factory: 0x5b04F3DFaE
[13:25:35] [HOUSE] Polling every 2s for new markets...
[13:25:36] [HOUSE] Skip 0x70669715b8 — lockTime passed (164s ago)
[13:26:21] [HOUSE] Seeding 0x3e0Ecf2a01...
[13:26:25] [HOUSE]   UNDER OK — 0.005 ETH ([{"address":)
/home/lumen/.gemini/antigravity/scratch/rush/oracle/house_bot.py:157: DeprecationWarning: There is no current event loop
  asyncio.get_event_loop().run_until_complete(channel.publish("bet_placed", bet_data))
[13:26:26] [HOUSE] HTTP Request: POST https://main.realtime.ably.net/channels/rush:bets/messages "HTTP/2 201 Created"
[13:26:31] [HOUSE]   OVER OK — 0.005 ETH ([{"address":)
[13:26:31] [HOUSE] HTTP Request: POST https://main.realtime.ably.net/channels/rush:bets/messages "HTTP/2 201 Created"
[13:26:31] [HOUSE] Seeded 0x3e0Ecf2a01 — 0.005 + 0.005 ETH
[13:26:31] [HOUSE] HTTP Request: POST https://main.realtime.ably.net/channels/rush:chat/messages "HTTP/2 201 Created"
[13:26:31] [HOUSE]   Chat: over or under? I'm on both. beat me
[13:32:16] [HOUSE] Seeding 0x1b8E2862eF...
[13:32:19] [HOUSE]   UNDER OK — 0.005 ETH ([{"address":)
[13:32:20] [HOUSE] HTTP Request: POST https://main.realtime.ably.net/channels/rush:bets/messages "HTTP/2 201 Created"
[13:32:25] [HOUSE]   OVER OK — 0.005 ETH ([{"address":)
[13:32:25] [HOUSE] HTTP Request: POST https://main.realtime.ably.net/channels/rush:bets/messages "HTTP/2 201 Created"
[13:32:25] [HOUSE] Seeded 0x1b8E2862eF — 0.005 + 0.005 ETH
[13:32:25] [HOUSE] HTTP Request: POST https://main.realtime.ably.net/channels/rush:chat/messages "HTTP/2 201 Created"
[13:32:25] [HOUSE]   Chat: funded. now it's your turn
[13:38:10] [HOUSE] Seeding 0xfDe7e3deea...
[13:38:13] [HOUSE]   UNDER OK — 0.005 ETH ([{"address":)
[13:38:14] [HOUSE] HTTP Request: POST https://main.realtime.ably.net/channels/rush:bets/messages "HTTP/2 201 Created"
[13:38:20] [HOUSE]   OVER OK — 0.005 ETH ([{"address":)
[13:38:20] [HOUSE] HTTP Request: POST https://main.realtime.ably.net/channels/rush:bets/messages "HTTP/2 201 Created"
[13:38:20] [HOUSE] Seeded 0xfDe7e3deea — 0.005 + 0.005 ETH
[13:38:20] [HOUSE] HTTP Request: POST https://main.realtime.ably.net/channels/rush:chat/messages "HTTP/2 201 Created"
[13:38:20] [HOUSE]   Chat: seeded and ready. this pool won't fill itself
[13:44:07] [HOUSE] Seeding 0xd27B2A56EF...
[13:44:12] [HOUSE]   UNDER OK — 0.005 ETH ([{"address":)
[13:44:12] [HOUSE] HTTP Request: POST https://main.realtime.ably.net/channels/rush:bets/messages "HTTP/2 201 Created"
[13:44:17] [HOUSE]   OVER OK — 0.005 ETH ([{"address":)
[13:44:18] [HOUSE] HTTP Request: POST https://main.realtime.ably.net/channels/rush:bets/messages "HTTP/2 201 Created"
[13:44:18] [HOUSE] Seeded 0xd27B2A56EF — 0.005 + 0.005 ETH
[13:44:18] [HOUSE] HTTP Request: POST https://main.realtime.ably.net/channels/rush:chat/messages "HTTP/2 201 Created"
[13:44:18] [HOUSE]   Chat: house bot never misses a round. do you?
[13:49:57] [HOUSE] Seeding 0x85Ea353F13...
[13:50:02] [HOUSE]   UNDER OK — 0.005 ETH ([{"address":)
[13:50:02] [HOUSE] HTTP Request: POST https://main.realtime.ably.net/channels/rush:bets/messages "HTTP/2 201 Created"
[13:50:07] [HOUSE]   OVER OK — 0.005 ETH ([{"address":)
[13:50:07] [HOUSE] HTTP Request: POST https://main.realtime.ably.net/channels/rush:bets/messages "HTTP/2 201 Created"
[13:50:07] [HOUSE] Seeded 0x85Ea353F13 — 0.005 + 0.005 ETH
[13:50:08] [HOUSE] HTTP Request: POST https://main.realtime.ably.net/channels/rush:chat/messages "HTTP/2 201 Created"
[13:50:08] [HOUSE]   Chat: LP in. the question is: over or under?
[13:55:53] [HOUSE] Seeding 0xF94df43977...
[13:55:58] [HOUSE]   UNDER OK — 0.005 ETH ([{"address":)
[13:55:58] [HOUSE] HTTP Request: POST https://main.realtime.ably.net/channels/rush:bets/messages "HTTP/2 201 Created"
[13:56:04] [HOUSE]   OVER OK — 0.005 ETH ([{"address":)
[13:56:04] [HOUSE] HTTP Request: POST https://main.realtime.ably.net/channels/rush:bets/messages "HTTP/2 201 Created"
[13:56:04] [HOUSE] Seeded 0xF94df43977 — 0.005 + 0.005 ETH
[13:56:04] [HOUSE] HTTP Request: POST https://main.realtime.ably.net/channels/rush:chat/messages "HTTP/2 201 Created"
[13:56:04] [HOUSE]   Chat: your ETH could double right now
[14:01:44] [HOUSE] Seeding 0x05A1Cdd7cd...
[14:01:47] [HOUSE]   UNDER OK — 0.005 ETH ([{"address":)
[14:01:47] [HOUSE] HTTP Request: POST https://main.realtime.ably.net/channels/rush:bets/messages "HTTP/2 201 Created"
[14:01:54] [HOUSE]   OVER OK — 0.005 ETH ([{"address":)
[14:01:54] [HOUSE] HTTP Request: POST https://main.realtime.ably.net/channels/rush:bets/messages "HTTP/2 201 Created"
[14:01:54] [HOUSE] Seeded 0x05A1Cdd7cd — 0.005 + 0.005 ETH
[14:01:54] [HOUSE] HTTP Request: POST https://main.realtime.ably.net/channels/rush:chat/messages "HTTP/2 201 Created"
[14:01:54] [HOUSE]   Chat: someone's winning my ETH this round. might as well be you
[14:07:40] [HOUSE] Seeding 0xf96d56138d...
[14:07:44] [HOUSE]   UNDER OK — 0.005 ETH ([{"address":)
[14:07:44] [HOUSE] HTTP Request: POST https://main.realtime.ably.net/channels/rush:bets/messages "HTTP/2 201 Created"
[14:07:47] [HOUSE]   RPC https://base-mainnet.core failed: Error: Failed to estimate gas: server returned an error response: error code -32000: insufficient funds for transfer

[14:07:48] [HOUSE]   RPC https://base.drpc.org failed: Error: Failed to estimate gas: server returned an error response: error code -32003: insufficient funds for gas * price 
[14:07:49] [HOUSE]   RPC https://base-rpc.publicno failed: Error: Failed to estimate gas: server returned an error response: error code -32000: insufficient funds for transfer

[14:07:49] [HOUSE]   Send empty (attempt 1)
[14:07:52] [HOUSE]   RPC https://base-mainnet.core failed: Error: Failed to estimate gas: server returned an error response: error code -32000: insufficient funds for transfer

[14:07:53] [HOUSE]   RPC https://base.drpc.org failed: Error: Failed to estimate gas: server returned an error response: error code -32003: insufficient funds for gas * price 
[14:07:54] [HOUSE]   RPC https://base-rpc.publicno failed: Error: Failed to estimate gas: server returned an error response: error code -32000: insufficient funds for transfer

[14:07:55] [HOUSE]   Send empty (attempt 2)
[14:07:57] [HOUSE]   RPC https://base-mainnet.core failed: Error: Failed to estimate gas: server returned an error response: error code -32000: insufficient funds for transfer

[14:07:58] [HOUSE]   RPC https://base.drpc.org failed: Error: Failed to estimate gas: server returned an error response: error code -32003: insufficient funds for gas * price 
[14:08:01] [HOUSE]   RPC https://base-rpc.publicno failed: Error: Failed to estimate gas: server returned an error response: error code -32000: insufficient funds for transfer

[14:08:01] [HOUSE]   Send empty (attempt 3)
[14:08:02] [HOUSE]   OVER FAILED
[14:09:03] [HOUSE] Seeding 0xf96d56138d...
[14:09:04] [HOUSE]   RPC https://base-mainnet.core failed: Error: Failed to estimate gas: server returned an error response: error code -32000: insufficient funds for transfer

[14:09:05] [HOUSE]   RPC https://base.drpc.org failed: Error: Failed to estimate gas: server returned an error response: error code -32003: insufficient funds for gas * price 
[14:09:06] [HOUSE]   RPC https://base-rpc.publicno failed: Error: Failed to estimate gas: server returned an error response: error code -32000: insufficient funds for transfer

[14:09:07] [HOUSE]   Send empty (attempt 1)
[14:09:09] [HOUSE]   RPC https://base-mainnet.core failed: Error: Failed to estimate gas: server returned an error response: error code -32000: insufficient funds for transfer

[14:09:09] [HOUSE]   RPC https://base.drpc.org failed: Error: Failed to estimate gas: server returned an error response: error code -32003: insufficient funds for gas * price 
[14:09:10] [HOUSE]   RPC https://base-rpc.publicno failed: Error: Failed to estimate gas: server returned an error response: error code -32000: insufficient funds for transfer

[14:09:11] [HOUSE]   Send empty (attempt 2)
[14:09:13] [HOUSE]   RPC https://base-mainnet.core failed: Error: Failed to estimate gas: server returned an error response: error code -32000: insufficient funds for transfer

[14:09:14] [HOUSE]   RPC https://base.drpc.org failed: Error: Failed to estimate gas: server returned an error response: error code -32003: insufficient funds for gas * price 
[14:09:15] [HOUSE]   RPC https://base-rpc.publicno failed: Error: Failed to estimate gas: server returned an error response: error code -32000: insufficient funds for transfer

[14:09:16] [HOUSE]   Send empty (attempt 3)
[14:09:17] [HOUSE]   UNDER FAILED
[14:10:20] [HOUSE] Skip 0xf96d56138d — lockTime passed (13s ago)
[14:13:33] [HOUSE] Seeding 0x5a53feada5...
[14:13:38] [HOUSE]   UNDER OK — 0.005 ETH ([{"address":)
[14:13:38] [HOUSE] HTTP Request: POST https://main.realtime.ably.net/channels/rush:bets/messages "HTTP/2 201 Created"
[14:13:41] [HOUSE]   RPC https://base-mainnet.core failed: Error: Failed to estimate gas: server returned an error response: error code -32000: insufficient funds for transfer

[14:13:42] [HOUSE]   RPC https://base.drpc.org failed: Error: Failed to estimate gas: server returned an error response: error code -32003: insufficient funds for gas * price 
[14:13:44] [HOUSE]   RPC https://base-rpc.publicno failed: Error: Failed to estimate gas: server returned an error response: error code -32000: insufficient funds for transfer

[14:13:44] [HOUSE]   Send empty (attempt 1)
[14:13:46] [HOUSE]   RPC https://base-mainnet.core failed: Error: Failed to estimate gas: server returned an error response: error code -32000: insufficient funds for transfer

[14:13:47] [HOUSE]   RPC https://base.drpc.org failed: Error: Failed to estimate gas: server returned an error response: error code -32003: insufficient funds for gas * price 
[14:13:49] [HOUSE]   RPC https://base-rpc.publicno failed: Error: Failed to estimate gas: server returned an error response: error code -32000: insufficient funds for transfer

[14:13:49] [HOUSE]   Send empty (attempt 2)
[14:13:52] [HOUSE]   RPC https://base-mainnet.core failed: Error: Failed to estimate gas: server returned an error response: error code -32000: insufficient funds for transfer

[14:13:52] [HOUSE]   RPC https://base.drpc.org failed: Error: Failed to estimate gas: server returned an error response: error code -32003: insufficient funds for gas * price 
[14:13:55] [HOUSE]   RPC https://base-rpc.publicno failed: Error: Failed to estimate gas: server returned an error response: error code -32000: insufficient funds for transfer

[14:13:55] [HOUSE]   Send empty (attempt 3)
[14:13:56] [HOUSE]   OVER FAILED
[14:14:58] [HOUSE] Seeding 0x5a53feada5...
[14:15:00] [HOUSE]   RPC https://base-mainnet.core failed: Error: Failed to estimate gas: server returned an error response: error code -32000: insufficient funds for transfer

[14:15:00] [HOUSE]   RPC https://base.drpc.org failed: Error: Failed to estimate gas: server returned an error response: error code -32003: insufficient funds for gas * price 
[14:15:20] [HOUSE]   RPC https://base-rpc.publicno failed: Error: Failed to estimate gas: server returned an error response: error code -32000: insufficient funds for transfer

[14:15:21] [HOUSE]   Send empty (attempt 1)
[14:15:23] [HOUSE]   RPC https://base-mainnet.core failed: Error: Failed to estimate gas: server returned an error response: error code -32000: insufficient funds for transfer

[14:15:24] [HOUSE]   RPC https://base.drpc.org failed: Error: Failed to estimate gas: server returned an error response: error code -32003: insufficient funds for gas * price 
[14:15:25] [HOUSE]   RPC https://base-rpc.publicno failed: Error: Failed to estimate gas: server returned an error response: error code -32000: insufficient funds for transfer

[14:15:26] [HOUSE]   Send empty (attempt 2)
[14:15:28] [HOUSE]   RPC https://base-mainnet.core failed: Error: Failed to estimate gas: server returned an error response: error code -32000: insufficient funds for transfer

[14:15:29] [HOUSE]   RPC https://base.drpc.org failed: Error: Failed to estimate gas: server returned an error response: error code -32003: insufficient funds for gas * price 
[14:15:31] [HOUSE]   RPC https://base-rpc.publicno failed: Error: Failed to estimate gas: server returned an error response: error code -32000: insufficient funds for transfer

[14:15:32] [HOUSE]   Send empty (attempt 3)
[14:15:33] [HOUSE]   UNDER FAILED
[14:16:35] [HOUSE] Skip 0x5a53feada5 — lockTime passed (35s ago)
[14:17:07] [HOUSE] Seeding 0x8384738af7...
[14:17:11] [HOUSE]   UNDER OK — 0.005 ETH ([{"address":)
[14:17:11] [HOUSE] HTTP Request: POST https://main.realtime.ably.net/channels/rush:bets/messages "HTTP/2 201 Created"
[14:17:14] [HOUSE]   RPC https://base-mainnet.core failed: Error: Failed to estimate gas: server returned an error response: error code -32000: insufficient funds for transfer

[14:17:15] [HOUSE]   RPC https://base.drpc.org failed: Error: Failed to estimate gas: server returned an error response: error code -32003: insufficient funds for gas * price 
[14:17:16] [HOUSE]   RPC https://base-rpc.publicno failed: Error: Failed to estimate gas: server returned an error response: error code -32000: insufficient funds for transfer

[14:17:17] [HOUSE]   Send empty (attempt 1)
[14:17:19] [HOUSE]   RPC https://base-mainnet.core failed: Error: Failed to estimate gas: server returned an error response: error code -32000: insufficient funds for transfer

[14:17:20] [HOUSE]   RPC https://base.drpc.org failed: Error: Failed to estimate gas: server returned an error response: error code -32003: insufficient funds for gas * price 
[14:17:20] [HOUSE]   RPC https://base-rpc.publicno failed: Error: Failed to estimate gas: server returned an error response: error code -32000: insufficient funds for transfer

[14:17:21] [HOUSE]   Send empty (attempt 2)
[14:17:23] [HOUSE]   RPC https://base-mainnet.core failed: Error: Failed to estimate gas: server returned an error response: error code -32000: insufficient funds for transfer

[14:17:24] [HOUSE]   RPC https://base.drpc.org failed: Error: Failed to estimate gas: server returned an error response: error code -32003: insufficient funds for gas * price 
[14:17:26] [HOUSE]   RPC https://base-rpc.publicno failed: Error: Failed to estimate gas: server returned an error response: error code -32000: insufficient funds for transfer

[14:17:26] [HOUSE]   Send empty (attempt 3)
[14:17:27] [HOUSE]   OVER FAILED
[14:18:30] [HOUSE] Seeding 0x8384738af7...
[14:18:31] [HOUSE]   RPC https://base-mainnet.core failed: Error: Failed to estimate gas: server returned an error response: error code -32000: insufficient funds for transfer

[14:18:32] [HOUSE]   RPC https://base.drpc.org failed: Error: Failed to estimate gas: server returned an error response: error code -32003: insufficient funds for gas * price 
[14:18:33] [HOUSE]   RPC https://base-rpc.publicno failed: Error: Failed to estimate gas: server returned an error response: error code -32000: insufficient funds for transfer

[14:18:34] [HOUSE]   Send empty (attempt 1)
[14:18:36] [HOUSE]   RPC https://base-mainnet.core failed: Error: Failed to estimate gas: server returned an error response: error code -32000: insufficient funds for transfer

[14:18:37] [HOUSE]   RPC https://base.drpc.org failed: Error: Failed to estimate gas: server returned an error response: error code -32003: insufficient funds for gas * price 
[14:18:39] [HOUSE]   RPC https://base-rpc.publicno failed: Error: Failed to estimate gas: server returned an error response: error code -32000: insufficient funds for transfer

[14:18:39] [HOUSE]   Send empty (attempt 2)
[14:18:41] [HOUSE]   RPC https://base-mainnet.core failed: Error: Failed to estimate gas: server returned an error response: error code -32000: insufficient funds for transfer

[14:18:43] [HOUSE]   RPC https://base.drpc.org failed: Error: Failed to estimate gas: server returned an error response: error code -32003: insufficient funds for gas * price 
[14:18:44] [HOUSE]   RPC https://base-rpc.publicno failed: Error: Failed to estimate gas: server returned an error response: error code -32000: insufficient funds for transfer

[14:18:44] [HOUSE]   Send empty (attempt 3)
[14:18:45] [HOUSE]   UNDER FAILED
[14:19:48] [HOUSE] Skip 0x8384738af7 — lockTime passed (13s ago)
[14:22:31] [HOUSE] Seeding 0xe7f2ffcbEe...
[14:22:36] [HOUSE]   UNDER OK — 0.005 ETH ([{"address":)
[14:22:36] [HOUSE] HTTP Request: POST https://main.realtime.ably.net/channels/rush:bets/messages "HTTP/2 201 Created"
[14:22:39] [HOUSE]   RPC https://base-mainnet.core failed: Error: Failed to estimate gas: server returned an error response: error code -32000: insufficient funds for transfer

[14:22:40] [HOUSE]   RPC https://base.drpc.org failed: Error: Failed to estimate gas: server returned an error response: error code -32003: insufficient funds for gas * price 
[14:22:42] [HOUSE]   RPC https://base-rpc.publicno failed: Error: Failed to estimate gas: server returned an error response: error code -32000: insufficient funds for transfer

[14:22:43] [HOUSE]   Send empty (attempt 1)
[14:22:45] [HOUSE]   RPC https://base-mainnet.core failed: Error: Failed to estimate gas: server returned an error response: error code -32000: insufficient funds for transfer

[14:22:46] [HOUSE]   RPC https://base.drpc.org failed: Error: Failed to estimate gas: server returned an error response: error code -32003: insufficient funds for gas * price 
[14:22:47] [HOUSE]   RPC https://base-rpc.publicno failed: Error: Failed to estimate gas: server returned an error response: error code -32000: insufficient funds for transfer

[14:22:48] [HOUSE]   Send empty (attempt 2)
[14:22:50] [HOUSE]   RPC https://base-mainnet.core failed: Error: Failed to estimate gas: server returned an error response: error code -32000: insufficient funds for transfer

[14:22:51] [HOUSE]   RPC https://base.drpc.org failed: Error: Failed to estimate gas: server returned an error response: error code -32003: insufficient funds for gas * price 
[14:22:52] [HOUSE]   RPC https://base-rpc.publicno failed: Error: Failed to estimate gas: server returned an error response: error code -32000: insufficient funds for transfer

[14:22:52] [HOUSE]   Send empty (attempt 3)
[14:22:53] [HOUSE]   OVER FAILED
[14:23:54] [HOUSE] Seeding 0xe7f2ffcbEe...
[14:23:56] [HOUSE]   RPC https://base-mainnet.core failed: Error: Failed to estimate gas: server returned an error response: error code -32000: insufficient funds for transfer

[14:23:56] [HOUSE]   RPC https://base.drpc.org failed: Error: Failed to estimate gas: server returned an error response: error code -32003: insufficient funds for gas * price 
[14:24:00] [HOUSE]   RPC https://base-rpc.publicno failed: Error: Failed to estimate gas: server returned an error response: error code -32000: insufficient funds for transfer

[14:24:00] [HOUSE]   Send empty (attempt 1)
[14:24:02] [HOUSE]   RPC https://base-mainnet.core failed: Error: Failed to estimate gas: server returned an error response: error code -32000: insufficient funds for transfer

[14:24:03] [HOUSE]   RPC https://base.drpc.org failed: Error: Failed to estimate gas: server returned an error response: error code -32003: insufficient funds for gas * price 
[14:24:04] [HOUSE]   RPC https://base-rpc.publicno failed: Error: Failed to estimate gas: server returned an error response: error code -32000: insufficient funds for transfer

[14:24:05] [HOUSE]   Send empty (attempt 2)
[14:24:07] [HOUSE]   RPC https://base-mainnet.core failed: Error: Failed to estimate gas: server returned an error response: error code -32000: insufficient funds for transfer

[14:24:08] [HOUSE]   RPC https://base.drpc.org failed: Error: Failed to estimate gas: server returned an error response: error code -32003: insufficient funds for gas * price 
[14:24:10] [HOUSE]   RPC https://base-rpc.publicno failed: Error: Failed to estimate gas: server returned an error response: error code -32000: insufficient funds for transfer

[14:24:10] [HOUSE]   Send empty (attempt 3)
[14:24:11] [HOUSE]   UNDER FAILED
[14:25:12] [HOUSE] Skip 0xe7f2ffcbEe — lockTime passed (15s ago)
[14:28:24] [HOUSE] Seeding 0x37028f6225...
[14:28:28] [HOUSE]   UNDER OK — 0.005 ETH ([{"address":)
[14:28:28] [HOUSE] HTTP Request: POST https://main.realtime.ably.net/channels/rush:bets/messages "HTTP/2 201 Created"
[14:28:32] [HOUSE]   RPC https://base-mainnet.core failed: Error: Failed to estimate gas: server returned an error response: error code -32000: insufficient funds for transfer

[14:28:33] [HOUSE]   RPC https://base.drpc.org failed: Error: Failed to estimate gas: server returned an error response: error code -32003: insufficient funds for gas * price 
[14:28:42] [HOUSE]   RPC https://base-rpc.publicno failed: Error: Failed to estimate gas: server returned an error response: error code -32000: insufficient funds for transfer

[14:28:43] [HOUSE]   Send empty (attempt 1)
[14:28:45] [HOUSE]   RPC https://base-mainnet.core failed: Error: Failed to estimate gas: server returned an error response: error code -32000: insufficient funds for transfer

[14:28:46] [HOUSE]   RPC https://base.drpc.org failed: Error: Failed to estimate gas: server returned an error response: error code -32003: insufficient funds for gas * price 
[14:28:47] [HOUSE]   RPC https://base-rpc.publicno failed: Error: Failed to estimate gas: server returned an error response: error code -32000: insufficient funds for transfer

[14:28:47] [HOUSE]   Send empty (attempt 2)
[14:28:49] [HOUSE]   RPC https://base-mainnet.core failed: Error: Failed to estimate gas: server returned an error response: error code -32000: insufficient funds for transfer

[14:28:50] [HOUSE]   RPC https://base.drpc.org failed: Error: Failed to estimate gas: server returned an error response: error code -32003: insufficient funds for gas * price 
[14:28:51] [HOUSE]   RPC https://base-rpc.publicno failed: Error: Failed to estimate gas: server returned an error response: error code -32000: insufficient funds for transfer

[14:28:52] [HOUSE]   Send empty (attempt 3)
[14:28:53] [HOUSE]   OVER FAILED
[14:29:54] [HOUSE] Seeding 0x37028f6225...
[14:29:55] [HOUSE]   RPC https://base-mainnet.core failed: Error: Failed to estimate gas: server returned an error response: error code -32000: insufficient funds for transfer

[14:29:56] [HOUSE]   RPC https://base.drpc.org failed: Error: Failed to estimate gas: server returned an error response: error code -32003: insufficient funds for gas * price 
[14:29:57] [HOUSE]   RPC https://base-rpc.publicno failed: Error: Failed to estimate gas: server returned an error response: error code -32000: insufficient funds for transfer

[14:29:58] [HOUSE]   Send empty (attempt 1)
[14:30:00] [HOUSE]   RPC https://base-mainnet.core failed: Error: Failed to estimate gas: server returned an error response: error code -32000: insufficient funds for transfer

[14:30:01] [HOUSE]   RPC https://base.drpc.org failed: Error: Failed to estimate gas: server returned an error response: error code -32003: insufficient funds for gas * price 
[14:30:02] [HOUSE]   RPC https://base-rpc.publicno failed: Error: Failed to estimate gas: server returned an error response: error code -32000: insufficient funds for transfer

[14:30:02] [HOUSE]   Send empty (attempt 2)
[14:30:04] [HOUSE]   RPC https://base-mainnet.core failed: Error: Failed to estimate gas: server returned an error response: error code -32000: insufficient funds for transfer

[14:30:05] [HOUSE]   RPC https://base.drpc.org failed: Error: Failed to estimate gas: server returned an error response: error code -32003: insufficient funds for gas * price 
[14:30:06] [HOUSE]   RPC https://base-rpc.publicno failed: Error: Failed to estimate gas: server returned an error response: error code -32000: insufficient funds for transfer

[14:30:07] [HOUSE]   Send empty (attempt 3)
[14:30:08] [HOUSE]   UNDER FAILED
[14:31:11] [HOUSE] Skip 0x37028f6225 — lockTime passed (19s ago)
[14:34:18] [HOUSE] Seeding 0xe04747401C...
[14:34:22] [HOUSE]   UNDER OK — 0.005 ETH ([{"address":)
[14:34:22] [HOUSE] HTTP Request: POST https://main.realtime.ably.net/channels/rush:bets/messages "HTTP/2 201 Created"
[14:34:26] [HOUSE]   RPC https://base-mainnet.core failed: Error: Failed to estimate gas: server returned an error response: error code -32000: insufficient funds for transfer

[14:34:26] [HOUSE]   RPC https://base.drpc.org failed: Error: Failed to estimate gas: server returned an error response: error code -32003: insufficient funds for gas * price 
[14:34:28] [HOUSE]   RPC https://base-rpc.publicno failed: Error: Failed to estimate gas: server returned an error response: error code -32000: insufficient funds for transfer

[14:34:28] [HOUSE]   Send empty (attempt 1)
[14:34:31] [HOUSE]   RPC https://base-mainnet.core failed: Error: Failed to estimate gas: server returned an error response: error code -32000: insufficient funds for transfer

[14:34:31] [HOUSE]   RPC https://base.drpc.org failed: Error: Failed to estimate gas: server returned an error response: error code -32003: insufficient funds for gas * price 
[14:34:33] [HOUSE]   RPC https://base-rpc.publicno failed: Error: Failed to estimate gas: server returned an error response: error code -32000: insufficient funds for transfer

[14:34:33] [HOUSE]   Send empty (attempt 2)
[14:34:35] [HOUSE]   RPC https://base-mainnet.core failed: Error: Failed to estimate gas: server returned an error response: error code -32000: insufficient funds for transfer

[14:34:36] [HOUSE]   RPC https://base.drpc.org failed: Error: Failed to estimate gas: server returned an error response: error code -32003: insufficient funds for gas * price 
[14:34:37] [HOUSE]   RPC https://base-rpc.publicno failed: Error: Failed to estimate gas: server returned an error response: error code -32000: insufficient funds for transfer

[14:34:38] [HOUSE]   Send empty (attempt 3)
[14:34:39] [HOUSE]   OVER FAILED
[14:35:40] [HOUSE] Seeding 0xe04747401C...
[14:35:41] [HOUSE]   RPC https://base-mainnet.core failed: Error: Failed to estimate gas: server returned an error response: error code -32000: insufficient funds for transfer

[14:35:42] [HOUSE]   RPC https://base.drpc.org failed: Error: Failed to estimate gas: server returned an error response: error code -32003: insufficient funds for gas * price 
[14:35:43] [HOUSE]   RPC https://base-rpc.publicno failed: Error: Failed to estimate gas: server returned an error response: error code -32000: insufficient funds for transfer

[14:35:44] [HOUSE]   Send empty (attempt 1)
[14:35:46] [HOUSE]   RPC https://base-mainnet.core failed: Error: Failed to estimate gas: server returned an error response: error code -32000: insufficient funds for transfer

[14:35:47] [HOUSE]   RPC https://base.drpc.org failed: Error: Failed to estimate gas: server returned an error response: error code -32003: insufficient funds for gas * price 
[14:35:48] [HOUSE]   RPC https://base-rpc.publicno failed: Error: Failed to estimate gas: server returned an error response: error code -32000: insufficient funds for transfer

[14:35:48] [HOUSE]   Send empty (attempt 2)
[14:35:50] [HOUSE]   RPC https://base-mainnet.core failed: Error: Failed to estimate gas: server returned an error response: error code -32000: insufficient funds for transfer

[14:35:51] [HOUSE]   RPC https://base.drpc.org failed: Error: Failed to estimate gas: server returned an error response: error code -32003: insufficient funds for gas * price 
[14:35:54] [HOUSE]   RPC https://base-rpc.publicno failed: Error: Failed to estimate gas: server returned an error response: error code -32000: insufficient funds for transfer

[14:35:54] [HOUSE]   Send empty (attempt 3)
[14:35:55] [HOUSE]   UNDER FAILED
[14:36:56] [HOUSE] Skip 0xe04747401C — lockTime passed (10s ago)
[14:40:12] [HOUSE] Seeding 0x5eA5B5e45A...
[14:40:15] [HOUSE]   UNDER OK — 0.005 ETH ([{"address":)
[14:40:16] [HOUSE] HTTP Request: POST https://main.realtime.ably.net/channels/rush:bets/messages "HTTP/2 201 Created"
[14:40:19] [HOUSE]   RPC https://base-mainnet.core failed: Error: Failed to estimate gas: server returned an error response: error code -32000: insufficient funds for transfer

[14:40:20] [HOUSE]   RPC https://base.drpc.org failed: Error: Failed to estimate gas: server returned an error response: error code -32003: insufficient funds for gas * price 
[14:40:22] [HOUSE]   RPC https://base-rpc.publicno failed: Error: Failed to estimate gas: server returned an error response: error code -32000: insufficient funds for transfer

[14:40:22] [HOUSE]   Send empty (attempt 1)
[14:40:24] [HOUSE]   RPC https://base-mainnet.core failed: Error: Failed to estimate gas: server returned an error response: error code -32000: insufficient funds for transfer

[14:40:25] [HOUSE]   RPC https://base.drpc.org failed: Error: Failed to estimate gas: server returned an error response: error code -32003: insufficient funds for gas * price 
[14:40:27] [HOUSE]   RPC https://base-rpc.publicno failed: Error: Failed to estimate gas: server returned an error response: error code -32000: insufficient funds for transfer

[14:40:28] [HOUSE]   Send empty (attempt 2)
[14:40:30] [HOUSE]   RPC https://base-mainnet.core failed: Error: Failed to estimate gas: server returned an error response: error code -32000: insufficient funds for transfer

[14:40:31] [HOUSE]   RPC https://base.drpc.org failed: Error: Failed to estimate gas: server returned an error response: error code -32003: insufficient funds for gas * price 
[14:40:34] [HOUSE]   RPC https://base-rpc.publicno failed: Error: Failed to estimate gas: server returned an error response: error code -32000: insufficient funds for transfer

[14:40:34] [HOUSE]   Send empty (attempt 3)
[14:40:35] [HOUSE]   OVER FAILED
[14:41:38] [HOUSE] Seeding 0x5eA5B5e45A...
[14:41:39] [HOUSE]   RPC https://base-mainnet.core failed: Error: Failed to estimate gas: server returned an error response: error code -32000: insufficient funds for transfer

[14:41:40] [HOUSE]   RPC https://base.drpc.org failed: Error: Failed to estimate gas: server returned an error response: error code -32003: insufficient funds for gas * price 
[14:41:42] [HOUSE]   RPC https://base-rpc.publicno failed: Error: Failed to estimate gas: server returned an error response: error code -32000: insufficient funds for transfer

[14:41:43] [HOUSE]   Send empty (attempt 1)
[14:41:45] [HOUSE]   RPC https://base-mainnet.core failed: Error: Failed to estimate gas: server returned an error response: error code -32000: insufficient funds for transfer

[14:41:46] [HOUSE]   RPC https://base.drpc.org failed: Error: Failed to estimate gas: server returned an error response: error code -32003: insufficient funds for gas * price 
[14:41:47] [HOUSE]   RPC https://base-rpc.publicno failed: Error: Failed to estimate gas: server returned an error response: error code -32000: insufficient funds for transfer

[14:41:47] [HOUSE]   Send empty (attempt 2)
[14:41:49] [HOUSE]   RPC https://base-mainnet.core failed: Error: Failed to estimate gas: server returned an error response: error code -32000: insufficient funds for transfer

[14:41:50] [HOUSE]   RPC https://base.drpc.org failed: Error: Failed to estimate gas: server returned an error response: error code -32003: insufficient funds for gas * price 
[14:41:51] [HOUSE]   RPC https://base-rpc.publicno failed: Error: Failed to estimate gas: server returned an error response: error code -32000: insufficient funds for transfer

[14:41:52] [HOUSE]   Send empty (attempt 3)
[14:41:53] [HOUSE]   UNDER FAILED
[14:42:55] [HOUSE] Skip 0x5eA5B5e45A — lockTime passed (14s ago)
[14:46:08] [HOUSE] Seeding 0xACBD30FbDC...
[14:46:11] [HOUSE]   UNDER OK — 0.005 ETH ([{"address":)
[14:46:11] [HOUSE] HTTP Request: POST https://main.realtime.ably.net/channels/rush:bets/messages "HTTP/2 201 Created"
[14:46:14] [HOUSE]   RPC https://base-mainnet.core failed: Error: Failed to estimate gas: server returned an error response: error code -32000: insufficient funds for transfer

[14:46:15] [HOUSE]   RPC https://base.drpc.org failed: Error: Failed to estimate gas: server returned an error response: error code -32003: insufficient funds for gas * price 
[14:46:16] [HOUSE]   RPC https://base-rpc.publicno failed: Error: Failed to estimate gas: server returned an error response: error code -32000: insufficient funds for transfer

[14:46:16] [HOUSE]   Send empty (attempt 1)
[14:46:19] [HOUSE]   RPC https://base-mainnet.core failed: Error: Failed to estimate gas: server returned an error response: error code -32000: insufficient funds for transfer

[14:46:20] [HOUSE]   RPC https://base.drpc.org failed: Error: Failed to estimate gas: server returned an error response: error code -32003: insufficient funds for gas * price 
[14:46:21] [HOUSE]   RPC https://base-rpc.publicno failed: Error: Failed to estimate gas: server returned an error response: error code -32000: insufficient funds for transfer

[14:46:21] [HOUSE]   Send empty (attempt 2)
[14:46:24] [HOUSE]   RPC https://base-mainnet.core failed: Error: Failed to estimate gas: server returned an error response: error code -32000: insufficient funds for transfer

[14:46:24] [HOUSE]   RPC https://base.drpc.org failed: Error: Failed to estimate gas: server returned an error response: error code -32003: insufficient funds for gas * price 
[14:46:26] [HOUSE]   RPC https://base-rpc.publicno failed: Error: Failed to estimate gas: server returned an error response: error code -32000: insufficient funds for transfer

[14:46:27] [HOUSE]   Send empty (attempt 3)
[14:46:28] [HOUSE]   OVER FAILED
[14:47:30] [HOUSE] Seeding 0xACBD30FbDC...
[14:47:31] [HOUSE]   RPC https://base-mainnet.core failed: Error: Failed to estimate gas: server returned an error response: error code -32000: insufficient funds for transfer

[14:47:32] [HOUSE]   RPC https://base.drpc.org failed: Error: Failed to estimate gas: server returned an error response: error code -32003: insufficient funds for gas * price 
[14:47:33] [HOUSE]   RPC https://base-rpc.publicno failed: Error: Failed to estimate gas: server returned an error response: error code -32000: insufficient funds for transfer

[14:47:34] [HOUSE]   Send empty (attempt 1)
[14:47:36] [HOUSE]   RPC https://base-mainnet.core failed: Error: Failed to estimate gas: server returned an error response: error code -32000: insufficient funds for transfer

[14:47:37] [HOUSE]   RPC https://base.drpc.org failed: Error: Failed to estimate gas: server returned an error response: error code -32003: insufficient funds for gas * price 
[14:47:38] [HOUSE]   RPC https://base-rpc.publicno failed: Error: Failed to estimate gas: server returned an error response: error code -32000: insufficient funds for transfer

[14:47:38] [HOUSE]   Send empty (attempt 2)
[14:47:40] [HOUSE]   RPC https://base-mainnet.core failed: Error: Failed to estimate gas: server returned an error response: error code -32000: insufficient funds for transfer

[14:47:41] [HOUSE]   RPC https://base.drpc.org failed: Error: Failed to estimate gas: server returned an error response: error code -32003: insufficient funds for gas * price 
[14:47:44] [HOUSE]   RPC https://base-rpc.publicno failed: Error: Failed to estimate gas: server returned an error response: error code -32000: insufficient funds for transfer

[14:47:44] [HOUSE]   Send empty (attempt 3)
[14:47:45] [HOUSE]   UNDER FAILED
[14:48:46] [HOUSE] Skip 0xACBD30FbDC — lockTime passed (9s ago)
[14:52:00] [HOUSE] Seeding 0xa4855024Eb...
[14:52:04] [HOUSE]   UNDER OK — 0.005 ETH ([{"address":)
[14:52:04] [HOUSE] HTTP Request: POST https://main.realtime.ably.net/channels/rush:bets/messages "HTTP/2 201 Created"
[14:52:07] [HOUSE]   RPC https://base-mainnet.core failed: Error: Failed to estimate gas: server returned an error response: error code -32000: insufficient funds for transfer

[14:52:08] [HOUSE]   RPC https://base.drpc.org failed: Error: Failed to estimate gas: server returned an error response: error code -32003: insufficient funds for gas * price 
[14:52:10] [HOUSE]   RPC https://base-rpc.publicno failed: Error: Failed to estimate gas: server returned an error response: error code -32000: insufficient funds for transfer

[14:52:11] [HOUSE]   Send empty (attempt 1)
[14:52:13] [HOUSE]   RPC https://base-mainnet.core failed: Error: Failed to estimate gas: server returned an error response: error code -32000: insufficient funds for transfer

[14:52:14] [HOUSE]   RPC https://base.drpc.org failed: Error: Failed to estimate gas: server returned an error response: error code -32003: insufficient funds for gas * price 
[14:52:16] [HOUSE]   RPC https://base-rpc.publicno failed: Error: Failed to estimate gas: server returned an error response: error code -32000: insufficient funds for transfer

[14:52:16] [HOUSE]   Send empty (attempt 2)
[14:52:18] [HOUSE]   RPC https://base-mainnet.core failed: Error: Failed to estimate gas: server returned an error response: error code -32000: insufficient funds for transfer

[14:52:19] [HOUSE]   RPC https://base.drpc.org failed: Error: Failed to estimate gas: server returned an error response: error code -32003: insufficient funds for gas * price 
[14:52:20] [HOUSE]   RPC https://base-rpc.publicno failed: Error: Failed to estimate gas: server returned an error response: error code -32000: insufficient funds for transfer

[14:52:21] [HOUSE]   Send empty (attempt 3)
[14:52:22] [HOUSE]   OVER FAILED
[14:53:24] [HOUSE] Seeding 0xa4855024Eb...
[14:53:25] [HOUSE]   RPC https://base-mainnet.core failed: Error: Failed to estimate gas: server returned an error response: error code -32000: insufficient funds for transfer

[14:53:26] [HOUSE]   RPC https://base.drpc.org failed: Error: Failed to estimate gas: server returned an error response: error code -32003: insufficient funds for gas * price 
[14:53:28] [HOUSE]   RPC https://base-rpc.publicno failed: Error: Failed to estimate gas: server returned an error response: error code -32000: insufficient funds for transfer

[14:53:28] [HOUSE]   Send empty (attempt 1)
[14:53:30] [HOUSE]   RPC https://base-mainnet.core failed: Error: Failed to estimate gas: server returned an error response: error code -32000: insufficient funds for transfer

[14:53:31] [HOUSE]   RPC https://base.drpc.org failed: Error: Failed to estimate gas: server returned an error response: error code -32003: insufficient funds for gas * price 
[14:53:32] [HOUSE]   RPC https://base-rpc.publicno failed: Error: Failed to estimate gas: server returned an error response: error code -32000: insufficient funds for transfer

[14:53:33] [HOUSE]   Send empty (attempt 2)
[14:53:35] [HOUSE]   RPC https://base-mainnet.core failed: Error: Failed to estimate gas: server returned an error response: error code -32000: insufficient funds for transfer

[14:53:36] [HOUSE]   RPC https://base.drpc.org failed: Error: Failed to estimate gas: server returned an error response: error code -32003: insufficient funds for gas * price 
[14:53:37] [HOUSE]   RPC https://base-rpc.publicno failed: Error: Failed to estimate gas: server returned an error response: error code -32000: insufficient funds for transfer

[14:53:38] [HOUSE]   Send empty (attempt 3)
[14:53:39] [HOUSE]   UNDER FAILED
[14:54:41] [HOUSE] Skip 0xa4855024Eb — lockTime passed (13s ago)
[14:57:55] [HOUSE] Seeding 0xdf068b8C7c...
[14:58:00] [HOUSE]   UNDER OK — 0.005 ETH ([{"address":)
[14:58:01] [HOUSE] HTTP Request: POST https://main.realtime.ably.net/channels/rush:bets/messages "HTTP/2 201 Created"
[14:58:04] [HOUSE]   RPC https://base-mainnet.core failed: Error: Failed to estimate gas: server returned an error response: error code -32000: insufficient funds for transfer

[14:58:05] [HOUSE]   RPC https://base.drpc.org failed: Error: Failed to estimate gas: server returned an error response: error code -32003: insufficient funds for gas * price 
[14:58:07] [HOUSE]   RPC https://base-rpc.publicno failed: Error: Failed to estimate gas: server returned an error response: error code -32000: insufficient funds for transfer

[14:58:08] [HOUSE]   Send empty (attempt 1)
[14:58:10] [HOUSE]   RPC https://base-mainnet.core failed: Error: Failed to estimate gas: server returned an error response: error code -32000: insufficient funds for transfer

[14:58:11] [HOUSE]   RPC https://base.drpc.org failed: Error: Failed to estimate gas: server returned an error response: error code -32003: insufficient funds for gas * price 
[14:58:14] [HOUSE]   RPC https://base-rpc.publicno failed: Error: Failed to estimate gas: server returned an error response: error code -32000: insufficient funds for transfer

[14:58:14] [HOUSE]   Send empty (attempt 2)
[14:58:16] [HOUSE]   RPC https://base-mainnet.core failed: Error: Failed to estimate gas: server returned an error response: error code -32000: insufficient funds for transfer

[14:58:17] [HOUSE]   RPC https://base.drpc.org failed: Error: Failed to estimate gas: server returned an error response: error code -32003: insufficient funds for gas * price 
[14:58:19] [HOUSE]   RPC https://base-rpc.publicno failed: Error: Failed to estimate gas: server returned an error response: error code -32000: insufficient funds for transfer

[14:58:20] [HOUSE]   Send empty (attempt 3)
[14:58:21] [HOUSE]   OVER FAILED
[14:59:22] [HOUSE] Seeding 0xdf068b8C7c...
[14:59:23] [HOUSE]   RPC https://base-mainnet.core failed: Error: Failed to estimate gas: server returned an error response: error code -32000: insufficient funds for transfer

[14:59:24] [HOUSE]   RPC https://base.drpc.org failed: Error: Failed to estimate gas: server returned an error response: error code -32003: insufficient funds for gas * price 
[14:59:25] [HOUSE]   RPC https://base-rpc.publicno failed: Error: Failed to estimate gas: server returned an error response: error code -32000: insufficient funds for transfer

[14:59:25] [HOUSE]   Send empty (attempt 1)
[14:59:27] [HOUSE]   RPC https://base-mainnet.core failed: Error: Failed to estimate gas: server returned an error response: error code -32000: insufficient funds for transfer

[14:59:28] [HOUSE]   RPC https://base.drpc.org failed: Error: Failed to estimate gas: server returned an error response: error code -32003: insufficient funds for gas * price 
[14:59:29] [HOUSE]   RPC https://base-rpc.publicno failed: Error: Failed to estimate gas: server returned an error response: error code -32000: insufficient funds for transfer

[14:59:30] [HOUSE]   Send empty (attempt 2)
[14:59:32] [HOUSE]   RPC https://base-mainnet.core failed: Error: Failed to estimate gas: server returned an error response: error code -32000: insufficient funds for transfer

[14:59:33] [HOUSE]   RPC https://base.drpc.org failed: Error: Failed to estimate gas: server returned an error response: error code -32003: insufficient funds for gas * price 
[14:59:37] [HOUSE]   RPC https://base-rpc.publicno failed: Error: Failed to estimate gas: server returned an error response: error code -32000: insufficient funds for transfer

[14:59:38] [HOUSE]   Send empty (attempt 3)
[14:59:39] [HOUSE]   UNDER FAILED
[15:00:40] [HOUSE] Skip 0xdf068b8C7c — lockTime passed (18s ago)
[15:03:46] [HOUSE] Seeding 0xE8a585e935...
[15:03:49] [HOUSE]   UNDER OK — 0.005 ETH ([{"address":)
[15:03:49] [HOUSE] HTTP Request: POST https://main.realtime.ably.net/channels/rush:bets/messages "HTTP/2 201 Created"
[15:03:52] [HOUSE]   RPC https://base-mainnet.core failed: Error: Failed to estimate gas: server returned an error response: error code -32000: insufficient funds for transfer

[15:03:53] [HOUSE]   RPC https://base.drpc.org failed: Error: Failed to estimate gas: server returned an error response: error code -32003: insufficient funds for gas * price 
[15:03:54] [HOUSE]   RPC https://base-rpc.publicno failed: Error: Failed to estimate gas: server returned an error response: error code -32000: insufficient funds for transfer

[15:03:55] [HOUSE]   Send empty (attempt 1)
[15:03:57] [HOUSE]   RPC https://base-mainnet.core failed: Error: Failed to estimate gas: server returned an error response: error code -32000: insufficient funds for transfer

[15:03:58] [HOUSE]   RPC https://base.drpc.org failed: Error: Failed to estimate gas: server returned an error response: error code -32003: insufficient funds for gas * price 
[15:04:00] [HOUSE]   RPC https://base-rpc.publicno failed: Error: Failed to estimate gas: server returned an error response: error code -32000: insufficient funds for transfer

[15:04:00] [HOUSE]   Send empty (attempt 2)
[15:04:02] [HOUSE]   RPC https://base-mainnet.core failed: Error: Failed to estimate gas: server returned an error response: error code -32000: insufficient funds for transfer

[15:04:03] [HOUSE]   RPC https://base.drpc.org failed: Error: Failed to estimate gas: server returned an error response: error code -32003: insufficient funds for gas * price 
[15:04:23] [HOUSE]   RPC https://base-rpc.publicno timeout
[15:04:24] [HOUSE]   Send empty (attempt 3)
[15:04:25] [HOUSE]   OVER FAILED
[15:05:25] [HOUSE] Seeding 0xE8a585e935...
[15:05:27] [HOUSE]   RPC https://base-mainnet.core failed: Error: Failed to estimate gas: server returned an error response: error code -32000: insufficient funds for transfer

[15:05:28] [HOUSE]   RPC https://base.drpc.org failed: Error: Failed to estimate gas: server returned an error response: error code -32003: insufficient funds for gas * price 
[15:05:29] [HOUSE]   RPC https://base-rpc.publicno failed: Error: Failed to estimate gas: server returned an error response: error code -32000: insufficient funds for transfer

[15:05:29] [HOUSE]   Send empty (attempt 1)
[15:05:31] [HOUSE]   RPC https://base-mainnet.core failed: Error: Failed to estimate gas: server returned an error response: error code -32000: insufficient funds for transfer

[15:05:32] [HOUSE]   RPC https://base.drpc.org failed: Error: Failed to estimate gas: server returned an error response: error code -32003: insufficient funds for gas * price 
[15:05:33] [HOUSE]   RPC https://base-rpc.publicno failed: Error: Failed to estimate gas: server returned an error response: error code -32000: insufficient funds for transfer

[15:05:34] [HOUSE]   Send empty (attempt 2)
[15:05:36] [HOUSE]   RPC https://base-mainnet.core failed: Error: Failed to estimate gas: server returned an error response: error code -32000: insufficient funds for transfer

[15:05:37] [HOUSE]   RPC https://base.drpc.org failed: Error: Failed to estimate gas: server returned an error response: error code -32003: insufficient funds for gas * price 
[15:05:41] [HOUSE]   RPC https://base-rpc.publicno failed: Error: Failed to estimate gas: server returned an error response: error code -32000: insufficient funds for transfer

[15:05:41] [HOUSE]   Send empty (attempt 3)
[15:05:42] [HOUSE]   UNDER FAILED
[15:06:45] [HOUSE] Skip 0xE8a585e935 — lockTime passed (30s ago)
[15:09:38] [HOUSE] Seeding 0x7383ed8407...
[15:09:41] [HOUSE]   UNDER OK — 0.005 ETH ([{"address":)
[15:09:41] [HOUSE] HTTP Request: POST https://main.realtime.ably.net/channels/rush:bets/messages "HTTP/2 201 Created"
[15:09:45] [HOUSE]   RPC https://base-mainnet.core failed: Error: Failed to estimate gas: server returned an error response: error code -32000: insufficient funds for transfer

[15:09:45] [HOUSE]   RPC https://base.drpc.org failed: Error: Failed to estimate gas: server returned an error response: error code -32003: insufficient funds for gas * price 
[15:09:48] [HOUSE]   RPC https://base-rpc.publicno failed: Error: Failed to estimate gas: server returned an error response: error code -32000: insufficient funds for transfer

[15:09:49] [HOUSE]   Send empty (attempt 1)
[15:09:51] [HOUSE]   RPC https://base-mainnet.core failed: Error: Failed to estimate gas: server returned an error response: error code -32000: insufficient funds for transfer

[15:09:52] [HOUSE]   RPC https://base.drpc.org failed: Error: Failed to estimate gas: server returned an error response: error code -32003: insufficient funds for gas * price 
[15:09:54] [HOUSE]   RPC https://base-rpc.publicno failed: Error: Failed to estimate gas: server returned an error response: error code -32000: insufficient funds for transfer

[15:09:54] [HOUSE]   Send empty (attempt 2)
[15:09:57] [HOUSE]   RPC https://base-mainnet.core failed: Error: Failed to estimate gas: server returned an error response: error code -32000: insufficient funds for transfer

[15:09:58] [HOUSE]   RPC https://base.drpc.org failed: Error: Failed to estimate gas: server returned an error response: error code -32003: insufficient funds for gas * price 
[15:09:59] [HOUSE]   RPC https://base-rpc.publicno failed: Error: Failed to estimate gas: server returned an error response: error code -32000: insufficient funds for transfer

[15:10:00] [HOUSE]   Send empty (attempt 3)
[15:10:01] [HOUSE]   OVER FAILED
[15:11:02] [HOUSE] Seeding 0x7383ed8407...
[15:11:04] [HOUSE]   RPC https://base-mainnet.core failed: Error: Failed to estimate gas: server returned an error response: error code -32000: insufficient funds for transfer

[15:11:04] [HOUSE]   RPC https://base.drpc.org failed: Error: Failed to estimate gas: server returned an error response: error code -32003: insufficient funds for gas * price 
[15:11:06] [HOUSE]   RPC https://base-rpc.publicno failed: Error: Failed to estimate gas: server returned an error response: error code -32000: insufficient funds for transfer

[15:11:06] [HOUSE]   Send empty (attempt 1)
[15:11:08] [HOUSE]   RPC https://base-mainnet.core failed: Error: Failed to estimate gas: server returned an error response: error code -32000: insufficient funds for transfer

[15:11:09] [HOUSE]   RPC https://base.drpc.org failed: Error: Failed to estimate gas: server returned an error response: error code -32003: insufficient funds for gas * price 
[15:11:10] [HOUSE]   RPC https://base-rpc.publicno failed: Error: Failed to estimate gas: server returned an error response: error code -32000: insufficient funds for transfer

[15:11:11] [HOUSE]   Send empty (attempt 2)
[15:11:13] [HOUSE]   RPC https://base-mainnet.core failed: Error: Failed to estimate gas: server returned an error response: error code -32000: insufficient funds for transfer

[15:11:14] [HOUSE]   RPC https://base.drpc.org failed: Error: Failed to estimate gas: server returned an error response: error code -32003: insufficient funds for gas * price 
[15:11:16] [HOUSE]   RPC https://base-rpc.publicno failed: Error: Failed to estimate gas: server returned an error response: error code -32000: insufficient funds for transfer

[15:11:16] [HOUSE]   Send empty (attempt 3)
[15:11:17] [HOUSE]   UNDER FAILED
[15:12:20] [HOUSE] Skip 0x7383ed8407 — lockTime passed (13s ago)
[15:15:30] [HOUSE] Seeding 0x3C5dDFe232...
[15:15:34] [HOUSE]   UNDER OK — 0.005 ETH ([{"address":)
[15:15:34] [HOUSE] HTTP Request: POST https://main.realtime.ably.net/channels/rush:bets/messages "HTTP/2 201 Created"
[15:15:37] [HOUSE]   RPC https://base-mainnet.core failed: Error: Failed to estimate gas: server returned an error response: error code -32000: insufficient funds for transfer

[15:15:38] [HOUSE]   RPC https://base.drpc.org failed: Error: Failed to estimate gas: server returned an error response: error code -32003: insufficient funds for gas * price 
[15:15:43] [HOUSE]   RPC https://base-rpc.publicno failed: Error: Failed to estimate gas: server returned an error response: error code -32000: insufficient funds for transfer

[15:15:43] [HOUSE]   Send empty (attempt 1)
[15:15:46] [HOUSE]   RPC https://base-mainnet.core failed: Error: Failed to estimate gas: server returned an error response: error code -32000: insufficient funds for transfer

[15:15:47] [HOUSE]   RPC https://base.drpc.org failed: Error: Failed to estimate gas: server returned an error response: error code -32003: insufficient funds for gas * price 
[15:15:49] [HOUSE]   RPC https://base-rpc.publicno failed: Error: Failed to estimate gas: server returned an error response: error code -32000: insufficient funds for transfer

[15:15:50] [HOUSE]   Send empty (attempt 2)
[15:15:52] [HOUSE]   RPC https://base-mainnet.core failed: Error: Failed to estimate gas: server returned an error response: error code -32000: insufficient funds for transfer

[15:15:53] [HOUSE]   RPC https://base.drpc.org failed: Error: Failed to estimate gas: server returned an error response: error code -32003: insufficient funds for gas * price 
[15:15:54] [HOUSE]   RPC https://base-rpc.publicno failed: Error: Failed to estimate gas: server returned an error response: error code -32000: insufficient funds for transfer

[15:15:55] [HOUSE]   Send empty (attempt 3)
[15:15:56] [HOUSE]   OVER FAILED
[15:16:58] [HOUSE] Seeding 0x3C5dDFe232...
[15:16:59] [HOUSE]   RPC https://base-mainnet.core failed: Error: Failed to estimate gas: server returned an error response: error code -32000: insufficient funds for transfer

[15:17:00] [HOUSE]   RPC https://base.drpc.org failed: Error: Failed to estimate gas: server returned an error response: error code -32003: insufficient funds for gas * price 
[15:17:03] [HOUSE]   RPC https://base-rpc.publicno failed: Error: Failed to estimate gas: server returned an error response: error code -32000: insufficient funds for transfer

[15:17:04] [HOUSE]   Send empty (attempt 1)
[15:17:06] [HOUSE]   RPC https://base-mainnet.core failed: Error: Failed to estimate gas: server returned an error response: error code -32000: insufficient funds for transfer

[15:17:07] [HOUSE]   RPC https://base.drpc.org failed: Error: Failed to estimate gas: server returned an error response: error code -32003: insufficient funds for gas * price 
[15:17:08] [HOUSE]   RPC https://base-rpc.publicno failed: Error: Failed to estimate gas: server returned an error response: error code -32000: insufficient funds for transfer

[15:17:09] [HOUSE]   Send empty (attempt 2)
[15:17:12] [HOUSE]   RPC https://base-mainnet.core failed: Error: Failed to estimate gas: server returned an error response: error code -32000: insufficient funds for transfer

[15:17:13] [HOUSE]   RPC https://base.drpc.org failed: Error: Failed to estimate gas: server returned an error response: error code -32003: insufficient funds for gas * price 
[15:17:17] [HOUSE]   RPC https://base-rpc.publicno failed: Error: Failed to estimate gas: server returned an error response: error code -32000: insufficient funds for transfer

[15:17:18] [HOUSE]   Send empty (attempt 3)
[15:17:19] [HOUSE]   UNDER FAILED
[15:18:20] [HOUSE] Skip 0x3C5dDFe232 — lockTime passed (22s ago)
[15:21:24] [HOUSE] Seeding 0x1c0eA0A9a8...
[15:21:28] [HOUSE]   UNDER OK — 0.005 ETH ([{"address":)
[15:21:28] [HOUSE] HTTP Request: POST https://main.realtime.ably.net/channels/rush:bets/messages "HTTP/2 201 Created"
[15:21:31] [HOUSE]   RPC https://base-mainnet.core failed: Error: Failed to estimate gas: server returned an error response: error code -32000: insufficient funds for transfer

[15:21:32] [HOUSE]   RPC https://base.drpc.org failed: Error: Failed to estimate gas: server returned an error response: error code -32003: insufficient funds for gas * price 
[15:21:35] [HOUSE]   RPC https://base-rpc.publicno failed: Error: Failed to estimate gas: server returned an error response: error code -32000: insufficient funds for transfer

[15:21:35] [HOUSE]   Send empty (attempt 1)
[15:21:38] [HOUSE]   RPC https://base-mainnet.core failed: Error: Failed to estimate gas: server returned an error response: error code -32000: insufficient funds for transfer

[15:21:38] [HOUSE]   RPC https://base.drpc.org failed: Error: Failed to estimate gas: server returned an error response: error code -32003: insufficient funds for gas * price 
[15:21:41] [HOUSE]   RPC https://base-rpc.publicno failed: Error: server returned an error response: error code -32000: insufficient funds for gas * price + value: balance 4253875
[15:21:42] [HOUSE]   Send empty (attempt 2)
[15:21:44] [HOUSE]   RPC https://base-mainnet.core failed: Error: Failed to estimate gas: server returned an error response: error code -32000: insufficient funds for transfer

[15:21:45] [HOUSE]   RPC https://base.drpc.org failed: Error: Failed to estimate gas: server returned an error response: error code -32003: insufficient funds for gas * price 
[15:21:50] [HOUSE]   RPC https://base-rpc.publicno failed: Error: Failed to estimate gas: server returned an error response: error code -32000: insufficient funds for transfer

[15:21:50] [HOUSE]   Send empty (attempt 3)
[15:21:51] [HOUSE]   OVER FAILED
[15:22:52] [HOUSE] Seeding 0x1c0eA0A9a8...
[15:22:53] [HOUSE]   RPC https://base-mainnet.core failed: Error: Failed to estimate gas: server returned an error response: error code -32000: insufficient funds for transfer

[15:22:54] [HOUSE]   RPC https://base.drpc.org failed: Error: Failed to estimate gas: server returned an error response: error code -32003: insufficient funds for gas * price 
[15:22:56] [HOUSE]   RPC https://base-rpc.publicno failed: Error: Failed to estimate gas: server returned an error response: error code -32000: insufficient funds for transfer

[15:22:57] [HOUSE]   Send empty (attempt 1)
[15:22:59] [HOUSE]   RPC https://base-mainnet.core failed: Error: Failed to estimate gas: server returned an error response: error code -32000: insufficient funds for transfer

[15:23:00] [HOUSE]   RPC https://base.drpc.org failed: Error: Failed to estimate gas: server returned an error response: error code -32003: insufficient funds for gas * price 
[15:23:02] [HOUSE]   RPC https://base-rpc.publicno failed: Error: Failed to estimate gas: server returned an error response: error code -32000: insufficient funds for transfer

[15:23:02] [HOUSE]   Send empty (attempt 2)
[15:23:04] [HOUSE]   RPC https://base-mainnet.core failed: Error: Failed to estimate gas: server returned an error response: error code -32000: insufficient funds for transfer

[15:23:05] [HOUSE]   RPC https://base.drpc.org failed: Error: Failed to estimate gas: server returned an error response: error code -32003: insufficient funds for gas * price 
[15:23:08] [HOUSE]   RPC https://base-rpc.publicno failed: Error: Failed to estimate gas: server returned an error response: error code -32000: insufficient funds for transfer

[15:23:08] [HOUSE]   Send empty (attempt 3)
[15:23:09] [HOUSE]   UNDER FAILED
[15:24:11] [HOUSE] Skip 0x1c0eA0A9a8 — lockTime passed (19s ago)
[15:27:17] [HOUSE] Seeding 0x5345736622...
[15:27:19] [HOUSE]   RPC https://base-mainnet.core failed: Error: Failed to estimate gas: server returned an error response: error code -32000: insufficient funds for transfer

[15:27:20] [HOUSE]   RPC https://base.drpc.org failed: Error: Failed to estimate gas: server returned an error response: error code -32003: insufficient funds for gas * price 
[15:27:22] [HOUSE]   RPC https://base-rpc.publicno failed: Error: Failed to estimate gas: server returned an error response: error code -32000: insufficient funds for transfer

[15:27:23] [HOUSE]   Send empty (attempt 1)
[15:27:25] [HOUSE]   RPC https://base-mainnet.core failed: Error: Failed to estimate gas: server returned an error response: error code -32000: insufficient funds for transfer

[15:27:26] [HOUSE]   RPC https://base.drpc.org failed: Error: Failed to estimate gas: server returned an error response: error code -32003: insufficient funds for gas * price 
[15:27:28] [HOUSE]   RPC https://base-rpc.publicno failed: Error: Failed to estimate gas: server returned an error response: error code -32000: insufficient funds for transfer

[15:27:28] [HOUSE]   Send empty (attempt 2)
[15:27:31] [HOUSE]   RPC https://base-mainnet.core failed: Error: Failed to estimate gas: server returned an error response: error code -32000: insufficient funds for transfer

[15:27:32] [HOUSE]   RPC https://base.drpc.org failed: Error: Failed to estimate gas: server returned an error response: error code -32003: insufficient funds for gas * price 
[15:27:35] [HOUSE]   RPC https://base-rpc.publicno failed: Error: Failed to estimate gas: server returned an error response: error code -32000: insufficient funds for transfer

[15:27:36] [HOUSE]   Send empty (attempt 3)
[15:27:37] [HOUSE]   UNDER FAILED
[15:28:40] [HOUSE] Seeding 0x5345736622...
[15:28:41] [HOUSE]   RPC https://base-mainnet.core failed: Error: Failed to estimate gas: server returned an error response: error code -32000: insufficient funds for transfer

[15:28:42] [HOUSE]   RPC https://base.drpc.org failed: Error: Failed to estimate gas: server returned an error response: error code -32003: insufficient funds for gas * price 
[15:28:44] [HOUSE]   RPC https://base-rpc.publicno failed: Error: Failed to estimate gas: server returned an error response: error code -32000: insufficient funds for transfer

[15:28:44] [HOUSE]   Send empty (attempt 1)
[15:28:47] [HOUSE]   RPC https://base-mainnet.core failed: Error: Failed to estimate gas: server returned an error response: error code -32000: insufficient funds for transfer

[15:28:47] [HOUSE]   RPC https://base.drpc.org failed: Error: Failed to estimate gas: server returned an error response: error code -32003: insufficient funds for gas * price 
[15:28:49] [HOUSE]   RPC https://base-rpc.publicno failed: Error: Failed to estimate gas: server returned an error response: error code -32000: insufficient funds for transfer

[15:28:50] [HOUSE]   Send empty (attempt 2)
[15:28:52] [HOUSE]   RPC https://base-mainnet.core failed: Error: Failed to estimate gas: server returned an error response: error code -32000: insufficient funds for transfer

[15:28:53] [HOUSE]   RPC https://base.drpc.org failed: Error: Failed to estimate gas: server returned an error response: error code -32003: insufficient funds for gas * price 
[15:28:54] [HOUSE]   RPC https://base-rpc.publicno failed: Error: Failed to estimate gas: server returned an error response: error code -32000: insufficient funds for transfer

[15:28:54] [HOUSE]   Send empty (attempt 3)
[15:28:55] [HOUSE]   UNDER FAILED
[15:29:58] [HOUSE] Skip 0x5345736622 — lockTime passed (12s ago)
[15:33:10] [HOUSE] Seeding 0x49f68634d6...
[15:33:11] [HOUSE]   RPC https://base-mainnet.core failed: Error: Failed to estimate gas: server returned an error response: error code -32000: insufficient funds for transfer

[15:33:12] [HOUSE]   RPC https://base.drpc.org failed: Error: Failed to estimate gas: server returned an error response: error code -32003: insufficient funds for gas * price 
[15:33:14] [HOUSE]   RPC https://base-rpc.publicno failed: Error: Failed to estimate gas: server returned an error response: error code -32000: insufficient funds for transfer

[15:33:14] [HOUSE]   Send empty (attempt 1)
[15:33:17] [HOUSE]   RPC https://base-mainnet.core failed: Error: Failed to estimate gas: server returned an error response: error code -32000: insufficient funds for transfer

[15:33:18] [HOUSE]   RPC https://base.drpc.org failed: Error: Failed to estimate gas: server returned an error response: error code -32003: insufficient funds for gas * price 
[15:33:19] [HOUSE]   RPC https://base-rpc.publicno failed: Error: Failed to estimate gas: server returned an error response: error code -32000: insufficient funds for transfer

[15:33:19] [HOUSE]   Send empty (attempt 2)
[15:33:22] [HOUSE]   RPC https://base-mainnet.core failed: Error: Failed to estimate gas: server returned an error response: error code -32000: insufficient funds for transfer

[15:33:22] [HOUSE]   RPC https://base.drpc.org failed: Error: Failed to estimate gas: server returned an error response: error code -32003: insufficient funds for gas * price 
[15:33:24] [HOUSE]   RPC https://base-rpc.publicno failed: Error: Failed to estimate gas: server returned an error response: error code -32000: insufficient funds for transfer

[15:33:25] [HOUSE]   Send empty (attempt 3)
[15:33:26] [HOUSE]   UNDER FAILED
[15:34:26] [HOUSE] Seeding 0x49f68634d6...
[15:34:28] [HOUSE]   RPC https://base-mainnet.core failed: Error: Failed to estimate gas: server returned an error response: error code -32000: insufficient funds for transfer

[15:34:29] [HOUSE]   RPC https://base.drpc.org failed: Error: Failed to estimate gas: server returned an error response: error code -32003: insufficient funds for gas * price 
[15:34:29] [HOUSE]   RPC https://base-rpc.publicno failed: Error: Failed to estimate gas: server returned an error response: error code -32000: insufficient funds for transfer

[15:34:30] [HOUSE]   Send empty (attempt 1)
[15:34:32] [HOUSE]   RPC https://base-mainnet.core failed: Error: Failed to estimate gas: server returned an error response: error code -32000: insufficient funds for transfer

[15:34:33] [HOUSE]   RPC https://base.drpc.org failed: Error: Failed to estimate gas: server returned an error response: error code -32003: insufficient funds for gas * price 
[15:34:37] [HOUSE]   RPC https://base-rpc.publicno failed: Error: Failed to estimate gas: server returned an error response: error code -32000: insufficient funds for transfer

[15:34:38] [HOUSE]   Send empty (attempt 2)
[15:34:40] [HOUSE]   RPC https://base-mainnet.core failed: Error: Failed to estimate gas: server returned an error response: error code -32000: insufficient funds for transfer

[15:34:41] [HOUSE]   RPC https://base.drpc.org failed: Error: Failed to estimate gas: server returned an error response: error code -32003: insufficient funds for gas * price 
[15:34:43] [HOUSE]   RPC https://base-rpc.publicno failed: Error: Failed to estimate gas: server returned an error response: error code -32000: insufficient funds for transfer

[15:34:43] [HOUSE]   Send empty (attempt 3)
[15:34:44] [HOUSE]   UNDER FAILED
[15:35:47] [HOUSE] Skip 0x49f68634d6 — lockTime passed (9s ago)
[15:39:06] [HOUSE] Seeding 0xA8a356BfDD...
[15:39:07] [HOUSE]   RPC https://base-mainnet.core failed: Error: Failed to estimate gas: server returned an error response: error code -32000: insufficient funds for transfer

[15:39:08] [HOUSE]   RPC https://base.drpc.org failed: Error: Failed to estimate gas: server returned an error response: error code -32003: insufficient funds for gas * price 
[15:39:19] [HOUSE]   RPC https://base-rpc.publicno failed: Error: Failed to estimate gas: server returned an error response: error code -32000: insufficient funds for transfer

[15:39:19] [HOUSE]   Send empty (attempt 1)
[15:39:22] [HOUSE]   RPC https://base-mainnet.core failed: Error: Failed to estimate gas: server returned an error response: error code -32000: insufficient funds for transfer

[15:39:23] [HOUSE]   RPC https://base.drpc.org failed: Error: Failed to estimate gas: server returned an error response: error code -32003: insufficient funds for gas * price 
[15:39:26] [HOUSE]   RPC https://base-rpc.publicno failed: Error: Failed to estimate gas: server returned an error response: error code -32000: insufficient funds for transfer

[15:39:27] [HOUSE]   Send empty (attempt 2)
[15:39:29] [HOUSE]   RPC https://base-mainnet.core failed: Error: Failed to estimate gas: server returned an error response: error code -32000: insufficient funds for transfer

[15:39:30] [HOUSE]   RPC https://base.drpc.org failed: Error: Failed to estimate gas: server returned an error response: error code -32003: insufficient funds for gas * price 
[15:39:34] [HOUSE]   RPC https://base-rpc.publicno failed: Error: Failed to estimate gas: server returned an error response: error code -32000: insufficient funds for transfer

[15:39:35] [HOUSE]   Send empty (attempt 3)
[15:39:36] [HOUSE]   UNDER FAILED
[15:40:39] [HOUSE] Seeding 0xA8a356BfDD...
[15:40:41] [HOUSE]   RPC https://base-mainnet.core failed: Error: Failed to estimate gas: server returned an error response: error code -32000: insufficient funds for transfer

[15:40:43] [HOUSE]   RPC https://base.drpc.org failed: Error: Failed to estimate gas: HTTP error 500 with body: {"id":3,"jsonrpc":"2.0","error":{"message":"Temporary internal 
[15:41:01] [HOUSE]   RPC https://base-rpc.publicno failed: Error: Max retries exceeded HTTP error 429 with body: {"jsonrpc":"2.0","error":{"code":-32005,"message":"Rate limit exce
[15:41:02] [HOUSE]   Send empty (attempt 1)
[15:41:04] [HOUSE]   RPC https://base-mainnet.core failed: Error: Failed to estimate gas: server returned an error response: error code -32000: insufficient funds for transfer

[15:41:06] [HOUSE]   RPC https://base.drpc.org failed: Error: HTTP error 500 with body: {"id":2,"jsonrpc":"2.0","error":{"message":"Temporary internal error. Please retry, tra
[15:41:25] [HOUSE]   RPC https://base-rpc.publicno failed: Error: Max retries exceeded HTTP error 429 with body: {"jsonrpc":"2.0","error":{"code":-32005,"message":"Rate limit exce
[15:41:25] [HOUSE]   Send empty (attempt 2)
[15:41:28] [HOUSE]   RPC https://base-mainnet.core failed: Error: Failed to estimate gas: server returned an error response: error code -32000: insufficient funds for transfer

[15:41:29] [HOUSE]   RPC https://base.drpc.org failed: Error: Failed to estimate gas: server returned an error response: error code -32003: insufficient funds for gas * price 
[15:41:48] [HOUSE]   RPC https://base-rpc.publicno failed: Error: Max retries exceeded HTTP error 429 with body: {"jsonrpc":"2.0","error":{"code":-32005,"message":"Rate limit exce
[15:41:48] [HOUSE]   Send empty (attempt 3)
[15:41:49] [HOUSE]   UNDER FAILED
[15:42:52] [HOUSE] Skip 0xA8a356BfDD — lockTime passed (77s ago)
[15:45:03] [HOUSE] Seeding 0xbbEE0BaAF9...
[15:45:04] [HOUSE]   RPC https://base-mainnet.core failed: Error: Failed to estimate gas: server returned an error response: error code -32000: insufficient funds for transfer

[15:45:05] [HOUSE]   RPC https://base.drpc.org failed: Error: Failed to estimate gas: server returned an error response: error code -32003: insufficient funds for gas * price 
[15:45:22] [HOUSE]   RPC https://base-rpc.publicno failed: Error: Max retries exceeded HTTP error 429 with body: {"jsonrpc":"2.0","error":{"code":-32005,"message":"Rate limit exce
[15:45:23] [HOUSE]   Send empty (attempt 1)
[15:45:25] [HOUSE]   RPC https://base-mainnet.core failed: Error: Failed to estimate gas: server returned an error response: error code -32000: insufficient funds for transfer

[15:45:26] [HOUSE]   RPC https://base.drpc.org failed: Error: Failed to estimate gas: server returned an error response: error code -32003: insufficient funds for gas * price 
[15:45:44] [HOUSE]   RPC https://base-rpc.publicno failed: Error: Max retries exceeded HTTP error 429 with body: {"jsonrpc":"2.0","error":{"code":-32005,"message":"Rate limit exce
[15:45:44] [HOUSE]   Send empty (attempt 2)
[15:45:47] [HOUSE]   RPC https://base-mainnet.core failed: Error: Failed to estimate gas: server returned an error response: error code -32000: insufficient funds for transfer

[15:45:47] [HOUSE]   RPC https://base.drpc.org failed: Error: Failed to estimate gas: server returned an error response: error code -32003: insufficient funds for gas * price 
[15:46:02] [HOUSE]   RPC https://base-rpc.publicno failed: Error: Max retries exceeded HTTP error 429 with body: {"jsonrpc":"2.0","error":{"code":-32005,"message":"Rate limit exce
[15:46:03] [HOUSE]   Send empty (attempt 3)
[15:46:04] [HOUSE]   UNDER FAILED
[15:47:06] [HOUSE] Seeding 0xbbEE0BaAF9...
[15:47:07] [HOUSE]   RPC https://base-mainnet.core failed: Error: Failed to estimate gas: server returned an error response: error code -32000: insufficient funds for transfer

[15:47:08] [HOUSE]   RPC https://base.drpc.org failed: Error: Failed to estimate gas: server returned an error response: error code -32003: insufficient funds for gas * price 
[15:47:23] [HOUSE]   RPC https://base-rpc.publicno failed: Error: Max retries exceeded HTTP error 429 with body: {"jsonrpc":"2.0","error":{"code":-32005,"message":"Rate limit exce
[15:47:24] [HOUSE]   Send empty (attempt 1)
[15:47:27] [HOUSE]   RPC https://base-mainnet.core failed: Error: Failed to estimate gas: server returned an error response: error code -32000: insufficient funds for transfer

[15:47:28] [HOUSE]   RPC https://base.drpc.org failed: Error: Failed to estimate gas: server returned an error response: error code -32003: insufficient funds for gas * price 
[15:47:45] [HOUSE]   RPC https://base-rpc.publicno failed: Error: Max retries exceeded HTTP error 429 with body: {"jsonrpc":"2.0","error":{"code":-32005,"message":"Rate limit exce
[15:47:45] [HOUSE]   Send empty (attempt 2)
[15:47:48] [HOUSE]   RPC https://base-mainnet.core failed: Error: Failed to estimate gas: server returned an error response: error code -32000: insufficient funds for transfer

[15:47:48] [HOUSE]   RPC https://base.drpc.org failed: Error: Failed to estimate gas: server returned an error response: error code -32003: insufficient funds for gas * price 
[15:48:02] [HOUSE]   RPC https://base-rpc.publicno failed: Error: Max retries exceeded HTTP error 429 with body: {"jsonrpc":"2.0","error":{"code":-32005,"message":"Rate limit exce
[15:48:03] [HOUSE]   Send empty (attempt 3)
[15:48:04] [HOUSE]   UNDER FAILED
[15:49:05] [HOUSE] Skip 0xbbEE0BaAF9 — lockTime passed (96s ago)
[15:50:54] [HOUSE] Seeding 0x09e2f768AB...
[15:50:55] [HOUSE]   RPC https://base-mainnet.core failed: Error: Failed to estimate gas: server returned an error response: error code -32000: insufficient funds for transfer

[15:50:57] [HOUSE]   RPC https://base.drpc.org failed: Error: Failed to estimate gas: server returned an error response: error code -32003: insufficient funds for gas * price 
[15:51:16] [HOUSE]   RPC https://base-rpc.publicno failed: Error: Max retries exceeded HTTP error 429 with body: {"jsonrpc":"2.0","error":{"code":-32005,"message":"Rate limit exce
[15:51:17] [HOUSE]   Send empty (attempt 1)
[15:51:19] [HOUSE]   RPC https://base-mainnet.core failed: Error: Failed to estimate gas: server returned an error response: error code -32000: insufficient funds for transfer

[15:51:20] [HOUSE]   RPC https://base.drpc.org failed: Error: Failed to estimate gas: server returned an error response: error code -32003: insufficient funds for gas * price 
[15:51:40] [HOUSE]   RPC https://base-rpc.publicno timeout
[15:51:41] [HOUSE]   Send empty (attempt 2)
[15:51:43] [HOUSE]   RPC https://base-mainnet.core failed: Error: Failed to estimate gas: server returned an error response: error code -32000: insufficient funds for transfer

[15:51:44] [HOUSE]   RPC https://base.drpc.org failed: Error: Failed to estimate gas: server returned an error response: error code -32003: insufficient funds for gas * price 
[15:51:57] [HOUSE]   RPC https://base-rpc.publicno failed: Error: Failed to estimate gas: server returned an error response: error code -32000: insufficient funds for transfer

[15:51:57] [HOUSE]   Send empty (attempt 3)
[15:51:58] [HOUSE]   UNDER FAILED
[15:53:01] [HOUSE] Seeding 0x09e2f768AB...
[15:53:02] [HOUSE]   RPC https://base-mainnet.core failed: Error: Failed to estimate gas: server returned an error response: error code -32000: insufficient funds for transfer

[15:53:04] [HOUSE]   RPC https://base.drpc.org failed: Error: Failed to estimate gas: HTTP error 500 with body: {"id":3,"jsonrpc":"2.0","error":{"message":"Temporary internal 
[15:53:15] [HOUSE]   RPC https://base-rpc.publicno failed: Error: Failed to estimate gas: server returned an error response: error code -32000: insufficient funds for transfer

[15:53:16] [HOUSE]   Send empty (attempt 1)
[15:53:19] [HOUSE]   RPC https://base-mainnet.core failed: Error: Failed to estimate gas: server returned an error response: error code -32000: insufficient funds for transfer

[15:53:19] [HOUSE]   RPC https://base.drpc.org failed: Error: Failed to estimate gas: server returned an error response: error code -32003: insufficient funds for gas * price 
[15:53:24] [HOUSE]   RPC https://base-rpc.publicno failed: Error: Failed to estimate gas: server returned an error response: error code -32000: insufficient funds for transfer

[15:53:25] [HOUSE]   Send empty (attempt 2)
[15:53:27] [HOUSE]   RPC https://base-mainnet.core failed: Error: Failed to estimate gas: server returned an error response: error code -32000: insufficient funds for transfer

[15:53:28] [HOUSE]   RPC https://base.drpc.org failed: Error: Failed to estimate gas: server returned an error response: error code -32003: insufficient funds for gas * price 
[15:53:40] [HOUSE]   RPC https://base-rpc.publicno failed: Error: Failed to estimate gas: server returned an error response: error code -32000: insufficient funds for transfer

[15:53:40] [HOUSE]   Send empty (attempt 3)
[15:53:41] [HOUSE]   UNDER FAILED
[15:54:44] [HOUSE] Skip 0x09e2f768AB — lockTime passed (81s ago)
[15:56:50] [HOUSE] Seeding 0x7a2AbB5Ae9...
[15:56:52] [HOUSE]   RPC https://base-mainnet.core failed: Error: Failed to estimate gas: server returned an error response: error code -32000: insufficient funds for transfer

[15:56:52] [HOUSE]   RPC https://base.drpc.org failed: Error: Failed to estimate gas: server returned an error response: error code -32003: insufficient funds for gas * price 
[15:57:01] [HOUSE]   RPC https://base-rpc.publicno failed: Error: Failed to estimate gas: server returned an error response: error code -32000: insufficient funds for transfer

[15:57:01] [HOUSE]   Send empty (attempt 1)
[15:57:04] [HOUSE]   RPC https://base-mainnet.core failed: Error: Failed to estimate gas: server returned an error response: error code -32000: insufficient funds for transfer

[15:57:04] [HOUSE]   RPC https://base.drpc.org failed: Error: Failed to estimate gas: server returned an error response: error code -32003: insufficient funds for gas * price 
[15:57:12] [HOUSE]   RPC https://base-rpc.publicno failed: Error: Failed to estimate gas: server returned an error response: error code -32000: insufficient funds for transfer

[15:57:13] [HOUSE]   Send empty (attempt 2)
[15:57:15] [HOUSE]   RPC https://base-mainnet.core failed: Error: Failed to estimate gas: server returned an error response: error code -32000: insufficient funds for transfer

[15:57:16] [HOUSE]   RPC https://base.drpc.org failed: Error: Failed to estimate gas: server returned an error response: error code -32003: insufficient funds for gas * price 
[15:57:23] [HOUSE]   RPC https://base-rpc.publicno failed: Error: Failed to estimate gas: server returned an error response: error code -32000: insufficient funds for transfer

[15:57:24] [HOUSE]   Send empty (attempt 3)
[15:57:25] [HOUSE]   UNDER FAILED
[15:58:27] [HOUSE] Seeding 0x7a2AbB5Ae9...
[15:58:28] [HOUSE]   RPC https://base-mainnet.core failed: Error: Failed to estimate gas: server returned an error response: error code -32000: insufficient funds for transfer

[15:58:29] [HOUSE]   RPC https://base.drpc.org failed: Error: Failed to estimate gas: server returned an error response: error code -32003: insufficient funds for gas * price 
[15:58:44] [HOUSE]   RPC https://base-rpc.publicno failed: Error: Failed to estimate gas: server returned an error response: error code -32000: insufficient funds for transfer

[15:58:44] [HOUSE]   Send empty (attempt 1)
[15:58:47] [HOUSE]   RPC https://base-mainnet.core failed: Error: Failed to estimate gas: server returned an error response: error code -32000: insufficient funds for transfer

[15:58:48] [HOUSE]   RPC https://base.drpc.org failed: Error: Failed to estimate gas: server returned an error response: error code -32003: insufficient funds for gas * price 
[15:58:56] [HOUSE]   RPC https://base-rpc.publicno failed: Error: Failed to estimate gas: server returned an error response: error code -32000: insufficient funds for transfer

[15:58:57] [HOUSE]   Send empty (attempt 2)
[15:58:59] [HOUSE]   RPC https://base-mainnet.core failed: Error: Failed to estimate gas: server returned an error response: error code -32000: insufficient funds for transfer

[15:59:00] [HOUSE]   RPC https://base.drpc.org failed: Error: Failed to estimate gas: server returned an error response: error code -32003: insufficient funds for gas * price 
[15:59:06] [HOUSE]   RPC https://base-rpc.publicno failed: Error: Failed to estimate gas: server returned an error response: error code -32000: insufficient funds for transfer

[15:59:06] [HOUSE]   Send empty (attempt 3)
[15:59:07] [HOUSE]   UNDER FAILED
[16:00:11] [HOUSE] Skip 0x7a2AbB5Ae9 — lockTime passed (53s ago)
[16:02:46] [HOUSE] Seeding 0x628e25567C...
[16:02:48] [HOUSE]   RPC https://base-mainnet.core failed: Error: Failed to estimate gas: server returned an error response: error code -32000: insufficient funds for transfer

[16:02:49] [HOUSE]   RPC https://base.drpc.org failed: Error: Failed to estimate gas: server returned an error response: error code -32003: insufficient funds for gas * price 
[16:02:51] [HOUSE]   RPC https://base-rpc.publicno failed: Error: Failed to estimate gas: server returned an error response: error code -32000: insufficient funds for transfer

[16:02:52] [HOUSE]   Send empty (attempt 1)
[16:02:54] [HOUSE]   RPC https://base-mainnet.core failed: Error: Failed to estimate gas: server returned an error response: error code -32000: insufficient funds for transfer

[16:02:55] [HOUSE]   RPC https://base.drpc.org failed: Error: Failed to estimate gas: server returned an error response: error code -32003: insufficient funds for gas * price 
[16:02:56] [HOUSE]   RPC https://base-rpc.publicno failed: Error: Failed to estimate gas: server returned an error response: error code -32000: insufficient funds for transfer

[16:02:57] [HOUSE]   Send empty (attempt 2)
[16:02:59] [HOUSE]   RPC https://base-mainnet.core failed: Error: Failed to estimate gas: server returned an error response: error code -32000: insufficient funds for transfer

[16:03:00] [HOUSE]   RPC https://base.drpc.org failed: Error: Failed to estimate gas: server returned an error response: error code -32003: insufficient funds for gas * price 
[16:03:05] [HOUSE]   RPC https://base-rpc.publicno failed: Error: Failed to estimate gas: server returned an error response: error code -32000: insufficient funds for transfer

[16:03:06] [HOUSE]   Send empty (attempt 3)
[16:03:07] [HOUSE]   UNDER FAILED
[16:04:07] [HOUSE] Seeding 0x628e25567C...
[16:04:09] [HOUSE]   RPC https://base-mainnet.core failed: Error: Failed to estimate gas: server returned an error response: error code -32000: insufficient funds for transfer

[16:04:09] [HOUSE]   RPC https://base.drpc.org failed: Error: Failed to estimate gas: server returned an error response: error code -32003: insufficient funds for gas * price 
[16:04:11] [HOUSE]   RPC https://base-rpc.publicno failed: Error: Failed to estimate gas: server returned an error response: error code -32000: insufficient funds for transfer

[16:04:13] [HOUSE]   Send empty (attempt 1)
[16:04:15] [HOUSE]   RPC https://base-mainnet.core failed: Error: Failed to estimate gas: server returned an error response: error code -32000: insufficient funds for transfer

[16:04:16] [HOUSE]   RPC https://base.drpc.org failed: Error: Failed to estimate gas: server returned an error response: error code -32003: insufficient funds for gas * price 
[16:04:17] [HOUSE]   RPC https://base-rpc.publicno failed: Error: Failed to estimate gas: server returned an error response: error code -32000: insufficient funds for transfer

[16:04:17] [HOUSE]   Send empty (attempt 2)
[16:04:19] [HOUSE]   RPC https://base-mainnet.core failed: Error: Failed to estimate gas: server returned an error response: error code -32000: insufficient funds for transfer

[16:04:20] [HOUSE]   RPC https://base.drpc.org failed: Error: Failed to estimate gas: server returned an error response: error code -32003: insufficient funds for gas * price 
[16:04:22] [HOUSE]   RPC https://base-rpc.publicno failed: Error: Failed to estimate gas: server returned an error response: error code -32000: insufficient funds for transfer

[16:04:23] [HOUSE]   Send empty (attempt 3)
[16:04:24] [HOUSE]   UNDER FAILED
[16:05:26] [HOUSE] Skip 0x628e25567C — lockTime passed (11s ago)
[16:08:39] [HOUSE] Seeding 0x8f2CB073b6...
[16:08:40] [HOUSE]   RPC https://base-mainnet.core failed: Error: Failed to estimate gas: server returned an error response: error code -32000: insufficient funds for transfer

[16:08:41] [HOUSE]   RPC https://base.drpc.org failed: Error: Failed to estimate gas: server returned an error response: error code -32003: insufficient funds for gas * price 
[16:08:47] [HOUSE]   RPC https://base-rpc.publicno failed: Error: Failed to estimate gas: server returned an error response: error code -32000: insufficient funds for transfer

[16:08:47] [HOUSE]   Send empty (attempt 1)
[16:08:49] [HOUSE]   RPC https://base-mainnet.core failed: Error: Failed to estimate gas: server returned an error response: error code -32000: insufficient funds for transfer

[16:08:50] [HOUSE]   RPC https://base.drpc.org failed: Error: Failed to estimate gas: server returned an error response: error code -32003: insufficient funds for gas * price 
[16:08:52] [HOUSE]   RPC https://base-rpc.publicno failed: Error: Failed to estimate gas: server returned an error response: error code -32000: insufficient funds for transfer

[16:08:52] [HOUSE]   Send empty (attempt 2)
[16:08:54] [HOUSE]   RPC https://base-mainnet.core failed: Error: Failed to estimate gas: server returned an error response: error code -32000: insufficient funds for transfer

[16:08:55] [HOUSE]   RPC https://base.drpc.org failed: Error: Failed to estimate gas: server returned an error response: error code -32003: insufficient funds for gas * price 
[16:08:58] [HOUSE]   RPC https://base-rpc.publicno failed: Error: Failed to estimate gas: server returned an error response: error code -32000: insufficient funds for transfer

[16:08:58] [HOUSE]   Send empty (attempt 3)
[16:08:59] [HOUSE]   UNDER FAILED
[16:10:02] [HOUSE] Seeding 0x8f2CB073b6...
[16:10:03] [HOUSE]   RPC https://base-mainnet.core failed: Error: Failed to estimate gas: server returned an error response: error code -32000: insufficient funds for transfer

[16:10:04] [HOUSE]   RPC https://base.drpc.org failed: Error: Failed to estimate gas: server returned an error response: error code -32003: insufficient funds for gas * price 
[16:10:08] [HOUSE]   RPC https://base-rpc.publicno failed: Error: Failed to estimate gas: server returned an error response: error code -32000: insufficient funds for transfer

[16:10:09] [HOUSE]   Send empty (attempt 1)
[16:10:11] [HOUSE]   RPC https://base-mainnet.core failed: Error: Failed to estimate gas: server returned an error response: error code -32000: insufficient funds for transfer

[16:10:12] [HOUSE]   RPC https://base.drpc.org failed: Error: Failed to estimate gas: server returned an error response: error code -32003: insufficient funds for gas * price 
[16:10:17] [HOUSE]   RPC https://base-rpc.publicno failed: Error: Failed to estimate gas: server returned an error response: error code -32000: insufficient funds for transfer

[16:10:17] [HOUSE]   Send empty (attempt 2)
[16:10:20] [HOUSE]   RPC https://base-mainnet.core failed: Error: Failed to estimate gas: server returned an error response: error code -32000: insufficient funds for transfer

[16:10:21] [HOUSE]   RPC https://base.drpc.org failed: Error: Failed to estimate gas: server returned an error response: error code -32003: insufficient funds for gas * price 
[16:10:23] [HOUSE]   RPC https://base-rpc.publicno failed: Error: Failed to estimate gas: server returned an error response: error code -32000: insufficient funds for transfer

[16:10:23] [HOUSE]   Send empty (attempt 3)
[16:10:24] [HOUSE]   UNDER FAILED
[16:11:27] [HOUSE] Skip 0x8f2CB073b6 — lockTime passed (21s ago)
[16:14:33] [HOUSE] Seeding 0x7AE2C6ac5E...
[16:14:34] [HOUSE]   RPC https://base-mainnet.core failed: Error: Failed to estimate gas: server returned an error response: error code -32000: insufficient funds for transfer

[16:14:35] [HOUSE]   RPC https://base.drpc.org failed: Error: Failed to estimate gas: server returned an error response: error code -32003: insufficient funds for gas * price 
[16:14:47] [HOUSE]   RPC https://base-rpc.publicno failed: Error: Failed to estimate gas: server returned an error response: error code -32000: insufficient funds for transfer

[16:14:48] [HOUSE]   Send empty (attempt 1)
[16:14:50] [HOUSE]   RPC https://base-mainnet.core failed: Error: Failed to estimate gas: server returned an error response: error code -32000: insufficient funds for transfer

[16:14:51] [HOUSE]   RPC https://base.drpc.org failed: Error: Failed to estimate gas: server returned an error response: error code -32003: insufficient funds for gas * price 
[16:14:52] [HOUSE]   RPC https://base-rpc.publicno failed: Error: Failed to estimate gas: server returned an error response: error code -32000: insufficient funds for transfer

[16:14:52] [HOUSE]   Send empty (attempt 2)
[16:14:55] [HOUSE]   RPC https://base-mainnet.core failed: Error: Failed to estimate gas: server returned an error response: error code -32000: insufficient funds for transfer

[16:14:56] [HOUSE]   RPC https://base.drpc.org failed: Error: Failed to estimate gas: server returned an error response: error code -32003: insufficient funds for gas * price 
[16:15:07] [HOUSE]   RPC https://base-rpc.publicno failed: Error: Failed to estimate gas: server returned an error response: error code -32000: insufficient funds for transfer

[16:15:07] [HOUSE]   Send empty (attempt 3)
[16:15:08] [HOUSE]   UNDER FAILED
[16:16:12] [HOUSE] Seeding 0x7AE2C6ac5E...
[16:16:13] [HOUSE]   RPC https://base-mainnet.core failed: Error: Failed to estimate gas: server returned an error response: error code -32000: insufficient funds for transfer

[16:16:14] [HOUSE]   RPC https://base.drpc.org failed: Error: Failed to estimate gas: server returned an error response: error code -32003: insufficient funds for gas * price 
[16:16:18] [HOUSE]   RPC https://base-rpc.publicno failed: Error: Failed to estimate gas: server returned an error response: error code -32000: insufficient funds for transfer

[16:16:18] [HOUSE]   Send empty (attempt 1)
[16:16:21] [HOUSE]   RPC https://base-mainnet.core failed: Error: Failed to estimate gas: server returned an error response: error code -32000: insufficient funds for transfer

[16:16:22] [HOUSE]   RPC https://base.drpc.org failed: Error: Failed to estimate gas: server returned an error response: error code -32003: insufficient funds for gas * price 
[16:16:31] [HOUSE]   RPC https://base-rpc.publicno failed: Error: Failed to estimate gas: server returned an error response: error code -32000: insufficient funds for transfer

[16:16:32] [HOUSE]   Send empty (attempt 2)
[16:16:34] [HOUSE]   RPC https://base-mainnet.core failed: Error: Failed to estimate gas: server returned an error response: error code -32000: insufficient funds for transfer

[16:16:35] [HOUSE]   RPC https://base.drpc.org failed: Error: Failed to estimate gas: server returned an error response: error code -32003: insufficient funds for gas * price 
[16:16:40] [HOUSE]   RPC https://base-rpc.publicno failed: Error: Failed to estimate gas: server returned an error response: error code -32000: insufficient funds for transfer

[16:16:40] [HOUSE]   Send empty (attempt 3)
[16:16:41] [HOUSE]   UNDER FAILED
[16:17:43] [HOUSE] Skip 0x7AE2C6ac5E — lockTime passed (43s ago)
[16:20:26] [HOUSE] Seeding 0xcD5951e1b0...
[16:20:27] [HOUSE]   RPC https://base-mainnet.core failed: Error: Failed to estimate gas: server returned an error response: error code -32000: insufficient funds for transfer

[16:20:28] [HOUSE]   RPC https://base.drpc.org failed: Error: Failed to estimate gas: server returned an error response: error code -32003: insufficient funds for gas * price 
[16:20:31] [HOUSE]   RPC https://base-rpc.publicno failed: Error: Failed to estimate gas: server returned an error response: error code -32000: insufficient funds for transfer

[16:20:31] [HOUSE]   Send empty (attempt 1)
[16:20:34] [HOUSE]   RPC https://base-mainnet.core failed: Error: Failed to estimate gas: server returned an error response: error code -32000: insufficient funds for transfer

[16:20:35] [HOUSE]   RPC https://base.drpc.org failed: Error: Failed to estimate gas: server returned an error response: error code -32003: insufficient funds for gas * price 
[16:20:37] [HOUSE]   RPC https://base-rpc.publicno failed: Error: Failed to estimate gas: server returned an error response: error code -32000: insufficient funds for transfer

[16:20:38] [HOUSE]   Send empty (attempt 2)
[16:20:40] [HOUSE]   RPC https://base-mainnet.core failed: Error: Failed to estimate gas: server returned an error response: error code -32000: insufficient funds for transfer

[16:20:42] [HOUSE]   RPC https://base.drpc.org failed: Error: HTTP error 500 with body: {"id":1,"jsonrpc":"2.0","error":{"message":"Temporary internal error. Please retry, tra
[16:20:50] [HOUSE]   RPC https://base-rpc.publicno failed: Error: Failed to estimate gas: server returned an error response: error code -32000: insufficient funds for transfer

[16:20:51] [HOUSE]   Send empty (attempt 3)
[16:20:52] [HOUSE]   UNDER FAILED
[16:21:54] [HOUSE] Seeding 0xcD5951e1b0...
[16:21:55] [HOUSE]   RPC https://base-mainnet.core failed: Error: Failed to estimate gas: server returned an error response: error code -32000: insufficient funds for transfer

[16:21:56] [HOUSE]   RPC https://base.drpc.org failed: Error: Failed to estimate gas: server returned an error response: error code -32003: insufficient funds for gas * price 
[16:21:59] [HOUSE]   RPC https://base-rpc.publicno failed: Error: Failed to estimate gas: server returned an error response: error code -32000: insufficient funds for transfer

[16:21:59] [HOUSE]   Send empty (attempt 1)
[16:22:02] [HOUSE]   RPC https://base-mainnet.core failed: Error: Failed to estimate gas: server returned an error response: error code -32000: insufficient funds for transfer

[16:22:03] [HOUSE]   RPC https://base.drpc.org failed: Error: Failed to estimate gas: server returned an error response: error code -32003: insufficient funds for gas * price 
[16:22:07] [HOUSE]   RPC https://base-rpc.publicno failed: Error: Failed to estimate gas: server returned an error response: error code -32000: insufficient funds for transfer

[16:22:08] [HOUSE]   Send empty (attempt 2)
[16:22:10] [HOUSE]   RPC https://base-mainnet.core failed: Error: Failed to estimate gas: server returned an error response: error code -32000: insufficient funds for transfer

[16:22:11] [HOUSE]   RPC https://base.drpc.org failed: Error: Failed to estimate gas: server returned an error response: error code -32003: insufficient funds for gas * price 
[16:22:29] [HOUSE]   RPC https://base-rpc.publicno failed: Error: Failed to estimate gas: server returned an error response: error code -32000: insufficient funds for transfer

[16:22:29] [HOUSE]   Send empty (attempt 3)
[16:22:30] [HOUSE]   UNDER FAILED
[16:23:31] [HOUSE] Skip 0xcD5951e1b0 — lockTime passed (37s ago)
[16:26:18] [HOUSE] Seeding 0x2F73280FA0...
[16:26:19] [HOUSE]   RPC https://base-mainnet.core failed: Error: Failed to estimate gas: server returned an error response: error code -32000: insufficient funds for transfer

[16:26:20] [HOUSE]   RPC https://base.drpc.org failed: Error: Failed to estimate gas: server returned an error response: error code -32003: insufficient funds for gas * price 
[16:26:21] [HOUSE]   RPC https://base-rpc.publicno failed: Error: Failed to estimate gas: server returned an error response: error code -32000: insufficient funds for transfer

[16:26:22] [HOUSE]   Send empty (attempt 1)
[16:26:24] [HOUSE]   RPC https://base-mainnet.core failed: Error: Failed to estimate gas: server returned an error response: error code -32000: insufficient funds for transfer

[16:26:25] [HOUSE]   RPC https://base.drpc.org failed: Error: Failed to estimate gas: server returned an error response: error code -32003: insufficient funds for gas * price 
[16:26:29] [HOUSE]   RPC https://base-rpc.publicno failed: Error: Failed to estimate gas: server returned an error response: error code -32000: insufficient funds for transfer

[16:26:29] [HOUSE]   Send empty (attempt 2)
[16:26:32] [HOUSE]   RPC https://base-mainnet.core failed: Error: Failed to estimate gas: server returned an error response: error code -32000: insufficient funds for transfer

[16:26:32] [HOUSE]   RPC https://base.drpc.org failed: Error: Failed to estimate gas: server returned an error response: error code -32003: insufficient funds for gas * price 
[16:26:39] [HOUSE]   RPC https://base-rpc.publicno failed: Error: Failed to estimate gas: server returned an error response: error code -32000: insufficient funds for transfer

[16:26:39] [HOUSE]   Send empty (attempt 3)
[16:26:40] [HOUSE]   UNDER FAILED
[16:27:42] [HOUSE] Seeding 0x2F73280FA0...
[16:27:44] [HOUSE]   RPC https://base-mainnet.core failed: Error: Failed to estimate gas: server returned an error response: error code -32000: insufficient funds for transfer

[16:27:44] [HOUSE]   RPC https://base.drpc.org failed: Error: Failed to estimate gas: server returned an error response: error code -32003: insufficient funds for gas * price 
[16:27:51] [HOUSE]   RPC https://base-rpc.publicno failed: Error: Failed to estimate gas: server returned an error response: error code -32000: insufficient funds for transfer

[16:27:51] [HOUSE]   Send empty (attempt 1)
[16:27:54] [HOUSE]   RPC https://base-mainnet.core failed: Error: Failed to estimate gas: server returned an error response: error code -32000: insufficient funds for transfer

[16:27:55] [HOUSE]   RPC https://base.drpc.org failed: Error: Failed to estimate gas: server returned an error response: error code -32003: insufficient funds for gas * price 
[16:27:56] [HOUSE]   RPC https://base-rpc.publicno failed: Error: Failed to estimate gas: server returned an error response: error code -32000: insufficient funds for transfer

[16:27:57] [HOUSE]   Send empty (attempt 2)
[16:27:59] [HOUSE]   RPC https://base-mainnet.core failed: Error: Failed to estimate gas: server returned an error response: error code -32000: insufficient funds for transfer

[16:28:00] [HOUSE]   RPC https://base.drpc.org failed: Error: Failed to estimate gas: server returned an error response: error code -32003: insufficient funds for gas * price 
[16:28:05] [HOUSE]   RPC https://base-rpc.publicno failed: Error: Failed to estimate gas: server returned an error response: error code -32000: insufficient funds for transfer

[16:28:05] [HOUSE]   Send empty (attempt 3)
[16:28:06] [HOUSE]   UNDER FAILED
[16:29:10] [HOUSE] Skip 0x2F73280FA0 — lockTime passed (25s ago)
[16:32:14] [HOUSE] Seeding 0x9318e47773...
[16:32:15] [HOUSE]   RPC https://base-mainnet.core failed: Error: Failed to estimate gas: server returned an error response: error code -32000: insufficient funds for transfer

[16:32:16] [HOUSE]   RPC https://base.drpc.org failed: Error: Failed to estimate gas: server returned an error response: error code -32003: insufficient funds for gas * price 
[16:32:17] [HOUSE]   RPC https://base-rpc.publicno failed: Error: Failed to estimate gas: server returned an error response: error code -32000: insufficient funds for transfer

[16:32:18] [HOUSE]   Send empty (attempt 1)
[16:32:20] [HOUSE]   RPC https://base-mainnet.core failed: Error: Failed to estimate gas: server returned an error response: error code -32000: insufficient funds for transfer

[16:32:21] [HOUSE]   RPC https://base.drpc.org failed: Error: Failed to estimate gas: server returned an error response: error code -32003: insufficient funds for gas * price 
[16:32:30] [HOUSE]   RPC https://base-rpc.publicno failed: Error: Failed to estimate gas: server returned an error response: error code -32000: insufficient funds for transfer

[16:32:31] [HOUSE]   Send empty (attempt 2)
[16:32:33] [HOUSE]   RPC https://base-mainnet.core failed: Error: Failed to estimate gas: server returned an error response: error code -32000: insufficient funds for transfer

[16:32:34] [HOUSE]   RPC https://base.drpc.org failed: Error: Failed to estimate gas: server returned an error response: error code -32003: insufficient funds for gas * price 
[16:32:42] [HOUSE]   RPC https://base-rpc.publicno failed: Error: Failed to estimate gas: server returned an error response: error code -32000: insufficient funds for transfer

[16:32:43] [HOUSE]   Send empty (attempt 3)
[16:32:44] [HOUSE]   UNDER FAILED
[16:33:47] [HOUSE] Seeding 0x9318e47773...
[16:33:48] [HOUSE]   RPC https://base-mainnet.core failed: Error: Failed to estimate gas: server returned an error response: error code -32000: insufficient funds for transfer

[16:33:49] [HOUSE]   RPC https://base.drpc.org failed: Error: Failed to estimate gas: server returned an error response: error code -32003: insufficient funds for gas * price 
[16:33:54] [HOUSE]   RPC https://base-rpc.publicno failed: Error: Failed to estimate gas: server returned an error response: error code -32000: insufficient funds for transfer

[16:33:54] [HOUSE]   Send empty (attempt 1)
[16:33:57] [HOUSE]   RPC https://base-mainnet.core failed: Error: Failed to estimate gas: server returned an error response: error code -32000: insufficient funds for transfer

[16:33:58] [HOUSE]   RPC https://base.drpc.org failed: Error: Failed to estimate gas: server returned an error response: error code -32003: insufficient funds for gas * price 
[16:34:00] [HOUSE]   RPC https://base-rpc.publicno failed: Error: Failed to estimate gas: server returned an error response: error code -32000: insufficient funds for transfer

[16:34:00] [HOUSE]   Send empty (attempt 2)
[16:34:02] [HOUSE]   RPC https://base-mainnet.core failed: Error: Failed to estimate gas: server returned an error response: error code -32000: insufficient funds for transfer

[16:34:03] [HOUSE]   RPC https://base.drpc.org failed: Error: Failed to estimate gas: server returned an error response: error code -32003: insufficient funds for gas * price 
[16:34:05] [HOUSE]   RPC https://base-rpc.publicno failed: Error: Failed to estimate gas: server returned an error response: error code -32000: insufficient funds for transfer

[16:34:05] [HOUSE]   Send empty (attempt 3)
[16:34:06] [HOUSE]   UNDER FAILED
[16:35:08] [HOUSE] Skip 0x9318e47773 — lockTime passed (27s ago)
[16:38:09] [HOUSE] Seeding 0x49dD746dD7...
[16:38:10] [HOUSE]   RPC https://base-mainnet.core failed: Error: Failed to estimate gas: server returned an error response: error code -32000: insufficient funds for transfer

[16:38:11] [HOUSE]   RPC https://base.drpc.org failed: Error: Failed to estimate gas: server returned an error response: error code -32003: insufficient funds for gas * price 
[16:38:20] [HOUSE]   RPC https://base-rpc.publicno failed: Error: Failed to estimate gas: server returned an error response: error code -32000: insufficient funds for transfer

[16:38:20] [HOUSE]   Send empty (attempt 1)
[16:38:22] [HOUSE]   RPC https://base-mainnet.core failed: Error: Failed to estimate gas: server returned an error response: error code -32000: insufficient funds for transfer

[16:38:24] [HOUSE]   RPC https://base.drpc.org failed: Error: Failed to estimate gas: server returned an error response: error code -32003: insufficient funds for gas * price 
[16:38:29] [HOUSE]   RPC https://base-rpc.publicno failed: Error: Failed to estimate gas: server returned an error response: error code -32000: insufficient funds for transfer

[16:38:30] [HOUSE]   Send empty (attempt 2)
[16:38:32] [HOUSE]   RPC https://base-mainnet.core failed: Error: Failed to estimate gas: server returned an error response: error code -32000: insufficient funds for transfer

[16:38:33] [HOUSE]   RPC https://base.drpc.org failed: Error: Failed to estimate gas: server returned an error response: error code -32003: insufficient funds for gas * price 
[16:38:36] [HOUSE]   RPC https://base-rpc.publicno failed: Error: Failed to estimate gas: server returned an error response: error code -32000: insufficient funds for transfer

[16:38:36] [HOUSE]   Send empty (attempt 3)
[16:38:37] [HOUSE]   UNDER FAILED
[16:39:40] [HOUSE] Seeding 0x49dD746dD7...
[16:39:42] [HOUSE]   RPC https://base-mainnet.core failed: Error: Failed to estimate gas: server returned an error response: error code -32000: insufficient funds for transfer

[16:39:43] [HOUSE]   RPC https://base.drpc.org failed: Error: Failed to estimate gas: server returned an error response: error code -32003: insufficient funds for gas * price 
[16:39:46] [HOUSE]   RPC https://base-rpc.publicno failed: Error: Failed to estimate gas: server returned an error response: error code -32000: insufficient funds for transfer

[16:39:46] [HOUSE]   Send empty (attempt 1)
[16:39:48] [HOUSE]   RPC https://base-mainnet.core failed: Error: Failed to estimate gas: server returned an error response: error code -32000: insufficient funds for transfer

[16:39:49] [HOUSE]   RPC https://base.drpc.org failed: Error: Failed to estimate gas: server returned an error response: error code -32003: insufficient funds for gas * price 
[16:39:51] [HOUSE]   RPC https://base-rpc.publicno failed: Error: Failed to estimate gas: server returned an error response: error code -32000: insufficient funds for transfer

[16:39:51] [HOUSE]   Send empty (attempt 2)
[16:39:54] [HOUSE]   RPC https://base-mainnet.core failed: Error: Failed to estimate gas: server returned an error response: error code -32000: insufficient funds for transfer

[16:39:56] [HOUSE]   RPC https://base.drpc.org failed: Error: Failed to estimate gas: HTTP error 500 with body: {"id":3,"jsonrpc":"2.0","error":{"message":"Temporary internal 
[16:40:03] [HOUSE]   RPC https://base-rpc.publicno failed: Error: Failed to estimate gas: server returned an error response: error code -32000: insufficient funds for transfer

[16:40:04] [HOUSE]   Send empty (attempt 3)
[16:40:05] [HOUSE]   UNDER FAILED
[16:41:07] [HOUSE] Skip 0x49dD746dD7 — lockTime passed (31s ago)
[16:44:03] [HOUSE] Seeding 0x2a7B336A1a...
[16:44:04] [HOUSE]   RPC https://base-mainnet.core failed: Error: Failed to estimate gas: server returned an error response: error code -32000: insufficient funds for transfer

[16:44:05] [HOUSE]   RPC https://base.drpc.org failed: Error: Failed to estimate gas: server returned an error response: error code -32003: insufficient funds for gas * price 
[16:44:08] [HOUSE]   RPC https://base-rpc.publicno failed: Error: Failed to estimate gas: server returned an error response: error code -32000: insufficient funds for transfer

[16:44:09] [HOUSE]   Send empty (attempt 1)
[16:44:11] [HOUSE]   RPC https://base-mainnet.core failed: Error: Failed to estimate gas: server returned an error response: error code -32000: insufficient funds for transfer

[16:44:12] [HOUSE]   RPC https://base.drpc.org failed: Error: Failed to estimate gas: server returned an error response: error code -32003: insufficient funds for gas * price 
[16:44:17] [HOUSE]   RPC https://base-rpc.publicno failed: Error: Failed to estimate gas: server returned an error response: error code -32000: insufficient funds for transfer

[16:44:17] [HOUSE]   Send empty (attempt 2)
[16:44:19] [HOUSE]   RPC https://base-mainnet.core failed: Error: Failed to estimate gas: server returned an error response: error code -32000: insufficient funds for transfer

[16:44:20] [HOUSE]   RPC https://base.drpc.org failed: Error: Failed to estimate gas: server returned an error response: error code -32003: insufficient funds for gas * price 
[16:44:23] [HOUSE]   RPC https://base-rpc.publicno failed: Error: Failed to estimate gas: server returned an error response: error code -32000: insufficient funds for transfer

[16:44:23] [HOUSE]   Send empty (attempt 3)
[16:44:24] [HOUSE]   UNDER FAILED
[16:45:25] [HOUSE] Seeding 0x2a7B336A1a...
[16:45:27] [HOUSE]   RPC https://base-mainnet.core failed: Error: Failed to estimate gas: server returned an error response: error code -32000: insufficient funds for transfer

[16:45:28] [HOUSE]   RPC https://base.drpc.org failed: Error: Failed to estimate gas: server returned an error response: error code -32003: insufficient funds for gas * price 
[16:45:35] [HOUSE]   RPC https://base-rpc.publicno failed: Error: Failed to estimate gas: server returned an error response: error code -32000: insufficient funds for transfer

[16:45:35] [HOUSE]   Send empty (attempt 1)
[16:45:38] [HOUSE]   RPC https://base-mainnet.core failed: Error: Failed to estimate gas: server returned an error response: error code -32000: insufficient funds for transfer

[16:45:39] [HOUSE]   RPC https://base.drpc.org failed: Error: Failed to estimate gas: server returned an error response: error code -32003: insufficient funds for gas * price 
[16:45:41] [HOUSE]   RPC https://base-rpc.publicno failed: Error: Failed to estimate gas: server returned an error response: error code -32000: insufficient funds for transfer

[16:45:42] [HOUSE]   Send empty (attempt 2)
[16:45:44] [HOUSE]   RPC https://base-mainnet.core failed: Error: Failed to estimate gas: server returned an error response: error code -32000: insufficient funds for transfer

[16:45:45] [HOUSE]   RPC https://base.drpc.org failed: Error: Failed to estimate gas: server returned an error response: error code -32003: insufficient funds for gas * price 
[16:45:48] [HOUSE]   RPC https://base-rpc.publicno failed: Error: Failed to estimate gas: server returned an error response: error code -32000: insufficient funds for transfer

[16:45:49] [HOUSE]   Send empty (attempt 3)
[16:45:50] [HOUSE]   UNDER FAILED
[16:46:52] [HOUSE] Skip 0x2a7B336A1a — lockTime passed (21s ago)
[16:49:57] [HOUSE] Seeding 0xdecD770839...
[16:49:58] [HOUSE]   RPC https://base-mainnet.core failed: Error: Failed to estimate gas: server returned an error response: error code -32000: insufficient funds for transfer

[16:49:59] [HOUSE]   RPC https://base.drpc.org failed: Error: Failed to estimate gas: server returned an error response: error code -32003: insufficient funds for gas * price 
[16:50:07] [HOUSE]   RPC https://base-rpc.publicno failed: Error: Failed to estimate gas: server returned an error response: error code -32000: insufficient funds for transfer

[16:50:08] [HOUSE]   Send empty (attempt 1)
[16:50:11] [HOUSE]   RPC https://base-mainnet.core failed: Error: Failed to estimate gas: server returned an error response: error code -32000: insufficient funds for transfer

[16:50:11] [HOUSE]   RPC https://base.drpc.org failed: Error: Failed to estimate gas: server returned an error response: error code -32003: insufficient funds for gas * price 
[16:50:13] [HOUSE]   RPC https://base-rpc.publicno failed: Error: Failed to estimate gas: server returned an error response: error code -32000: insufficient funds for transfer

[16:50:14] [HOUSE]   Send empty (attempt 2)
[16:50:16] [HOUSE]   RPC https://base-mainnet.core failed: Error: Failed to estimate gas: server returned an error response: error code -32000: insufficient funds for transfer

[16:50:17] [HOUSE]   RPC https://base.drpc.org failed: Error: Failed to estimate gas: server returned an error response: error code -32003: insufficient funds for gas * price 
[16:50:21] [HOUSE]   RPC https://base-rpc.publicno failed: Error: Failed to estimate gas: server returned an error response: error code -32000: insufficient funds for transfer

[16:50:22] [HOUSE]   Send empty (attempt 3)
[16:50:23] [HOUSE]   UNDER FAILED
[16:51:25] [HOUSE] Seeding 0xdecD770839...
[16:51:26] [HOUSE]   RPC https://base-mainnet.core failed: Error: Failed to estimate gas: server returned an error response: error code -32000: insufficient funds for transfer

[16:51:27] [HOUSE]   RPC https://base.drpc.org failed: Error: Failed to estimate gas: server returned an error response: error code -32003: insufficient funds for gas * price 
[16:51:32] [HOUSE]   RPC https://base-rpc.publicno failed: Error: Failed to estimate gas: server returned an error response: error code -32000: insufficient funds for transfer

[16:51:32] [HOUSE]   Send empty (attempt 1)
[16:51:35] [HOUSE]   RPC https://base-mainnet.core failed: Error: Failed to estimate gas: server returned an error response: error code -32000: insufficient funds for transfer

[16:51:36] [HOUSE]   RPC https://base.drpc.org failed: Error: Failed to estimate gas: server returned an error response: error code -32003: insufficient funds for gas * price 
[16:51:37] [HOUSE]   RPC https://base-rpc.publicno failed: Error: Failed to estimate gas: server returned an error response: error code -32000: insufficient funds for transfer

[16:51:38] [HOUSE]   Send empty (attempt 2)
[16:51:40] [HOUSE]   RPC https://base-mainnet.core failed: Error: Failed to estimate gas: server returned an error response: error code -32000: insufficient funds for transfer

[16:51:41] [HOUSE]   RPC https://base.drpc.org failed: Error: Failed to estimate gas: server returned an error response: error code -32003: insufficient funds for gas * price 
[16:51:45] [HOUSE]   RPC https://base-rpc.publicno failed: Error: Failed to estimate gas: server returned an error response: error code -32000: insufficient funds for transfer

[16:51:45] [HOUSE]   Send empty (attempt 3)
[16:51:46] [HOUSE]   UNDER FAILED
[16:52:49] [HOUSE] Skip 0xdecD770839 — lockTime passed (24s ago)
[16:55:54] [HOUSE] Seeding 0xcF4A5C3b49...
[16:55:55] [HOUSE]   RPC https://base-mainnet.core failed: Error: Failed to estimate gas: server returned an error response: error code -32000: insufficient funds for transfer

[16:55:56] [HOUSE]   RPC https://base.drpc.org failed: Error: Failed to estimate gas: server returned an error response: error code -32003: insufficient funds for gas * price 
[16:56:03] [HOUSE]   RPC https://base-rpc.publicno failed: Error: Failed to estimate gas: server returned an error response: error code -32000: insufficient funds for transfer

[16:56:04] [HOUSE]   Send empty (attempt 1)
[16:56:06] [HOUSE]   RPC https://base-mainnet.core failed: Error: Failed to estimate gas: server returned an error response: error code -32000: insufficient funds for transfer

[16:56:07] [HOUSE]   RPC https://base.drpc.org failed: Error: Failed to estimate gas: server returned an error response: error code -32003: insufficient funds for gas * price 
[16:56:22] [HOUSE]   RPC https://base-rpc.publicno failed: Error: Failed to estimate gas: server returned an error response: error code -32000: insufficient funds for transfer

[16:56:23] [HOUSE]   Send empty (attempt 2)
[16:56:25] [HOUSE]   RPC https://base-mainnet.core failed: Error: Failed to estimate gas: server returned an error response: error code -32000: insufficient funds for transfer

[16:56:26] [HOUSE]   RPC https://base.drpc.org failed: Error: Failed to estimate gas: server returned an error response: error code -32003: insufficient funds for gas * price 
[16:56:46] [HOUSE]   RPC https://base-rpc.publicno timeout
[16:56:47] [HOUSE]   Send empty (attempt 3)
[16:56:48] [HOUSE]   UNDER FAILED
[16:57:50] [HOUSE] Seeding 0xcF4A5C3b49...
[16:57:51] [HOUSE]   RPC https://base-mainnet.core failed: Error: Failed to estimate gas: server returned an error response: error code -32000: insufficient funds for transfer

[16:57:52] [HOUSE]   RPC https://base.drpc.org failed: Error: Failed to estimate gas: server returned an error response: error code -32003: insufficient funds for gas * price 
[16:57:53] [HOUSE]   RPC https://base-rpc.publicno failed: Error: Failed to estimate gas: server returned an error response: error code -32000: insufficient funds for transfer

[16:57:54] [HOUSE]   Send empty (attempt 1)
[16:57:56] [HOUSE]   RPC https://base-mainnet.core failed: Error: Failed to estimate gas: server returned an error response: error code -32000: insufficient funds for transfer

[16:57:57] [HOUSE]   RPC https://base.drpc.org failed: Error: Failed to estimate gas: server returned an error response: error code -32003: insufficient funds for gas * price 
[16:58:04] [HOUSE]   RPC https://base-rpc.publicno failed: Error: Failed to estimate gas: server returned an error response: error code -32000: insufficient funds for transfer

[16:58:04] [HOUSE]   Send empty (attempt 2)
[16:58:06] [HOUSE]   RPC https://base-mainnet.core failed: Error: Failed to estimate gas: server returned an error response: error code -32000: insufficient funds for transfer

[16:58:07] [HOUSE]   RPC https://base.drpc.org failed: Error: Failed to estimate gas: server returned an error response: error code -32003: insufficient funds for gas * price 
[16:58:12] [HOUSE]   RPC https://base-rpc.publicno failed: Error: Failed to estimate gas: server returned an error response: error code -32000: insufficient funds for transfer

[16:58:12] [HOUSE]   Send empty (attempt 3)
[16:58:13] [HOUSE]   UNDER FAILED
[16:59:16] [HOUSE] Skip 0xcF4A5C3b49 — lockTime passed (53s ago)
[17:01:46] [HOUSE] Seeding 0x9E766D9132...
[17:01:47] [HOUSE]   RPC https://base-mainnet.core failed: Error: Failed to estimate gas: server returned an error response: error code -32000: insufficient funds for transfer

[17:01:48] [HOUSE]   RPC https://base.drpc.org failed: Error: Failed to estimate gas: server returned an error response: error code -32003: insufficient funds for gas * price 
[17:01:58] [HOUSE]   RPC https://base-rpc.publicno failed: Error: Failed to estimate gas: server returned an error response: error code -32000: insufficient funds for transfer

[17:01:59] [HOUSE]   Send empty (attempt 1)
[17:02:02] [HOUSE]   RPC https://base-mainnet.core failed: Error: Failed to estimate gas: server returned an error response: error code -32000: insufficient funds for transfer

[17:02:02] [HOUSE]   RPC https://base.drpc.org failed: Error: Failed to estimate gas: server returned an error response: error code -32003: insufficient funds for gas * price 
[17:02:06] [HOUSE]   RPC https://base-rpc.publicno failed: Error: Failed to estimate gas: server returned an error response: error code -32000: insufficient funds for transfer

[17:02:07] [HOUSE]   Send empty (attempt 2)
[17:02:09] [HOUSE]   RPC https://base-mainnet.core failed: Error: Failed to estimate gas: server returned an error response: error code -32000: insufficient funds for transfer

[17:02:10] [HOUSE]   RPC https://base.drpc.org failed: Error: Failed to estimate gas: server returned an error response: error code -32003: insufficient funds for gas * price 
[17:02:17] [HOUSE]   RPC https://base-rpc.publicno failed: Error: Failed to estimate gas: server returned an error response: error code -32000: insufficient funds for transfer

[17:02:18] [HOUSE]   Send empty (attempt 3)
[17:02:19] [HOUSE]   UNDER FAILED
[17:03:20] [HOUSE] Seeding 0x9E766D9132...
[17:03:21] [HOUSE]   RPC https://base-mainnet.core failed: Error: Failed to estimate gas: server returned an error response: error code -32000: insufficient funds for transfer

[17:03:22] [HOUSE]   RPC https://base.drpc.org failed: Error: Failed to estimate gas: server returned an error response: error code -32003: insufficient funds for gas * price 
[17:03:25] [HOUSE]   RPC https://base-rpc.publicno failed: Error: Failed to estimate gas: server returned an error response: error code -32000: insufficient funds for transfer

[17:03:26] [HOUSE]   Send empty (attempt 1)
[17:03:28] [HOUSE]   RPC https://base-mainnet.core failed: Error: Failed to estimate gas: server returned an error response: error code -32000: insufficient funds for transfer

[17:03:29] [HOUSE]   RPC https://base.drpc.org failed: Error: Failed to estimate gas: server returned an error response: error code -32003: insufficient funds for gas * price 
[17:03:32] [HOUSE]   RPC https://base-rpc.publicno failed: Error: Failed to estimate gas: server returned an error response: error code -32000: insufficient funds for transfer

[17:03:33] [HOUSE]   Send empty (attempt 2)
[17:03:35] [HOUSE]   RPC https://base-mainnet.core failed: Error: Failed to estimate gas: server returned an error response: error code -32000: insufficient funds for transfer

[17:03:36] [HOUSE]   RPC https://base.drpc.org failed: Error: Failed to estimate gas: server returned an error response: error code -32003: insufficient funds for gas * price 
[17:03:39] [HOUSE]   RPC https://base-rpc.publicno failed: Error: Failed to estimate gas: server returned an error response: error code -32000: insufficient funds for transfer

[17:03:40] [HOUSE]   Send empty (attempt 3)
[17:03:41] [HOUSE]   UNDER FAILED
[17:04:41] [HOUSE] Skip 0x9E766D9132 — lockTime passed (27s ago)
[17:07:42] [HOUSE] Seeding 0x46E9F4DE62...
[17:07:43] [HOUSE]   RPC https://base-mainnet.core failed: Error: Failed to estimate gas: server returned an error response: error code -32000: insufficient funds for transfer

[17:07:44] [HOUSE]   RPC https://base.drpc.org failed: Error: Failed to estimate gas: server returned an error response: error code -32003: insufficient funds for gas * price 
[17:07:46] [HOUSE]   RPC https://base-rpc.publicno failed: Error: Failed to estimate gas: server returned an error response: error code -32000: insufficient funds for transfer

[17:07:47] [HOUSE]   Send empty (attempt 1)
[17:07:49] [HOUSE]   RPC https://base-mainnet.core failed: Error: Failed to estimate gas: server returned an error response: error code -32000: insufficient funds for transfer

[17:07:50] [HOUSE]   RPC https://base.drpc.org failed: Error: Failed to estimate gas: server returned an error response: error code -32003: insufficient funds for gas * price 
[17:07:53] [HOUSE]   RPC https://base-rpc.publicno failed: Error: Failed to estimate gas: server returned an error response: error code -32000: insufficient funds for transfer

[17:07:54] [HOUSE]   Send empty (attempt 2)
[17:07:56] [HOUSE]   RPC https://base-mainnet.core failed: Error: Failed to estimate gas: server returned an error response: error code -32000: insufficient funds for transfer

[17:07:57] [HOUSE]   RPC https://base.drpc.org failed: Error: Failed to estimate gas: server returned an error response: error code -32003: insufficient funds for gas * price 
[17:07:59] [HOUSE]   RPC https://base-rpc.publicno failed: Error: Failed to estimate gas: server returned an error response: error code -32000: insufficient funds for transfer

[17:07:59] [HOUSE]   Send empty (attempt 3)
[17:08:00] [HOUSE]   UNDER FAILED
[17:09:02] [HOUSE] Seeding 0x46E9F4DE62...
[17:09:03] [HOUSE]   RPC https://base-mainnet.core failed: Error: Failed to estimate gas: server returned an error response: error code -32000: insufficient funds for transfer

[17:09:04] [HOUSE]   RPC https://base.drpc.org failed: Error: Failed to estimate gas: server returned an error response: error code -32003: insufficient funds for gas * price 
[17:09:12] [HOUSE]   RPC https://base-rpc.publicno failed: Error: Failed to estimate gas: server returned an error response: error code -32000: insufficient funds for transfer

[17:09:13] [HOUSE]   Send empty (attempt 1)
[17:09:15] [HOUSE]   RPC https://base-mainnet.core failed: Error: Failed to estimate gas: server returned an error response: error code -32000: insufficient funds for transfer

[17:09:16] [HOUSE]   RPC https://base.drpc.org failed: Error: Failed to estimate gas: server returned an error response: error code -32003: insufficient funds for gas * price 
[17:09:28] [HOUSE]   RPC https://base-rpc.publicno failed: Error: Failed to estimate gas: server returned an error response: error code -32000: insufficient funds for transfer

[17:09:28] [HOUSE]   Send empty (attempt 2)
[17:09:31] [HOUSE]   RPC https://base-mainnet.core failed: Error: Failed to estimate gas: server returned an error response: error code -32000: insufficient funds for transfer

[17:09:32] [HOUSE]   RPC https://base.drpc.org failed: Error: Failed to estimate gas: server returned an error response: error code -32003: insufficient funds for gas * price 
[17:09:43] [HOUSE]   RPC https://base-rpc.publicno failed: Error: Failed to estimate gas: server returned an error response: error code -32000: insufficient funds for transfer

[17:09:44] [HOUSE]   Send empty (attempt 3)
[17:09:45] [HOUSE]   UNDER FAILED
[17:10:48] [HOUSE] Skip 0x46E9F4DE62 — lockTime passed (39s ago)
[17:13:38] [HOUSE] Seeding 0xF5C5a9f4A1...
[17:13:39] [HOUSE]   RPC https://base-mainnet.core failed: Error: Failed to estimate gas: server returned an error response: error code -32000: insufficient funds for transfer

[17:13:40] [HOUSE]   RPC https://base.drpc.org failed: Error: Failed to estimate gas: server returned an error response: error code -32003: insufficient funds for gas * price 
[17:13:42] [HOUSE]   RPC https://base-rpc.publicno failed: Error: Failed to estimate gas: server returned an error response: error code -32000: insufficient funds for transfer

[17:13:43] [HOUSE]   Send empty (attempt 1)
[17:13:45] [HOUSE]   RPC https://base-mainnet.core failed: Error: Failed to estimate gas: server returned an error response: error code -32000: insufficient funds for transfer

[17:13:46] [HOUSE]   RPC https://base.drpc.org failed: Error: Failed to estimate gas: server returned an error response: error code -32003: insufficient funds for gas * price 
[17:13:50] [HOUSE]   RPC https://base-rpc.publicno failed: Error: Failed to estimate gas: server returned an error response: error code -32000: insufficient funds for transfer

[17:13:51] [HOUSE]   Send empty (attempt 2)
[17:13:53] [HOUSE]   RPC https://base-mainnet.core failed: Error: Failed to estimate gas: server returned an error response: error code -32000: insufficient funds for transfer

[17:13:54] [HOUSE]   RPC https://base.drpc.org failed: Error: Failed to estimate gas: server returned an error response: error code -32003: insufficient funds for gas * price 
[17:13:57] [HOUSE]   RPC https://base-rpc.publicno failed: Error: Failed to estimate gas: server returned an error response: error code -32000: insufficient funds for transfer

[17:13:58] [HOUSE]   Send empty (attempt 3)
[17:13:59] [HOUSE]   UNDER FAILED
[17:15:01] [HOUSE] Seeding 0xF5C5a9f4A1...
[17:15:02] [HOUSE]   RPC https://base-mainnet.core failed: Error: Failed to estimate gas: server returned an error response: error code -32000: insufficient funds for transfer

[17:15:03] [HOUSE]   RPC https://base.drpc.org failed: Error: Failed to estimate gas: server returned an error response: error code -32003: insufficient funds for gas * price 
[17:15:06] [HOUSE]   RPC https://base-rpc.publicno failed: Error: Failed to estimate gas: server returned an error response: error code -32000: insufficient funds for transfer

[17:15:07] [HOUSE]   Send empty (attempt 1)
[17:15:09] [HOUSE]   RPC https://base-mainnet.core failed: Error: Failed to estimate gas: server returned an error response: error code -32000: insufficient funds for transfer

[17:15:10] [HOUSE]   RPC https://base.drpc.org failed: Error: Failed to estimate gas: server returned an error response: error code -32003: insufficient funds for gas * price 
[17:15:12] [HOUSE]   RPC https://base-rpc.publicno failed: Error: Failed to estimate gas: server returned an error response: error code -32000: insufficient funds for transfer

[17:15:12] [HOUSE]   Send empty (attempt 2)
[17:15:15] [HOUSE]   RPC https://base-mainnet.core failed: Error: Failed to estimate gas: server returned an error response: error code -32000: insufficient funds for transfer

[17:15:16] [HOUSE]   RPC https://base.drpc.org failed: Error: Failed to estimate gas: server returned an error response: error code -32003: insufficient funds for gas * price 
[17:15:19] [HOUSE]   RPC https://base-rpc.publicno failed: Error: Failed to estimate gas: server returned an error response: error code -32000: insufficient funds for transfer

[17:15:20] [HOUSE]   Send empty (attempt 3)
[17:15:21] [HOUSE]   UNDER FAILED
[17:16:23] [HOUSE] Skip 0xF5C5a9f4A1 — lockTime passed (18s ago)
[17:19:32] [HOUSE] Seeding 0xb94C176c4b...
[17:19:34] [HOUSE]   RPC https://base-mainnet.core failed: Error: Failed to estimate gas: server returned an error response: error code -32000: insufficient funds for transfer

[17:19:34] [HOUSE]   RPC https://base.drpc.org failed: Error: Failed to estimate gas: server returned an error response: error code -32003: insufficient funds for gas * price 
[17:19:40] [HOUSE]   RPC https://base-rpc.publicno failed: Error: Failed to estimate gas: server returned an error response: error code -32000: insufficient funds for transfer

[17:19:40] [HOUSE]   Send empty (attempt 1)
[17:19:42] [HOUSE]   RPC https://base-mainnet.core failed: Error: Failed to estimate gas: server returned an error response: error code -32000: insufficient funds for transfer

[17:19:44] [HOUSE]   RPC https://base.drpc.org failed: Error: Failed to estimate gas: server returned an error response: error code -32003: insufficient funds for gas * price 
[17:19:49] [HOUSE]   RPC https://base-rpc.publicno failed: Error: Failed to estimate gas: server returned an error response: error code -32000: insufficient funds for transfer

[17:19:50] [HOUSE]   Send empty (attempt 2)
[17:19:52] [HOUSE]   RPC https://base-mainnet.core failed: Error: Failed to estimate gas: server returned an error response: error code -32000: insufficient funds for transfer

[17:19:53] [HOUSE]   RPC https://base.drpc.org failed: Error: Failed to estimate gas: server returned an error response: error code -32003: insufficient funds for gas * price 
[17:20:00] [HOUSE]   RPC https://base-rpc.publicno failed: Error: Failed to estimate gas: server returned an error response: error code -32000: insufficient funds for transfer

[17:20:00] [HOUSE]   Send empty (attempt 3)
[17:20:01] [HOUSE]   UNDER FAILED
[17:21:04] [HOUSE] Seeding 0xb94C176c4b...
[17:21:06] [HOUSE]   RPC https://base-mainnet.core failed: Error: Failed to estimate gas: server returned an error response: error code -32000: insufficient funds for transfer

[17:21:07] [HOUSE]   RPC https://base.drpc.org failed: Error: HTTP error 500 with body: {"id":2,"jsonrpc":"2.0","error":{"message":"Temporary internal error. Please retry, tra
[17:21:10] [HOUSE]   RPC https://base-rpc.publicno failed: Error: Failed to estimate gas: server returned an error response: error code -32000: insufficient funds for transfer

[17:21:10] [HOUSE]   Send empty (attempt 1)
[17:21:12] [HOUSE]   RPC https://base-mainnet.core failed: Error: Failed to estimate gas: server returned an error response: error code -32000: insufficient funds for transfer

[17:21:13] [HOUSE]   RPC https://base.drpc.org failed: Error: Failed to estimate gas: server returned an error response: error code -32003: insufficient funds for gas * price 
[17:21:16] [HOUSE]   RPC https://base-rpc.publicno failed: Error: Failed to estimate gas: server returned an error response: error code -32000: insufficient funds for transfer

[17:21:16] [HOUSE]   Send empty (attempt 2)
[17:21:19] [HOUSE]   RPC https://base-mainnet.core failed: Error: Failed to estimate gas: server returned an error response: error code -32000: insufficient funds for transfer

[17:21:20] [HOUSE]   RPC https://base.drpc.org failed: Error: Failed to estimate gas: server returned an error response: error code -32003: insufficient funds for gas * price 
[17:21:21] [HOUSE]   RPC https://base-rpc.publicno failed: Error: Failed to estimate gas: server returned an error response: error code -32000: insufficient funds for transfer

[17:21:22] [HOUSE]   Send empty (attempt 3)
[17:21:23] [HOUSE]   UNDER FAILED
[17:22:25] [HOUSE] Skip 0xb94C176c4b — lockTime passed (24s ago)
[17:25:32] [HOUSE] Seeding 0x8E1C2a2C89...
[17:25:33] [HOUSE]   RPC https://base-mainnet.core failed: Error: Failed to estimate gas: server returned an error response: error code -32000: insufficient funds for transfer

[17:25:34] [HOUSE]   RPC https://base.drpc.org failed: Error: Failed to estimate gas: server returned an error response: error code -32003: insufficient funds for gas * price 
[17:25:36] [HOUSE]   RPC https://base-rpc.publicno failed: Error: Failed to estimate gas: server returned an error response: error code -32000: insufficient funds for transfer

[17:25:37] [HOUSE]   Send empty (attempt 1)
[17:25:39] [HOUSE]   RPC https://base-mainnet.core failed: Error: Failed to estimate gas: server returned an error response: error code -32000: insufficient funds for transfer

[17:25:40] [HOUSE]   RPC https://base.drpc.org failed: Error: Failed to estimate gas: server returned an error response: error code -32003: insufficient funds for gas * price 
[17:25:47] [HOUSE]   RPC https://base-rpc.publicno failed: Error: Failed to estimate gas: server returned an error response: error code -32000: insufficient funds for transfer

[17:25:48] [HOUSE]   Send empty (attempt 2)
[17:25:50] [HOUSE]   RPC https://base-mainnet.core failed: Error: Failed to estimate gas: server returned an error response: error code -32000: insufficient funds for transfer

[17:25:51] [HOUSE]   RPC https://base.drpc.org failed: Error: Failed to estimate gas: server returned an error response: error code -32003: insufficient funds for gas * price 
[17:25:53] [HOUSE]   RPC https://base-rpc.publicno failed: Error: Failed to estimate gas: server returned an error response: error code -32000: insufficient funds for transfer

[17:25:54] [HOUSE]   Send empty (attempt 3)
[17:25:55] [HOUSE]   UNDER FAILED
[17:26:56] [HOUSE] Seeding 0x8E1C2a2C89...
[17:26:58] [HOUSE]   RPC https://base-mainnet.core failed: Error: Failed to estimate gas: server returned an error response: error code -32000: insufficient funds for transfer

[17:26:59] [HOUSE]   RPC https://base.drpc.org failed: Error: Failed to estimate gas: server returned an error response: error code -32003: insufficient funds for gas * price 
[17:27:03] [HOUSE]   RPC https://base-rpc.publicno failed: Error: Failed to estimate gas: server returned an error response: error code -32000: insufficient funds for transfer

[17:27:04] [HOUSE]   Send empty (attempt 1)
[17:27:06] [HOUSE]   RPC https://base-mainnet.core failed: Error: Failed to estimate gas: server returned an error response: error code -32000: insufficient funds for transfer

[17:27:07] [HOUSE]   RPC https://base.drpc.org failed: Error: Failed to estimate gas: server returned an error response: error code -32003: insufficient funds for gas * price 
[17:27:11] [HOUSE]   RPC https://base-rpc.publicno failed: Error: Failed to estimate gas: server returned an error response: error code -32000: insufficient funds for transfer

[17:27:12] [HOUSE]   Send empty (attempt 2)
[17:27:14] [HOUSE]   RPC https://base-mainnet.core failed: Error: Failed to estimate gas: server returned an error response: error code -32000: insufficient funds for transfer

[17:27:15] [HOUSE]   RPC https://base.drpc.org failed: Error: Failed to estimate gas: server returned an error response: error code -32003: insufficient funds for gas * price 
[17:27:20] [HOUSE]   RPC https://base-rpc.publicno failed: Error: Failed to estimate gas: server returned an error response: error code -32000: insufficient funds for transfer

[17:27:20] [HOUSE]   Send empty (attempt 3)
[17:27:21] [HOUSE]   UNDER FAILED
[17:28:23] [HOUSE] Skip 0x8E1C2a2C89 — lockTime passed (25s ago)
[17:31:26] [HOUSE] Seeding 0xA6E1d1B7Cd...
[17:31:28] [HOUSE]   RPC https://base-mainnet.core failed: Error: Failed to estimate gas: server returned an error response: error code -32000: insufficient funds for transfer

[17:31:29] [HOUSE]   RPC https://base.drpc.org failed: Error: Failed to estimate gas: server returned an error response: error code -32003: insufficient funds for gas * price 
[17:31:31] [HOUSE]   RPC https://base-rpc.publicno failed: Error: Failed to estimate gas: server returned an error response: error code -32000: insufficient funds for transfer

[17:31:32] [HOUSE]   Send empty (attempt 1)
[17:31:34] [HOUSE]   RPC https://base-mainnet.core failed: Error: Failed to estimate gas: server returned an error response: error code -32000: insufficient funds for transfer

[17:31:35] [HOUSE]   RPC https://base.drpc.org failed: Error: Failed to estimate gas: server returned an error response: error code -32003: insufficient funds for gas * price 
[17:31:43] [HOUSE]   RPC https://base-rpc.publicno failed: Error: Failed to estimate gas: server returned an error response: error code -32000: insufficient funds for transfer

[17:31:43] [HOUSE]   Send empty (attempt 2)
[17:31:45] [HOUSE]   RPC https://base-mainnet.core failed: Error: Failed to estimate gas: server returned an error response: error code -32000: insufficient funds for transfer

[17:31:46] [HOUSE]   RPC https://base.drpc.org failed: Error: Failed to estimate gas: server returned an error response: error code -32003: insufficient funds for gas * price 
[17:31:48] [HOUSE]   RPC https://base-rpc.publicno failed: Error: Failed to estimate gas: server returned an error response: error code -32000: insufficient funds for transfer

[17:31:49] [HOUSE]   Send empty (attempt 3)
[17:31:50] [HOUSE]   UNDER FAILED
[17:32:53] [HOUSE] Seeding 0xA6E1d1B7Cd...
[17:32:54] [HOUSE]   RPC https://base-mainnet.core failed: Error: Failed to estimate gas: server returned an error response: error code -32000: insufficient funds for transfer

[17:32:55] [HOUSE]   RPC https://base.drpc.org failed: Error: Failed to estimate gas: server returned an error response: error code -32003: insufficient funds for gas * price 
[17:32:59] [HOUSE]   RPC https://base-rpc.publicno failed: Error: Failed to estimate gas: server returned an error response: error code -32000: insufficient funds for transfer

[17:33:00] [HOUSE]   Send empty (attempt 1)
[17:33:02] [HOUSE]   RPC https://base-mainnet.core failed: Error: Failed to estimate gas: server returned an error response: error code -32000: insufficient funds for transfer

[17:33:04] [HOUSE]   RPC https://base.drpc.org failed: Error: Failed to estimate gas: server returned an error response: error code -32003: insufficient funds for gas * price 
[17:33:06] [HOUSE]   RPC https://base-rpc.publicno failed: Error: Failed to estimate gas: server returned an error response: error code -32000: insufficient funds for transfer

[17:33:07] [HOUSE]   Send empty (attempt 2)
[17:33:09] [HOUSE]   RPC https://base-mainnet.core failed: Error: Failed to estimate gas: server returned an error response: error code -32000: insufficient funds for transfer

[17:33:10] [HOUSE]   RPC https://base.drpc.org failed: Error: Failed to estimate gas: server returned an error response: error code -32003: insufficient funds for gas * price 
[17:33:11] [HOUSE]   RPC https://base-rpc.publicno failed: Error: Failed to estimate gas: server returned an error response: error code -32000: insufficient funds for transfer

[17:33:12] [HOUSE]   Send empty (attempt 3)
[17:33:13] [HOUSE]   UNDER FAILED
[17:34:16] [HOUSE] Skip 0xA6E1d1B7Cd — lockTime passed (22s ago)
[17:37:21] [HOUSE] Seeding 0x052AaF13eD...
[17:37:23] [HOUSE]   RPC https://base-mainnet.core failed: Error: Failed to estimate gas: server returned an error response: error code -32000: insufficient funds for transfer

[17:37:24] [HOUSE]   RPC https://base.drpc.org failed: Error: Failed to estimate gas: server returned an error response: error code -32003: insufficient funds for gas * price 
[17:37:32] [HOUSE]   RPC https://base-rpc.publicno failed: Error: Failed to estimate gas: server returned an error response: error code -32000: insufficient funds for transfer

[17:37:32] [HOUSE]   Send empty (attempt 1)
[17:37:34] [HOUSE]   RPC https://base-mainnet.core failed: Error: Failed to estimate gas: server returned an error response: error code -32000: insufficient funds for transfer

[17:37:35] [HOUSE]   RPC https://base.drpc.org failed: Error: Failed to estimate gas: server returned an error response: error code -32003: insufficient funds for gas * price 
[17:37:37] [HOUSE]   RPC https://base-rpc.publicno failed: Error: Failed to estimate gas: server returned an error response: error code -32000: insufficient funds for transfer

[17:37:38] [HOUSE]   Send empty (attempt 2)
[17:37:40] [HOUSE]   RPC https://base-mainnet.core failed: Error: Failed to estimate gas: server returned an error response: error code -32000: insufficient funds for transfer

[17:37:41] [HOUSE]   RPC https://base.drpc.org failed: Error: Failed to estimate gas: server returned an error response: error code -32003: insufficient funds for gas * price 
[17:37:46] [HOUSE]   RPC https://base-rpc.publicno failed: Error: Failed to estimate gas: server returned an error response: error code -32000: insufficient funds for transfer

[17:37:46] [HOUSE]   Send empty (attempt 3)
[17:37:47] [HOUSE]   UNDER FAILED
[17:38:48] [HOUSE] Seeding 0x052AaF13eD...
[17:38:49] [HOUSE]   RPC https://base-mainnet.core failed: Error: Failed to estimate gas: server returned an error response: error code -32000: insufficient funds for transfer

[17:38:50] [HOUSE]   RPC https://base.drpc.org failed: Error: Failed to estimate gas: server returned an error response: error code -32003: insufficient funds for gas * price 
[17:38:57] [HOUSE]   RPC https://base-rpc.publicno failed: Error: Failed to estimate gas: server returned an error response: error code -32000: insufficient funds for transfer

[17:38:58] [HOUSE]   Send empty (attempt 1)
[17:39:00] [HOUSE]   RPC https://base-mainnet.core failed: Error: Failed to estimate gas: server returned an error response: error code -32000: insufficient funds for transfer

[17:39:01] [HOUSE]   RPC https://base.drpc.org failed: Error: Failed to estimate gas: server returned an error response: error code -32003: insufficient funds for gas * price 
[17:39:04] [HOUSE]   RPC https://base-rpc.publicno failed: Error: Failed to estimate gas: server returned an error response: error code -32000: insufficient funds for transfer

[17:39:05] [HOUSE]   Send empty (attempt 2)
[17:39:07] [HOUSE]   RPC https://base-mainnet.core failed: Error: Failed to estimate gas: server returned an error response: error code -32000: insufficient funds for transfer

[17:39:08] [HOUSE]   RPC https://base.drpc.org failed: Error: Failed to estimate gas: server returned an error response: error code -32003: insufficient funds for gas * price 
[17:39:10] [HOUSE]   RPC https://base-rpc.publicno failed: Error: Failed to estimate gas: server returned an error response: error code -32000: insufficient funds for transfer

[17:39:11] [HOUSE]   Send empty (attempt 3)
[17:39:12] [HOUSE]   UNDER FAILED
[17:40:15] [HOUSE] Skip 0x052AaF13eD — lockTime passed (26s ago)
[17:43:15] [HOUSE] Seeding 0xdF6bc15d61...
[17:43:17] [HOUSE]   RPC https://base-mainnet.core failed: Error: Failed to estimate gas: server returned an error response: error code -32000: insufficient funds for transfer

[17:43:18] [HOUSE]   RPC https://base.drpc.org failed: Error: Failed to estimate gas: server returned an error response: error code -32003: insufficient funds for gas * price 
[17:43:21] [HOUSE]   RPC https://base-rpc.publicno failed: Error: Failed to estimate gas: server returned an error response: error code -32000: insufficient funds for transfer

[17:43:21] [HOUSE]   Send empty (attempt 1)
[17:43:24] [HOUSE]   RPC https://base-mainnet.core failed: Error: Failed to estimate gas: server returned an error response: error code -32000: insufficient funds for transfer

[17:43:24] [HOUSE]   RPC https://base.drpc.org failed: Error: Failed to estimate gas: server returned an error response: error code -32003: insufficient funds for gas * price 
[17:43:29] [HOUSE]   RPC https://base-rpc.publicno failed: Error: Failed to estimate gas: server returned an error response: error code -32000: insufficient funds for transfer

[17:43:29] [HOUSE]   Send empty (attempt 2)
[17:43:32] [HOUSE]   RPC https://base-mainnet.core failed: Error: Failed to estimate gas: server returned an error response: error code -32000: insufficient funds for transfer

[17:43:33] [HOUSE]   RPC https://base.drpc.org failed: Error: Failed to estimate gas: server returned an error response: error code -32003: insufficient funds for gas * price 
[17:43:34] [HOUSE]   RPC https://base-rpc.publicno failed: Error: Failed to estimate gas: server returned an error response: error code -32000: insufficient funds for transfer

[17:43:34] [HOUSE]   Send empty (attempt 3)
[17:43:35] [HOUSE]   UNDER FAILED
[17:44:38] [HOUSE] Seeding 0xdF6bc15d61...
[17:44:40] [HOUSE]   RPC https://base-mainnet.core failed: Error: Failed to estimate gas: server returned an error response: error code -32000: insufficient funds for transfer

[17:44:41] [HOUSE]   RPC https://base.drpc.org failed: Error: Failed to estimate gas: server returned an error response: error code -32003: insufficient funds for gas * price 
[17:44:42] [HOUSE]   RPC https://base-rpc.publicno failed: Error: Failed to estimate gas: server returned an error response: error code -32000: insufficient funds for transfer

[17:44:43] [HOUSE]   Send empty (attempt 1)
[17:44:45] [HOUSE]   RPC https://base-mainnet.core failed: Error: Failed to estimate gas: server returned an error response: error code -32000: insufficient funds for transfer

[17:44:46] [HOUSE]   RPC https://base.drpc.org failed: Error: Failed to estimate gas: server returned an error response: error code -32003: insufficient funds for gas * price 
[17:45:06] [HOUSE]   RPC https://base-rpc.publicno timeout
[17:45:07] [HOUSE]   Send empty (attempt 2)
[17:45:09] [HOUSE]   RPC https://base-mainnet.core failed: Error: Failed to estimate gas: server returned an error response: error code -32000: insufficient funds for transfer

[17:45:10] [HOUSE]   RPC https://base.drpc.org failed: Error: Failed to estimate gas: server returned an error response: error code -32003: insufficient funds for gas * price 
[17:45:18] [HOUSE]   RPC https://base-rpc.publicno failed: Error: Failed to estimate gas: server returned an error response: error code -32000: insufficient funds for transfer

[17:45:18] [HOUSE]   Send empty (attempt 3)
[17:45:19] [HOUSE]   UNDER FAILED
[17:46:22] [HOUSE] Skip 0xdF6bc15d61 — lockTime passed (38s ago)
[17:49:14] [HOUSE] Seeding 0x3BA5cb04C9...
[17:49:15] [HOUSE]   RPC https://base-mainnet.core failed: Error: Failed to estimate gas: server returned an error response: error code -32000: insufficient funds for transfer

[17:49:16] [HOUSE]   RPC https://base.drpc.org failed: Error: Failed to estimate gas: server returned an error response: error code -32003: insufficient funds for gas * price 
[17:49:26] [HOUSE]   RPC https://base-rpc.publicno failed: Error: Failed to estimate gas: server returned an error response: error code -32000: insufficient funds for transfer

[17:49:26] [HOUSE]   Send empty (attempt 1)
[17:49:29] [HOUSE]   RPC https://base-mainnet.core failed: Error: Failed to estimate gas: server returned an error response: error code -32000: insufficient funds for transfer

[17:49:30] [HOUSE]   RPC https://base.drpc.org failed: Error: Failed to estimate gas: server returned an error response: error code -32003: insufficient funds for gas * price 
[17:49:38] [HOUSE]   RPC https://base-rpc.publicno failed: Error: Failed to estimate gas: server returned an error response: error code -32000: insufficient funds for transfer

[17:49:39] [HOUSE]   Send empty (attempt 2)
[17:49:41] [HOUSE]   RPC https://base-mainnet.core failed: Error: Failed to estimate gas: server returned an error response: error code -32000: insufficient funds for transfer

[17:49:43] [HOUSE]   RPC https://base.drpc.org failed: Error: Failed to estimate gas: server returned an error response: error code -32003: insufficient funds for gas * price 
[17:49:46] [HOUSE]   RPC https://base-rpc.publicno failed: Error: Failed to estimate gas: server returned an error response: error code -32000: insufficient funds for transfer

[17:49:46] [HOUSE]   Send empty (attempt 3)
[17:49:47] [HOUSE]   UNDER FAILED
[17:50:50] [HOUSE] Seeding 0x3BA5cb04C9...
[17:50:51] [HOUSE]   RPC https://base-mainnet.core failed: Error: Failed to estimate gas: server returned an error response: error code -32000: insufficient funds for transfer

[17:50:54] [HOUSE]   RPC https://base.drpc.org failed: Error: Failed to estimate gas: HTTP error 500 with body: {"id":3,"jsonrpc":"2.0","error":{"message":"Temporary internal 
[17:51:02] [HOUSE]   RPC https://base-rpc.publicno failed: Error: Failed to estimate gas: server returned an error response: error code -32000: insufficient funds for transfer

[17:51:03] [HOUSE]   Send empty (attempt 1)
[17:51:05] [HOUSE]   RPC https://base-mainnet.core failed: Error: Failed to estimate gas: server returned an error response: error code -32000: insufficient funds for transfer

[17:51:07] [HOUSE]   RPC https://base.drpc.org failed: Error: Failed to estimate gas: server returned an error response: error code -32003: insufficient funds for gas * price 
[17:51:13] [HOUSE]   RPC https://base-rpc.publicno failed: Error: Failed to estimate gas: server returned an error response: error code -32000: insufficient funds for transfer

[17:51:13] [HOUSE]   Send empty (attempt 2)
[17:51:16] [HOUSE]   RPC https://base-mainnet.core failed: Error: Failed to estimate gas: server returned an error response: error code -32000: insufficient funds for transfer

[17:51:17] [HOUSE]   RPC https://base.drpc.org failed: Error: Failed to estimate gas: server returned an error response: error code -32003: insufficient funds for gas * price 
[17:51:22] [HOUSE]   RPC https://base-rpc.publicno failed: Error: Failed to estimate gas: server returned an error response: error code -32000: insufficient funds for transfer

[17:51:22] [HOUSE]   Send empty (attempt 3)
[17:51:23] [HOUSE]   UNDER FAILED
[17:52:25] [HOUSE] Skip 0x3BA5cb04C9 — lockTime passed (43s ago)
[17:55:12] [HOUSE] Seeding 0xE22f31e725...
[17:55:13] [HOUSE]   RPC https://base-mainnet.core failed: Error: Failed to estimate gas: server returned an error response: error code -32000: insufficient funds for transfer

[17:55:14] [HOUSE]   RPC https://base.drpc.org failed: Error: Failed to estimate gas: server returned an error response: error code -32003: insufficient funds for gas * price 
[17:55:16] [HOUSE]   RPC https://base-rpc.publicno failed: Error: Failed to estimate gas: server returned an error response: error code -32000: insufficient funds for transfer

[17:55:17] [HOUSE]   Send empty (attempt 1)
[17:55:19] [HOUSE]   RPC https://base-mainnet.core failed: Error: Failed to estimate gas: server returned an error response: error code -32000: insufficient funds for transfer

[17:55:20] [HOUSE]   RPC https://base.drpc.org failed: Error: Failed to estimate gas: server returned an error response: error code -32003: insufficient funds for gas * price 
[17:55:21] [HOUSE]   RPC https://base-rpc.publicno failed: Error: Failed to estimate gas: server returned an error response: error code -32000: insufficient funds for transfer

[17:55:21] [HOUSE]   Send empty (attempt 2)
[17:55:24] [HOUSE]   RPC https://base-mainnet.core failed: Error: Failed to estimate gas: server returned an error response: error code -32000: insufficient funds for transfer

[17:55:25] [HOUSE]   RPC https://base.drpc.org failed: Error: Failed to estimate gas: server returned an error response: error code -32003: insufficient funds for gas * price 
[17:55:30] [HOUSE]   RPC https://base-rpc.publicno failed: Error: Failed to estimate gas: server returned an error response: error code -32000: insufficient funds for transfer

[17:55:31] [HOUSE]   Send empty (attempt 3)
[17:55:32] [HOUSE]   UNDER FAILED
[17:56:34] [HOUSE] Seeding 0xE22f31e725...
[17:56:36] [HOUSE]   RPC https://base-mainnet.core failed: Error: Failed to estimate gas: server returned an error response: error code -32000: insufficient funds for transfer

[17:56:37] [HOUSE]   RPC https://base.drpc.org failed: Error: Failed to estimate gas: server returned an error response: error code -32003: insufficient funds for gas * price 
[17:56:39] [HOUSE]   RPC https://base-rpc.publicno failed: Error: Failed to estimate gas: server returned an error response: error code -32000: insufficient funds for transfer

[17:56:40] [HOUSE]   Send empty (attempt 1)
[17:56:42] [HOUSE]   RPC https://base-mainnet.core failed: Error: Failed to estimate gas: server returned an error response: error code -32000: insufficient funds for transfer

[17:56:43] [HOUSE]   RPC https://base.drpc.org failed: Error: Failed to estimate gas: server returned an error response: error code -32003: insufficient funds for gas * price 
[17:56:44] [HOUSE]   RPC https://base-rpc.publicno failed: Error: Failed to estimate gas: server returned an error response: error code -32000: insufficient funds for transfer

[17:56:45] [HOUSE]   Send empty (attempt 2)
[17:56:47] [HOUSE]   RPC https://base-mainnet.core failed: Error: Failed to estimate gas: server returned an error response: error code -32000: insufficient funds for transfer

[17:56:48] [HOUSE]   RPC https://base.drpc.org failed: Error: Failed to estimate gas: server returned an error response: error code -32003: insufficient funds for gas * price 
[17:56:50] [HOUSE]   RPC https://base-rpc.publicno failed: Error: Failed to estimate gas: server returned an error response: error code -32000: insufficient funds for transfer

[17:56:50] [HOUSE]   Send empty (attempt 3)
[17:56:51] [HOUSE]   UNDER FAILED
[17:57:53] [HOUSE] Skip 0xE22f31e725 — lockTime passed (13s ago)
[18:01:06] [HOUSE] Seeding 0x87A9e0caC7...
[18:01:07] [HOUSE]   RPC https://base-mainnet.core failed: Error: Failed to estimate gas: server returned an error response: error code -32000: insufficient funds for transfer

[18:01:08] [HOUSE]   RPC https://base.drpc.org failed: Error: Failed to estimate gas: server returned an error response: error code -32003: insufficient funds for gas * price 
[18:01:15] [HOUSE]   RPC https://base-rpc.publicno failed: Error: Failed to estimate gas: server returned an error response: error code -32000: insufficient funds for transfer

[18:01:16] [HOUSE]   Send empty (attempt 1)
[18:01:18] [HOUSE]   RPC https://base-mainnet.core failed: Error: Failed to estimate gas: server returned an error response: error code -32000: insufficient funds for transfer

[18:01:19] [HOUSE]   RPC https://base.drpc.org failed: Error: Failed to estimate gas: server returned an error response: error code -32003: insufficient funds for gas * price 
[18:01:25] [HOUSE]   RPC https://base-rpc.publicno failed: Error: Failed to estimate gas: server returned an error response: error code -32000: insufficient funds for transfer

[18:01:25] [HOUSE]   Send empty (attempt 2)
[18:01:27] [HOUSE]   RPC https://base-mainnet.core failed: Error: Failed to estimate gas: server returned an error response: error code -32000: insufficient funds for transfer

[18:01:28] [HOUSE]   RPC https://base.drpc.org failed: Error: Failed to estimate gas: server returned an error response: error code -32003: insufficient funds for gas * price 
[18:01:30] [HOUSE]   RPC https://base-rpc.publicno failed: Error: Failed to estimate gas: server returned an error response: error code -32000: insufficient funds for transfer

[18:01:30] [HOUSE]   Send empty (attempt 3)
[18:01:31] [HOUSE]   UNDER FAILED
[18:02:32] [HOUSE] Seeding 0x87A9e0caC7...
[18:02:33] [HOUSE]   RPC https://base-mainnet.core failed: Error: Failed to estimate gas: server returned an error response: error code -32000: insufficient funds for transfer

[18:02:34] [HOUSE]   RPC https://base.drpc.org failed: Error: Failed to estimate gas: server returned an error response: error code -32003: insufficient funds for gas * price 
[18:02:36] [HOUSE]   RPC https://base-rpc.publicno failed: Error: Failed to estimate gas: server returned an error response: error code -32000: insufficient funds for transfer

[18:02:36] [HOUSE]   Send empty (attempt 1)
[18:02:39] [HOUSE]   RPC https://base-mainnet.core failed: Error: Failed to estimate gas: server returned an error response: error code -32000: insufficient funds for transfer

[18:02:39] [HOUSE]   RPC https://base.drpc.org failed: Error: Failed to estimate gas: server returned an error response: error code -32003: insufficient funds for gas * price 
[18:03:00] [HOUSE]   RPC https://base-rpc.publicno timeout
[18:03:00] [HOUSE]   Send empty (attempt 2)
[18:03:02] [HOUSE]   RPC https://base-mainnet.core failed: Error: Failed to estimate gas: server returned an error response: error code -32000: insufficient funds for transfer

[18:03:03] [HOUSE]   RPC https://base.drpc.org failed: Error: Failed to estimate gas: server returned an error response: error code -32003: insufficient funds for gas * price 
[18:03:05] [HOUSE]   RPC https://base-rpc.publicno failed: Error: Failed to estimate gas: server returned an error response: error code -32000: insufficient funds for transfer

[18:03:06] [HOUSE]   Send empty (attempt 3)
[18:03:07] [HOUSE]   UNDER FAILED
[18:04:10] [HOUSE] Skip 0x87A9e0caC7 — lockTime passed (37s ago)
[18:07:00] [HOUSE] Seeding 0x2D1e0814c5...
[18:07:01] [HOUSE]   RPC https://base-mainnet.core failed: Error: Failed to estimate gas: server returned an error response: error code -32000: insufficient funds for transfer

[18:07:02] [HOUSE]   RPC https://base.drpc.org failed: Error: Failed to estimate gas: server returned an error response: error code -32003: insufficient funds for gas * price 
[18:07:06] [HOUSE]   RPC https://base-rpc.publicno failed: Error: Failed to estimate gas: server returned an error response: error code -32000: insufficient funds for transfer

[18:07:07] [HOUSE]   Send empty (attempt 1)
[18:07:09] [HOUSE]   RPC https://base-mainnet.core failed: Error: Failed to estimate gas: server returned an error response: error code -32000: insufficient funds for transfer

[18:07:10] [HOUSE]   RPC https://base.drpc.org failed: Error: Failed to estimate gas: server returned an error response: error code -32003: insufficient funds for gas * price 
[18:07:14] [HOUSE]   RPC https://base-rpc.publicno failed: Error: Failed to estimate gas: server returned an error response: error code -32000: insufficient funds for transfer

[18:07:14] [HOUSE]   Send empty (attempt 2)
[18:07:16] [HOUSE]   RPC https://base-mainnet.core failed: Error: Failed to estimate gas: server returned an error response: error code -32000: insufficient funds for transfer

[18:07:17] [HOUSE]   RPC https://base.drpc.org failed: Error: Failed to estimate gas: server returned an error response: error code -32003: insufficient funds for gas * price 
[18:07:20] [HOUSE]   RPC https://base-rpc.publicno failed: Error: Failed to estimate gas: server returned an error response: error code -32000: insufficient funds for transfer

[18:07:21] [HOUSE]   Send empty (attempt 3)
[18:07:22] [HOUSE]   UNDER FAILED
[18:08:25] [HOUSE] Seeding 0x2D1e0814c5...
[18:08:26] [HOUSE]   RPC https://base-mainnet.core failed: Error: Failed to estimate gas: server returned an error response: error code -32000: insufficient funds for transfer

[18:08:27] [HOUSE]   RPC https://base.drpc.org failed: Error: Failed to estimate gas: server returned an error response: error code -32003: insufficient funds for gas * price 
[18:08:30] [HOUSE]   RPC https://base-rpc.publicno failed: Error: Failed to estimate gas: server returned an error response: error code -32000: insufficient funds for transfer

[18:08:30] [HOUSE]   Send empty (attempt 1)
[18:08:33] [HOUSE]   RPC https://base-mainnet.core failed: Error: Failed to estimate gas: server returned an error response: error code -32000: insufficient funds for transfer

[18:08:33] [HOUSE]   RPC https://base.drpc.org failed: Error: Failed to estimate gas: server returned an error response: error code -32003: insufficient funds for gas * price 
[18:08:35] [HOUSE]   RPC https://base-rpc.publicno failed: Error: Failed to estimate gas: server returned an error response: error code -32000: insufficient funds for transfer

[18:08:36] [HOUSE]   Send empty (attempt 2)
[18:08:38] [HOUSE]   RPC https://base-mainnet.core failed: Error: Failed to estimate gas: server returned an error response: error code -32000: insufficient funds for transfer

[18:08:39] [HOUSE]   RPC https://base.drpc.org failed: Error: Failed to estimate gas: server returned an error response: error code -32003: insufficient funds for gas * price 
[18:08:41] [HOUSE]   RPC https://base-rpc.publicno failed: Error: Failed to estimate gas: server returned an error response: error code -32000: insufficient funds for transfer

[18:08:41] [HOUSE]   Send empty (attempt 3)
[18:08:42] [HOUSE]   UNDER FAILED
[18:09:45] [HOUSE] Skip 0x2D1e0814c5 — lockTime passed (18s ago)
[18:12:54] [HOUSE] Seeding 0x413284c400...
[18:12:55] [HOUSE]   RPC https://base-mainnet.core failed: Error: Failed to estimate gas: server returned an error response: error code -32000: insufficient funds for transfer

[18:12:56] [HOUSE]   RPC https://base.drpc.org failed: Error: Failed to estimate gas: server returned an error response: error code -32003: insufficient funds for gas * price 
[18:13:16] [HOUSE]   RPC https://base-rpc.publicno timeout
[18:13:17] [HOUSE]   Send empty (attempt 1)
[18:13:19] [HOUSE]   RPC https://base-mainnet.core failed: Error: Failed to estimate gas: server returned an error response: error code -32000: insufficient funds for transfer

[18:13:21] [HOUSE]   RPC https://base.drpc.org failed: Error: Failed to estimate gas: server returned an error response: error code -32003: insufficient funds for gas * price 
[18:13:25] [HOUSE]   RPC https://base-rpc.publicno failed: Error: Failed to estimate gas: server returned an error response: error code -32000: insufficient funds for transfer

[18:13:26] [HOUSE]   Send empty (attempt 2)
[18:13:28] [HOUSE]   RPC https://base-mainnet.core failed: Error: Failed to estimate gas: server returned an error response: error code -32000: insufficient funds for transfer

[18:13:29] [HOUSE]   RPC https://base.drpc.org failed: Error: Failed to estimate gas: server returned an error response: error code -32003: insufficient funds for gas * price 
[18:13:31] [HOUSE]   RPC https://base-rpc.publicno failed: Error: Failed to estimate gas: server returned an error response: error code -32000: insufficient funds for transfer

[18:13:32] [HOUSE]   Send empty (attempt 3)
[18:13:33] [HOUSE]   UNDER FAILED
[18:14:35] [HOUSE] Seeding 0x413284c400...
[18:14:36] [HOUSE]   RPC https://base-mainnet.core failed: Error: Failed to estimate gas: server returned an error response: error code -32000: insufficient funds for transfer

[18:14:37] [HOUSE]   RPC https://base.drpc.org failed: Error: Failed to estimate gas: server returned an error response: error code -32003: insufficient funds for gas * price 
[18:14:43] [HOUSE]   RPC https://base-rpc.publicno failed: Error: Failed to estimate gas: server returned an error response: error code -32000: insufficient funds for transfer

[18:14:44] [HOUSE]   Send empty (attempt 1)
[18:14:46] [HOUSE]   RPC https://base-mainnet.core failed: Error: Failed to estimate gas: server returned an error response: error code -32000: insufficient funds for transfer

[18:14:47] [HOUSE]   RPC https://base.drpc.org failed: Error: Failed to estimate gas: server returned an error response: error code -32003: insufficient funds for gas * price 
[18:14:51] [HOUSE]   RPC https://base-rpc.publicno failed: Error: Failed to estimate gas: server returned an error response: error code -32000: insufficient funds for transfer

[18:14:51] [HOUSE]   Send empty (attempt 2)
[18:14:54] [HOUSE]   RPC https://base-mainnet.core failed: Error: Failed to estimate gas: server returned an error response: error code -32000: insufficient funds for transfer

[18:14:55] [HOUSE]   RPC https://base.drpc.org failed: Error: Failed to estimate gas: server returned an error response: error code -32003: insufficient funds for gas * price 
[18:14:58] [HOUSE]   RPC https://base-rpc.publicno failed: Error: Failed to estimate gas: server returned an error response: error code -32000: insufficient funds for transfer

[18:14:59] [HOUSE]   Send empty (attempt 3)
[18:15:00] [HOUSE]   UNDER FAILED
[18:16:03] [HOUSE] Skip 0x413284c400 — lockTime passed (42s ago)
[18:18:45] [HOUSE] Seeding 0x68CaEBD5fa...
[18:18:46] [HOUSE]   RPC https://base-mainnet.core failed: Error: Failed to estimate gas: server returned an error response: error code -32000: insufficient funds for transfer

[18:18:47] [HOUSE]   RPC https://base.drpc.org failed: Error: Failed to estimate gas: server returned an error response: error code -32003: insufficient funds for gas * price 
[18:18:49] [HOUSE]   RPC https://base-rpc.publicno failed: Error: Failed to estimate gas: server returned an error response: error code -32000: insufficient funds for transfer

[18:18:49] [HOUSE]   Send empty (attempt 1)
[18:18:51] [HOUSE]   RPC https://base-mainnet.core failed: Error: Failed to estimate gas: server returned an error response: error code -32000: insufficient funds for transfer

[18:18:52] [HOUSE]   RPC https://base.drpc.org failed: Error: Failed to estimate gas: server returned an error response: error code -32003: insufficient funds for gas * price 
[18:19:01] [HOUSE]   RPC https://base-rpc.publicno failed: Error: Failed to estimate gas: server returned an error response: error code -32000: insufficient funds for transfer

[18:19:01] [HOUSE]   Send empty (attempt 2)
[18:19:03] [HOUSE]   RPC https://base-mainnet.core failed: Error: Failed to estimate gas: server returned an error response: error code -32000: insufficient funds for transfer

[18:19:04] [HOUSE]   RPC https://base.drpc.org failed: Error: Failed to estimate gas: server returned an error response: error code -32003: insufficient funds for gas * price 
[18:19:08] [HOUSE]   RPC https://base-rpc.publicno failed: Error: Failed to estimate gas: server returned an error response: error code -32000: insufficient funds for transfer

[18:19:08] [HOUSE]   Send empty (attempt 3)
[18:19:09] [HOUSE]   UNDER FAILED
[18:20:12] [HOUSE] Seeding 0x68CaEBD5fa...
[18:20:13] [HOUSE]   RPC https://base-mainnet.core failed: Error: Failed to estimate gas: server returned an error response: error code -32000: insufficient funds for transfer

[18:20:14] [HOUSE]   RPC https://base.drpc.org failed: Error: Failed to estimate gas: server returned an error response: error code -32003: insufficient funds for gas * price 
[18:20:18] [HOUSE]   RPC https://base-rpc.publicno failed: Error: Failed to estimate gas: server returned an error response: error code -32000: insufficient funds for transfer

[18:20:18] [HOUSE]   Send empty (attempt 1)
[18:20:21] [HOUSE]   RPC https://base-mainnet.core failed: Error: Failed to estimate gas: server returned an error response: error code -32000: insufficient funds for transfer

[18:20:22] [HOUSE]   RPC https://base.drpc.org failed: Error: Failed to estimate gas: server returned an error response: error code -32003: insufficient funds for gas * price 
[18:20:23] [HOUSE]   RPC https://base-rpc.publicno failed: Error: Failed to estimate gas: server returned an error response: error code -32000: insufficient funds for transfer

[18:20:24] [HOUSE]   Send empty (attempt 2)
[18:20:26] [HOUSE]   RPC https://base-mainnet.core failed: Error: Failed to estimate gas: server returned an error response: error code -32000: insufficient funds for transfer

[18:20:27] [HOUSE]   RPC https://base.drpc.org failed: Error: Failed to estimate gas: server returned an error response: error code -32003: insufficient funds for gas * price 
[18:20:29] [HOUSE]   RPC https://base-rpc.publicno failed: Error: Failed to estimate gas: server returned an error response: error code -32000: insufficient funds for transfer

[18:20:29] [HOUSE]   Send empty (attempt 3)
[18:20:30] [HOUSE]   UNDER FAILED
[18:21:33] [HOUSE] Skip 0x68CaEBD5fa — lockTime passed (21s ago)
[18:24:42] [HOUSE] Seeding 0x94f097Be1C...
[18:24:43] [HOUSE]   RPC https://base-mainnet.core failed: Error: Failed to estimate gas: server returned an error response: error code -32000: insufficient funds for transfer

[18:24:44] [HOUSE]   RPC https://base.drpc.org failed: Error: Failed to estimate gas: server returned an error response: error code -32003: insufficient funds for gas * price 
[18:24:52] [HOUSE]   RPC https://base-rpc.publicno failed: Error: Failed to estimate gas: server returned an error response: error code -32000: insufficient funds for transfer

[18:24:52] [HOUSE]   Send empty (attempt 1)
[18:24:55] [HOUSE]   RPC https://base-mainnet.core failed: Error: Failed to estimate gas: server returned an error response: error code -32000: insufficient funds for transfer

[18:24:56] [HOUSE]   RPC https://base.drpc.org failed: Error: Failed to estimate gas: server returned an error response: error code -32003: insufficient funds for gas * price 
[18:24:57] [HOUSE]   RPC https://base-rpc.publicno failed: Error: Failed to estimate gas: server returned an error response: error code -32000: insufficient funds for transfer

[18:24:58] [HOUSE]   Send empty (attempt 2)
[18:25:00] [HOUSE]   RPC https://base-mainnet.core failed: Error: Failed to estimate gas: server returned an error response: error code -32000: insufficient funds for transfer

[18:25:01] [HOUSE]   RPC https://base.drpc.org failed: Error: Failed to estimate gas: server returned an error response: error code -32003: insufficient funds for gas * price 
[18:25:03] [HOUSE]   RPC https://base-rpc.publicno failed: Error: Failed to estimate gas: server returned an error response: error code -32000: insufficient funds for transfer

[18:25:03] [HOUSE]   Send empty (attempt 3)
[18:25:04] [HOUSE]   UNDER FAILED
[18:26:07] [HOUSE] Seeding 0x94f097Be1C...
[18:26:08] [HOUSE]   RPC https://base-mainnet.core failed: Error: Failed to estimate gas: server returned an error response: error code -32000: insufficient funds for transfer

[18:26:09] [HOUSE]   RPC https://base.drpc.org failed: Error: Failed to estimate gas: server returned an error response: error code -32003: insufficient funds for gas * price 
[18:26:12] [HOUSE]   RPC https://base-rpc.publicno failed: Error: Failed to estimate gas: server returned an error response: error code -32000: insufficient funds for transfer

[18:26:13] [HOUSE]   Send empty (attempt 1)
[18:26:15] [HOUSE]   RPC https://base-mainnet.core failed: Error: Failed to estimate gas: server returned an error response: error code -32000: insufficient funds for transfer

[18:26:16] [HOUSE]   RPC https://base.drpc.org failed: Error: Failed to estimate gas: server returned an error response: error code -32003: insufficient funds for gas * price 
[18:26:18] [HOUSE]   RPC https://base-rpc.publicno failed: Error: Failed to estimate gas: server returned an error response: error code -32000: insufficient funds for transfer

[18:26:19] [HOUSE]   Send empty (attempt 2)
[18:26:21] [HOUSE]   RPC https://base-mainnet.core failed: Error: Failed to estimate gas: server returned an error response: error code -32000: insufficient funds for transfer

[18:26:22] [HOUSE]   RPC https://base.drpc.org failed: Error: Failed to estimate gas: server returned an error response: error code -32003: insufficient funds for gas * price 
[18:26:25] [HOUSE]   RPC https://base-rpc.publicno failed: Error: Failed to estimate gas: server returned an error response: error code -32000: insufficient funds for transfer

[18:26:26] [HOUSE]   Send empty (attempt 3)
[18:26:27] [HOUSE]   UNDER FAILED
[18:27:30] [HOUSE] Skip 0x94f097Be1C — lockTime passed (21s ago)
[18:30:34] [HOUSE] Seeding 0x48fb241370...
[18:30:35] [HOUSE]   RPC https://base-mainnet.core failed: Error: Failed to estimate gas: server returned an error response: error code -32000: insufficient funds for transfer

[18:30:36] [HOUSE]   RPC https://base.drpc.org failed: Error: Failed to estimate gas: server returned an error response: error code -32003: insufficient funds for gas * price 
[18:30:45] [HOUSE]   RPC https://base-rpc.publicno failed: Error: Failed to estimate gas: server returned an error response: error code -32000: insufficient funds for transfer

[18:30:46] [HOUSE]   Send empty (attempt 1)
[18:30:48] [HOUSE]   RPC https://base-mainnet.core failed: Error: Failed to estimate gas: server returned an error response: error code -32000: insufficient funds for transfer

[18:30:50] [HOUSE]   RPC https://base.drpc.org failed: Error: Failed to estimate gas: HTTP error 500 with body: {"id":3,"jsonrpc":"2.0","error":{"message":"Temporary internal 
[18:30:55] [HOUSE]   RPC https://base-rpc.publicno failed: Error: Failed to estimate gas: server returned an error response: error code -32000: insufficient funds for transfer

[18:30:55] [HOUSE]   Send empty (attempt 2)
[18:30:58] [HOUSE]   RPC https://base-mainnet.core failed: Error: Failed to estimate gas: server returned an error response: error code -32000: insufficient funds for transfer

[18:30:59] [HOUSE]   RPC https://base.drpc.org failed: Error: Failed to estimate gas: server returned an error response: error code -32003: insufficient funds for gas * price 
[18:31:03] [HOUSE]   RPC https://base-rpc.publicno failed: Error: Failed to estimate gas: server returned an error response: error code -32000: insufficient funds for transfer

[18:31:03] [HOUSE]   Send empty (attempt 3)
[18:31:04] [HOUSE]   UNDER FAILED
[18:32:07] [HOUSE] Seeding 0x48fb241370...
[18:32:09] [HOUSE]   RPC https://base-mainnet.core failed: Error: Failed to estimate gas: server returned an error response: error code -32000: insufficient funds for transfer

[18:32:10] [HOUSE]   RPC https://base.drpc.org failed: Error: Failed to estimate gas: server returned an error response: error code -32003: insufficient funds for gas * price 
[18:32:19] [HOUSE]   RPC https://base-rpc.publicno failed: Error: Failed to estimate gas: server returned an error response: error code -32000: insufficient funds for transfer

[18:32:20] [HOUSE]   Send empty (attempt 1)
[18:32:22] [HOUSE]   RPC https://base-mainnet.core failed: Error: Failed to estimate gas: server returned an error response: error code -32000: insufficient funds for transfer

[18:32:23] [HOUSE]   RPC https://base.drpc.org failed: Error: Failed to estimate gas: server returned an error response: error code -32003: insufficient funds for gas * price 
[18:32:26] [HOUSE]   RPC https://base-rpc.publicno failed: Error: Failed to estimate gas: server returned an error response: error code -32000: insufficient funds for transfer

[18:32:27] [HOUSE]   Send empty (attempt 2)
[18:32:30] [HOUSE]   RPC https://base-mainnet.core failed: Error: Failed to estimate gas: server returned an error response: error code -32000: insufficient funds for transfer

[18:32:30] [HOUSE]   RPC https://base.drpc.org failed: Error: Failed to estimate gas: server returned an error response: error code -32003: insufficient funds for gas * price 
[18:32:37] [HOUSE]   RPC https://base-rpc.publicno failed: Error: Failed to estimate gas: server returned an error response: error code -32000: insufficient funds for transfer

[18:32:38] [HOUSE]   Send empty (attempt 3)
[18:32:39] [HOUSE]   UNDER FAILED
[18:33:40] [HOUSE] Skip 0x48fb241370 — lockTime passed (39s ago)
[18:36:26] [HOUSE] Seeding 0x277781EEe9...
[18:36:27] [HOUSE]   RPC https://base-mainnet.core failed: Error: Failed to estimate gas: server returned an error response: error code -32000: insufficient funds for transfer

[18:36:28] [HOUSE]   RPC https://base.drpc.org failed: Error: Failed to estimate gas: server returned an error response: error code -32003: insufficient funds for gas * price 
[18:36:32] [HOUSE]   RPC https://base-rpc.publicno failed: Error: Failed to estimate gas: server returned an error response: error code -32000: insufficient funds for transfer

[18:36:33] [HOUSE]   Send empty (attempt 1)
[18:36:35] [HOUSE]   RPC https://base-mainnet.core failed: Error: Failed to estimate gas: server returned an error response: error code -32000: insufficient funds for transfer

[18:36:36] [HOUSE]   RPC https://base.drpc.org failed: Error: Failed to estimate gas: server returned an error response: error code -32003: insufficient funds for gas * price 
[18:36:44] [HOUSE]   RPC https://base-rpc.publicno failed: Error: Failed to estimate gas: server returned an error response: error code -32000: insufficient funds for transfer

[18:36:45] [HOUSE]   Send empty (attempt 2)
[18:36:47] [HOUSE]   RPC https://base-mainnet.core failed: Error: Failed to estimate gas: server returned an error response: error code -32000: insufficient funds for transfer

[18:36:48] [HOUSE]   RPC https://base.drpc.org failed: Error: Failed to estimate gas: server returned an error response: error code -32003: insufficient funds for gas * price 
[18:36:50] [HOUSE]   RPC https://base-rpc.publicno failed: Error: Failed to estimate gas: server returned an error response: error code -32000: insufficient funds for transfer

[18:36:50] [HOUSE]   Send empty (attempt 3)
[18:36:51] [HOUSE]   UNDER FAILED
[18:37:54] [HOUSE] Seeding 0x277781EEe9...
[18:37:55] [HOUSE]   RPC https://base-mainnet.core failed: Error: Failed to estimate gas: server returned an error response: error code -32000: insufficient funds for transfer

[18:37:56] [HOUSE]   RPC https://base.drpc.org failed: Error: Failed to estimate gas: server returned an error response: error code -32003: insufficient funds for gas * price 
[18:38:02] [HOUSE]   RPC https://base-rpc.publicno failed: Error: Failed to estimate gas: server returned an error response: error code -32000: insufficient funds for transfer

[18:38:03] [HOUSE]   Send empty (attempt 1)
[18:38:05] [HOUSE]   RPC https://base-mainnet.core failed: Error: Failed to estimate gas: server returned an error response: error code -32000: insufficient funds for transfer

[18:38:06] [HOUSE]   RPC https://base.drpc.org failed: Error: Failed to estimate gas: server returned an error response: error code -32003: insufficient funds for gas * price 
[18:38:08] [HOUSE]   RPC https://base-rpc.publicno failed: Error: Failed to estimate gas: server returned an error response: error code -32000: insufficient funds for transfer

[18:38:08] [HOUSE]   Send empty (attempt 2)
[18:38:11] [HOUSE]   RPC https://base-mainnet.core failed: Error: Failed to estimate gas: server returned an error response: error code -32000: insufficient funds for transfer

[18:38:11] [HOUSE]   RPC https://base.drpc.org failed: Error: Failed to estimate gas: server returned an error response: error code -32003: insufficient funds for gas * price 
[18:38:14] [HOUSE]   RPC https://base-rpc.publicno failed: Error: Failed to estimate gas: server returned an error response: error code -32000: insufficient funds for transfer

[18:38:14] [HOUSE]   Send empty (attempt 3)
[18:38:15] [HOUSE]   UNDER FAILED
[18:39:18] [HOUSE] Skip 0x277781EEe9 — lockTime passed (25s ago)
[18:42:20] [HOUSE] Seeding 0x4da6Fc696E...
[18:42:22] [HOUSE]   RPC https://base-mainnet.core failed: Error: Failed to estimate gas: server returned an error response: error code -32000: insufficient funds for transfer

[18:42:22] [HOUSE]   RPC https://base.drpc.org failed: Error: Failed to estimate gas: server returned an error response: error code -32003: insufficient funds for gas * price 
[18:42:42] [HOUSE]   RPC https://base-rpc.publicno timeout
[18:42:43] [HOUSE]   Send empty (attempt 1)
[18:42:46] [HOUSE]   RPC https://base-mainnet.core failed: Error: Failed to estimate gas: server returned an error response: error code -32000: insufficient funds for transfer

[18:42:46] [HOUSE]   RPC https://base.drpc.org failed: Error: Failed to estimate gas: server returned an error response: error code -32003: insufficient funds for gas * price 
[18:42:50] [HOUSE]   RPC https://base-rpc.publicno failed: Error: Failed to estimate gas: server returned an error response: error code -32000: insufficient funds for transfer

[18:42:51] [HOUSE]   Send empty (attempt 2)
[18:42:54] [HOUSE]   RPC https://base-mainnet.core failed: Error: Failed to estimate gas: server returned an error response: error code -32000: insufficient funds for transfer

[18:42:54] [HOUSE]   RPC https://base.drpc.org failed: Error: Failed to estimate gas: server returned an error response: error code -32003: insufficient funds for gas * price 
[18:43:00] [HOUSE]   RPC https://base-rpc.publicno failed: Error: Failed to estimate gas: server returned an error response: error code -32000: insufficient funds for transfer

[18:43:00] [HOUSE]   Send empty (attempt 3)
[18:43:01] [HOUSE]   UNDER FAILED
[18:44:02] [HOUSE] Seeding 0x4da6Fc696E...
[18:44:04] [HOUSE]   RPC https://base-mainnet.core failed: Error: Failed to estimate gas: server returned an error response: error code -32000: insufficient funds for transfer

[18:44:04] [HOUSE]   RPC https://base.drpc.org failed: Error: Failed to estimate gas: server returned an error response: error code -32003: insufficient funds for gas * price 
[18:44:06] [HOUSE]   RPC https://base-rpc.publicno failed: Error: Failed to estimate gas: server returned an error response: error code -32000: insufficient funds for transfer

[18:44:07] [HOUSE]   Send empty (attempt 1)
[18:44:09] [HOUSE]   RPC https://base-mainnet.core failed: Error: Failed to estimate gas: server returned an error response: error code -32000: insufficient funds for transfer

[18:44:10] [HOUSE]   RPC https://base.drpc.org failed: Error: Failed to estimate gas: server returned an error response: error code -32003: insufficient funds for gas * price 
[18:44:11] [HOUSE]   RPC https://base-rpc.publicno failed: Error: Failed to estimate gas: server returned an error response: error code -32000: insufficient funds for transfer

[18:44:12] [HOUSE]   Send empty (attempt 2)
[18:44:15] [HOUSE]   RPC https://base-mainnet.core failed: Error: Failed to estimate gas: server returned an error response: error code -32000: insufficient funds for transfer

[18:44:16] [HOUSE]   RPC https://base.drpc.org failed: Error: Failed to estimate gas: server returned an error response: error code -32003: insufficient funds for gas * price 
[18:44:17] [HOUSE]   RPC https://base-rpc.publicno failed: Error: Failed to estimate gas: server returned an error response: error code -32000: insufficient funds for transfer

[18:44:18] [HOUSE]   Send empty (attempt 3)
[18:44:19] [HOUSE]   UNDER FAILED
[18:45:20] [HOUSE] Skip 0x4da6Fc696E — lockTime passed (34s ago)
[18:48:11] [HOUSE] Seeding 0x400B80b7a8...
[18:48:13] [HOUSE]   RPC https://base-mainnet.core failed: Error: Failed to estimate gas: server returned an error response: error code -32000: insufficient funds for transfer

[18:48:14] [HOUSE]   RPC https://base.drpc.org failed: Error: Failed to estimate gas: server returned an error response: error code -32003: insufficient funds for gas * price 
[18:48:17] [HOUSE]   RPC https://base-rpc.publicno failed: Error: Failed to estimate gas: server returned an error response: error code -32000: insufficient funds for transfer

[18:48:18] [HOUSE]   Send empty (attempt 1)
[18:48:21] [HOUSE]   RPC https://base-mainnet.core failed: Error: Failed to estimate gas: server returned an error response: error code -32000: insufficient funds for transfer

[18:48:21] [HOUSE]   RPC https://base.drpc.org failed: Error: Failed to estimate gas: server returned an error response: error code -32003: insufficient funds for gas * price 
[18:48:22] [HOUSE]   RPC https://base-rpc.publicno failed: Error: Failed to estimate gas: server returned an error response: error code -32000: insufficient funds for transfer

[18:48:23] [HOUSE]   Send empty (attempt 2)
[18:48:25] [HOUSE]   RPC https://base-mainnet.core failed: Error: Failed to estimate gas: server returned an error response: error code -32000: insufficient funds for transfer

[18:48:26] [HOUSE]   RPC https://base.drpc.org failed: Error: Failed to estimate gas: server returned an error response: error code -32003: insufficient funds for gas * price 
[18:48:27] [HOUSE]   RPC https://base-rpc.publicno failed: Error: Failed to estimate gas: server returned an error response: error code -32000: insufficient funds for transfer

[18:48:28] [HOUSE]   Send empty (attempt 3)
[18:48:29] [HOUSE]   UNDER FAILED
[18:49:30] [HOUSE] Seeding 0x400B80b7a8...
[18:49:32] [HOUSE]   RPC https://base-mainnet.core failed: Error: Failed to estimate gas: server returned an error response: error code -32000: insufficient funds for transfer

[18:49:33] [HOUSE]   RPC https://base.drpc.org failed: Error: Failed to estimate gas: server returned an error response: error code -32003: insufficient funds for gas * price 
[18:49:35] [HOUSE]   RPC https://base-rpc.publicno failed: Error: Failed to estimate gas: server returned an error response: error code -32000: insufficient funds for transfer

[18:49:36] [HOUSE]   Send empty (attempt 1)
[18:49:38] [HOUSE]   RPC https://base-mainnet.core failed: Error: Failed to estimate gas: server returned an error response: error code -32000: insufficient funds for transfer

[18:49:39] [HOUSE]   RPC https://base.drpc.org failed: Error: Failed to estimate gas: server returned an error response: error code -32003: insufficient funds for gas * price 
[18:49:50] [HOUSE]   RPC https://base-rpc.publicno failed: Error: Failed to estimate gas: server returned an error response: error code -32000: insufficient funds for transfer

[18:49:50] [HOUSE]   Send empty (attempt 2)
[18:49:53] [HOUSE]   RPC https://base-mainnet.core failed: Error: Failed to estimate gas: server returned an error response: error code -32000: insufficient funds for transfer

[18:49:54] [HOUSE]   RPC https://base.drpc.org failed: Error: Failed to estimate gas: server returned an error response: error code -32003: insufficient funds for gas * price 
[18:50:00] [HOUSE]   RPC https://base-rpc.publicno failed: Error: Failed to estimate gas: server returned an error response: error code -32000: insufficient funds for transfer

[18:50:00] [HOUSE]   Send empty (attempt 3)
[18:50:01] [HOUSE]   UNDER FAILED
[18:51:03] [HOUSE] Skip 0x400B80b7a8 — lockTime passed (23s ago)
[18:54:07] [HOUSE] Seeding 0xD9f655e4BB...
[18:54:08] [HOUSE]   RPC https://base-mainnet.core failed: Error: Failed to estimate gas: server returned an error response: error code -32000: insufficient funds for transfer

[18:54:09] [HOUSE]   RPC https://base.drpc.org failed: Error: Failed to estimate gas: server returned an error response: error code -32003: insufficient funds for gas * price 
[18:54:29] [HOUSE]   RPC https://base-rpc.publicno timeout
[18:54:29] [HOUSE]   Send empty (attempt 1)
[18:54:32] [HOUSE]   RPC https://base-mainnet.core failed: Error: Failed to estimate gas: server returned an error response: error code -32000: insufficient funds for transfer

[18:54:33] [HOUSE]   RPC https://base.drpc.org failed: Error: Failed to estimate gas: server returned an error response: error code -32003: insufficient funds for gas * price 
[18:54:37] [HOUSE]   RPC https://base-rpc.publicno failed: Error: Failed to estimate gas: server returned an error response: error code -32000: insufficient funds for transfer

[18:54:38] [HOUSE]   Send empty (attempt 2)
[18:54:41] [HOUSE]   RPC https://base-mainnet.core failed: Error: Failed to estimate gas: server returned an error response: error code -32000: insufficient funds for transfer

[18:54:42] [HOUSE]   RPC https://base.drpc.org failed: Error: Failed to estimate gas: server returned an error response: error code -32003: insufficient funds for gas * price 
[18:54:43] [HOUSE]   RPC https://base-rpc.publicno failed: Error: Failed to estimate gas: server returned an error response: error code -32000: insufficient funds for transfer

[18:54:44] [HOUSE]   Send empty (attempt 3)
[18:54:45] [HOUSE]   UNDER FAILED
[18:55:46] [HOUSE] Seeding 0xD9f655e4BB...
[18:55:48] [HOUSE]   RPC https://base-mainnet.core failed: Error: Failed to estimate gas: server returned an error response: error code -32000: insufficient funds for transfer

[18:55:49] [HOUSE]   RPC https://base.drpc.org failed: Error: Failed to estimate gas: server returned an error response: error code -32003: insufficient funds for gas * price 
[18:55:51] [HOUSE]   RPC https://base-rpc.publicno failed: Error: Failed to estimate gas: server returned an error response: error code -32000: insufficient funds for transfer

[18:55:52] [HOUSE]   Send empty (attempt 1)
[18:55:55] [HOUSE]   RPC https://base-mainnet.core failed: Error: Failed to estimate gas: server returned an error response: error code -32000: insufficient funds for transfer

[18:55:55] [HOUSE]   RPC https://base.drpc.org failed: Error: Failed to estimate gas: server returned an error response: error code -32003: insufficient funds for gas * price 
[18:55:58] [HOUSE]   RPC https://base-rpc.publicno failed: Error: Failed to estimate gas: server returned an error response: error code -32000: insufficient funds for transfer

[18:55:59] [HOUSE]   Send empty (attempt 2)
[18:56:01] [HOUSE]   RPC https://base-mainnet.core failed: Error: Failed to estimate gas: server returned an error response: error code -32000: insufficient funds for transfer

[18:56:02] [HOUSE]   RPC https://base.drpc.org failed: Error: Failed to estimate gas: server returned an error response: error code -32003: insufficient funds for gas * price 
[18:56:03] [HOUSE]   RPC https://base-rpc.publicno failed: Error: Failed to estimate gas: server returned an error response: error code -32000: insufficient funds for transfer

[18:56:04] [HOUSE]   Send empty (attempt 3)
[18:56:05] [HOUSE]   UNDER FAILED
[18:57:06] [HOUSE] Skip 0xD9f655e4BB — lockTime passed (32s ago)
[19:00:01] [HOUSE] Seeding 0x6F9dFaeDdE...
[19:00:02] [HOUSE]   RPC https://base-mainnet.core failed: Error: Failed to estimate gas: server returned an error response: error code -32000: insufficient funds for transfer

[19:00:03] [HOUSE]   RPC https://base.drpc.org failed: Error: Failed to estimate gas: server returned an error response: error code -32003: insufficient funds for gas * price 
[19:00:07] [HOUSE]   RPC https://base-rpc.publicno failed: Error: Failed to estimate gas: server returned an error response: error code -32000: insufficient funds for transfer

[19:00:08] [HOUSE]   Send empty (attempt 1)
[19:00:10] [HOUSE]   RPC https://base-mainnet.core failed: Error: Failed to estimate gas: server returned an error response: error code -32000: insufficient funds for transfer

[19:00:11] [HOUSE]   RPC https://base.drpc.org failed: Error: Failed to estimate gas: server returned an error response: error code -32003: insufficient funds for gas * price 
[19:00:12] [HOUSE]   RPC https://base-rpc.publicno failed: Error: Failed to estimate gas: server returned an error response: error code -32000: insufficient funds for transfer

[19:00:13] [HOUSE]   Send empty (attempt 2)
[19:00:15] [HOUSE]   RPC https://base-mainnet.core failed: Error: Failed to estimate gas: server returned an error response: error code -32000: insufficient funds for transfer

[19:00:16] [HOUSE]   RPC https://base.drpc.org failed: Error: Failed to estimate gas: server returned an error response: error code -32003: insufficient funds for gas * price 
[19:00:19] [HOUSE]   RPC https://base-rpc.publicno failed: Error: Failed to estimate gas: server returned an error response: error code -32000: insufficient funds for transfer

[19:00:20] [HOUSE]   Send empty (attempt 3)
[19:00:21] [HOUSE]   UNDER FAILED
[19:01:22] [HOUSE] Seeding 0x6F9dFaeDdE...
[19:01:24] [HOUSE]   RPC https://base-mainnet.core failed: Error: Failed to estimate gas: server returned an error response: error code -32000: insufficient funds for transfer

[19:01:25] [HOUSE]   RPC https://base.drpc.org failed: Error: Failed to estimate gas: server returned an error response: error code -32003: insufficient funds for gas * price 
[19:01:37] [HOUSE]   RPC https://base-rpc.publicno failed: Error: Failed to estimate gas: server returned an error response: error code -32000: insufficient funds for transfer

[19:01:38] [HOUSE]   Send empty (attempt 1)
[19:01:40] [HOUSE]   RPC https://base-mainnet.core failed: Error: Failed to estimate gas: server returned an error response: error code -32000: insufficient funds for transfer

[19:01:41] [HOUSE]   RPC https://base.drpc.org failed: Error: Failed to estimate gas: server returned an error response: error code -32003: insufficient funds for gas * price 
[19:01:43] [HOUSE]   RPC https://base-rpc.publicno failed: Error: Failed to estimate gas: server returned an error response: error code -32000: insufficient funds for transfer

[19:01:44] [HOUSE]   Send empty (attempt 2)
[19:01:46] [HOUSE]   RPC https://base-mainnet.core failed: Error: Failed to estimate gas: server returned an error response: error code -32000: insufficient funds for transfer

[19:01:47] [HOUSE]   RPC https://base.drpc.org failed: Error: Failed to estimate gas: server returned an error response: error code -32003: insufficient funds for gas * price 
[19:01:48] [HOUSE]   RPC https://base-rpc.publicno failed: Error: Failed to estimate gas: server returned an error response: error code -32000: insufficient funds for transfer

[19:01:49] [HOUSE]   Send empty (attempt 3)
[19:01:50] [HOUSE]   UNDER FAILED
[19:02:53] [HOUSE] Skip 0x6F9dFaeDdE — lockTime passed (24s ago)
[19:05:56] [HOUSE] Seeding 0xdd5F75cDE3...
[19:05:58] [HOUSE]   RPC https://base-mainnet.core failed: Error: Failed to estimate gas: server returned an error response: error code -32000: insufficient funds for transfer

[19:05:59] [HOUSE]   RPC https://base.drpc.org failed: Error: Failed to estimate gas: server returned an error response: error code -32003: insufficient funds for gas * price 
[19:06:02] [HOUSE]   RPC https://base-rpc.publicno failed: Error: Failed to estimate gas: server returned an error response: error code -32000: insufficient funds for transfer

[19:06:02] [HOUSE]   Send empty (attempt 1)
[19:06:05] [HOUSE]   RPC https://base-mainnet.core failed: Error: Failed to estimate gas: server returned an error response: error code -32000: insufficient funds for transfer

[19:06:05] [HOUSE]   RPC https://base.drpc.org failed: Error: Failed to estimate gas: server returned an error response: error code -32003: insufficient funds for gas * price 
[19:06:08] [HOUSE]   RPC https://base-rpc.publicno failed: Error: Failed to estimate gas: server returned an error response: error code -32000: insufficient funds for transfer

[19:06:08] [HOUSE]   Send empty (attempt 2)
[19:06:11] [HOUSE]   RPC https://base-mainnet.core failed: Error: Failed to estimate gas: server returned an error response: error code -32000: insufficient funds for transfer

[19:06:11] [HOUSE]   RPC https://base.drpc.org failed: Error: Failed to estimate gas: server returned an error response: error code -32003: insufficient funds for gas * price 
[19:06:14] [HOUSE]   RPC https://base-rpc.publicno failed: Error: Failed to estimate gas: server returned an error response: error code -32000: insufficient funds for transfer

[19:06:14] [HOUSE]   Send empty (attempt 3)
[19:06:15] [HOUSE]   UNDER FAILED
[19:07:17] [HOUSE] Seeding 0xdd5F75cDE3...
[19:07:19] [HOUSE]   RPC https://base-mainnet.core failed: Error: Failed to estimate gas: server returned an error response: error code -32000: insufficient funds for transfer

[19:07:19] [HOUSE]   RPC https://base.drpc.org failed: Error: Failed to estimate gas: server returned an error response: error code -32003: insufficient funds for gas * price 
[19:07:22] [HOUSE]   RPC https://base-rpc.publicno failed: Error: Failed to estimate gas: server returned an error response: error code -32000: insufficient funds for transfer

[19:07:22] [HOUSE]   Send empty (attempt 1)
[19:07:25] [HOUSE]   RPC https://base-mainnet.core failed: Error: Failed to estimate gas: server returned an error response: error code -32000: insufficient funds for transfer

[19:07:25] [HOUSE]   RPC https://base.drpc.org failed: Error: Failed to estimate gas: server returned an error response: error code -32003: insufficient funds for gas * price 
[19:07:27] [HOUSE]   RPC https://base-rpc.publicno failed: Error: Failed to estimate gas: server returned an error response: error code -32000: insufficient funds for transfer

[19:07:28] [HOUSE]   Send empty (attempt 2)
[19:07:30] [HOUSE]   RPC https://base-mainnet.core failed: Error: Failed to estimate gas: server returned an error response: error code -32000: insufficient funds for transfer

[19:07:31] [HOUSE]   RPC https://base.drpc.org failed: Error: Failed to estimate gas: server returned an error response: error code -32003: insufficient funds for gas * price 
[19:07:33] [HOUSE]   RPC https://base-rpc.publicno failed: Error: Failed to estimate gas: server returned an error response: error code -32000: insufficient funds for transfer

[19:07:33] [HOUSE]   Send empty (attempt 3)
[19:07:34] [HOUSE]   UNDER FAILED
[19:08:37] [HOUSE] Skip 0xdd5F75cDE3 — lockTime passed (13s ago)
[19:11:56] [HOUSE] Seeding 0xB9F39917e7...
[19:11:58] [HOUSE]   RPC https://base-mainnet.core failed: Error: Failed to estimate gas: server returned an error response: error code -32000: insufficient funds for transfer

[19:11:59] [HOUSE]   RPC https://base.drpc.org failed: Error: Failed to estimate gas: server returned an error response: error code -32003: insufficient funds for gas * price 
[19:12:05] [HOUSE]   RPC https://base-rpc.publicno failed: Error: Failed to estimate gas: server returned an error response: error code -32000: insufficient funds for transfer

[19:12:05] [HOUSE]   Send empty (attempt 1)
[19:12:08] [HOUSE]   RPC https://base-mainnet.core failed: Error: Failed to estimate gas: server returned an error response: error code -32000: insufficient funds for transfer

[19:12:09] [HOUSE]   RPC https://base.drpc.org failed: Error: Failed to estimate gas: server returned an error response: error code -32003: insufficient funds for gas * price 
[19:12:16] [HOUSE]   RPC https://base-rpc.publicno failed: Error: Failed to estimate gas: server returned an error response: error code -32000: insufficient funds for transfer

[19:12:16] [HOUSE]   Send empty (attempt 2)
[19:12:19] [HOUSE]   RPC https://base-mainnet.core failed: Error: Failed to estimate gas: server returned an error response: error code -32000: insufficient funds for transfer

[19:12:20] [HOUSE]   RPC https://base.drpc.org failed: Error: Failed to estimate gas: server returned an error response: error code -32003: insufficient funds for gas * price 
[19:12:21] [HOUSE]   RPC https://base-rpc.publicno failed: Error: Failed to estimate gas: server returned an error response: error code -32000: insufficient funds for transfer

[19:12:22] [HOUSE]   Send empty (attempt 3)
[19:12:23] [HOUSE]   UNDER FAILED
[19:13:25] [HOUSE] Seeding 0xB9F39917e7...
[19:13:26] [HOUSE]   RPC https://base-mainnet.core failed: Error: Failed to estimate gas: server returned an error response: error code -32000: insufficient funds for transfer

[19:13:27] [HOUSE]   RPC https://base.drpc.org failed: Error: Failed to estimate gas: server returned an error response: error code -32003: insufficient funds for gas * price 
[19:13:35] [HOUSE]   RPC https://base-rpc.publicno failed: Error: Failed to estimate gas: server returned an error response: error code -32000: insufficient funds for transfer

[19:13:36] [HOUSE]   Send empty (attempt 1)
[19:13:38] [HOUSE]   RPC https://base-mainnet.core failed: Error: Failed to estimate gas: server returned an error response: error code -32000: insufficient funds for transfer

[19:13:39] [HOUSE]   RPC https://base.drpc.org failed: Error: Failed to estimate gas: server returned an error response: error code -32003: insufficient funds for gas * price 
[19:13:41] [HOUSE]   RPC https://base-rpc.publicno failed: Error: Failed to estimate gas: server returned an error response: error code -32000: insufficient funds for transfer

[19:13:42] [HOUSE]   Send empty (attempt 2)
[19:13:44] [HOUSE]   RPC https://base-mainnet.core failed: Error: Failed to estimate gas: server returned an error response: error code -32000: insufficient funds for transfer

[19:13:45] [HOUSE]   RPC https://base.drpc.org failed: Error: Failed to estimate gas: server returned an error response: error code -32003: insufficient funds for gas * price 
[19:13:47] [HOUSE]   RPC https://base-rpc.publicno failed: Error: Failed to estimate gas: server returned an error response: error code -32000: insufficient funds for transfer

[19:13:48] [HOUSE]   Send empty (attempt 3)
[19:13:49] [HOUSE]   UNDER FAILED
[19:14:50] [HOUSE] Skip 0xB9F39917e7 — lockTime passed (32s ago)
[19:17:46] [HOUSE] Seeding 0xBFCec4F298...
[19:17:47] [HOUSE]   RPC https://base-mainnet.core failed: Error: Failed to estimate gas: server returned an error response: error code -32000: insufficient funds for transfer

[19:17:48] [HOUSE]   RPC https://base.drpc.org failed: Error: Failed to estimate gas: server returned an error response: error code -32003: insufficient funds for gas * price 
[19:17:53] [HOUSE]   RPC https://base-rpc.publicno failed: Error: Failed to estimate gas: server returned an error response: error code -32000: insufficient funds for transfer

[19:17:54] [HOUSE]   Send empty (attempt 1)
[19:17:56] [HOUSE]   RPC https://base-mainnet.core failed: Error: Failed to estimate gas: server returned an error response: error code -32000: insufficient funds for transfer

[19:17:57] [HOUSE]   RPC https://base.drpc.org failed: Error: Failed to estimate gas: server returned an error response: error code -32003: insufficient funds for gas * price 
[19:17:58] [HOUSE]   RPC https://base-rpc.publicno failed: Error: Failed to estimate gas: server returned an error response: error code -32000: insufficient funds for transfer

[19:17:59] [HOUSE]   Send empty (attempt 2)
[19:18:01] [HOUSE]   RPC https://base-mainnet.core failed: Error: Failed to estimate gas: server returned an error response: error code -32000: insufficient funds for transfer

[19:18:02] [HOUSE]   RPC https://base.drpc.org failed: Error: Failed to estimate gas: server returned an error response: error code -32003: insufficient funds for gas * price 
[19:18:05] [HOUSE]   RPC https://base-rpc.publicno failed: Error: Failed to estimate gas: server returned an error response: error code -32000: insufficient funds for transfer

[19:18:06] [HOUSE]   Send empty (attempt 3)
[19:18:07] [HOUSE]   UNDER FAILED
[19:19:10] [HOUSE] Seeding 0xBFCec4F298...
[19:19:11] [HOUSE]   RPC https://base-mainnet.core failed: Error: Failed to estimate gas: server returned an error response: error code -32000: insufficient funds for transfer

[19:19:12] [HOUSE]   RPC https://base.drpc.org failed: Error: Failed to estimate gas: server returned an error response: error code -32003: insufficient funds for gas * price 
[19:19:13] [HOUSE]   RPC https://base-rpc.publicno failed: Error: Failed to estimate gas: server returned an error response: error code -32000: insufficient funds for transfer

[19:19:14] [HOUSE]   Send empty (attempt 1)
[19:19:16] [HOUSE]   RPC https://base-mainnet.core failed: Error: Failed to estimate gas: server returned an error response: error code -32000: insufficient funds for transfer

[19:19:17] [HOUSE]   RPC https://base.drpc.org failed: Error: Failed to estimate gas: server returned an error response: error code -32003: insufficient funds for gas * price 
[19:19:23] [HOUSE]   RPC https://base-rpc.publicno failed: Error: Failed to estimate gas: server returned an error response: error code -32000: insufficient funds for transfer

[19:19:23] [HOUSE]   Send empty (attempt 2)
[19:19:26] [HOUSE]   RPC https://base-mainnet.core failed: Error: Failed to estimate gas: server returned an error response: error code -32000: insufficient funds for transfer

[19:19:27] [HOUSE]   RPC https://base.drpc.org failed: Error: Failed to estimate gas: server returned an error response: error code -32003: insufficient funds for gas * price 
[19:19:30] [HOUSE]   RPC https://base-rpc.publicno failed: Error: Failed to estimate gas: server returned an error response: error code -32000: insufficient funds for transfer

[19:19:31] [HOUSE]   Send empty (attempt 3)
[19:19:32] [HOUSE]   UNDER FAILED
[19:20:33] [HOUSE] Skip 0xBFCec4F298 — lockTime passed (18s ago)
[19:23:42] [HOUSE] Seeding 0x03117E060B...
[19:23:43] [HOUSE]   RPC https://base-mainnet.core failed: Error: Failed to estimate gas: server returned an error response: error code -32000: insufficient funds for transfer

[19:23:44] [HOUSE]   RPC https://base.drpc.org failed: Error: Failed to estimate gas: server returned an error response: error code -32003: insufficient funds for gas * price 
[19:24:04] [HOUSE]   RPC https://base-rpc.publicno timeout
[19:24:05] [HOUSE]   Send empty (attempt 1)
[19:24:07] [HOUSE]   RPC https://base-mainnet.core failed: Error: Failed to estimate gas: server returned an error response: error code -32000: insufficient funds for transfer

[19:24:08] [HOUSE]   RPC https://base.drpc.org failed: Error: Failed to estimate gas: server returned an error response: error code -32003: insufficient funds for gas * price 
[19:24:11] [HOUSE]   RPC https://base-rpc.publicno failed: Error: Failed to estimate gas: server returned an error response: error code -32000: insufficient funds for transfer

[19:24:11] [HOUSE]   Send empty (attempt 2)
[19:24:14] [HOUSE]   RPC https://base-mainnet.core failed: Error: Failed to estimate gas: server returned an error response: error code -32000: insufficient funds for transfer

[19:24:15] [HOUSE]   RPC https://base.drpc.org failed: Error: Failed to estimate gas: server returned an error response: error code -32003: insufficient funds for gas * price 
[19:24:17] [HOUSE]   RPC https://base-rpc.publicno failed: Error: Failed to estimate gas: server returned an error response: error code -32000: insufficient funds for transfer

[19:24:18] [HOUSE]   Send empty (attempt 3)
[19:24:19] [HOUSE]   UNDER FAILED
[19:25:21] [HOUSE] Seeding 0x03117E060B...
[19:25:23] [HOUSE]   RPC https://base-mainnet.core failed: Error: Failed to estimate gas: server returned an error response: error code -32000: insufficient funds for transfer

[19:25:24] [HOUSE]   RPC https://base.drpc.org failed: Error: Failed to estimate gas: server returned an error response: error code -32003: insufficient funds for gas * price 
[19:25:27] [HOUSE]   RPC https://base-rpc.publicno failed: Error: Failed to estimate gas: server returned an error response: error code -32000: insufficient funds for transfer

[19:25:27] [HOUSE]   Send empty (attempt 1)
[19:25:30] [HOUSE]   RPC https://base-mainnet.core failed: Error: Failed to estimate gas: server returned an error response: error code -32000: insufficient funds for transfer

[19:25:31] [HOUSE]   RPC https://base.drpc.org failed: Error: Failed to estimate gas: server returned an error response: error code -32003: insufficient funds for gas * price 
[19:25:32] [HOUSE]   RPC https://base-rpc.publicno failed: Error: Failed to estimate gas: server returned an error response: error code -32000: insufficient funds for transfer

[19:25:33] [HOUSE]   Send empty (attempt 2)
[19:25:35] [HOUSE]   RPC https://base-mainnet.core failed: Error: Failed to estimate gas: server returned an error response: error code -32000: insufficient funds for transfer

[19:25:36] [HOUSE]   RPC https://base.drpc.org failed: Error: Failed to estimate gas: server returned an error response: error code -32003: insufficient funds for gas * price 
[19:25:37] [HOUSE]   RPC https://base-rpc.publicno failed: Error: Failed to estimate gas: server returned an error response: error code -32000: insufficient funds for transfer

[19:25:38] [HOUSE]   Send empty (attempt 3)
[19:25:39] [HOUSE]   UNDER FAILED
[19:26:42] [HOUSE] Skip 0x03117E060B — lockTime passed (33s ago)
[19:29:32] [HOUSE] Seeding 0x0D59675e9c...
[19:29:33] [HOUSE]   RPC https://base-mainnet.core failed: Error: Failed to estimate gas: server returned an error response: error code -32000: insufficient funds for transfer

[19:29:34] [HOUSE]   RPC https://base.drpc.org failed: Error: Failed to estimate gas: server returned an error response: error code -32003: insufficient funds for gas * price 
[19:29:36] [HOUSE]   RPC https://base-rpc.publicno failed: Error: Failed to estimate gas: server returned an error response: error code -32000: insufficient funds for transfer

[19:29:37] [HOUSE]   Send empty (attempt 1)
[19:29:39] [HOUSE]   RPC https://base-mainnet.core failed: Error: Failed to estimate gas: server returned an error response: error code -32000: insufficient funds for transfer

[19:29:40] [HOUSE]   RPC https://base.drpc.org failed: Error: Failed to estimate gas: server returned an error response: error code -32003: insufficient funds for gas * price 
[19:29:45] [HOUSE]   RPC https://base-rpc.publicno failed: Error: Failed to estimate gas: server returned an error response: error code -32000: insufficient funds for transfer

[19:29:46] [HOUSE]   Send empty (attempt 2)
[19:29:48] [HOUSE]   RPC https://base-mainnet.core failed: Error: Failed to estimate gas: server returned an error response: error code -32000: insufficient funds for transfer

[19:29:49] [HOUSE]   RPC https://base.drpc.org failed: Error: Failed to estimate gas: server returned an error response: error code -32003: insufficient funds for gas * price 
[19:29:50] [HOUSE]   RPC https://base-rpc.publicno failed: Error: Failed to estimate gas: server returned an error response: error code -32000: insufficient funds for transfer

[19:29:51] [HOUSE]   Send empty (attempt 3)
[19:29:52] [HOUSE]   UNDER FAILED
[19:30:55] [HOUSE] Seeding 0x0D59675e9c...
[19:30:56] [HOUSE]   RPC https://base-mainnet.core failed: Error: Failed to estimate gas: server returned an error response: error code -32000: insufficient funds for transfer

[19:30:57] [HOUSE]   RPC https://base.drpc.org failed: Error: Failed to estimate gas: server returned an error response: error code -32003: insufficient funds for gas * price 
[19:31:02] [HOUSE]   RPC https://base-rpc.publicno failed: Error: Failed to estimate gas: server returned an error response: error code -32000: insufficient funds for transfer

[19:31:03] [HOUSE]   Send empty (attempt 1)
[19:31:05] [HOUSE]   RPC https://base-mainnet.core failed: Error: Failed to estimate gas: server returned an error response: error code -32000: insufficient funds for transfer

[19:31:06] [HOUSE]   RPC https://base.drpc.org failed: Error: Failed to estimate gas: server returned an error response: error code -32003: insufficient funds for gas * price 
[19:31:08] [HOUSE]   RPC https://base-rpc.publicno failed: Error: Failed to estimate gas: server returned an error response: error code -32000: insufficient funds for transfer

[19:31:08] [HOUSE]   Send empty (attempt 2)
[19:31:11] [HOUSE]   RPC https://base-mainnet.core failed: Error: Failed to estimate gas: server returned an error response: error code -32000: insufficient funds for transfer

[19:31:12] [HOUSE]   RPC https://base.drpc.org failed: Error: Failed to estimate gas: server returned an error response: error code -32003: insufficient funds for gas * price 
[19:31:16] [HOUSE]   RPC https://base-rpc.publicno failed: Error: Failed to estimate gas: server returned an error response: error code -32000: insufficient funds for transfer

[19:31:17] [HOUSE]   Send empty (attempt 3)
[19:31:18] [HOUSE]   UNDER FAILED
[19:32:20] [HOUSE] Skip 0x0D59675e9c — lockTime passed (20s ago)
[19:35:26] [HOUSE] Seeding 0xB79DaA6182...
[19:35:27] [HOUSE]   RPC https://base-mainnet.core failed: Error: Failed to estimate gas: server returned an error response: error code -32000: insufficient funds for transfer

[19:35:28] [HOUSE]   RPC https://base.drpc.org failed: Error: Failed to estimate gas: server returned an error response: error code -32003: insufficient funds for gas * price 
[19:35:31] [HOUSE]   RPC https://base-rpc.publicno failed: Error: Failed to estimate gas: server returned an error response: error code -32000: insufficient funds for transfer

[19:35:31] [HOUSE]   Send empty (attempt 1)
[19:35:34] [HOUSE]   RPC https://base-mainnet.core failed: Error: Failed to estimate gas: server returned an error response: error code -32000: insufficient funds for transfer

[19:35:35] [HOUSE]   RPC https://base.drpc.org failed: Error: Failed to estimate gas: server returned an error response: error code -32003: insufficient funds for gas * price 
[19:35:36] [HOUSE]   RPC https://base-rpc.publicno failed: Error: Failed to estimate gas: server returned an error response: error code -32000: insufficient funds for transfer

[19:35:37] [HOUSE]   Send empty (attempt 2)
[19:35:39] [HOUSE]   RPC https://base-mainnet.core failed: Error: Failed to estimate gas: server returned an error response: error code -32000: insufficient funds for transfer

[19:35:40] [HOUSE]   RPC https://base.drpc.org failed: Error: Failed to estimate gas: server returned an error response: error code -32003: insufficient funds for gas * price 
[19:35:45] [HOUSE]   RPC https://base-rpc.publicno failed: Error: Failed to estimate gas: server returned an error response: error code -32000: insufficient funds for transfer

[19:35:46] [HOUSE]   Send empty (attempt 3)
[19:35:47] [HOUSE]   UNDER FAILED
[19:36:49] [HOUSE] Seeding 0xB79DaA6182...
[19:36:50] [HOUSE]   RPC https://base-mainnet.core failed: Error: Failed to estimate gas: server returned an error response: error code -32000: insufficient funds for transfer

[19:36:51] [HOUSE]   RPC https://base.drpc.org failed: Error: Failed to estimate gas: server returned an error response: error code -32003: insufficient funds for gas * price 
[19:37:11] [HOUSE]   RPC https://base-rpc.publicno timeout
[19:37:12] [HOUSE]   Send empty (attempt 1)
[19:37:14] [HOUSE]   RPC https://base-mainnet.core failed: Error: Failed to estimate gas: server returned an error response: error code -32000: insufficient funds for transfer

[19:37:15] [HOUSE]   RPC https://base.drpc.org failed: Error: Failed to estimate gas: server returned an error response: error code -32003: insufficient funds for gas * price 
[19:37:16] [HOUSE]   RPC https://base-rpc.publicno failed: Error: Failed to estimate gas: server returned an error response: error code -32000: insufficient funds for transfer

[19:37:17] [HOUSE]   Send empty (attempt 2)
[19:37:19] [HOUSE]   RPC https://base-mainnet.core failed: Error: Failed to estimate gas: server returned an error response: error code -32000: insufficient funds for transfer

[19:37:21] [HOUSE]   RPC https://base.drpc.org failed: Error: Failed to estimate gas: server returned an error response: error code -32003: insufficient funds for gas * price 
[19:37:24] [HOUSE]   RPC https://base-rpc.publicno failed: Error: Failed to estimate gas: server returned an error response: error code -32000: insufficient funds for transfer

[19:37:24] [HOUSE]   Send empty (attempt 3)
[19:37:25] [HOUSE]   UNDER FAILED
[19:38:29] [HOUSE] Skip 0xB79DaA6182 — lockTime passed (36s ago)
[19:41:20] [HOUSE] Seeding 0xaeBc4a73Df...
[19:41:22] [HOUSE]   RPC https://base-mainnet.core failed: Error: Failed to estimate gas: server returned an error response: error code -32000: insufficient funds for transfer

[19:41:23] [HOUSE]   RPC https://base.drpc.org failed: Error: Failed to estimate gas: server returned an error response: error code -32003: insufficient funds for gas * price 
[19:41:30] [HOUSE]   RPC https://base-rpc.publicno failed: Error: Failed to estimate gas: server returned an error response: error code -32000: insufficient funds for transfer

[19:41:31] [HOUSE]   Send empty (attempt 1)
[19:41:33] [HOUSE]   RPC https://base-mainnet.core failed: Error: Failed to estimate gas: server returned an error response: error code -32000: insufficient funds for transfer

[19:41:34] [HOUSE]   RPC https://base.drpc.org failed: Error: Failed to estimate gas: server returned an error response: error code -32003: insufficient funds for gas * price 
[19:41:36] [HOUSE]   RPC https://base-rpc.publicno failed: Error: Failed to estimate gas: server returned an error response: error code -32000: insufficient funds for transfer

[19:41:37] [HOUSE]   Send empty (attempt 2)
[19:41:39] [HOUSE]   RPC https://base-mainnet.core failed: Error: Failed to estimate gas: server returned an error response: error code -32000: insufficient funds for transfer

[19:41:40] [HOUSE]   RPC https://base.drpc.org failed: Error: Failed to estimate gas: server returned an error response: error code -32003: insufficient funds for gas * price 
[19:41:41] [HOUSE]   RPC https://base-rpc.publicno failed: Error: Failed to estimate gas: server returned an error response: error code -32000: insufficient funds for transfer

[19:41:42] [HOUSE]   Send empty (attempt 3)
[19:41:43] [HOUSE]   UNDER FAILED
[19:42:45] [HOUSE] Seeding 0xaeBc4a73Df...
[19:42:46] [HOUSE]   RPC https://base-mainnet.core failed: Error: Failed to estimate gas: server returned an error response: error code -32000: insufficient funds for transfer

[19:42:47] [HOUSE]   RPC https://base.drpc.org failed: Error: Failed to estimate gas: server returned an error response: error code -32003: insufficient funds for gas * price 
[19:42:50] [HOUSE]   RPC https://base-rpc.publicno failed: Error: Failed to estimate gas: server returned an error response: error code -32000: insufficient funds for transfer

[19:42:51] [HOUSE]   Send empty (attempt 1)
[19:42:53] [HOUSE]   RPC https://base-mainnet.core failed: Error: Failed to estimate gas: server returned an error response: error code -32000: insufficient funds for transfer

[19:42:54] [HOUSE]   RPC https://base.drpc.org failed: Error: Failed to estimate gas: server returned an error response: error code -32003: insufficient funds for gas * price 
[19:42:58] [HOUSE]   RPC https://base-rpc.publicno failed: Error: Failed to estimate gas: server returned an error response: error code -32000: insufficient funds for transfer

[19:42:58] [HOUSE]   Send empty (attempt 2)
[19:43:01] [HOUSE]   RPC https://base-mainnet.core failed: Error: Failed to estimate gas: server returned an error response: error code -32000: insufficient funds for transfer

[19:43:02] [HOUSE]   RPC https://base.drpc.org failed: Error: Failed to estimate gas: server returned an error response: error code -32003: insufficient funds for gas * price 
[19:43:04] [HOUSE]   RPC https://base-rpc.publicno failed: Error: Failed to estimate gas: server returned an error response: error code -32000: insufficient funds for transfer

[19:43:04] [HOUSE]   Send empty (attempt 3)
[19:43:05] [HOUSE]   UNDER FAILED
[19:44:08] [HOUSE] Skip 0xaeBc4a73Df — lockTime passed (22s ago)
[19:47:10] [HOUSE] Seeding 0x50456Ee2cC...
[19:47:11] [HOUSE]   RPC https://base-mainnet.core failed: Error: Failed to estimate gas: server returned an error response: error code -32000: insufficient funds for transfer

[19:47:12] [HOUSE]   RPC https://base.drpc.org failed: Error: Failed to estimate gas: server returned an error response: error code -32003: insufficient funds for gas * price 
[19:47:16] [HOUSE]   RPC https://base-rpc.publicno failed: Error: Failed to estimate gas: server returned an error response: error code -32000: insufficient funds for transfer

[19:47:16] [HOUSE]   Send empty (attempt 1)
[19:47:19] [HOUSE]   RPC https://base-mainnet.core failed: Error: Failed to estimate gas: server returned an error response: error code -32000: insufficient funds for transfer

[19:47:19] [HOUSE]   RPC https://base.drpc.org failed: Error: Failed to estimate gas: server returned an error response: error code -32003: insufficient funds for gas * price 
[19:47:22] [HOUSE]   RPC https://base-rpc.publicno failed: Error: Failed to estimate gas: server returned an error response: error code -32000: insufficient funds for transfer

[19:47:23] [HOUSE]   Send empty (attempt 2)
[19:47:25] [HOUSE]   RPC https://base-mainnet.core failed: Error: Failed to estimate gas: server returned an error response: error code -32000: insufficient funds for transfer

[19:47:26] [HOUSE]   RPC https://base.drpc.org failed: Error: Failed to estimate gas: server returned an error response: error code -32003: insufficient funds for gas * price 
[19:47:29] [HOUSE]   RPC https://base-rpc.publicno failed: Error: Failed to estimate gas: server returned an error response: error code -32000: insufficient funds for transfer

[19:47:29] [HOUSE]   Send empty (attempt 3)
[19:47:30] [HOUSE]   UNDER FAILED
[19:48:32] [HOUSE] Seeding 0x50456Ee2cC...
[19:48:34] [HOUSE]   RPC https://base-mainnet.core failed: Error: Failed to estimate gas: server returned an error response: error code -32000: insufficient funds for transfer

[19:48:35] [HOUSE]   RPC https://base.drpc.org failed: Error: Failed to estimate gas: server returned an error response: error code -32003: insufficient funds for gas * price 
[19:48:37] [HOUSE]   RPC https://base-rpc.publicno failed: Error: Failed to estimate gas: server returned an error response: error code -32000: insufficient funds for transfer

[19:48:38] [HOUSE]   Send empty (attempt 1)
[19:48:40] [HOUSE]   RPC https://base-mainnet.core failed: Error: Failed to estimate gas: server returned an error response: error code -32000: insufficient funds for transfer

[19:48:41] [HOUSE]   RPC https://base.drpc.org failed: Error: Failed to estimate gas: server returned an error response: error code -32003: insufficient funds for gas * price 
[19:48:43] [HOUSE]   RPC https://base-rpc.publicno failed: Error: Failed to estimate gas: server returned an error response: error code -32000: insufficient funds for transfer

[19:48:44] [HOUSE]   Send empty (attempt 2)
[19:48:47] [HOUSE]   RPC https://base-mainnet.core failed: Error: Failed to estimate gas: server returned an error response: error code -32000: insufficient funds for transfer

[19:48:48] [HOUSE]   RPC https://base.drpc.org failed: Error: Failed to estimate gas: server returned an error response: error code -32003: insufficient funds for gas * price 
[19:48:50] [HOUSE]   RPC https://base-rpc.publicno failed: Error: Failed to estimate gas: server returned an error response: error code -32000: insufficient funds for transfer

[19:48:51] [HOUSE]   Send empty (attempt 3)
[19:48:52] [HOUSE]   UNDER FAILED
[19:49:54] [HOUSE] Skip 0x50456Ee2cC — lockTime passed (16s ago)
[19:53:03] [HOUSE] Seeding 0x8ecC59BaDb...
[19:53:04] [HOUSE]   RPC https://base-mainnet.core failed: Error: Failed to estimate gas: server returned an error response: error code -32000: insufficient funds for transfer

[19:53:05] [HOUSE]   RPC https://base.drpc.org failed: Error: Failed to estimate gas: server returned an error response: error code -32003: insufficient funds for gas * price 
[19:53:07] [HOUSE]   RPC https://base-rpc.publicno failed: Error: Failed to estimate gas: server returned an error response: error code -32000: insufficient funds for transfer

[19:53:07] [HOUSE]   Send empty (attempt 1)
[19:53:10] [HOUSE]   RPC https://base-mainnet.core failed: Error: Failed to estimate gas: server returned an error response: error code -32000: insufficient funds for transfer

[19:53:10] [HOUSE]   RPC https://base.drpc.org failed: Error: Failed to estimate gas: server returned an error response: error code -32003: insufficient funds for gas * price 
[19:53:13] [HOUSE]   RPC https://base-rpc.publicno failed: Error: Failed to estimate gas: server returned an error response: error code -32000: insufficient funds for transfer

[19:53:14] [HOUSE]   Send empty (attempt 2)
[19:53:16] [HOUSE]   RPC https://base-mainnet.core failed: Error: Failed to estimate gas: server returned an error response: error code -32000: insufficient funds for transfer

[19:53:17] [HOUSE]   RPC https://base.drpc.org failed: Error: Failed to estimate gas: server returned an error response: error code -32003: insufficient funds for gas * price 
[19:53:22] [HOUSE]   RPC https://base-rpc.publicno failed: Error: Failed to estimate gas: server returned an error response: error code -32000: insufficient funds for transfer

[19:53:23] [HOUSE]   Send empty (attempt 3)
[19:53:24] [HOUSE]   UNDER FAILED
[19:54:26] [HOUSE] Seeding 0x8ecC59BaDb...
[19:54:27] [HOUSE]   RPC https://base-mainnet.core failed: Error: Failed to estimate gas: server returned an error response: error code -32000: insufficient funds for transfer

[19:54:28] [HOUSE]   RPC https://base.drpc.org failed: Error: Failed to estimate gas: server returned an error response: error code -32003: insufficient funds for gas * price 
[19:54:48] [HOUSE]   RPC https://base-rpc.publicno timeout
[19:54:48] [HOUSE]   Send empty (attempt 1)
[19:54:51] [HOUSE]   RPC https://base-mainnet.core failed: Error: Failed to estimate gas: server returned an error response: error code -32000: insufficient funds for transfer

[19:54:52] [HOUSE]   RPC https://base.drpc.org failed: Error: Failed to estimate gas: server returned an error response: error code -32003: insufficient funds for gas * price 
[19:54:56] [HOUSE]   RPC https://base-rpc.publicno failed: Error: Failed to estimate gas: server returned an error response: error code -32000: insufficient funds for transfer

[19:54:57] [HOUSE]   Send empty (attempt 2)
[19:54:59] [HOUSE]   RPC https://base-mainnet.core failed: Error: Failed to estimate gas: server returned an error response: error code -32000: insufficient funds for transfer

[19:55:01] [HOUSE]   RPC https://base.drpc.org failed: Error: Failed to estimate gas: server returned an error response: error code -32003: insufficient funds for gas * price 
[19:55:02] [HOUSE]   RPC https://base-rpc.publicno failed: Error: Failed to estimate gas: server returned an error response: error code -32000: insufficient funds for transfer

[19:55:03] [HOUSE]   Send empty (attempt 3)
[19:55:04] [HOUSE]   UNDER FAILED
[19:56:07] [HOUSE] Skip 0x8ecC59BaDb — lockTime passed (36s ago)
[19:59:00] [HOUSE] Seeding 0x89C1Ce9b73...
[19:59:01] [HOUSE]   RPC https://base-mainnet.core failed: Error: Failed to estimate gas: server returned an error response: error code -32000: insufficient funds for transfer

[19:59:02] [HOUSE]   RPC https://base.drpc.org failed: Error: Failed to estimate gas: server returned an error response: error code -32003: insufficient funds for gas * price 
[19:59:07] [HOUSE]   RPC https://base-rpc.publicno failed: Error: Failed to estimate gas: server returned an error response: error code -32000: insufficient funds for transfer

[19:59:08] [HOUSE]   Send empty (attempt 1)
[19:59:11] [HOUSE]   RPC https://base-mainnet.core failed: Error: Failed to estimate gas: server returned an error response: error code -32000: insufficient funds for transfer

[19:59:11] [HOUSE]   RPC https://base.drpc.org failed: Error: Failed to estimate gas: server returned an error response: error code -32003: insufficient funds for gas * price 
[19:59:17] [HOUSE]   RPC https://base-rpc.publicno failed: Error: Failed to estimate gas: server returned an error response: error code -32000: insufficient funds for transfer

[19:59:17] [HOUSE]   Send empty (attempt 2)
[19:59:20] [HOUSE]   RPC https://base-mainnet.core failed: Error: Failed to estimate gas: server returned an error response: error code -32000: insufficient funds for transfer

[19:59:20] [HOUSE]   RPC https://base.drpc.org failed: Error: Failed to estimate gas: server returned an error response: error code -32003: insufficient funds for gas * price 
[19:59:21] [HOUSE]   RPC https://base-rpc.publicno failed: Error: Failed to estimate gas: server returned an error response: error code -32000: insufficient funds for transfer

[19:59:22] [HOUSE]   Send empty (attempt 3)
[19:59:23] [HOUSE]   UNDER FAILED
[20:00:25] [HOUSE] Seeding 0x89C1Ce9b73...
[20:00:26] [HOUSE]   RPC https://base-mainnet.core failed: Error: Failed to estimate gas: server returned an error response: error code -32000: insufficient funds for transfer

[20:00:27] [HOUSE]   RPC https://base.drpc.org failed: Error: Failed to estimate gas: server returned an error response: error code -32003: insufficient funds for gas * price 
[20:00:33] [HOUSE]   RPC https://base-rpc.publicno failed: Error: Failed to estimate gas: server returned an error response: error code -32000: insufficient funds for transfer

[20:00:33] [HOUSE]   Send empty (attempt 1)
[20:00:36] [HOUSE]   RPC https://base-mainnet.core failed: Error: Failed to estimate gas: server returned an error response: error code -32000: insufficient funds for transfer

[20:00:37] [HOUSE]   RPC https://base.drpc.org failed: Error: Failed to estimate gas: server returned an error response: error code -32003: insufficient funds for gas * price 
[20:00:38] [HOUSE]   RPC https://base-rpc.publicno failed: Error: Failed to estimate gas: server returned an error response: error code -32000: insufficient funds for transfer

[20:00:39] [HOUSE]   Send empty (attempt 2)
[20:00:41] [HOUSE]   RPC https://base-mainnet.core failed: Error: Failed to estimate gas: server returned an error response: error code -32000: insufficient funds for transfer

[20:00:43] [HOUSE]   RPC https://base.drpc.org failed: Error: Failed to estimate gas: HTTP error 500 with body: {"id":3,"jsonrpc":"2.0","error":{"message":"Temporary internal 
[20:00:45] [HOUSE]   RPC https://base-rpc.publicno failed: Error: Failed to estimate gas: server returned an error response: error code -32000: insufficient funds for transfer

[20:00:46] [HOUSE]   Send empty (attempt 3)
[20:00:47] [HOUSE]   UNDER FAILED
[20:01:50] [HOUSE] Skip 0x89C1Ce9b73 — lockTime passed (23s ago)
[20:04:51] [HOUSE] Seeding 0x71D52a82ae...
[20:04:52] [HOUSE]   RPC https://base-mainnet.core failed: Error: Failed to estimate gas: server returned an error response: error code -32000: insufficient funds for transfer

[20:04:53] [HOUSE]   RPC https://base.drpc.org failed: Error: Failed to estimate gas: server returned an error response: error code -32003: insufficient funds for gas * price 
[20:04:59] [HOUSE]   RPC https://base-rpc.publicno failed: Error: Failed to estimate gas: server returned an error response: error code -32000: insufficient funds for transfer

[20:04:59] [HOUSE]   Send empty (attempt 1)
[20:05:02] [HOUSE]   RPC https://base-mainnet.core failed: Error: Failed to estimate gas: server returned an error response: error code -32000: insufficient funds for transfer

[20:05:03] [HOUSE]   RPC https://base.drpc.org failed: Error: Failed to estimate gas: server returned an error response: error code -32003: insufficient funds for gas * price 
[20:05:05] [HOUSE]   RPC https://base-rpc.publicno failed: Error: Failed to estimate gas: server returned an error response: error code -32000: insufficient funds for transfer

[20:05:05] [HOUSE]   Send empty (attempt 2)
[20:05:08] [HOUSE]   RPC https://base-mainnet.core failed: Error: Failed to estimate gas: server returned an error response: error code -32000: insufficient funds for transfer

[20:05:09] [HOUSE]   RPC https://base.drpc.org failed: Error: Failed to estimate gas: server returned an error response: error code -32003: insufficient funds for gas * price 
[20:05:16] [HOUSE]   RPC https://base-rpc.publicno failed: Error: Failed to estimate gas: server returned an error response: error code -32000: insufficient funds for transfer

[20:05:16] [HOUSE]   Send empty (attempt 3)
[20:05:17] [HOUSE]   UNDER FAILED
[20:06:21] [HOUSE] Seeding 0x71D52a82ae...
[20:06:22] [HOUSE]   RPC https://base-mainnet.core failed: Error: Failed to estimate gas: server returned an error response: error code -32000: insufficient funds for transfer

[20:06:23] [HOUSE]   RPC https://base.drpc.org failed: Error: Failed to estimate gas: server returned an error response: error code -32003: insufficient funds for gas * price 
[20:06:25] [HOUSE]   RPC https://base-rpc.publicno failed: Error: Failed to estimate gas: server returned an error response: error code -32000: insufficient funds for transfer

[20:06:25] [HOUSE]   Send empty (attempt 1)
[20:06:28] [HOUSE]   RPC https://base-mainnet.core failed: Error: Failed to estimate gas: server returned an error response: error code -32000: insufficient funds for transfer

[20:06:29] [HOUSE]   RPC https://base.drpc.org failed: Error: Failed to estimate gas: server returned an error response: error code -32003: insufficient funds for gas * price 
[20:06:31] [HOUSE]   RPC https://base-rpc.publicno failed: Error: Failed to estimate gas: server returned an error response: error code -32000: insufficient funds for transfer

[20:06:32] [HOUSE]   Send empty (attempt 2)
[20:06:34] [HOUSE]   RPC https://base-mainnet.core failed: Error: Failed to estimate gas: server returned an error response: error code -32000: insufficient funds for transfer

[20:06:35] [HOUSE]   RPC https://base.drpc.org failed: Error: Failed to estimate gas: server returned an error response: error code -32003: insufficient funds for gas * price 
[20:06:37] [HOUSE]   RPC https://base-rpc.publicno failed: Error: Failed to estimate gas: server returned an error response: error code -32000: insufficient funds for transfer

[20:06:37] [HOUSE]   Send empty (attempt 3)
[20:06:38] [HOUSE]   UNDER FAILED
[20:07:41] [HOUSE] Skip 0x71D52a82ae — lockTime passed (23s ago)
[20:10:46] [HOUSE] Seeding 0x2872D0bE24...
[20:10:47] [HOUSE]   RPC https://base-mainnet.core failed: Error: Failed to estimate gas: server returned an error response: error code -32000: insufficient funds for transfer

[20:10:49] [HOUSE]   RPC https://base.drpc.org failed: Error: Failed to estimate gas: HTTP error 500 with body: {"id":3,"jsonrpc":"2.0","error":{"message":"Temporary internal 
[20:10:50] [HOUSE]   RPC https://base-rpc.publicno failed: Error: Failed to estimate gas: server returned an error response: error code -32000: insufficient funds for transfer

[20:10:51] [HOUSE]   Send empty (attempt 1)
[20:10:54] [HOUSE]   RPC https://base-mainnet.core failed: Error: Failed to estimate gas: server returned an error response: error code -32000: insufficient funds for transfer

[20:10:56] [HOUSE]   RPC https://base.drpc.org failed: Error: Failed to estimate gas: HTTP error 500 with body: {"id":3,"jsonrpc":"2.0","error":{"message":"Temporary internal 
[20:10:57] [HOUSE]   RPC https://base-rpc.publicno failed: Error: Failed to estimate gas: server returned an error response: error code -32000: insufficient funds for transfer

[20:10:58] [HOUSE]   Send empty (attempt 2)
[20:11:01] [HOUSE]   RPC https://base-mainnet.core failed: Error: Failed to estimate gas: server returned an error response: error code -32000: insufficient funds for transfer

[20:11:02] [HOUSE]   RPC https://base.drpc.org failed: Error: Failed to estimate gas: server returned an error response: error code -32003: insufficient funds for gas * price 
[20:11:08] [HOUSE]   RPC https://base-rpc.publicno failed: Error: Failed to estimate gas: server returned an error response: error code -32000: insufficient funds for transfer

[20:11:09] [HOUSE]   Send empty (attempt 3)
[20:11:10] [HOUSE]   UNDER FAILED
[20:12:12] [HOUSE] Seeding 0x2872D0bE24...
[20:12:13] [HOUSE]   RPC https://base-mainnet.core failed: Error: Failed to estimate gas: server returned an error response: error code -32000: insufficient funds for transfer

[20:12:14] [HOUSE]   RPC https://base.drpc.org failed: Error: Failed to estimate gas: server returned an error response: error code -32003: insufficient funds for gas * price 
[20:12:16] [HOUSE]   RPC https://base-rpc.publicno failed: Error: Failed to estimate gas: server returned an error response: error code -32000: insufficient funds for transfer

[20:12:16] [HOUSE]   Send empty (attempt 1)
[20:12:19] [HOUSE]   RPC https://base-mainnet.core failed: Error: Failed to estimate gas: server returned an error response: error code -32000: insufficient funds for transfer

[20:12:20] [HOUSE]   RPC https://base.drpc.org failed: Error: Failed to estimate gas: server returned an error response: error code -32003: insufficient funds for gas * price 
[20:12:21] [HOUSE]   RPC https://base-rpc.publicno failed: Error: Failed to estimate gas: server returned an error response: error code -32000: insufficient funds for transfer

[20:12:22] [HOUSE]   Send empty (attempt 2)
[20:12:24] [HOUSE]   RPC https://base-mainnet.core failed: Error: Failed to estimate gas: server returned an error response: error code -32000: insufficient funds for transfer

[20:12:25] [HOUSE]   RPC https://base.drpc.org failed: Error: Failed to estimate gas: server returned an error response: error code -32003: insufficient funds for gas * price 
[20:12:29] [HOUSE]   RPC https://base-rpc.publicno failed: Error: Failed to estimate gas: server returned an error response: error code -32000: insufficient funds for transfer

[20:12:30] [HOUSE]   Send empty (attempt 3)
[20:12:31] [HOUSE]   UNDER FAILED
[20:13:32] [HOUSE] Skip 0x2872D0bE24 — lockTime passed (18s ago)
[20:16:38] [HOUSE] Seeding 0xBf329f79dD...
[20:16:39] [HOUSE]   RPC https://base-mainnet.core failed: Error: Failed to estimate gas: server returned an error response: error code -32000: insufficient funds for transfer

[20:16:40] [HOUSE]   RPC https://base.drpc.org failed: Error: Failed to estimate gas: server returned an error response: error code -32003: insufficient funds for gas * price 
[20:16:41] [HOUSE]   RPC https://base-rpc.publicno failed: Error: Failed to estimate gas: server returned an error response: error code -32000: insufficient funds for transfer

[20:16:42] [HOUSE]   Send empty (attempt 1)
[20:16:44] [HOUSE]   RPC https://base-mainnet.core failed: Error: Failed to estimate gas: server returned an error response: error code -32000: insufficient funds for transfer

[20:16:45] [HOUSE]   RPC https://base.drpc.org failed: Error: Failed to estimate gas: server returned an error response: error code -32003: insufficient funds for gas * price 
[20:16:48] [HOUSE]   RPC https://base-rpc.publicno failed: Error: Failed to estimate gas: server returned an error response: error code -32000: insufficient funds for transfer

[20:16:48] [HOUSE]   Send empty (attempt 2)
[20:16:50] [HOUSE]   RPC https://base-mainnet.core failed: Error: Failed to estimate gas: server returned an error response: error code -32000: insufficient funds for transfer

[20:16:52] [HOUSE]   RPC https://base.drpc.org failed: Error: Failed to estimate gas: server returned an error response: error code -32003: insufficient funds for gas * price 
[20:16:53] [HOUSE]   RPC https://base-rpc.publicno failed: Error: Failed to estimate gas: server returned an error response: error code -32000: insufficient funds for transfer

[20:16:53] [HOUSE]   Send empty (attempt 3)
[20:16:54] [HOUSE]   UNDER FAILED
[20:17:56] [HOUSE] Seeding 0xBf329f79dD...
[20:17:57] [HOUSE]   RPC https://base-mainnet.core failed: Error: Failed to estimate gas: server returned an error response: error code -32000: insufficient funds for transfer

[20:17:58] [HOUSE]   RPC https://base.drpc.org failed: Error: Failed to estimate gas: server returned an error response: error code -32003: insufficient funds for gas * price 
[20:18:02] [HOUSE]   RPC https://base-rpc.publicno failed: Error: Failed to estimate gas: server returned an error response: error code -32000: insufficient funds for transfer

[20:18:02] [HOUSE]   Send empty (attempt 1)
[20:18:05] [HOUSE]   RPC https://base-mainnet.core failed: Error: Failed to estimate gas: server returned an error response: error code -32000: insufficient funds for transfer

[20:18:05] [HOUSE]   RPC https://base.drpc.org failed: Error: Failed to estimate gas: server returned an error response: error code -32003: insufficient funds for gas * price 
[20:18:09] [HOUSE]   RPC https://base-rpc.publicno failed: Error: Failed to estimate gas: server returned an error response: error code -32000: insufficient funds for transfer

[20:18:10] [HOUSE]   Send empty (attempt 2)
[20:18:12] [HOUSE]   RPC https://base-mainnet.core failed: Error: Failed to estimate gas: server returned an error response: error code -32000: insufficient funds for transfer

[20:18:13] [HOUSE]   RPC https://base.drpc.org failed: Error: Failed to estimate gas: server returned an error response: error code -32003: insufficient funds for gas * price 
[20:18:15] [HOUSE]   RPC https://base-rpc.publicno failed: Error: Failed to estimate gas: server returned an error response: error code -32000: insufficient funds for transfer

[20:18:15] [HOUSE]   Send empty (attempt 3)
[20:18:16] [HOUSE]   UNDER FAILED
[20:19:19] [HOUSE] Skip 0xBf329f79dD — lockTime passed (12s ago)
[20:22:34] [HOUSE] Seeding 0xc84f4A8e37...
[20:22:35] [HOUSE]   RPC https://base-mainnet.core failed: Error: Failed to estimate gas: server returned an error response: error code -32000: insufficient funds for transfer

[20:22:36] [HOUSE]   RPC https://base.drpc.org failed: Error: Failed to estimate gas: server returned an error response: error code -32003: insufficient funds for gas * price 
[20:22:37] [HOUSE]   RPC https://base-rpc.publicno failed: Error: Failed to estimate gas: server returned an error response: error code -32000: insufficient funds for transfer

[20:22:38] [HOUSE]   Send empty (attempt 1)
[20:22:40] [HOUSE]   RPC https://base-mainnet.core failed: Error: Failed to estimate gas: server returned an error response: error code -32000: insufficient funds for transfer

[20:22:41] [HOUSE]   RPC https://base.drpc.org failed: Error: Failed to estimate gas: server returned an error response: error code -32003: insufficient funds for gas * price 
[20:22:47] [HOUSE]   RPC https://base-rpc.publicno failed: Error: Failed to estimate gas: server returned an error response: error code -32000: insufficient funds for transfer

[20:22:47] [HOUSE]   Send empty (attempt 2)
[20:22:50] [HOUSE]   RPC https://base-mainnet.core failed: Error: Failed to estimate gas: server returned an error response: error code -32000: insufficient funds for transfer

[20:22:51] [HOUSE]   RPC https://base.drpc.org failed: Error: Failed to estimate gas: server returned an error response: error code -32003: insufficient funds for gas * price 
[20:22:53] [HOUSE]   RPC https://base-rpc.publicno failed: Error: Failed to estimate gas: server returned an error response: error code -32000: insufficient funds for transfer

[20:22:53] [HOUSE]   Send empty (attempt 3)
[20:22:54] [HOUSE]   UNDER FAILED
[20:23:57] [HOUSE] Seeding 0xc84f4A8e37...
[20:23:58] [HOUSE]   RPC https://base-mainnet.core failed: Error: Failed to estimate gas: server returned an error response: error code -32000: insufficient funds for transfer

[20:23:59] [HOUSE]   RPC https://base.drpc.org failed: Error: Failed to estimate gas: server returned an error response: error code -32003: insufficient funds for gas * price 
[20:24:00] [HOUSE]   RPC https://base-rpc.publicno failed: Error: Failed to estimate gas: server returned an error response: error code -32000: insufficient funds for transfer

[20:24:01] [HOUSE]   Send empty (attempt 1)
[20:24:03] [HOUSE]   RPC https://base-mainnet.core failed: Error: Failed to estimate gas: server returned an error response: error code -32000: insufficient funds for transfer

[20:24:04] [HOUSE]   RPC https://base.drpc.org failed: Error: Failed to estimate gas: server returned an error response: error code -32003: insufficient funds for gas * price 
[20:24:07] [HOUSE]   RPC https://base-rpc.publicno failed: Error: Failed to estimate gas: server returned an error response: error code -32000: insufficient funds for transfer

[20:24:08] [HOUSE]   Send empty (attempt 2)
[20:24:10] [HOUSE]   RPC https://base-mainnet.core failed: Error: Failed to estimate gas: server returned an error response: error code -32000: insufficient funds for transfer

[20:24:11] [HOUSE]   RPC https://base.drpc.org failed: Error: Failed to estimate gas: server returned an error response: error code -32003: insufficient funds for gas * price 
[20:24:13] [HOUSE]   RPC https://base-rpc.publicno failed: Error: Failed to estimate gas: server returned an error response: error code -32000: insufficient funds for transfer

[20:24:14] [HOUSE]   Send empty (attempt 3)
[20:24:15] [HOUSE]   UNDER FAILED
[20:25:18] [HOUSE] Skip 0xc84f4A8e37 — lockTime passed (18s ago)
[20:28:26] [HOUSE] Seeding 0x136E201667...
[20:28:27] [HOUSE]   RPC https://base-mainnet.core failed: Error: Failed to estimate gas: server returned an error response: error code -32000: insufficient funds for transfer

[20:28:28] [HOUSE]   RPC https://base.drpc.org failed: Error: Failed to estimate gas: server returned an error response: error code -32003: insufficient funds for gas * price 
[20:28:32] [HOUSE]   RPC https://base-rpc.publicno failed: Error: Failed to estimate gas: server returned an error response: error code -32000: insufficient funds for transfer

[20:28:33] [HOUSE]   Send empty (attempt 1)
[20:28:35] [HOUSE]   RPC https://base-mainnet.core failed: Error: Failed to estimate gas: server returned an error response: error code -32000: insufficient funds for transfer

[20:28:36] [HOUSE]   RPC https://base.drpc.org failed: Error: Failed to estimate gas: server returned an error response: error code -32003: insufficient funds for gas * price 
[20:28:40] [HOUSE]   RPC https://base-rpc.publicno failed: Error: Failed to estimate gas: server returned an error response: error code -32000: insufficient funds for transfer

[20:28:40] [HOUSE]   Send empty (attempt 2)
[20:28:43] [HOUSE]   RPC https://base-mainnet.core failed: Error: Failed to estimate gas: server returned an error response: error code -32000: insufficient funds for transfer

[20:28:44] [HOUSE]   RPC https://base.drpc.org failed: Error: Failed to estimate gas: server returned an error response: error code -32003: insufficient funds for gas * price 
[20:28:45] [HOUSE]   RPC https://base-rpc.publicno failed: Error: Failed to estimate gas: server returned an error response: error code -32000: insufficient funds for transfer

[20:28:45] [HOUSE]   Send empty (attempt 3)
[20:28:46] [HOUSE]   UNDER FAILED
[20:29:49] [HOUSE] Seeding 0x136E201667...
[20:29:50] [HOUSE]   RPC https://base-mainnet.core failed: Error: Failed to estimate gas: server returned an error response: error code -32000: insufficient funds for transfer

[20:29:51] [HOUSE]   RPC https://base.drpc.org failed: Error: Failed to estimate gas: server returned an error response: error code -32003: insufficient funds for gas * price 
[20:29:52] [HOUSE]   RPC https://base-rpc.publicno failed: Error: Failed to estimate gas: server returned an error response: error code -32000: insufficient funds for transfer

[20:29:53] [HOUSE]   Send empty (attempt 1)
[20:29:56] [HOUSE]   RPC https://base-mainnet.core failed: Error: Failed to estimate gas: server returned an error response: error code -32000: insufficient funds for transfer

[20:29:57] [HOUSE]   RPC https://base.drpc.org failed: Error: Failed to estimate gas: server returned an error response: error code -32003: insufficient funds for gas * price 
[20:29:58] [HOUSE]   RPC https://base-rpc.publicno failed: Error: Failed to estimate gas: server returned an error response: error code -32000: insufficient funds for transfer

[20:29:59] [HOUSE]   Send empty (attempt 2)
[20:30:01] [HOUSE]   RPC https://base-mainnet.core failed: Error: Failed to estimate gas: server returned an error response: error code -32000: insufficient funds for transfer

[20:30:02] [HOUSE]   RPC https://base.drpc.org failed: Error: Failed to estimate gas: server returned an error response: error code -32003: insufficient funds for gas * price 
[20:30:07] [HOUSE]   RPC https://base-rpc.publicno failed: Error: Failed to estimate gas: server returned an error response: error code -32000: insufficient funds for transfer

[20:30:07] [HOUSE]   Send empty (attempt 3)
[20:30:08] [HOUSE]   UNDER FAILED
[20:31:11] [HOUSE] Skip 0x136E201667 — lockTime passed (19s ago)
[20:34:20] [HOUSE] Seeding 0x74e60E37f6...
[20:34:21] [HOUSE]   RPC https://base-mainnet.core failed: Error: Failed to estimate gas: server returned an error response: error code -32000: insufficient funds for transfer

[20:34:22] [HOUSE]   RPC https://base.drpc.org failed: Error: Failed to estimate gas: server returned an error response: error code -32003: insufficient funds for gas * price 
[20:34:25] [HOUSE]   RPC https://base-rpc.publicno failed: Error: Failed to estimate gas: server returned an error response: error code -32000: insufficient funds for transfer

[20:34:25] [HOUSE]   Send empty (attempt 1)
[20:34:28] [HOUSE]   RPC https://base-mainnet.core failed: Error: Failed to estimate gas: server returned an error response: error code -32000: insufficient funds for transfer

[20:34:48] [HOUSE]   RPC https://base.drpc.org timeout
[20:34:51] [HOUSE]   RPC https://base-rpc.publicno failed: Error: Failed to estimate gas: server returned an error response: error code -32000: insufficient funds for transfer

[20:34:52] [HOUSE]   Send empty (attempt 2)
[20:34:55] [HOUSE]   RPC https://base-mainnet.core failed: Error: Failed to estimate gas: server returned an error response: error code -32000: insufficient funds for transfer

[20:34:56] [HOUSE]   RPC https://base.drpc.org failed: Error: Failed to estimate gas: server returned an error response: error code -32003: insufficient funds for gas * price 
[20:34:58] [HOUSE]   RPC https://base-rpc.publicno failed: Error: Failed to estimate gas: server returned an error response: error code -32000: insufficient funds for transfer

[20:34:59] [HOUSE]   Send empty (attempt 3)
[20:35:00] [HOUSE]   UNDER FAILED
[20:36:03] [HOUSE] Seeding 0x74e60E37f6...
[20:36:04] [HOUSE]   RPC https://base-mainnet.core failed: Error: Failed to estimate gas: server returned an error response: error code -32000: insufficient funds for transfer

[20:36:05] [HOUSE]   RPC https://base.drpc.org failed: Error: Failed to estimate gas: server returned an error response: error code -32003: insufficient funds for gas * price 
[20:36:07] [HOUSE]   RPC https://base-rpc.publicno failed: Error: Failed to estimate gas: server returned an error response: error code -32000: insufficient funds for transfer

[20:36:08] [HOUSE]   Send empty (attempt 1)
[20:36:10] [HOUSE]   RPC https://base-mainnet.core failed: Error: Failed to estimate gas: server returned an error response: error code -32000: insufficient funds for transfer

[20:36:11] [HOUSE]   RPC https://base.drpc.org failed: Error: Failed to estimate gas: server returned an error response: error code -32003: insufficient funds for gas * price 
[20:36:17] [HOUSE]   RPC https://base-rpc.publicno failed: Error: Failed to estimate gas: server returned an error response: error code -32000: insufficient funds for transfer

[20:36:18] [HOUSE]   Send empty (attempt 2)
[20:36:21] [HOUSE]   RPC https://base-mainnet.core failed: Error: Failed to estimate gas: server returned an error response: error code -32000: insufficient funds for transfer

[20:36:21] [HOUSE]   RPC https://base.drpc.org failed: Error: Failed to estimate gas: server returned an error response: error code -32003: insufficient funds for gas * price 
[20:36:24] [HOUSE]   RPC https://base-rpc.publicno failed: Error: Failed to estimate gas: server returned an error response: error code -32000: insufficient funds for transfer

[20:36:25] [HOUSE]   Send empty (attempt 3)
[20:36:26] [HOUSE]   UNDER FAILED
[20:37:28] [HOUSE] Skip 0x74e60E37f6 — lockTime passed (41s ago)
[20:40:12] [HOUSE] Seeding 0x84898da399...
[20:40:13] [HOUSE]   RPC https://base-mainnet.core failed: Error: Failed to estimate gas: server returned an error response: error code -32000: insufficient funds for transfer

[20:40:14] [HOUSE]   RPC https://base.drpc.org failed: Error: Failed to estimate gas: server returned an error response: error code -32003: insufficient funds for gas * price 
[20:40:18] [HOUSE]   RPC https://base-rpc.publicno failed: Error: Failed to estimate gas: server returned an error response: error code -32000: insufficient funds for transfer

[20:40:19] [HOUSE]   Send empty (attempt 1)
[20:40:21] [HOUSE]   RPC https://base-mainnet.core failed: Error: Failed to estimate gas: server returned an error response: error code -32000: insufficient funds for transfer

[20:40:22] [HOUSE]   RPC https://base.drpc.org failed: Error: Failed to estimate gas: server returned an error response: error code -32003: insufficient funds for gas * price 
[20:40:24] [HOUSE]   RPC https://base-rpc.publicno failed: Error: Failed to estimate gas: server returned an error response: error code -32000: insufficient funds for transfer

[20:40:25] [HOUSE]   Send empty (attempt 2)
[20:40:28] [HOUSE]   RPC https://base-mainnet.core failed: Error: Failed to estimate gas: server returned an error response: error code -32000: insufficient funds for transfer

[20:40:28] [HOUSE]   RPC https://base.drpc.org failed: Error: Failed to estimate gas: server returned an error response: error code -32003: insufficient funds for gas * price 
[20:40:31] [HOUSE]   RPC https://base-rpc.publicno failed: Error: Failed to estimate gas: server returned an error response: error code -32000: insufficient funds for transfer

[20:40:31] [HOUSE]   Send empty (attempt 3)
[20:40:32] [HOUSE]   UNDER FAILED
[20:41:35] [HOUSE] Seeding 0x84898da399...
[20:41:36] [HOUSE]   RPC https://base-mainnet.core failed: Error: Failed to estimate gas: server returned an error response: error code -32000: insufficient funds for transfer

[20:41:37] [HOUSE]   RPC https://base.drpc.org failed: Error: Failed to estimate gas: server returned an error response: error code -32003: insufficient funds for gas * price 
[20:41:38] [HOUSE]   RPC https://base-rpc.publicno failed: Error: Failed to estimate gas: server returned an error response: error code -32000: insufficient funds for transfer

[20:41:39] [HOUSE]   Send empty (attempt 1)
[20:41:42] [HOUSE]   RPC https://base-mainnet.core failed: Error: Failed to estimate gas: server returned an error response: error code -32000: insufficient funds for transfer

[20:41:43] [HOUSE]   RPC https://base.drpc.org failed: Error: Failed to estimate gas: server returned an error response: error code -32003: insufficient funds for gas * price 
[20:41:45] [HOUSE]   RPC https://base-rpc.publicno failed: Error: Failed to estimate gas: server returned an error response: error code -32000: insufficient funds for transfer

[20:41:46] [HOUSE]   Send empty (attempt 2)
[20:41:49] [HOUSE]   RPC https://base-mainnet.core failed: Error: Failed to estimate gas: server returned an error response: error code -32000: insufficient funds for transfer

[20:41:49] [HOUSE]   RPC https://base.drpc.org failed: Error: Failed to estimate gas: server returned an error response: error code -32003: insufficient funds for gas * price 
[20:41:52] [HOUSE]   RPC https://base-rpc.publicno failed: Error: Failed to estimate gas: server returned an error response: error code -32000: insufficient funds for transfer

[20:41:53] [HOUSE]   Send empty (attempt 3)
[20:41:54] [HOUSE]   UNDER FAILED
[20:42:58] [HOUSE] Skip 0x84898da399 — lockTime passed (17s ago)
[20:46:06] [HOUSE] Seeding 0x634cE9D1A8...
[20:46:07] [HOUSE]   RPC https://base-mainnet.core failed: Error: Failed to estimate gas: server returned an error response: error code -32000: insufficient funds for transfer

[20:46:08] [HOUSE]   RPC https://base.drpc.org failed: Error: Failed to estimate gas: server returned an error response: error code -32003: insufficient funds for gas * price 
[20:46:12] [HOUSE]   RPC https://base-rpc.publicno failed: Error: Failed to estimate gas: server returned an error response: error code -32000: insufficient funds for transfer

[20:46:12] [HOUSE]   Send empty (attempt 1)
[20:46:15] [HOUSE]   RPC https://base-mainnet.core failed: Error: Failed to estimate gas: server returned an error response: error code -32000: insufficient funds for transfer

[20:46:16] [HOUSE]   RPC https://base.drpc.org failed: Error: Failed to estimate gas: server returned an error response: error code -32003: insufficient funds for gas * price 
[20:46:20] [HOUSE]   RPC https://base-rpc.publicno failed: Error: Failed to estimate gas: server returned an error response: error code -32000: insufficient funds for transfer

[20:46:21] [HOUSE]   Send empty (attempt 2)
[20:46:23] [HOUSE]   RPC https://base-mainnet.core failed: Error: Failed to estimate gas: server returned an error response: error code -32000: insufficient funds for transfer

[20:46:24] [HOUSE]   RPC https://base.drpc.org failed: Error: Failed to estimate gas: server returned an error response: error code -32003: insufficient funds for gas * price 
[20:46:26] [HOUSE]   RPC https://base-rpc.publicno failed: Error: Failed to estimate gas: server returned an error response: error code -32000: insufficient funds for transfer

[20:46:26] [HOUSE]   Send empty (attempt 3)
[20:46:27] [HOUSE]   UNDER FAILED
[20:47:31] [HOUSE] Seeding 0x634cE9D1A8...
[20:47:33] [HOUSE]   RPC https://base-mainnet.core failed: Error: Failed to estimate gas: server returned an error response: error code -32000: insufficient funds for transfer

[20:47:33] [HOUSE]   RPC https://base.drpc.org failed: Error: Failed to estimate gas: server returned an error response: error code -32003: insufficient funds for gas * price 
[20:47:40] [HOUSE]   RPC https://base-rpc.publicno failed: Error: Failed to estimate gas: server returned an error response: error code -32000: insufficient funds for transfer

[20:47:41] [HOUSE]   Send empty (attempt 1)
[20:47:43] [HOUSE]   RPC https://base-mainnet.core failed: Error: Failed to estimate gas: server returned an error response: error code -32000: insufficient funds for transfer

[20:47:44] [HOUSE]   RPC https://base.drpc.org failed: Error: Failed to estimate gas: server returned an error response: error code -32003: insufficient funds for gas * price 
[20:47:45] [HOUSE]   RPC https://base-rpc.publicno failed: Error: Failed to estimate gas: server returned an error response: error code -32000: insufficient funds for transfer

[20:47:46] [HOUSE]   Send empty (attempt 2)
[20:47:49] [HOUSE]   RPC https://base-mainnet.core failed: Error: Failed to estimate gas: server returned an error response: error code -32000: insufficient funds for transfer

[20:47:50] [HOUSE]   RPC https://base.drpc.org failed: Error: Failed to estimate gas: server returned an error response: error code -32003: insufficient funds for gas * price 
[20:47:53] [HOUSE]   RPC https://base-rpc.publicno failed: Error: Failed to estimate gas: server returned an error response: error code -32000: insufficient funds for transfer

[20:47:53] [HOUSE]   Send empty (attempt 3)
[20:47:54] [HOUSE]   UNDER FAILED
[20:48:57] [HOUSE] Skip 0x634cE9D1A8 — lockTime passed (22s ago)
[20:51:59] [HOUSE] Seeding 0x8F4DB57Ab7...
[20:52:00] [HOUSE]   RPC https://base-mainnet.core failed: Error: Failed to estimate gas: server returned an error response: error code -32000: insufficient funds for transfer

[20:52:01] [HOUSE]   RPC https://base.drpc.org failed: Error: Failed to estimate gas: server returned an error response: error code -32003: insufficient funds for gas * price 
[20:52:03] [HOUSE]   RPC https://base-rpc.publicno failed: Error: Failed to estimate gas: server returned an error response: error code -32000: insufficient funds for transfer

[20:52:04] [HOUSE]   Send empty (attempt 1)
[20:52:06] [HOUSE]   RPC https://base-mainnet.core failed: Error: Failed to estimate gas: server returned an error response: error code -32000: insufficient funds for transfer

[20:52:07] [HOUSE]   RPC https://base.drpc.org failed: Error: Failed to estimate gas: server returned an error response: error code -32003: insufficient funds for gas * price 
[20:52:09] [HOUSE]   RPC https://base-rpc.publicno failed: Error: Failed to estimate gas: server returned an error response: error code -32000: insufficient funds for transfer

[20:52:10] [HOUSE]   Send empty (attempt 2)
[20:52:12] [HOUSE]   RPC https://base-mainnet.core failed: Error: Failed to estimate gas: server returned an error response: error code -32000: insufficient funds for transfer

[20:52:13] [HOUSE]   RPC https://base.drpc.org failed: Error: Failed to estimate gas: server returned an error response: error code -32003: insufficient funds for gas * price 
[20:52:22] [HOUSE]   RPC https://base-rpc.publicno failed: Error: Failed to estimate gas: server returned an error response: error code -32000: insufficient funds for transfer

[20:52:22] [HOUSE]   Send empty (attempt 3)
[20:52:23] [HOUSE]   UNDER FAILED
[20:53:27] [HOUSE] Seeding 0x8F4DB57Ab7...
[20:53:28] [HOUSE]   RPC https://base-mainnet.core failed: Error: Failed to estimate gas: server returned an error response: error code -32000: insufficient funds for transfer

[20:53:29] [HOUSE]   RPC https://base.drpc.org failed: Error: Failed to estimate gas: server returned an error response: error code -32003: insufficient funds for gas * price 
[20:53:34] [HOUSE]   RPC https://base-rpc.publicno failed: Error: Failed to estimate gas: server returned an error response: error code -32000: insufficient funds for transfer

[20:53:35] [HOUSE]   Send empty (attempt 1)
[20:53:37] [HOUSE]   RPC https://base-mainnet.core failed: Error: Failed to estimate gas: server returned an error response: error code -32000: insufficient funds for transfer

[20:53:38] [HOUSE]   RPC https://base.drpc.org failed: Error: Failed to estimate gas: server returned an error response: error code -32003: insufficient funds for gas * price 
[20:53:41] [HOUSE]   RPC https://base-rpc.publicno failed: Error: Failed to estimate gas: server returned an error response: error code -32000: insufficient funds for transfer

[20:53:42] [HOUSE]   Send empty (attempt 2)
[20:53:44] [HOUSE]   RPC https://base-mainnet.core failed: Error: Failed to estimate gas: server returned an error response: error code -32000: insufficient funds for transfer

[20:53:45] [HOUSE]   RPC https://base.drpc.org failed: Error: Failed to estimate gas: server returned an error response: error code -32003: insufficient funds for gas * price 
[20:53:54] [HOUSE]   RPC https://base-rpc.publicno failed: Error: Failed to estimate gas: server returned an error response: error code -32000: insufficient funds for transfer

[20:53:54] [HOUSE]   Send empty (attempt 3)
[20:53:55] [HOUSE]   UNDER FAILED
[20:54:57] [HOUSE] Skip 0x8F4DB57Ab7 — lockTime passed (30s ago)
[20:57:52] [HOUSE] Seeding 0xA1a6141eF2...
[20:57:53] [HOUSE]   RPC https://base-mainnet.core failed: Error: Failed to estimate gas: server returned an error response: error code -32000: insufficient funds for transfer

[20:57:54] [HOUSE]   RPC https://base.drpc.org failed: Error: Failed to estimate gas: server returned an error response: error code -32003: insufficient funds for gas * price 
[20:58:00] [HOUSE]   RPC https://base-rpc.publicno failed: Error: Failed to estimate gas: server returned an error response: error code -32000: insufficient funds for transfer

[20:58:01] [HOUSE]   Send empty (attempt 1)
[20:58:03] [HOUSE]   RPC https://base-mainnet.core failed: Error: Failed to estimate gas: server returned an error response: error code -32000: insufficient funds for transfer

[20:58:04] [HOUSE]   RPC https://base.drpc.org failed: Error: Failed to estimate gas: server returned an error response: error code -32003: insufficient funds for gas * price 
[20:58:06] [HOUSE]   RPC https://base-rpc.publicno failed: Error: Failed to estimate gas: server returned an error response: error code -32000: insufficient funds for transfer

[20:58:06] [HOUSE]   Send empty (attempt 2)
[20:58:09] [HOUSE]   RPC https://base-mainnet.core failed: Error: Failed to estimate gas: server returned an error response: error code -32000: insufficient funds for transfer

[20:58:10] [HOUSE]   RPC https://base.drpc.org failed: Error: Failed to estimate gas: server returned an error response: error code -32003: insufficient funds for gas * price 
[20:58:16] [HOUSE]   RPC https://base-rpc.publicno failed: Error: Failed to estimate gas: server returned an error response: error code -32000: insufficient funds for transfer

[20:58:16] [HOUSE]   Send empty (attempt 3)
[20:58:17] [HOUSE]   UNDER FAILED
[20:59:19] [HOUSE] Seeding 0xA1a6141eF2...
[20:59:20] [HOUSE]   RPC https://base-mainnet.core failed: Error: Failed to estimate gas: server returned an error response: error code -32000: insufficient funds for transfer

[20:59:21] [HOUSE]   RPC https://base.drpc.org failed: Error: Failed to estimate gas: server returned an error response: error code -32003: insufficient funds for gas * price 
[20:59:29] [HOUSE]   RPC https://base-rpc.publicno failed: Error: Failed to estimate gas: server returned an error response: error code -32000: insufficient funds for transfer

[20:59:30] [HOUSE]   Send empty (attempt 1)
[20:59:33] [HOUSE]   RPC https://base-mainnet.core failed: Error: Failed to estimate gas: server returned an error response: error code -32000: insufficient funds for transfer

[20:59:33] [HOUSE]   RPC https://base.drpc.org failed: Error: Failed to estimate gas: server returned an error response: error code -32003: insufficient funds for gas * price 
[20:59:35] [HOUSE]   RPC https://base-rpc.publicno failed: Error: Failed to estimate gas: server returned an error response: error code -32000: insufficient funds for transfer

[20:59:35] [HOUSE]   Send empty (attempt 2)
[20:59:38] [HOUSE]   RPC https://base-mainnet.core failed: Error: Failed to estimate gas: server returned an error response: error code -32000: insufficient funds for transfer

[20:59:39] [HOUSE]   RPC https://base.drpc.org failed: Error: Failed to estimate gas: server returned an error response: error code -32003: insufficient funds for gas * price 
[20:59:41] [HOUSE]   RPC https://base-rpc.publicno failed: Error: Failed to estimate gas: server returned an error response: error code -32000: insufficient funds for transfer

[20:59:42] [HOUSE]   Send empty (attempt 3)
[20:59:43] [HOUSE]   UNDER FAILED
[21:00:45] [HOUSE] Skip 0xA1a6141eF2 — lockTime passed (25s ago)
[21:03:48] [HOUSE] Seeding 0x2C391B8a3c...
[21:03:50] [HOUSE]   RPC https://base-mainnet.core failed: Error: Failed to estimate gas: server returned an error response: error code -32000: insufficient funds for transfer

[21:03:51] [HOUSE]   RPC https://base.drpc.org failed: Error: Failed to estimate gas: server returned an error response: error code -32003: insufficient funds for gas * price 
[21:03:53] [HOUSE]   RPC https://base-rpc.publicno failed: Error: Failed to estimate gas: server returned an error response: error code -32000: insufficient funds for transfer

[21:03:53] [HOUSE]   Send empty (attempt 1)
[21:03:56] [HOUSE]   RPC https://base-mainnet.core failed: Error: Failed to estimate gas: server returned an error response: error code -32000: insufficient funds for transfer

[21:03:57] [HOUSE]   RPC https://base.drpc.org failed: Error: Failed to estimate gas: server returned an error response: error code -32003: insufficient funds for gas * price 
[21:03:59] [HOUSE]   RPC https://base-rpc.publicno failed: Error: Failed to estimate gas: server returned an error response: error code -32000: insufficient funds for transfer

[21:04:00] [HOUSE]   Send empty (attempt 2)
[21:04:02] [HOUSE]   RPC https://base-mainnet.core failed: Error: Failed to estimate gas: server returned an error response: error code -32000: insufficient funds for transfer

[21:04:03] [HOUSE]   RPC https://base.drpc.org failed: Error: Failed to estimate gas: server returned an error response: error code -32003: insufficient funds for gas * price 
[21:04:04] [HOUSE]   RPC https://base-rpc.publicno failed: Error: Failed to estimate gas: server returned an error response: error code -32000: insufficient funds for transfer

[21:04:05] [HOUSE]   Send empty (attempt 3)
[21:04:06] [HOUSE]   UNDER FAILED
[21:05:08] [HOUSE] Seeding 0x2C391B8a3c...
[21:05:09] [HOUSE]   RPC https://base-mainnet.core failed: Error: Failed to estimate gas: server returned an error response: error code -32000: insufficient funds for transfer

[21:05:10] [HOUSE]   RPC https://base.drpc.org failed: Error: Failed to estimate gas: server returned an error response: error code -32003: insufficient funds for gas * price 
[21:05:12] [HOUSE]   RPC https://base-rpc.publicno failed: Error: Failed to estimate gas: server returned an error response: error code -32000: insufficient funds for transfer

[21:05:13] [HOUSE]   Send empty (attempt 1)
[21:05:15] [HOUSE]   RPC https://base-mainnet.core failed: Error: Failed to estimate gas: server returned an error response: error code -32000: insufficient funds for transfer

[21:05:16] [HOUSE]   RPC https://base.drpc.org failed: Error: Failed to estimate gas: server returned an error response: error code -32003: insufficient funds for gas * price 
[21:05:19] [HOUSE]   RPC https://base-rpc.publicno failed: Error: Failed to estimate gas: server returned an error response: error code -32000: insufficient funds for transfer

[21:05:20] [HOUSE]   Send empty (attempt 2)
[21:05:22] [HOUSE]   RPC https://base-mainnet.core failed: Error: Failed to estimate gas: server returned an error response: error code -32000: insufficient funds for transfer

[21:05:23] [HOUSE]   RPC https://base.drpc.org failed: Error: Failed to estimate gas: server returned an error response: error code -32003: insufficient funds for gas * price 
[21:05:24] [HOUSE]   RPC https://base-rpc.publicno failed: Error: Failed to estimate gas: server returned an error response: error code -32000: insufficient funds for transfer

[21:05:26] [HOUSE]   Send empty (attempt 3)
[21:05:27] [HOUSE]   UNDER FAILED
[21:06:29] [HOUSE] Skip 0x2C391B8a3c — lockTime passed (13s ago)
[21:09:42] [HOUSE] Seeding 0x02D284E9CC...
[21:09:44] [HOUSE]   RPC https://base-mainnet.core failed: Error: Failed to estimate gas: server returned an error response: error code -32000: insufficient funds for transfer

[21:09:45] [HOUSE]   RPC https://base.drpc.org failed: Error: Failed to estimate gas: server returned an error response: error code -32003: insufficient funds for gas * price 
[21:09:46] [HOUSE]   RPC https://base-rpc.publicno failed: Error: Failed to estimate gas: server returned an error response: error code -32000: insufficient funds for transfer

[21:09:47] [HOUSE]   Send empty (attempt 1)
[21:09:49] [HOUSE]   RPC https://base-mainnet.core failed: Error: Failed to estimate gas: server returned an error response: error code -32000: insufficient funds for transfer

[21:09:50] [HOUSE]   RPC https://base.drpc.org failed: Error: Failed to estimate gas: server returned an error response: error code -32003: insufficient funds for gas * price 
[21:09:52] [HOUSE]   RPC https://base-rpc.publicno failed: Error: Failed to estimate gas: server returned an error response: error code -32000: insufficient funds for transfer

[21:09:53] [HOUSE]   Send empty (attempt 2)
[21:09:55] [HOUSE]   RPC https://base-mainnet.core failed: Error: Failed to estimate gas: server returned an error response: error code -32000: insufficient funds for transfer

[21:09:56] [HOUSE]   RPC https://base.drpc.org failed: Error: Failed to estimate gas: server returned an error response: error code -32003: insufficient funds for gas * price 
[21:10:01] [HOUSE]   RPC https://base-rpc.publicno failed: Error: Failed to estimate gas: server returned an error response: error code -32000: insufficient funds for transfer

[21:10:01] [HOUSE]   Send empty (attempt 3)
[21:10:02] [HOUSE]   UNDER FAILED
[21:11:04] [HOUSE] Seeding 0x02D284E9CC...
[21:11:06] [HOUSE]   RPC https://base-mainnet.core failed: Error: Failed to estimate gas: server returned an error response: error code -32000: insufficient funds for transfer

[21:11:07] [HOUSE]   RPC https://base.drpc.org failed: Error: Failed to estimate gas: server returned an error response: error code -32003: insufficient funds for gas * price 
[21:11:15] [HOUSE]   RPC https://base-rpc.publicno failed: Error: Failed to estimate gas: server returned an error response: error code -32000: insufficient funds for transfer

[21:11:15] [HOUSE]   Send empty (attempt 1)
[21:11:18] [HOUSE]   RPC https://base-mainnet.core failed: Error: Failed to estimate gas: server returned an error response: error code -32000: insufficient funds for transfer

[21:11:19] [HOUSE]   RPC https://base.drpc.org failed: Error: Failed to estimate gas: server returned an error response: error code -32003: insufficient funds for gas * price 
[21:11:21] [HOUSE]   RPC https://base-rpc.publicno failed: Error: Failed to estimate gas: server returned an error response: error code -32000: insufficient funds for transfer

[21:11:21] [HOUSE]   Send empty (attempt 2)
[21:11:24] [HOUSE]   RPC https://base-mainnet.core failed: Error: Failed to estimate gas: server returned an error response: error code -32000: insufficient funds for transfer

[21:11:24] [HOUSE]   RPC https://base.drpc.org failed: Error: Failed to estimate gas: server returned an error response: error code -32003: insufficient funds for gas * price 
[21:11:31] [HOUSE]   RPC https://base-rpc.publicno failed: Error: Failed to estimate gas: server returned an error response: error code -32000: insufficient funds for transfer

[21:11:32] [HOUSE]   Send empty (attempt 3)
[21:11:33] [HOUSE]   UNDER FAILED
[21:12:36] [HOUSE] Skip 0x02D284E9CC — lockTime passed (27s ago)
[21:15:39] [HOUSE] Seeding 0x14361D355F...
[21:15:40] [HOUSE]   RPC https://base-mainnet.core failed: Error: Failed to estimate gas: server returned an error response: error code -32000: insufficient funds for transfer

[21:15:41] [HOUSE]   RPC https://base.drpc.org failed: Error: Failed to estimate gas: server returned an error response: error code -32003: insufficient funds for gas * price 
[21:15:42] [HOUSE]   RPC https://base-rpc.publicno failed: Error: Failed to estimate gas: server returned an error response: error code -32000: insufficient funds for transfer

[21:15:43] [HOUSE]   Send empty (attempt 1)
[21:15:45] [HOUSE]   RPC https://base-mainnet.core failed: Error: Failed to estimate gas: server returned an error response: error code -32000: insufficient funds for transfer

[21:15:46] [HOUSE]   RPC https://base.drpc.org failed: Error: Failed to estimate gas: server returned an error response: error code -32003: insufficient funds for gas * price 
[21:15:48] [HOUSE]   RPC https://base-rpc.publicno failed: Error: Failed to estimate gas: server returned an error response: error code -32000: insufficient funds for transfer

[21:15:48] [HOUSE]   Send empty (attempt 2)
[21:15:51] [HOUSE]   RPC https://base-mainnet.core failed: Error: Failed to estimate gas: server returned an error response: error code -32000: insufficient funds for transfer

[21:15:51] [HOUSE]   RPC https://base.drpc.org failed: Error: Failed to estimate gas: server returned an error response: error code -32003: insufficient funds for gas * price 
[21:15:55] [HOUSE]   RPC https://base-rpc.publicno failed: Error: Failed to estimate gas: server returned an error response: error code -32000: insufficient funds for transfer

[21:15:56] [HOUSE]   Send empty (attempt 3)
[21:15:57] [HOUSE]   UNDER FAILED
[21:17:00] [HOUSE] Seeding 0x14361D355F...
[21:17:01] [HOUSE]   RPC https://base-mainnet.core failed: Error: Failed to estimate gas: server returned an error response: error code -32000: insufficient funds for transfer

[21:17:02] [HOUSE]   RPC https://base.drpc.org failed: Error: Failed to estimate gas: server returned an error response: error code -32003: insufficient funds for gas * price 
[21:17:05] [HOUSE]   RPC https://base-rpc.publicno failed: Error: Failed to estimate gas: server returned an error response: error code -32000: insufficient funds for transfer

[21:17:06] [HOUSE]   Send empty (attempt 1)
[21:17:08] [HOUSE]   RPC https://base-mainnet.core failed: Error: Failed to estimate gas: server returned an error response: error code -32000: insufficient funds for transfer

[21:17:09] [HOUSE]   RPC https://base.drpc.org failed: Error: Failed to estimate gas: server returned an error response: error code -32003: insufficient funds for gas * price 
[21:17:11] [HOUSE]   RPC https://base-rpc.publicno failed: Error: Failed to estimate gas: server returned an error response: error code -32000: insufficient funds for transfer

[21:17:12] [HOUSE]   Send empty (attempt 2)
[21:17:14] [HOUSE]   RPC https://base-mainnet.core failed: Error: Failed to estimate gas: server returned an error response: error code -32000: insufficient funds for transfer

[21:17:15] [HOUSE]   RPC https://base.drpc.org failed: Error: Failed to estimate gas: server returned an error response: error code -32003: insufficient funds for gas * price 
[21:17:20] [HOUSE]   RPC https://base-rpc.publicno failed: Error: Failed to estimate gas: server returned an error response: error code -32000: insufficient funds for transfer

[21:17:20] [HOUSE]   Send empty (attempt 3)
[21:17:21] [HOUSE]   UNDER FAILED
[21:18:23] [HOUSE] Skip 0x14361D355F — lockTime passed (16s ago)
[21:21:34] [HOUSE] Seeding 0xF848Da7345...
[21:21:36] [HOUSE]   RPC https://base-mainnet.core failed: Error: Failed to estimate gas: server returned an error response: error code -32000: insufficient funds for transfer

[21:21:37] [HOUSE]   RPC https://base.drpc.org failed: Error: Failed to estimate gas: server returned an error response: error code -32003: insufficient funds for gas * price 
[21:21:39] [HOUSE]   RPC https://base-rpc.publicno failed: Error: Failed to estimate gas: server returned an error response: error code -32000: insufficient funds for transfer

[21:21:40] [HOUSE]   Send empty (attempt 1)
[21:21:42] [HOUSE]   RPC https://base-mainnet.core failed: Error: Failed to estimate gas: server returned an error response: error code -32000: insufficient funds for transfer

[21:21:43] [HOUSE]   RPC https://base.drpc.org failed: Error: Failed to estimate gas: server returned an error response: error code -32003: insufficient funds for gas * price 
[21:21:44] [HOUSE]   RPC https://base-rpc.publicno failed: Error: Failed to estimate gas: server returned an error response: error code -32000: insufficient funds for transfer

[21:21:45] [HOUSE]   Send empty (attempt 2)
[21:21:48] [HOUSE]   RPC https://base-mainnet.core failed: Error: Failed to estimate gas: server returned an error response: error code -32000: insufficient funds for transfer

[21:21:48] [HOUSE]   RPC https://base.drpc.org failed: Error: Failed to estimate gas: server returned an error response: error code -32003: insufficient funds for gas * price 
[21:21:50] [HOUSE]   RPC https://base-rpc.publicno failed: Error: Failed to estimate gas: server returned an error response: error code -32000: insufficient funds for transfer

[21:21:51] [HOUSE]   Send empty (attempt 3)
[21:21:52] [HOUSE]   UNDER FAILED
[21:22:55] [HOUSE] Seeding 0xF848Da7345...
[21:22:56] [HOUSE]   RPC https://base-mainnet.core failed: Error: Failed to estimate gas: server returned an error response: error code -32000: insufficient funds for transfer

[21:22:57] [HOUSE]   RPC https://base.drpc.org failed: Error: Failed to estimate gas: server returned an error response: error code -32003: insufficient funds for gas * price 
[21:22:58] [HOUSE]   RPC https://base-rpc.publicno failed: Error: Failed to estimate gas: server returned an error response: error code -32000: insufficient funds for transfer

[21:22:59] [HOUSE]   Send empty (attempt 1)
[21:23:01] [HOUSE]   RPC https://base-mainnet.core failed: Error: Failed to estimate gas: server returned an error response: error code -32000: insufficient funds for transfer

[21:23:02] [HOUSE]   RPC https://base.drpc.org failed: Error: Failed to estimate gas: server returned an error response: error code -32003: insufficient funds for gas * price 
[21:23:03] [HOUSE]   RPC https://base-rpc.publicno failed: Error: Failed to estimate gas: server returned an error response: error code -32000: insufficient funds for transfer

[21:23:04] [HOUSE]   Send empty (attempt 2)
[21:23:06] [HOUSE]   RPC https://base-mainnet.core failed: Error: Failed to estimate gas: server returned an error response: error code -32000: insufficient funds for transfer

[21:23:07] [HOUSE]   RPC https://base.drpc.org failed: Error: Failed to estimate gas: server returned an error response: error code -32003: insufficient funds for gas * price 
[21:23:08] [HOUSE]   RPC https://base-rpc.publicno failed: Error: Failed to estimate gas: server returned an error response: error code -32000: insufficient funds for transfer

[21:23:09] [HOUSE]   Send empty (attempt 3)
[21:23:10] [HOUSE]   UNDER FAILED
[21:24:12] [HOUSE] Skip 0xF848Da7345 — lockTime passed (10s ago)
[21:27:29] [HOUSE] Seeding 0x369E86F013...
[21:27:30] [HOUSE]   RPC https://base-mainnet.core failed: Error: Failed to estimate gas: server returned an error response: error code -32000: insufficient funds for transfer

[21:27:31] [HOUSE]   RPC https://base.drpc.org failed: Error: Failed to estimate gas: server returned an error response: error code -32003: insufficient funds for gas * price 
[21:27:33] [HOUSE]   RPC https://base-rpc.publicno failed: Error: Failed to estimate gas: server returned an error response: error code -32000: insufficient funds for transfer

[21:27:33] [HOUSE]   Send empty (attempt 1)
[21:27:36] [HOUSE]   RPC https://base-mainnet.core failed: Error: Failed to estimate gas: server returned an error response: error code -32000: insufficient funds for transfer

[21:27:37] [HOUSE]   RPC https://base.drpc.org failed: Error: Failed to estimate gas: server returned an error response: error code -32003: insufficient funds for gas * price 
[21:27:40] [HOUSE]   RPC https://base-rpc.publicno failed: Error: Failed to estimate gas: server returned an error response: error code -32000: insufficient funds for transfer

[21:27:41] [HOUSE]   Send empty (attempt 2)
[21:27:43] [HOUSE]   RPC https://base-mainnet.core failed: Error: Failed to estimate gas: server returned an error response: error code -32000: insufficient funds for transfer

[21:27:44] [HOUSE]   RPC https://base.drpc.org failed: Error: Failed to estimate gas: server returned an error response: error code -32003: insufficient funds for gas * price 
[21:27:46] [HOUSE]   RPC https://base-rpc.publicno failed: Error: Failed to estimate gas: server returned an error response: error code -32000: insufficient funds for transfer

[21:27:46] [HOUSE]   Send empty (attempt 3)
[21:27:47] [HOUSE]   UNDER FAILED
[21:28:50] [HOUSE] Seeding 0x369E86F013...
[21:28:51] [HOUSE]   RPC https://base-mainnet.core failed: Error: Failed to estimate gas: server returned an error response: error code -32000: insufficient funds for transfer

[21:28:52] [HOUSE]   RPC https://base.drpc.org failed: Error: Failed to estimate gas: server returned an error response: error code -32003: insufficient funds for gas * price 
[21:28:55] [HOUSE]   RPC https://base-rpc.publicno failed: Error: Failed to estimate gas: server returned an error response: error code -32000: insufficient funds for transfer

[21:28:55] [HOUSE]   Send empty (attempt 1)
[21:28:58] [HOUSE]   RPC https://base-mainnet.core failed: Error: Failed to estimate gas: server returned an error response: error code -32000: insufficient funds for transfer

[21:28:59] [HOUSE]   RPC https://base.drpc.org failed: Error: Failed to estimate gas: server returned an error response: error code -32003: insufficient funds for gas * price 
[21:29:03] [HOUSE]   RPC https://base-rpc.publicno failed: Error: Failed to estimate gas: server returned an error response: error code -32000: insufficient funds for transfer

[21:29:03] [HOUSE]   Send empty (attempt 2)
[21:29:06] [HOUSE]   RPC https://base-mainnet.core failed: Error: Failed to estimate gas: server returned an error response: error code -32000: insufficient funds for transfer

[21:29:06] [HOUSE]   RPC https://base.drpc.org failed: Error: Failed to estimate gas: server returned an error response: error code -32003: insufficient funds for gas * price 
[21:29:07] [HOUSE]   RPC https://base-rpc.publicno failed: Error: Failed to estimate gas: server returned an error response: error code -32000: insufficient funds for transfer

[21:29:08] [HOUSE]   Send empty (attempt 3)
[21:29:09] [HOUSE]   UNDER FAILED
[21:30:12] [HOUSE] Skip 0x369E86F013 — lockTime passed (16s ago)
[21:33:20] [HOUSE] Seeding 0xE081682112...
[21:33:21] [HOUSE]   RPC https://base-mainnet.core failed: Error: Failed to estimate gas: server returned an error response: error code -32000: insufficient funds for transfer

[21:33:23] [HOUSE]   RPC https://base.drpc.org failed: Error: Failed to estimate gas: server returned an error response: error code -32003: insufficient funds for gas * price 
[21:33:24] [HOUSE]   RPC https://base-rpc.publicno failed: Error: Failed to estimate gas: server returned an error response: error code -32000: insufficient funds for transfer

[21:33:25] [HOUSE]   Send empty (attempt 1)
[21:33:27] [HOUSE]   RPC https://base-mainnet.core failed: Error: Failed to estimate gas: server returned an error response: error code -32000: insufficient funds for transfer

[21:33:28] [HOUSE]   RPC https://base.drpc.org failed: Error: Failed to estimate gas: server returned an error response: error code -32003: insufficient funds for gas * price 
[21:33:29] [HOUSE]   RPC https://base-rpc.publicno failed: Error: Failed to estimate gas: server returned an error response: error code -32000: insufficient funds for transfer

[21:33:30] [HOUSE]   Send empty (attempt 2)
[21:33:32] [HOUSE]   RPC https://base-mainnet.core failed: Error: Failed to estimate gas: server returned an error response: error code -32000: insufficient funds for transfer

[21:33:33] [HOUSE]   RPC https://base.drpc.org failed: Error: Failed to estimate gas: server returned an error response: error code -32003: insufficient funds for gas * price 
[21:33:34] [HOUSE]   RPC https://base-rpc.publicno failed: Error: Failed to estimate gas: server returned an error response: error code -32000: insufficient funds for transfer

[21:33:35] [HOUSE]   Send empty (attempt 3)
[21:33:36] [HOUSE]   UNDER FAILED
[21:34:38] [HOUSE] Seeding 0xE081682112...
[21:34:40] [HOUSE]   RPC https://base-mainnet.core failed: Error: Failed to estimate gas: server returned an error response: error code -32000: insufficient funds for transfer

[21:34:40] [HOUSE]   RPC https://base.drpc.org failed: Error: Failed to estimate gas: server returned an error response: error code -32003: insufficient funds for gas * price 
[21:34:42] [HOUSE]   RPC https://base-rpc.publicno failed: Error: Failed to estimate gas: server returned an error response: error code -32000: insufficient funds for transfer

[21:34:42] [HOUSE]   Send empty (attempt 1)
[21:34:45] [HOUSE]   RPC https://base-mainnet.core failed: Error: Failed to estimate gas: server returned an error response: error code -32000: insufficient funds for transfer

[21:34:46] [HOUSE]   RPC https://base.drpc.org failed: Error: Failed to estimate gas: server returned an error response: error code -32003: insufficient funds for gas * price 
[21:34:49] [HOUSE]   RPC https://base-rpc.publicno failed: Error: Failed to estimate gas: server returned an error response: error code -32000: insufficient funds for transfer

[21:34:49] [HOUSE]   Send empty (attempt 2)
[21:34:52] [HOUSE]   RPC https://base-mainnet.core failed: Error: Failed to estimate gas: server returned an error response: error code -32000: insufficient funds for transfer

[21:34:52] [HOUSE]   RPC https://base.drpc.org failed: Error: Failed to estimate gas: server returned an error response: error code -32003: insufficient funds for gas * price 
[21:34:54] [HOUSE]   RPC https://base-rpc.publicno failed: Error: Failed to estimate gas: server returned an error response: error code -32000: insufficient funds for transfer

[21:34:54] [HOUSE]   Send empty (attempt 3)
[21:34:55] [HOUSE]   UNDER FAILED
[21:35:58] [HOUSE] Skip 0xE081682112 — lockTime passed (9s ago)
[21:39:14] [HOUSE] Seeding 0x7cb37eaDbd...
[21:39:15] [HOUSE]   RPC https://base-mainnet.core failed: Error: Failed to estimate gas: server returned an error response: error code -32000: insufficient funds for transfer

[21:39:16] [HOUSE]   RPC https://base.drpc.org failed: Error: Failed to estimate gas: server returned an error response: error code -32003: insufficient funds for gas * price 
[21:39:17] [HOUSE]   RPC https://base-rpc.publicno failed: Error: Failed to estimate gas: server returned an error response: error code -32000: insufficient funds for transfer

[21:39:18] [HOUSE]   Send empty (attempt 1)
[21:39:21] [HOUSE]   RPC https://base-mainnet.core failed: Error: Failed to estimate gas: server returned an error response: error code -32000: insufficient funds for transfer

[21:39:22] [HOUSE]   RPC https://base.drpc.org failed: Error: Failed to estimate gas: server returned an error response: error code -32003: insufficient funds for gas * price 
[21:39:22] [HOUSE]   RPC https://base-rpc.publicno failed: Error: Failed to estimate gas: server returned an error response: error code -32000: insufficient funds for transfer

[21:39:23] [HOUSE]   Send empty (attempt 2)
[21:39:25] [HOUSE]   RPC https://base-mainnet.core failed: Error: Failed to estimate gas: server returned an error response: error code -32000: insufficient funds for transfer

[21:39:26] [HOUSE]   RPC https://base.drpc.org failed: Error: Failed to estimate gas: server returned an error response: error code -32003: insufficient funds for gas * price 
[21:39:29] [HOUSE]   RPC https://base-rpc.publicno failed: Error: Failed to estimate gas: server returned an error response: error code -32000: insufficient funds for transfer

[21:39:29] [HOUSE]   Send empty (attempt 3)
[21:39:30] [HOUSE]   UNDER FAILED
[21:40:33] [HOUSE] Seeding 0x7cb37eaDbd...
[21:40:34] [HOUSE]   RPC https://base-mainnet.core failed: Error: Failed to estimate gas: server returned an error response: error code -32000: insufficient funds for transfer

[21:40:35] [HOUSE]   RPC https://base.drpc.org failed: Error: Failed to estimate gas: server returned an error response: error code -32003: insufficient funds for gas * price 
[21:40:38] [HOUSE]   RPC https://base-rpc.publicno failed: Error: Failed to estimate gas: server returned an error response: error code -32000: insufficient funds for transfer

[21:40:39] [HOUSE]   Send empty (attempt 1)
[21:40:41] [HOUSE]   RPC https://base-mainnet.core failed: Error: Failed to estimate gas: server returned an error response: error code -32000: insufficient funds for transfer

[21:40:43] [HOUSE]   RPC https://base.drpc.org failed: Error: Failed to estimate gas: HTTP error 500 with body: {"id":3,"jsonrpc":"2.0","error":{"message":"Temporary internal 
[21:40:44] [HOUSE]   RPC https://base-rpc.publicno failed: Error: Failed to estimate gas: server returned an error response: error code -32000: insufficient funds for transfer

[21:40:45] [HOUSE]   Send empty (attempt 2)
[21:40:47] [HOUSE]   RPC https://base-mainnet.core failed: Error: Failed to estimate gas: server returned an error response: error code -32000: insufficient funds for transfer

[21:40:49] [HOUSE]   RPC https://base.drpc.org failed: Error: Failed to estimate gas: HTTP error 500 with body: {"id":3,"jsonrpc":"2.0","error":{"message":"Temporary internal 
[21:40:50] [HOUSE]   RPC https://base-rpc.publicno failed: Error: Failed to estimate gas: server returned an error response: error code -32000: insufficient funds for transfer

[21:40:51] [HOUSE]   Send empty (attempt 3)
[21:40:52] [HOUSE]   UNDER FAILED
[21:41:55] [HOUSE] Skip 0x7cb37eaDbd — lockTime passed (12s ago)
[21:45:09] [HOUSE] Seeding 0xEC60d81C5C...
[21:45:10] [HOUSE]   RPC https://base-mainnet.core failed: Error: Failed to estimate gas: server returned an error response: error code -32000: insufficient funds for transfer

[21:45:11] [HOUSE]   RPC https://base.drpc.org failed: Error: Failed to estimate gas: server returned an error response: error code -32003: insufficient funds for gas * price 
[21:45:13] [HOUSE]   RPC https://base-rpc.publicno failed: Error: Failed to estimate gas: server returned an error response: error code -32000: insufficient funds for transfer

[21:45:13] [HOUSE]   Send empty (attempt 1)
[21:45:16] [HOUSE]   RPC https://base-mainnet.core failed: Error: Failed to estimate gas: server returned an error response: error code -32000: insufficient funds for transfer

[21:45:17] [HOUSE]   RPC https://base.drpc.org failed: Error: Failed to estimate gas: server returned an error response: error code -32003: insufficient funds for gas * price 
[21:45:19] [HOUSE]   RPC https://base-rpc.publicno failed: Error: Failed to estimate gas: server returned an error response: error code -32000: insufficient funds for transfer

[21:45:20] [HOUSE]   Send empty (attempt 2)
[21:45:22] [HOUSE]   RPC https://base-mainnet.core failed: Error: Failed to estimate gas: server returned an error response: error code -32000: insufficient funds for transfer

[21:45:23] [HOUSE]   RPC https://base.drpc.org failed: Error: Failed to estimate gas: server returned an error response: error code -32003: insufficient funds for gas * price 
[21:45:25] [HOUSE]   RPC https://base-rpc.publicno failed: Error: Failed to estimate gas: server returned an error response: error code -32000: insufficient funds for transfer

[21:45:25] [HOUSE]   Send empty (attempt 3)
[21:45:26] [HOUSE]   UNDER FAILED
[21:46:28] [HOUSE] Seeding 0xEC60d81C5C...
[21:46:30] [HOUSE]   RPC https://base-mainnet.core failed: Error: Failed to estimate gas: server returned an error response: error code -32000: insufficient funds for transfer

[21:46:31] [HOUSE]   RPC https://base.drpc.org failed: Error: Failed to estimate gas: server returned an error response: error code -32003: insufficient funds for gas * price 
[21:46:32] [HOUSE]   RPC https://base-rpc.publicno failed: Error: Failed to estimate gas: server returned an error response: error code -32000: insufficient funds for transfer

[21:46:33] [HOUSE]   Send empty (attempt 1)
[21:46:35] [HOUSE]   RPC https://base-mainnet.core failed: Error: Failed to estimate gas: server returned an error response: error code -32000: insufficient funds for transfer

[21:46:36] [HOUSE]   RPC https://base.drpc.org failed: Error: Failed to estimate gas: server returned an error response: error code -32003: insufficient funds for gas * price 
[21:46:38] [HOUSE]   RPC https://base-rpc.publicno failed: Error: Failed to estimate gas: server returned an error response: error code -32000: insufficient funds for transfer

[21:46:39] [HOUSE]   Send empty (attempt 2)
[21:46:41] [HOUSE]   RPC https://base-mainnet.core failed: Error: Failed to estimate gas: server returned an error response: error code -32000: insufficient funds for transfer

[21:46:42] [HOUSE]   RPC https://base.drpc.org failed: Error: Failed to estimate gas: server returned an error response: error code -32003: insufficient funds for gas * price 
[21:46:43] [HOUSE]   RPC https://base-rpc.publicno failed: Error: Failed to estimate gas: server returned an error response: error code -32000: insufficient funds for transfer

[21:46:43] [HOUSE]   Send empty (attempt 3)
[21:46:44] [HOUSE]   UNDER FAILED
[21:47:45] [HOUSE] Skip 0xEC60d81C5C — lockTime passed (9s ago)
[21:51:01] [HOUSE] Seeding 0x18Ce1f2953...
[21:51:03] [HOUSE]   RPC https://base-mainnet.core failed: Error: Failed to estimate gas: server returned an error response: error code -32000: insufficient funds for transfer

[21:51:04] [HOUSE]   RPC https://base.drpc.org failed: Error: Failed to estimate gas: server returned an error response: error code -32003: insufficient funds for gas * price 
[21:51:07] [HOUSE]   RPC https://base-rpc.publicno failed: Error: Failed to estimate gas: server returned an error response: error code -32000: insufficient funds for transfer

[21:51:07] [HOUSE]   Send empty (attempt 1)
[21:51:10] [HOUSE]   RPC https://base-mainnet.core failed: Error: Failed to estimate gas: server returned an error response: error code -32000: insufficient funds for transfer

[21:51:11] [HOUSE]   RPC https://base.drpc.org failed: Error: Failed to estimate gas: server returned an error response: error code -32003: insufficient funds for gas * price 
[21:51:14] [HOUSE]   RPC https://base-rpc.publicno failed: Error: Failed to estimate gas: server returned an error response: error code -32000: insufficient funds for transfer

[21:51:14] [HOUSE]   Send empty (attempt 2)
[21:51:17] [HOUSE]   RPC https://base-mainnet.core failed: Error: Failed to estimate gas: server returned an error response: error code -32000: insufficient funds for transfer

[21:51:17] [HOUSE]   RPC https://base.drpc.org failed: Error: Failed to estimate gas: server returned an error response: error code -32003: insufficient funds for gas * price 
[21:51:18] [HOUSE]   RPC https://base-rpc.publicno failed: Error: Failed to estimate gas: server returned an error response: error code -32000: insufficient funds for transfer

[21:51:19] [HOUSE]   Send empty (attempt 3)
[21:51:20] [HOUSE]   UNDER FAILED
[21:52:22] [HOUSE] Seeding 0x18Ce1f2953...
[21:52:23] [HOUSE]   RPC https://base-mainnet.core failed: Error: Failed to estimate gas: server returned an error response: error code -32000: insufficient funds for transfer

[21:52:24] [HOUSE]   RPC https://base.drpc.org failed: Error: Failed to estimate gas: server returned an error response: error code -32003: insufficient funds for gas * price 
[21:52:26] [HOUSE]   RPC https://base-rpc.publicno failed: Error: Failed to estimate gas: server returned an error response: error code -32000: insufficient funds for transfer

[21:52:26] [HOUSE]   Send empty (attempt 1)
[21:52:29] [HOUSE]   RPC https://base-mainnet.core failed: Error: Failed to estimate gas: server returned an error response: error code -32000: insufficient funds for transfer

[21:52:29] [HOUSE]   RPC https://base.drpc.org failed: Error: Failed to estimate gas: server returned an error response: error code -32003: insufficient funds for gas * price 
[21:52:31] [HOUSE]   RPC https://base-rpc.publicno failed: Error: Failed to estimate gas: server returned an error response: error code -32000: insufficient funds for transfer

[21:52:31] [HOUSE]   Send empty (attempt 2)
[21:52:34] [HOUSE]   RPC https://base-mainnet.core failed: Error: Failed to estimate gas: server returned an error response: error code -32000: insufficient funds for transfer

[21:52:34] [HOUSE]   RPC https://base.drpc.org failed: Error: Failed to estimate gas: server returned an error response: error code -32003: insufficient funds for gas * price 
[21:52:37] [HOUSE]   RPC https://base-rpc.publicno failed: Error: Failed to estimate gas: server returned an error response: error code -32000: insufficient funds for transfer

[21:52:38] [HOUSE]   Send empty (attempt 3)
[21:52:39] [HOUSE]   UNDER FAILED
[21:53:41] [HOUSE] Skip 0x18Ce1f2953 — lockTime passed (13s ago)
[21:56:57] [HOUSE] Seeding 0x3DdfD1466F...
[21:56:58] [HOUSE]   RPC https://base-mainnet.core failed: Error: Failed to estimate gas: server returned an error response: error code -32000: insufficient funds for transfer

[21:56:59] [HOUSE]   RPC https://base.drpc.org failed: Error: Failed to estimate gas: server returned an error response: error code -32003: insufficient funds for gas * price 
[21:57:00] [HOUSE]   RPC https://base-rpc.publicno failed: Error: Failed to estimate gas: server returned an error response: error code -32000: insufficient funds for transfer

[21:57:01] [HOUSE]   Send empty (attempt 1)
[21:57:03] [HOUSE]   RPC https://base-mainnet.core failed: Error: Failed to estimate gas: server returned an error response: error code -32000: insufficient funds for transfer

[21:57:04] [HOUSE]   RPC https://base.drpc.org failed: Error: Failed to estimate gas: server returned an error response: error code -32003: insufficient funds for gas * price 
[21:57:10] [HOUSE]   RPC https://base-rpc.publicno failed: Error: Failed to estimate gas: server returned an error response: error code -32000: insufficient funds for transfer

[21:57:11] [HOUSE]   Send empty (attempt 2)
[21:57:13] [HOUSE]   RPC https://base-mainnet.core failed: Error: Failed to estimate gas: server returned an error response: error code -32000: insufficient funds for transfer

[21:57:13] [HOUSE]   RPC https://base.drpc.org failed: Error: Failed to estimate gas: server returned an error response: error code -32003: insufficient funds for gas * price 
[21:57:15] [HOUSE]   RPC https://base-rpc.publicno failed: Error: Failed to estimate gas: server returned an error response: error code -32000: insufficient funds for transfer

[21:57:16] [HOUSE]   Send empty (attempt 3)
[21:57:17] [HOUSE]   UNDER FAILED
[21:58:19] [HOUSE] Seeding 0x3DdfD1466F...
[21:58:20] [HOUSE]   RPC https://base-mainnet.core failed: Error: Failed to estimate gas: server returned an error response: error code -32000: insufficient funds for transfer

[21:58:21] [HOUSE]   RPC https://base.drpc.org failed: Error: Failed to estimate gas: server returned an error response: error code -32003: insufficient funds for gas * price 
[21:58:22] [HOUSE]   RPC https://base-rpc.publicno failed: Error: Failed to estimate gas: server returned an error response: error code -32000: insufficient funds for transfer

[21:58:23] [HOUSE]   Send empty (attempt 1)
[21:58:25] [HOUSE]   RPC https://base-mainnet.core failed: Error: Failed to estimate gas: server returned an error response: error code -32000: insufficient funds for transfer

[21:58:26] [HOUSE]   RPC https://base.drpc.org failed: Error: Failed to estimate gas: server returned an error response: error code -32003: insufficient funds for gas * price 
[21:58:28] [HOUSE]   RPC https://base-rpc.publicno failed: Error: Failed to estimate gas: server returned an error response: error code -32000: insufficient funds for transfer

[21:58:28] [HOUSE]   Send empty (attempt 2)
[21:58:30] [HOUSE]   RPC https://base-mainnet.core failed: Error: Failed to estimate gas: server returned an error response: error code -32000: insufficient funds for transfer

[21:58:31] [HOUSE]   RPC https://base.drpc.org failed: Error: Failed to estimate gas: server returned an error response: error code -32003: insufficient funds for gas * price 
[21:58:32] [HOUSE]   RPC https://base-rpc.publicno failed: Error: Failed to estimate gas: server returned an error response: error code -32000: insufficient funds for transfer

[21:58:33] [HOUSE]   Send empty (attempt 3)
[21:58:34] [HOUSE]   UNDER FAILED
[21:59:36] [HOUSE] Skip 0x3DdfD1466F — lockTime passed (11s ago)
[22:02:52] [HOUSE] Seeding 0x16df6d0454...
[22:02:53] [HOUSE]   RPC https://base-mainnet.core failed: Error: Failed to estimate gas: server returned an error response: error code -32000: insufficient funds for transfer

[22:02:54] [HOUSE]   RPC https://base.drpc.org failed: Error: Failed to estimate gas: server returned an error response: error code -32003: insufficient funds for gas * price 
[22:02:55] [HOUSE]   RPC https://base-rpc.publicno failed: Error: Failed to estimate gas: server returned an error response: error code -32000: insufficient funds for transfer

[22:02:56] [HOUSE]   Send empty (attempt 1)
[22:02:58] [HOUSE]   RPC https://base-mainnet.core failed: Error: Failed to estimate gas: server returned an error response: error code -32000: insufficient funds for transfer

[22:02:59] [HOUSE]   RPC https://base.drpc.org failed: Error: Failed to estimate gas: server returned an error response: error code -32003: insufficient funds for gas * price 
[22:03:01] [HOUSE]   RPC https://base-rpc.publicno failed: Error: Failed to estimate gas: server returned an error response: error code -32000: insufficient funds for transfer

[22:03:02] [HOUSE]   Send empty (attempt 2)
[22:03:04] [HOUSE]   RPC https://base-mainnet.core failed: Error: Failed to estimate gas: server returned an error response: error code -32000: insufficient funds for transfer

[22:03:05] [HOUSE]   RPC https://base.drpc.org failed: Error: Failed to estimate gas: server returned an error response: error code -32003: insufficient funds for gas * price 
[22:03:06] [HOUSE]   RPC https://base-rpc.publicno failed: Error: Failed to estimate gas: server returned an error response: error code -32000: insufficient funds for transfer

[22:03:07] [HOUSE]   Send empty (attempt 3)
[22:03:08] [HOUSE]   UNDER FAILED
[22:04:09] [HOUSE] Seeding 0x16df6d0454...
[22:04:11] [HOUSE]   RPC https://base-mainnet.core failed: Error: Failed to estimate gas: server returned an error response: error code -32000: insufficient funds for transfer

[22:04:12] [HOUSE]   RPC https://base.drpc.org failed: Error: Failed to estimate gas: server returned an error response: error code -32003: insufficient funds for gas * price 
[22:04:19] [HOUSE]   RPC https://base-rpc.publicno failed: Error: Failed to estimate gas: server returned an error response: error code -32000: insufficient funds for transfer

[22:04:19] [HOUSE]   Send empty (attempt 1)
[22:04:22] [HOUSE]   RPC https://base-mainnet.core failed: Error: Failed to estimate gas: server returned an error response: error code -32000: insufficient funds for transfer

[22:04:22] [HOUSE]   RPC https://base.drpc.org failed: Error: Failed to estimate gas: server returned an error response: error code -32003: insufficient funds for gas * price 
[22:04:24] [HOUSE]   RPC https://base-rpc.publicno failed: Error: Failed to estimate gas: server returned an error response: error code -32000: insufficient funds for transfer

[22:04:25] [HOUSE]   Send empty (attempt 2)
[22:04:27] [HOUSE]   RPC https://base-mainnet.core failed: Error: Failed to estimate gas: server returned an error response: error code -32000: insufficient funds for transfer

[22:04:28] [HOUSE]   RPC https://base.drpc.org failed: Error: Failed to estimate gas: server returned an error response: error code -32003: insufficient funds for gas * price 
[22:04:29] [HOUSE]   RPC https://base-rpc.publicno failed: Error: Failed to estimate gas: server returned an error response: error code -32000: insufficient funds for transfer

[22:04:30] [HOUSE]   Send empty (attempt 3)
[22:04:31] [HOUSE]   UNDER FAILED
[22:05:34] [HOUSE] Skip 0x16df6d0454 — lockTime passed (13s ago)
[22:08:49] [HOUSE] Seeding 0x28E58D5A0e...
[22:08:50] [HOUSE]   RPC https://base-mainnet.core failed: Error: Failed to estimate gas: server returned an error response: error code -32000: insufficient funds for transfer

[22:08:51] [HOUSE]   RPC https://base.drpc.org failed: Error: Failed to estimate gas: server returned an error response: error code -32003: insufficient funds for gas * price 
[22:08:53] [HOUSE]   RPC https://base-rpc.publicno failed: Error: Failed to estimate gas: server returned an error response: error code -32000: insufficient funds for transfer

[22:08:54] [HOUSE]   Send empty (attempt 1)
[22:08:56] [HOUSE]   RPC https://base-mainnet.core failed: Error: Failed to estimate gas: server returned an error response: error code -32000: insufficient funds for transfer

[22:08:58] [HOUSE]   RPC https://base.drpc.org failed: Error: Failed to estimate gas: server returned an error response: error code -32003: insufficient funds for gas * price 
[22:08:59] [HOUSE]   RPC https://base-rpc.publicno failed: Error: Failed to estimate gas: server returned an error response: error code -32000: insufficient funds for transfer

[22:08:59] [HOUSE]   Send empty (attempt 2)
[22:09:01] [HOUSE]   RPC https://base-mainnet.core failed: Error: Failed to estimate gas: server returned an error response: error code -32000: insufficient funds for transfer

[22:09:02] [HOUSE]   RPC https://base.drpc.org failed: Error: Failed to estimate gas: server returned an error response: error code -32003: insufficient funds for gas * price 
[22:09:04] [HOUSE]   RPC https://base-rpc.publicno failed: Error: Failed to estimate gas: server returned an error response: error code -32000: insufficient funds for transfer

[22:09:04] [HOUSE]   Send empty (attempt 3)
[22:09:05] [HOUSE]   UNDER FAILED
[22:10:07] [HOUSE] Seeding 0x28E58D5A0e...
[22:10:08] [HOUSE]   RPC https://base-mainnet.core failed: Error: Failed to estimate gas: server returned an error response: error code -32000: insufficient funds for transfer

[22:10:09] [HOUSE]   RPC https://base.drpc.org failed: Error: Failed to estimate gas: server returned an error response: error code -32003: insufficient funds for gas * price 
[22:10:11] [HOUSE]   RPC https://base-rpc.publicno failed: Error: Failed to estimate gas: server returned an error response: error code -32000: insufficient funds for transfer

[22:10:11] [HOUSE]   Send empty (attempt 1)
[22:10:13] [HOUSE]   RPC https://base-mainnet.core failed: Error: Failed to estimate gas: server returned an error response: error code -32000: insufficient funds for transfer

[22:10:14] [HOUSE]   RPC https://base.drpc.org failed: Error: Failed to estimate gas: server returned an error response: error code -32003: insufficient funds for gas * price 
[22:10:15] [HOUSE]   RPC https://base-rpc.publicno failed: Error: Failed to estimate gas: server returned an error response: error code -32000: insufficient funds for transfer

[22:10:16] [HOUSE]   Send empty (attempt 2)
[22:10:18] [HOUSE]   RPC https://base-mainnet.core failed: Error: Failed to estimate gas: server returned an error response: error code -32000: insufficient funds for transfer

[22:10:19] [HOUSE]   RPC https://base.drpc.org failed: Error: Failed to estimate gas: server returned an error response: error code -32003: insufficient funds for gas * price 
[22:10:23] [HOUSE]   RPC https://base-rpc.publicno failed: Error: Failed to estimate gas: server returned an error response: error code -32000: insufficient funds for transfer

[22:10:23] [HOUSE]   Send empty (attempt 3)
[22:10:24] [HOUSE]   UNDER FAILED
[22:11:26] [HOUSE] Skip 0x28E58D5A0e — lockTime passed (10s ago)
[22:14:41] [HOUSE] Seeding 0x486Faddd22...
[22:14:43] [HOUSE]   RPC https://base-mainnet.core failed: Error: Failed to estimate gas: server returned an error response: error code -32000: insufficient funds for transfer

[22:14:44] [HOUSE]   RPC https://base.drpc.org failed: Error: Failed to estimate gas: server returned an error response: error code -32003: insufficient funds for gas * price 
[22:14:46] [HOUSE]   RPC https://base-rpc.publicno failed: Error: Failed to estimate gas: server returned an error response: error code -32000: insufficient funds for transfer

[22:14:46] [HOUSE]   Send empty (attempt 1)
[22:14:49] [HOUSE]   RPC https://base-mainnet.core failed: Error: Failed to estimate gas: server returned an error response: error code -32000: insufficient funds for transfer

[22:14:50] [HOUSE]   RPC https://base.drpc.org failed: Error: Failed to estimate gas: server returned an error response: error code -32003: insufficient funds for gas * price 
[22:14:52] [HOUSE]   RPC https://base-rpc.publicno failed: Error: Failed to estimate gas: server returned an error response: error code -32000: insufficient funds for transfer

[22:14:53] [HOUSE]   Send empty (attempt 2)
[22:14:55] [HOUSE]   RPC https://base-mainnet.core failed: Error: Failed to estimate gas: server returned an error response: error code -32000: insufficient funds for transfer

[22:14:56] [HOUSE]   RPC https://base.drpc.org failed: Error: Failed to estimate gas: server returned an error response: error code -32003: insufficient funds for gas * price 
[22:14:57] [HOUSE]   RPC https://base-rpc.publicno failed: Error: Failed to estimate gas: server returned an error response: error code -32000: insufficient funds for transfer

[22:14:58] [HOUSE]   Send empty (attempt 3)
[22:14:59] [HOUSE]   UNDER FAILED
[22:16:01] [HOUSE] Seeding 0x486Faddd22...
[22:16:02] [HOUSE]   RPC https://base-mainnet.core failed: Error: Failed to estimate gas: server returned an error response: error code -32000: insufficient funds for transfer

[22:16:03] [HOUSE]   RPC https://base.drpc.org failed: Error: Failed to estimate gas: server returned an error response: error code -32003: insufficient funds for gas * price 
[22:16:04] [HOUSE]   RPC https://base-rpc.publicno failed: Error: Failed to estimate gas: server returned an error response: error code -32000: insufficient funds for transfer

[22:16:05] [HOUSE]   Send empty (attempt 1)
[22:16:07] [HOUSE]   RPC https://base-mainnet.core failed: Error: Failed to estimate gas: server returned an error response: error code -32000: insufficient funds for transfer

[22:16:08] [HOUSE]   RPC https://base.drpc.org failed: Error: Failed to estimate gas: server returned an error response: error code -32003: insufficient funds for gas * price 
[22:16:09] [HOUSE]   RPC https://base-rpc.publicno failed: Error: Failed to estimate gas: server returned an error response: error code -32000: insufficient funds for transfer

[22:16:10] [HOUSE]   Send empty (attempt 2)
[22:16:12] [HOUSE]   RPC https://base-mainnet.core failed: Error: Failed to estimate gas: server returned an error response: error code -32000: insufficient funds for transfer

[22:16:13] [HOUSE]   RPC https://base.drpc.org failed: Error: Failed to estimate gas: server returned an error response: error code -32003: insufficient funds for gas * price 
[22:16:14] [HOUSE]   RPC https://base-rpc.publicno failed: Error: Failed to estimate gas: server returned an error response: error code -32000: insufficient funds for transfer

[22:16:15] [HOUSE]   Send empty (attempt 3)
[22:16:16] [HOUSE]   UNDER FAILED
[22:17:18] [HOUSE] Skip 0x486Faddd22 — lockTime passed (8s ago)
[22:20:39] [HOUSE] Seeding 0x2E3762a118...
[22:20:40] [HOUSE]   RPC https://base-mainnet.core failed: Error: Failed to estimate gas: server returned an error response: error code -32000: insufficient funds for transfer

[22:20:42] [HOUSE]   RPC https://base.drpc.org failed: Error: Failed to estimate gas: HTTP error 500 with body: {"id":3,"jsonrpc":"2.0","error":{"message":"Temporary internal 
[22:20:44] [HOUSE]   RPC https://base-rpc.publicno failed: Error: Failed to estimate gas: server returned an error response: error code -32000: insufficient funds for transfer

[22:20:45] [HOUSE]   Send empty (attempt 1)
[22:20:47] [HOUSE]   RPC https://base-mainnet.core failed: Error: Failed to estimate gas: server returned an error response: error code -32000: insufficient funds for transfer

[22:20:49] [HOUSE]   RPC https://base.drpc.org failed: Error: Failed to estimate gas: HTTP error 500 with body: {"id":3,"jsonrpc":"2.0","error":{"message":"Temporary internal 
[22:20:56] [HOUSE]   RPC https://base-rpc.publicno failed: Error: Failed to estimate gas: server returned an error response: error code -32000: insufficient funds for transfer

[22:20:56] [HOUSE]   Send empty (attempt 2)
[22:20:58] [HOUSE]   RPC https://base-mainnet.core failed: Error: Failed to estimate gas: server returned an error response: error code -32000: insufficient funds for transfer

[22:21:00] [HOUSE]   RPC https://base.drpc.org failed: Error: Failed to estimate gas: server returned an error response: error code -32003: insufficient funds for gas * price 
[22:21:04] [HOUSE]   RPC https://base-rpc.publicno failed: Error: Failed to estimate gas: server returned an error response: error code -32000: insufficient funds for transfer

[22:21:04] [HOUSE]   Send empty (attempt 3)
[22:21:05] [HOUSE]   UNDER FAILED
[22:22:08] [HOUSE] Seeding 0x2E3762a118...
[22:22:09] [HOUSE]   RPC https://base-mainnet.core failed: Error: Failed to estimate gas: server returned an error response: error code -32000: insufficient funds for transfer

[22:22:10] [HOUSE]   RPC https://base.drpc.org failed: Error: Failed to estimate gas: server returned an error response: error code -32003: insufficient funds for gas * price 
[22:22:12] [HOUSE]   RPC https://base-rpc.publicno failed: Error: Failed to estimate gas: server returned an error response: error code -32000: insufficient funds for transfer

[22:22:13] [HOUSE]   Send empty (attempt 1)
[22:22:15] [HOUSE]   RPC https://base-mainnet.core failed: Error: Failed to estimate gas: server returned an error response: error code -32000: insufficient funds for transfer

[22:22:18] [HOUSE]   RPC https://base.drpc.org failed: Error: Failed to estimate gas: HTTP error 500 with body: {"id":3,"jsonrpc":"2.0","error":{"message":"Temporary internal 
[22:22:23] [HOUSE]   RPC https://base-rpc.publicno failed: Error: Failed to estimate gas: server returned an error response: error code -32000: insufficient funds for transfer

[22:22:23] [HOUSE]   Send empty (attempt 2)
[22:22:26] [HOUSE]   RPC https://base-mainnet.core failed: Error: Failed to estimate gas: server returned an error response: error code -32000: insufficient funds for transfer

[22:22:26] [HOUSE]   RPC https://base.drpc.org failed: Error: Failed to estimate gas: server returned an error response: error code -32003: insufficient funds for gas * price 
[22:22:28] [HOUSE]   RPC https://base-rpc.publicno failed: Error: Failed to estimate gas: server returned an error response: error code -32000: insufficient funds for transfer

[22:22:29] [HOUSE]   Send empty (attempt 3)
[22:22:30] [HOUSE]   UNDER FAILED
[22:23:32] [HOUSE] Skip 0x2E3762a118 — lockTime passed (25s ago)
[22:26:33] [HOUSE] Seeding 0x7eEE196DF1...
[22:26:34] [HOUSE]   RPC https://base-mainnet.core failed: Error: Failed to estimate gas: server returned an error response: error code -32000: insufficient funds for transfer

[22:26:35] [HOUSE]   RPC https://base.drpc.org failed: Error: Failed to estimate gas: server returned an error response: error code -32003: insufficient funds for gas * price 
[22:26:38] [HOUSE]   RPC https://base-rpc.publicno failed: Error: Failed to estimate gas: server returned an error response: error code -32000: insufficient funds for transfer

[22:26:38] [HOUSE]   Send empty (attempt 1)
[22:26:41] [HOUSE]   RPC https://base-mainnet.core failed: Error: Failed to estimate gas: server returned an error response: error code -32000: insufficient funds for transfer

[22:26:42] [HOUSE]   RPC https://base.drpc.org failed: Error: Failed to estimate gas: server returned an error response: error code -32003: insufficient funds for gas * price 
[22:26:44] [HOUSE]   RPC https://base-rpc.publicno failed: Error: Failed to estimate gas: server returned an error response: error code -32000: insufficient funds for transfer

[22:26:44] [HOUSE]   Send empty (attempt 2)
[22:26:47] [HOUSE]   RPC https://base-mainnet.core failed: Error: Failed to estimate gas: server returned an error response: error code -32000: insufficient funds for transfer

[22:26:47] [HOUSE]   RPC https://base.drpc.org failed: Error: Failed to estimate gas: server returned an error response: error code -32003: insufficient funds for gas * price 
[22:26:49] [HOUSE]   RPC https://base-rpc.publicno failed: Error: Failed to estimate gas: server returned an error response: error code -32000: insufficient funds for transfer

[22:26:50] [HOUSE]   Send empty (attempt 3)
[22:26:51] [HOUSE]   UNDER FAILED
[22:27:53] [HOUSE] Seeding 0x7eEE196DF1...
[22:27:54] [HOUSE]   RPC https://base-mainnet.core failed: Error: Failed to estimate gas: server returned an error response: error code -32000: insufficient funds for transfer

[22:27:55] [HOUSE]   RPC https://base.drpc.org failed: Error: Failed to estimate gas: server returned an error response: error code -32003: insufficient funds for gas * price 
[22:27:56] [HOUSE]   RPC https://base-rpc.publicno failed: Error: Failed to estimate gas: server returned an error response: error code -32000: insufficient funds for transfer

[22:27:57] [HOUSE]   Send empty (attempt 1)
[22:27:59] [HOUSE]   RPC https://base-mainnet.core failed: Error: Failed to estimate gas: server returned an error response: error code -32000: insufficient funds for transfer

[22:28:00] [HOUSE]   RPC https://base.drpc.org failed: Error: Failed to estimate gas: server returned an error response: error code -32003: insufficient funds for gas * price 
[22:28:02] [HOUSE]   RPC https://base-rpc.publicno failed: Error: Failed to estimate gas: server returned an error response: error code -32000: insufficient funds for transfer

[22:28:03] [HOUSE]   Send empty (attempt 2)
[22:28:06] [HOUSE]   RPC https://base-mainnet.core failed: Error: Failed to estimate gas: server returned an error response: error code -32000: insufficient funds for transfer

[22:28:07] [HOUSE]   RPC https://base.drpc.org failed: Error: Failed to estimate gas: server returned an error response: error code -32003: insufficient funds for gas * price 
[22:28:09] [HOUSE]   RPC https://base-rpc.publicno failed: Error: Failed to estimate gas: server returned an error response: error code -32000: insufficient funds for transfer

[22:28:10] [HOUSE]   Send empty (attempt 3)
[22:28:11] [HOUSE]   UNDER FAILED
[22:29:13] [HOUSE] Skip 0x7eEE196DF1 — lockTime passed (13s ago)
[22:32:32] [HOUSE] Seeding 0x84d3E75d37...
[22:32:34] [HOUSE]   RPC https://base-mainnet.core failed: Error: Failed to estimate gas: server returned an error response: error code -32000: insufficient funds for transfer

[22:32:35] [HOUSE]   RPC https://base.drpc.org failed: Error: Failed to estimate gas: server returned an error response: error code -32003: insufficient funds for gas * price 
[22:32:37] [HOUSE]   RPC https://base-rpc.publicno failed: Error: Failed to estimate gas: server returned an error response: error code -32000: insufficient funds for transfer

[22:32:38] [HOUSE]   Send empty (attempt 1)
[22:32:40] [HOUSE]   RPC https://base-mainnet.core failed: Error: Failed to estimate gas: server returned an error response: error code -32000: insufficient funds for transfer

[22:32:41] [HOUSE]   RPC https://base.drpc.org failed: Error: Failed to estimate gas: server returned an error response: error code -32003: insufficient funds for gas * price 
[22:32:42] [HOUSE]   RPC https://base-rpc.publicno failed: Error: Failed to estimate gas: server returned an error response: error code -32000: insufficient funds for transfer

[22:32:43] [HOUSE]   Send empty (attempt 2)
[22:32:45] [HOUSE]   RPC https://base-mainnet.core failed: Error: Failed to estimate gas: server returned an error response: error code -32000: insufficient funds for transfer

[22:32:46] [HOUSE]   RPC https://base.drpc.org failed: Error: Failed to estimate gas: server returned an error response: error code -32003: insufficient funds for gas * price 
[22:32:50] [HOUSE]   RPC https://base-rpc.publicno failed: Error: Failed to estimate gas: server returned an error response: error code -32000: insufficient funds for transfer

[22:32:51] [HOUSE]   Send empty (attempt 3)
[22:32:52] [HOUSE]   UNDER FAILED
[22:33:54] [HOUSE] Seeding 0x84d3E75d37...
[22:33:55] [HOUSE]   RPC https://base-mainnet.core failed: Error: Failed to estimate gas: server returned an error response: error code -32000: insufficient funds for transfer

[22:33:56] [HOUSE]   RPC https://base.drpc.org failed: Error: Failed to estimate gas: server returned an error response: error code -32003: insufficient funds for gas * price 
[22:33:58] [HOUSE]   RPC https://base-rpc.publicno failed: Error: Failed to estimate gas: server returned an error response: error code -32000: insufficient funds for transfer

[22:33:58] [HOUSE]   Send empty (attempt 1)
[22:34:01] [HOUSE]   RPC https://base-mainnet.core failed: Error: Failed to estimate gas: server returned an error response: error code -32000: insufficient funds for transfer

[22:34:02] [HOUSE]   RPC https://base.drpc.org failed: Error: Failed to estimate gas: server returned an error response: error code -32003: insufficient funds for gas * price 
[22:34:03] [HOUSE]   RPC https://base-rpc.publicno failed: Error: Failed to estimate gas: server returned an error response: error code -32000: insufficient funds for transfer

[22:34:04] [HOUSE]   Send empty (attempt 2)
[22:34:06] [HOUSE]   RPC https://base-mainnet.core failed: Error: Failed to estimate gas: server returned an error response: error code -32000: insufficient funds for transfer

[22:34:07] [HOUSE]   RPC https://base.drpc.org failed: Error: Failed to estimate gas: server returned an error response: error code -32003: insufficient funds for gas * price 
[22:34:08] [HOUSE]   RPC https://base-rpc.publicno failed: Error: Failed to estimate gas: server returned an error response: error code -32000: insufficient funds for transfer

[22:34:09] [HOUSE]   Send empty (attempt 3)
[22:34:10] [HOUSE]   UNDER FAILED
[22:35:13] [HOUSE] Skip 0x84d3E75d37 — lockTime passed (16s ago)
[22:38:21] [HOUSE] Seeding 0x4baB9786f3...
[22:38:23] [HOUSE]   RPC https://base-mainnet.core failed: Error: Failed to estimate gas: server returned an error response: error code -32000: insufficient funds for transfer

[22:38:23] [HOUSE]   RPC https://base.drpc.org failed: Error: Failed to estimate gas: server returned an error response: error code -32003: insufficient funds for gas * price 
[22:38:30] [HOUSE]   RPC https://base-rpc.publicno failed: Error: Failed to estimate gas: server returned an error response: error code -32000: insufficient funds for transfer

[22:38:31] [HOUSE]   Send empty (attempt 1)
[22:38:33] [HOUSE]   RPC https://base-mainnet.core failed: Error: Failed to estimate gas: server returned an error response: error code -32000: insufficient funds for transfer

[22:38:34] [HOUSE]   RPC https://base.drpc.org failed: Error: Failed to estimate gas: server returned an error response: error code -32003: insufficient funds for gas * price 
[22:38:36] [HOUSE]   RPC https://base-rpc.publicno failed: Error: Failed to estimate gas: server returned an error response: error code -32000: insufficient funds for transfer

[22:38:36] [HOUSE]   Send empty (attempt 2)
[22:38:39] [HOUSE]   RPC https://base-mainnet.core failed: Error: Failed to estimate gas: server returned an error response: error code -32000: insufficient funds for transfer

[22:38:39] [HOUSE]   RPC https://base.drpc.org failed: Error: Failed to estimate gas: server returned an error response: error code -32003: insufficient funds for gas * price 
[22:38:40] [HOUSE]   RPC https://base-rpc.publicno failed: Error: Failed to estimate gas: server returned an error response: error code -32000: insufficient funds for transfer

[22:38:41] [HOUSE]   Send empty (attempt 3)
[22:38:42] [HOUSE]   UNDER FAILED
[22:39:44] [HOUSE] Seeding 0x4baB9786f3...
[22:39:45] [HOUSE]   RPC https://base-mainnet.core failed: Error: Failed to estimate gas: server returned an error response: error code -32000: insufficient funds for transfer

[22:39:46] [HOUSE]   RPC https://base.drpc.org failed: Error: Failed to estimate gas: server returned an error response: error code -32003: insufficient funds for gas * price 
[22:39:50] [HOUSE]   RPC https://base-rpc.publicno failed: Error: Failed to estimate gas: server returned an error response: error code -32000: insufficient funds for transfer

[22:39:50] [HOUSE]   Send empty (attempt 1)
[22:39:52] [HOUSE]   RPC https://base-mainnet.core failed: Error: Failed to estimate gas: server returned an error response: error code -32000: insufficient funds for transfer

[22:39:53] [HOUSE]   RPC https://base.drpc.org failed: Error: Failed to estimate gas: server returned an error response: error code -32003: insufficient funds for gas * price 
[22:39:55] [HOUSE]   RPC https://base-rpc.publicno failed: Error: Failed to estimate gas: server returned an error response: error code -32000: insufficient funds for transfer

[22:39:55] [HOUSE]   Send empty (attempt 2)
[22:39:57] [HOUSE]   RPC https://base-mainnet.core failed: Error: Failed to estimate gas: server returned an error response: error code -32000: insufficient funds for transfer

[22:39:58] [HOUSE]   RPC https://base.drpc.org failed: Error: Failed to estimate gas: server returned an error response: error code -32003: insufficient funds for gas * price 
[22:40:04] [HOUSE]   RPC https://base-rpc.publicno failed: Error: Failed to estimate gas: server returned an error response: error code -32000: insufficient funds for transfer

[22:40:05] [HOUSE]   Send empty (attempt 3)
[22:40:06] [HOUSE]   UNDER FAILED
[22:41:09] [HOUSE] Skip 0x4baB9786f3 — lockTime passed (18s ago)
[22:44:13] [HOUSE] Seeding 0x6DAD5a07D1...
[22:44:15] [HOUSE]   RPC https://base-mainnet.core failed: Error: Failed to estimate gas: server returned an error response: error code -32000: insufficient funds for transfer

[22:44:16] [HOUSE]   RPC https://base.drpc.org failed: Error: Failed to estimate gas: server returned an error response: error code -32003: insufficient funds for gas * price 
[22:44:17] [HOUSE]   RPC https://base-rpc.publicno failed: Error: Failed to estimate gas: server returned an error response: error code -32000: insufficient funds for transfer

[22:44:17] [HOUSE]   Send empty (attempt 1)
[22:44:19] [HOUSE]   RPC https://base-mainnet.core failed: Error: Failed to estimate gas: server returned an error response: error code -32000: insufficient funds for transfer

[22:44:21] [HOUSE]   RPC https://base.drpc.org failed: Error: Failed to estimate gas: server returned an error response: error code -32003: insufficient funds for gas * price 
[22:44:22] [HOUSE]   RPC https://base-rpc.publicno failed: Error: Failed to estimate gas: server returned an error response: error code -32000: insufficient funds for transfer

[22:44:23] [HOUSE]   Send empty (attempt 2)
[22:44:25] [HOUSE]   RPC https://base-mainnet.core failed: Error: Failed to estimate gas: server returned an error response: error code -32000: insufficient funds for transfer

[22:44:26] [HOUSE]   RPC https://base.drpc.org failed: Error: Failed to estimate gas: server returned an error response: error code -32003: insufficient funds for gas * price 
[22:44:29] [HOUSE]   RPC https://base-rpc.publicno failed: Error: Failed to estimate gas: server returned an error response: error code -32000: insufficient funds for transfer

[22:44:29] [HOUSE]   Send empty (attempt 3)
[22:44:30] [HOUSE]   UNDER FAILED
[22:45:33] [HOUSE] Seeding 0x6DAD5a07D1...
[22:45:34] [HOUSE]   RPC https://base-mainnet.core failed: Error: Failed to estimate gas: server returned an error response: error code -32000: insufficient funds for transfer

[22:45:35] [HOUSE]   RPC https://base.drpc.org failed: Error: Failed to estimate gas: server returned an error response: error code -32003: insufficient funds for gas * price 
[22:45:36] [HOUSE]   RPC https://base-rpc.publicno failed: Error: Failed to estimate gas: server returned an error response: error code -32000: insufficient funds for transfer

[22:45:37] [HOUSE]   Send empty (attempt 1)
[22:45:39] [HOUSE]   RPC https://base-mainnet.core failed: Error: Failed to estimate gas: server returned an error response: error code -32000: insufficient funds for transfer

[22:45:40] [HOUSE]   RPC https://base.drpc.org failed: Error: HTTP error 410 with body: {"id":0,"jsonrpc":"2.0","error":{"message":"GRPC Context cancellation","code":14}}

[22:45:40] [HOUSE]   RPC https://base-rpc.publicno failed: Error: Failed to estimate gas: server returned an error response: error code -32000: insufficient funds for transfer

[22:45:41] [HOUSE]   Send empty (attempt 2)
[22:45:43] [HOUSE]   RPC https://base-mainnet.core failed: Error: Failed to estimate gas: server returned an error response: error code -32000: insufficient funds for transfer

[22:45:44] [HOUSE]   RPC https://base.drpc.org failed: Error: HTTP error 410 with body: {"id":2,"jsonrpc":"2.0","error":{"message":"GRPC Context cancellation","code":14}}

[22:45:46] [HOUSE]   RPC https://base-rpc.publicno failed: Error: Failed to estimate gas: server returned an error response: error code -32000: insufficient funds for transfer

[22:45:47] [HOUSE]   Send empty (attempt 3)
[22:45:48] [HOUSE]   UNDER FAILED
[22:46:50] [HOUSE] Skip 0x6DAD5a07D1 — lockTime passed (7s ago)
[22:50:09] [HOUSE] Seeding 0x847a74D022...
[22:50:10] [HOUSE]   RPC https://base-mainnet.core failed: Error: Failed to estimate gas: server returned an error response: error code -32000: insufficient funds for transfer

[22:50:11] [HOUSE]   RPC https://base.drpc.org failed: Error: Failed to estimate gas: server returned an error response: error code -32003: insufficient funds for gas * price 
[22:50:13] [HOUSE]   RPC https://base-rpc.publicno failed: Error: Failed to estimate gas: server returned an error response: error code -32000: insufficient funds for transfer

[22:50:13] [HOUSE]   Send empty (attempt 1)
[22:50:16] [HOUSE]   RPC https://base-mainnet.core failed: Error: Failed to estimate gas: server returned an error response: error code -32000: insufficient funds for transfer

[22:50:17] [HOUSE]   RPC https://base.drpc.org failed: Error: Failed to estimate gas: server returned an error response: error code -32003: insufficient funds for gas * price 
[22:50:19] [HOUSE]   RPC https://base-rpc.publicno failed: Error: Failed to estimate gas: server returned an error response: error code -32000: insufficient funds for transfer

[22:50:19] [HOUSE]   Send empty (attempt 2)
[22:50:22] [HOUSE]   RPC https://base-mainnet.core failed: Error: Failed to estimate gas: server returned an error response: error code -32000: insufficient funds for transfer

[22:50:22] [HOUSE]   RPC https://base.drpc.org failed: Error: Failed to estimate gas: server returned an error response: error code -32003: insufficient funds for gas * price 
[22:50:24] [HOUSE]   RPC https://base-rpc.publicno failed: Error: Failed to estimate gas: server returned an error response: error code -32000: insufficient funds for transfer

[22:50:24] [HOUSE]   Send empty (attempt 3)
[22:50:25] [HOUSE]   UNDER FAILED
[22:51:28] [HOUSE] Seeding 0x847a74D022...
[22:51:29] [HOUSE]   RPC https://base-mainnet.core failed: Error: Failed to estimate gas: server returned an error response: error code -32000: insufficient funds for transfer

[22:51:30] [HOUSE]   RPC https://base.drpc.org failed: Error: Failed to estimate gas: server returned an error response: error code -32003: insufficient funds for gas * price 
[22:51:32] [HOUSE]   RPC https://base-rpc.publicno failed: Error: Failed to estimate gas: server returned an error response: error code -32000: insufficient funds for transfer

[22:51:32] [HOUSE]   Send empty (attempt 1)
[22:51:35] [HOUSE]   RPC https://base-mainnet.core failed: Error: Failed to estimate gas: server returned an error response: error code -32000: insufficient funds for transfer

[22:51:35] [HOUSE]   RPC https://base.drpc.org failed: Error: Failed to estimate gas: server returned an error response: error code -32003: insufficient funds for gas * price 
[22:51:37] [HOUSE]   RPC https://base-rpc.publicno failed: Error: Failed to estimate gas: server returned an error response: error code -32000: insufficient funds for transfer

[22:51:38] [HOUSE]   Send empty (attempt 2)
[22:51:40] [HOUSE]   RPC https://base-mainnet.core failed: Error: Failed to estimate gas: server returned an error response: error code -32000: insufficient funds for transfer

[22:51:41] [HOUSE]   RPC https://base.drpc.org failed: Error: Failed to estimate gas: server returned an error response: error code -32003: insufficient funds for gas * price 
[22:51:44] [HOUSE]   RPC https://base-rpc.publicno failed: Error: Failed to estimate gas: server returned an error response: error code -32000: insufficient funds for transfer

[22:51:45] [HOUSE]   Send empty (attempt 3)
[22:51:46] [HOUSE]   UNDER FAILED
[22:52:46] [HOUSE] Skip 0x847a74D022 — lockTime passed (10s ago)
[22:56:06] [HOUSE] Seeding 0xC5a02CC503...
[22:56:07] [HOUSE]   RPC https://base-mainnet.core failed: Error: Failed to estimate gas: server returned an error response: error code -32000: insufficient funds for transfer

[22:56:08] [HOUSE]   RPC https://base.drpc.org failed: Error: Failed to estimate gas: server returned an error response: error code -32003: insufficient funds for gas * price 
[22:56:20] [HOUSE]   RPC https://base-rpc.publicno failed: Error: Failed to estimate gas: server returned an error response: error code -32000: insufficient funds for transfer

[22:56:20] [HOUSE]   Send empty (attempt 1)
[22:56:23] [HOUSE]   RPC https://base-mainnet.core failed: Error: Failed to estimate gas: server returned an error response: error code -32000: insufficient funds for transfer

[22:56:24] [HOUSE]   RPC https://base.drpc.org failed: Error: Failed to estimate gas: server returned an error response: error code -32003: insufficient funds for gas * price 
[22:56:25] [HOUSE]   RPC https://base-rpc.publicno failed: Error: Failed to estimate gas: server returned an error response: error code -32000: insufficient funds for transfer

[22:56:25] [HOUSE]   Send empty (attempt 2)
[22:56:28] [HOUSE]   RPC https://base-mainnet.core failed: Error: Failed to estimate gas: server returned an error response: error code -32000: insufficient funds for transfer

[22:56:28] [HOUSE]   RPC https://base.drpc.org failed: Error: Failed to estimate gas: server returned an error response: error code -32003: insufficient funds for gas * price 
[22:56:30] [HOUSE]   RPC https://base-rpc.publicno failed: Error: Failed to estimate gas: server returned an error response: error code -32000: insufficient funds for transfer

[22:56:31] [HOUSE]   Send empty (attempt 3)
[22:56:32] [HOUSE]   UNDER FAILED
[22:57:33] [HOUSE] Seeding 0xC5a02CC503...
[22:57:34] [HOUSE]   RPC https://base-mainnet.core failed: Error: Failed to estimate gas: server returned an error response: error code -32000: insufficient funds for transfer

[22:57:36] [HOUSE]   RPC https://base.drpc.org failed: Error: Failed to estimate gas: server returned an error response: error code -32003: insufficient funds for gas * price 
[22:57:37] [HOUSE]   RPC https://base-rpc.publicno failed: Error: Failed to estimate gas: server returned an error response: error code -32000: insufficient funds for transfer

[22:57:38] [HOUSE]   Send empty (attempt 1)
[22:57:40] [HOUSE]   RPC https://base-mainnet.core failed: Error: Failed to estimate gas: server returned an error response: error code -32000: insufficient funds for transfer

[22:57:41] [HOUSE]   RPC https://base.drpc.org failed: Error: Failed to estimate gas: server returned an error response: error code -32003: insufficient funds for gas * price 
[22:57:43] [HOUSE]   RPC https://base-rpc.publicno failed: Error: Failed to estimate gas: server returned an error response: error code -32000: insufficient funds for transfer

[22:57:44] [HOUSE]   Send empty (attempt 2)
[22:57:46] [HOUSE]   RPC https://base-mainnet.core failed: Error: Failed to estimate gas: server returned an error response: error code -32000: insufficient funds for transfer

[22:57:48] [HOUSE]   RPC https://base.drpc.org failed: Error: Failed to estimate gas: server returned an error response: error code -32003: insufficient funds for gas * price 
[22:57:49] [HOUSE]   RPC https://base-rpc.publicno failed: Error: Failed to estimate gas: server returned an error response: error code -32000: insufficient funds for transfer

[22:57:49] [HOUSE]   Send empty (attempt 3)
[22:57:50] [HOUSE]   UNDER FAILED
[22:58:53] [HOUSE] Skip 0xC5a02CC503 — lockTime passed (21s ago)
[23:01:56] [HOUSE] Seeding 0xE4F006A51F...
[23:01:58] [HOUSE]   RPC https://base-mainnet.core failed: Error: Failed to estimate gas: server returned an error response: error code -32000: insufficient funds for transfer

[23:01:59] [HOUSE]   RPC https://base.drpc.org failed: Error: Failed to estimate gas: server returned an error response: error code -32003: insufficient funds for gas * price 
[23:02:00] [HOUSE]   RPC https://base-rpc.publicno failed: Error: Failed to estimate gas: server returned an error response: error code -32000: insufficient funds for transfer

[23:02:01] [HOUSE]   Send empty (attempt 1)
[23:02:03] [HOUSE]   RPC https://base-mainnet.core failed: Error: Failed to estimate gas: server returned an error response: error code -32000: insufficient funds for transfer

[23:02:04] [HOUSE]   RPC https://base.drpc.org failed: Error: Failed to estimate gas: server returned an error response: error code -32003: insufficient funds for gas * price 
[23:02:05] [HOUSE]   RPC https://base-rpc.publicno failed: Error: Failed to estimate gas: server returned an error response: error code -32000: insufficient funds for transfer

[23:02:06] [HOUSE]   Send empty (attempt 2)
[23:02:08] [HOUSE]   RPC https://base-mainnet.core failed: Error: Failed to estimate gas: server returned an error response: error code -32000: insufficient funds for transfer

[23:02:09] [HOUSE]   RPC https://base.drpc.org failed: Error: Failed to estimate gas: server returned an error response: error code -32003: insufficient funds for gas * price 
[23:02:10] [HOUSE]   RPC https://base-rpc.publicno failed: Error: Failed to estimate gas: server returned an error response: error code -32000: insufficient funds for transfer

[23:02:11] [HOUSE]   Send empty (attempt 3)
[23:02:12] [HOUSE]   UNDER FAILED
[23:03:14] [HOUSE] Seeding 0xE4F006A51F...
[23:03:16] [HOUSE]   RPC https://base-mainnet.core failed: Error: Failed to estimate gas: server returned an error response: error code -32000: insufficient funds for transfer

[23:03:17] [HOUSE]   RPC https://base.drpc.org failed: Error: Failed to estimate gas: server returned an error response: error code -32003: insufficient funds for gas * price 
[23:03:18] [HOUSE]   RPC https://base-rpc.publicno failed: Error: Failed to estimate gas: server returned an error response: error code -32000: insufficient funds for transfer

[23:03:18] [HOUSE]   Send empty (attempt 1)
[23:03:21] [HOUSE]   RPC https://base-mainnet.core failed: Error: Failed to estimate gas: server returned an error response: error code -32000: insufficient funds for transfer

[23:03:21] [HOUSE]   RPC https://base.drpc.org failed: Error: Failed to estimate gas: server returned an error response: error code -32003: insufficient funds for gas * price 
[23:03:23] [HOUSE]   RPC https://base-rpc.publicno failed: Error: Failed to estimate gas: server returned an error response: error code -32000: insufficient funds for transfer

[23:03:23] [HOUSE]   Send empty (attempt 2)
[23:03:25] [HOUSE]   RPC https://base-mainnet.core failed: Error: Failed to estimate gas: server returned an error response: error code -32000: insufficient funds for transfer

[23:03:26] [HOUSE]   RPC https://base.drpc.org failed: Error: Failed to estimate gas: server returned an error response: error code -32003: insufficient funds for gas * price 
[23:03:29] [HOUSE]   RPC https://base-rpc.publicno failed: Error: Failed to estimate gas: server returned an error response: error code -32000: insufficient funds for transfer

[23:03:30] [HOUSE]   Send empty (attempt 3)
[23:03:31] [HOUSE]   UNDER FAILED
[23:04:32] [HOUSE] Skip 0xE4F006A51F — lockTime passed (8s ago)
[23:07:54] [HOUSE] Seeding 0xBF71218b11...
[23:07:55] [HOUSE]   RPC https://base-mainnet.core failed: Error: Failed to estimate gas: server returned an error response: error code -32000: insufficient funds for transfer

[23:07:56] [HOUSE]   RPC https://base.drpc.org failed: Error: Failed to estimate gas: server returned an error response: error code -32003: insufficient funds for gas * price 
[23:08:00] [HOUSE]   RPC https://base-rpc.publicno failed: Error: Failed to estimate gas: server returned an error response: error code -32000: insufficient funds for transfer

[23:08:00] [HOUSE]   Send empty (attempt 1)
[23:08:02] [HOUSE]   RPC https://base-mainnet.core failed: Error: Failed to estimate gas: server returned an error response: error code -32000: insufficient funds for transfer

[23:08:03] [HOUSE]   RPC https://base.drpc.org failed: Error: Failed to estimate gas: server returned an error response: error code -32003: insufficient funds for gas * price 
[23:08:05] [HOUSE]   RPC https://base-rpc.publicno failed: Error: Failed to estimate gas: server returned an error response: error code -32000: insufficient funds for transfer

[23:08:06] [HOUSE]   Send empty (attempt 2)
[23:08:08] [HOUSE]   RPC https://base-mainnet.core failed: Error: Failed to estimate gas: server returned an error response: error code -32000: insufficient funds for transfer

[23:08:09] [HOUSE]   RPC https://base.drpc.org failed: Error: Failed to estimate gas: server returned an error response: error code -32003: insufficient funds for gas * price 
[23:08:12] [HOUSE]   RPC https://base-rpc.publicno failed: Error: Failed to estimate gas: server returned an error response: error code -32000: insufficient funds for transfer

[23:08:12] [HOUSE]   Send empty (attempt 3)
[23:08:13] [HOUSE]   UNDER FAILED
[23:09:14] [HOUSE] Seeding 0xBF71218b11...
[23:09:15] [HOUSE]   RPC https://base-mainnet.core failed: Error: Failed to estimate gas: server returned an error response: error code -32000: insufficient funds for transfer

[23:09:16] [HOUSE]   RPC https://base.drpc.org failed: Error: Failed to estimate gas: server returned an error response: error code -32003: insufficient funds for gas * price 
[23:09:17] [HOUSE]   RPC https://base-rpc.publicno failed: Error: Failed to estimate gas: server returned an error response: error code -32000: insufficient funds for transfer

[23:09:18] [HOUSE]   Send empty (attempt 1)
[23:09:21] [HOUSE]   RPC https://base-mainnet.core failed: Error: Failed to estimate gas: server returned an error response: error code -32000: insufficient funds for transfer

[23:09:21] [HOUSE]   RPC https://base.drpc.org failed: Error: Failed to estimate gas: server returned an error response: error code -32003: insufficient funds for gas * price 
[23:09:23] [HOUSE]   RPC https://base-rpc.publicno failed: Error: Failed to estimate gas: server returned an error response: error code -32000: insufficient funds for transfer

[23:09:24] [HOUSE]   Send empty (attempt 2)
[23:09:26] [HOUSE]   RPC https://base-mainnet.core failed: Error: Failed to estimate gas: server returned an error response: error code -32000: insufficient funds for transfer

[23:09:27] [HOUSE]   RPC https://base.drpc.org failed: Error: Failed to estimate gas: server returned an error response: error code -32003: insufficient funds for gas * price 
[23:09:28] [HOUSE]   RPC https://base-rpc.publicno failed: Error: Failed to estimate gas: server returned an error response: error code -32000: insufficient funds for transfer

[23:09:28] [HOUSE]   Send empty (attempt 3)
[23:09:29] [HOUSE]   UNDER FAILED
[23:10:32] [HOUSE] Skip 0xBF71218b11 — lockTime passed (9s ago)
[23:13:48] [HOUSE] Seeding 0x851d500Cda...
[23:13:50] [HOUSE]   RPC https://base-mainnet.core failed: Error: Failed to estimate gas: server returned an error response: error code -32000: insufficient funds for transfer

[23:13:51] [HOUSE]   RPC https://base.drpc.org failed: Error: Failed to estimate gas: server returned an error response: error code -32003: insufficient funds for gas * price 
[23:13:52] [HOUSE]   RPC https://base-rpc.publicno failed: Error: Failed to estimate gas: server returned an error response: error code -32000: insufficient funds for transfer

[23:13:52] [HOUSE]   Send empty (attempt 1)
[23:13:55] [HOUSE]   RPC https://base-mainnet.core failed: Error: Failed to estimate gas: server returned an error response: error code -32000: insufficient funds for transfer

[23:13:57] [HOUSE]   RPC https://base.drpc.org failed: Error: HTTP error 502 with body: <!DOCTYPE html>
<!--[if lt IE 7]> <html class="no-js ie6 oldie" lang="en-US"> <![endif]
[23:13:59] [HOUSE]   RPC https://base-rpc.publicno failed: Error: Failed to estimate gas: server returned an error response: error code -32000: insufficient funds for transfer

[23:14:00] [HOUSE]   Send empty (attempt 2)
[23:14:02] [HOUSE]   RPC https://base-mainnet.core failed: Error: Failed to estimate gas: server returned an error response: error code -32000: insufficient funds for transfer

[23:14:03] [HOUSE]   RPC https://base.drpc.org failed: Error: Failed to estimate gas: server returned an error response: error code -32003: insufficient funds for gas * price 
[23:14:05] [HOUSE]   RPC https://base-rpc.publicno failed: Error: Failed to estimate gas: server returned an error response: error code -32000: insufficient funds for transfer

[23:14:06] [HOUSE]   Send empty (attempt 3)
[23:14:07] [HOUSE]   UNDER FAILED
[23:15:10] [HOUSE] Seeding 0x851d500Cda...
[23:15:12] [HOUSE]   RPC https://base-mainnet.core failed: Error: Failed to estimate gas: server returned an error response: error code -32000: insufficient funds for transfer

[23:15:13] [HOUSE]   RPC https://base.drpc.org failed: Error: Failed to estimate gas: server returned an error response: error code -32003: insufficient funds for gas * price 
[23:15:16] [HOUSE]   RPC https://base-rpc.publicno failed: Error: Failed to estimate gas: server returned an error response: error code -32000: insufficient funds for transfer

[23:15:16] [HOUSE]   Send empty (attempt 1)
[23:15:19] [HOUSE]   RPC https://base-mainnet.core failed: Error: Failed to estimate gas: server returned an error response: error code -32000: insufficient funds for transfer

[23:15:20] [HOUSE]   RPC https://base.drpc.org failed: Error: Failed to estimate gas: server returned an error response: error code -32003: insufficient funds for gas * price 
[23:15:21] [HOUSE]   RPC https://base-rpc.publicno failed: Error: Failed to estimate gas: server returned an error response: error code -32000: insufficient funds for transfer

[23:15:22] [HOUSE]   Send empty (attempt 2)
[23:15:24] [HOUSE]   RPC https://base-mainnet.core failed: Error: Failed to estimate gas: server returned an error response: error code -32000: insufficient funds for transfer

[23:15:25] [HOUSE]   RPC https://base.drpc.org failed: Error: Failed to estimate gas: server returned an error response: error code -32003: insufficient funds for gas * price 
[23:15:26] [HOUSE]   RPC https://base-rpc.publicno failed: Error: Failed to estimate gas: server returned an error response: error code -32000: insufficient funds for transfer

[23:15:27] [HOUSE]   Send empty (attempt 3)
[23:15:28] [HOUSE]   UNDER FAILED
[23:16:31] [HOUSE] Skip 0x851d500Cda — lockTime passed (14s ago)
[23:19:40] [HOUSE] Seeding 0x5458fb9ad0...
[23:19:42] [HOUSE]   RPC https://base-mainnet.core failed: Error: Failed to estimate gas: server returned an error response: error code -32000: insufficient funds for transfer

[23:19:42] [HOUSE]   RPC https://base.drpc.org failed: Error: Failed to estimate gas: server returned an error response: error code -32003: insufficient funds for gas * price 
[23:19:44] [HOUSE]   RPC https://base-rpc.publicno failed: Error: Failed to estimate gas: server returned an error response: error code -32000: insufficient funds for transfer

[23:19:44] [HOUSE]   Send empty (attempt 1)
[23:19:47] [HOUSE]   RPC https://base-mainnet.core failed: Error: Failed to estimate gas: server returned an error response: error code -32000: insufficient funds for transfer

[23:19:48] [HOUSE]   RPC https://base.drpc.org failed: Error: Failed to estimate gas: server returned an error response: error code -32003: insufficient funds for gas * price 
[23:19:51] [HOUSE]   RPC https://base-rpc.publicno failed: Error: Failed to estimate gas: server returned an error response: error code -32000: insufficient funds for transfer

[23:19:52] [HOUSE]   Send empty (attempt 2)
[23:19:54] [HOUSE]   RPC https://base-mainnet.core failed: Error: Failed to estimate gas: server returned an error response: error code -32000: insufficient funds for transfer

[23:19:55] [HOUSE]   RPC https://base.drpc.org failed: Error: Failed to estimate gas: server returned an error response: error code -32003: insufficient funds for gas * price 
[23:20:03] [HOUSE]   RPC https://base-rpc.publicno failed: Error: Failed to estimate gas: server returned an error response: error code -32000: insufficient funds for transfer

[23:20:03] [HOUSE]   Send empty (attempt 3)
[23:20:04] [HOUSE]   UNDER FAILED
[23:21:06] [HOUSE] Seeding 0x5458fb9ad0...
[23:21:07] [HOUSE]   RPC https://base-mainnet.core failed: Error: Failed to estimate gas: server returned an error response: error code -32000: insufficient funds for transfer

[23:21:08] [HOUSE]   RPC https://base.drpc.org failed: Error: Failed to estimate gas: server returned an error response: error code -32003: insufficient funds for gas * price 
[23:21:10] [HOUSE]   RPC https://base-rpc.publicno failed: Error: Failed to estimate gas: server returned an error response: error code -32000: insufficient funds for transfer

[23:21:10] [HOUSE]   Send empty (attempt 1)
[23:21:12] [HOUSE]   RPC https://base-mainnet.core failed: Error: Failed to estimate gas: server returned an error response: error code -32000: insufficient funds for transfer

[23:21:13] [HOUSE]   RPC https://base.drpc.org failed: Error: Failed to estimate gas: server returned an error response: error code -32003: insufficient funds for gas * price 
[23:21:15] [HOUSE]   RPC https://base-rpc.publicno failed: Error: Failed to estimate gas: server returned an error response: error code -32000: insufficient funds for transfer

[23:21:15] [HOUSE]   Send empty (attempt 2)
[23:21:18] [HOUSE]   RPC https://base-mainnet.core failed: Error: Failed to estimate gas: server returned an error response: error code -32000: insufficient funds for transfer

[23:21:19] [HOUSE]   RPC https://base.drpc.org failed: Error: Failed to estimate gas: server returned an error response: error code -32003: insufficient funds for gas * price 
[23:21:20] [HOUSE]   RPC https://base-rpc.publicno failed: Error: Failed to estimate gas: server returned an error response: error code -32000: insufficient funds for transfer

[23:21:21] [HOUSE]   Send empty (attempt 3)
[23:21:22] [HOUSE]   UNDER FAILED
[23:22:22] [HOUSE] Skip 0x5458fb9ad0 — lockTime passed (14s ago)
[23:25:34] [HOUSE] Seeding 0x0471CF2986...
[23:25:35] [HOUSE]   RPC https://base-mainnet.core failed: Error: Failed to estimate gas: server returned an error response: error code -32000: insufficient funds for transfer

[23:25:36] [HOUSE]   RPC https://base.drpc.org failed: Error: Failed to estimate gas: server returned an error response: error code -32003: insufficient funds for gas * price 
[23:25:41] [HOUSE]   RPC https://base-rpc.publicno failed: Error: Failed to estimate gas: server returned an error response: error code -32000: insufficient funds for transfer

[23:25:42] [HOUSE]   Send empty (attempt 1)
[23:25:44] [HOUSE]   RPC https://base-mainnet.core failed: Error: Failed to estimate gas: server returned an error response: error code -32000: insufficient funds for transfer

[23:25:45] [HOUSE]   RPC https://base.drpc.org failed: Error: Failed to estimate gas: server returned an error response: error code -32003: insufficient funds for gas * price 
[23:25:46] [HOUSE]   RPC https://base-rpc.publicno failed: Error: Failed to estimate gas: server returned an error response: error code -32000: insufficient funds for transfer

[23:25:47] [HOUSE]   Send empty (attempt 2)
[23:25:49] [HOUSE]   RPC https://base-mainnet.core failed: Error: Failed to estimate gas: server returned an error response: error code -32000: insufficient funds for transfer

[23:25:50] [HOUSE]   RPC https://base.drpc.org failed: Error: Failed to estimate gas: server returned an error response: error code -32003: insufficient funds for gas * price 
[23:25:52] [HOUSE]   RPC https://base-rpc.publicno failed: Error: Failed to estimate gas: server returned an error response: error code -32000: insufficient funds for transfer

[23:25:53] [HOUSE]   Send empty (attempt 3)
[23:25:54] [HOUSE]   UNDER FAILED
[23:26:56] [HOUSE] Seeding 0x0471CF2986...
[23:26:58] [HOUSE]   RPC https://base-mainnet.core failed: Error: Failed to estimate gas: server returned an error response: error code -32000: insufficient funds for transfer

[23:26:58] [HOUSE]   RPC https://base.drpc.org failed: Error: Failed to estimate gas: server returned an error response: error code -32003: insufficient funds for gas * price 
[23:27:02] [HOUSE]   RPC https://base-rpc.publicno failed: Error: Failed to estimate gas: server returned an error response: error code -32000: insufficient funds for transfer

[23:27:03] [HOUSE]   Send empty (attempt 1)
[23:27:05] [HOUSE]   RPC https://base-mainnet.core failed: Error: Failed to estimate gas: server returned an error response: error code -32000: insufficient funds for transfer

[23:27:06] [HOUSE]   RPC https://base.drpc.org failed: Error: Failed to estimate gas: server returned an error response: error code -32003: insufficient funds for gas * price 
[23:27:08] [HOUSE]   RPC https://base-rpc.publicno failed: Error: Failed to estimate gas: server returned an error response: error code -32000: insufficient funds for transfer

[23:27:08] [HOUSE]   Send empty (attempt 2)
[23:27:10] [HOUSE]   RPC https://base-mainnet.core failed: Error: Failed to estimate gas: server returned an error response: error code -32000: insufficient funds for transfer

[23:27:11] [HOUSE]   RPC https://base.drpc.org failed: Error: Failed to estimate gas: server returned an error response: error code -32003: insufficient funds for gas * price 
[23:27:13] [HOUSE]   RPC https://base-rpc.publicno failed: Error: Failed to estimate gas: server returned an error response: error code -32000: insufficient funds for transfer

[23:27:14] [HOUSE]   Send empty (attempt 3)
[23:27:15] [HOUSE]   UNDER FAILED
[23:28:17] [HOUSE] Skip 0x0471CF2986 — lockTime passed (17s ago)
[23:31:24] [HOUSE] Seeding 0x89707b18b4...
[23:31:25] [HOUSE]   RPC https://base-mainnet.core failed: Error: Failed to estimate gas: server returned an error response: error code -32000: insufficient funds for transfer

[23:31:26] [HOUSE]   RPC https://base.drpc.org failed: Error: Failed to estimate gas: server returned an error response: error code -32003: insufficient funds for gas * price 
[23:31:29] [HOUSE]   RPC https://base-rpc.publicno failed: Error: Failed to estimate gas: server returned an error response: error code -32000: insufficient funds for transfer

[23:31:30] [HOUSE]   Send empty (attempt 1)
[23:31:32] [HOUSE]   RPC https://base-mainnet.core failed: Error: Failed to estimate gas: server returned an error response: error code -32000: insufficient funds for transfer

[23:31:33] [HOUSE]   RPC https://base.drpc.org failed: Error: Failed to estimate gas: server returned an error response: error code -32003: insufficient funds for gas * price 
[23:31:35] [HOUSE]   RPC https://base-rpc.publicno failed: Error: Failed to estimate gas: server returned an error response: error code -32000: insufficient funds for transfer

[23:31:36] [HOUSE]   Send empty (attempt 2)
[23:31:38] [HOUSE]   RPC https://base-mainnet.core failed: Error: Failed to estimate gas: server returned an error response: error code -32000: insufficient funds for transfer

[23:31:39] [HOUSE]   RPC https://base.drpc.org failed: Error: Failed to estimate gas: server returned an error response: error code -32003: insufficient funds for gas * price 
[23:31:40] [HOUSE]   RPC https://base-rpc.publicno failed: Error: Failed to estimate gas: server returned an error response: error code -32000: insufficient funds for transfer

[23:31:40] [HOUSE]   Send empty (attempt 3)
[23:31:41] [HOUSE]   UNDER FAILED
[23:32:43] [HOUSE] Seeding 0x89707b18b4...
[23:32:44] [HOUSE]   RPC https://base-mainnet.core failed: Error: Failed to estimate gas: server returned an error response: error code -32000: insufficient funds for transfer

[23:32:45] [HOUSE]   RPC https://base.drpc.org failed: Error: Failed to estimate gas: server returned an error response: error code -32003: insufficient funds for gas * price 
[23:32:47] [HOUSE]   RPC https://base-rpc.publicno failed: Error: Failed to estimate gas: server returned an error response: error code -32000: insufficient funds for transfer

[23:32:47] [HOUSE]   Send empty (attempt 1)
[23:32:50] [HOUSE]   RPC https://base-mainnet.core failed: Error: Failed to estimate gas: server returned an error response: error code -32000: insufficient funds for transfer

[23:32:50] [HOUSE]   RPC https://base.drpc.org failed: Error: Failed to estimate gas: server returned an error response: error code -32003: insufficient funds for gas * price 
[23:32:52] [HOUSE]   RPC https://base-rpc.publicno failed: Error: Failed to estimate gas: server returned an error response: error code -32000: insufficient funds for transfer

[23:32:52] [HOUSE]   Send empty (attempt 2)
[23:32:54] [HOUSE]   RPC https://base-mainnet.core failed: Error: Failed to estimate gas: server returned an error response: error code -32000: insufficient funds for transfer

[23:32:55] [HOUSE]   RPC https://base.drpc.org failed: Error: Failed to estimate gas: server returned an error response: error code -32003: insufficient funds for gas * price 
[23:32:56] [HOUSE]   RPC https://base-rpc.publicno failed: Error: Failed to estimate gas: server returned an error response: error code -32000: insufficient funds for transfer

[23:32:57] [HOUSE]   Send empty (attempt 3)
[23:32:58] [HOUSE]   UNDER FAILED
[23:33:59] [HOUSE] Skip 0x89707b18b4 — lockTime passed (7s ago)
[23:37:18] [HOUSE] Seeding 0xd5e1435B97...
[23:37:19] [HOUSE]   RPC https://base-mainnet.core failed: Error: Failed to estimate gas: server returned an error response: error code -32000: insufficient funds for transfer

[23:37:20] [HOUSE]   RPC https://base.drpc.org failed: Error: Failed to estimate gas: server returned an error response: error code -32003: insufficient funds for gas * price 
[23:37:23] [HOUSE]   RPC https://base-rpc.publicno failed: Error: Failed to estimate gas: server returned an error response: error code -32000: insufficient funds for transfer

[23:37:24] [HOUSE]   Send empty (attempt 1)
[23:37:26] [HOUSE]   RPC https://base-mainnet.core failed: Error: Failed to estimate gas: server returned an error response: error code -32000: insufficient funds for transfer

[23:37:27] [HOUSE]   RPC https://base.drpc.org failed: Error: Failed to estimate gas: server returned an error response: error code -32003: insufficient funds for gas * price 
[23:37:28] [HOUSE]   RPC https://base-rpc.publicno failed: Error: Failed to estimate gas: server returned an error response: error code -32000: insufficient funds for transfer

[23:37:29] [HOUSE]   Send empty (attempt 2)
[23:37:31] [HOUSE]   RPC https://base-mainnet.core failed: Error: Failed to estimate gas: server returned an error response: error code -32000: insufficient funds for transfer

[23:37:32] [HOUSE]   RPC https://base.drpc.org failed: Error: Failed to estimate gas: server returned an error response: error code -32003: insufficient funds for gas * price 
[23:37:37] [HOUSE]   RPC https://base-rpc.publicno failed: Error: Failed to estimate gas: server returned an error response: error code -32000: insufficient funds for transfer

[23:37:38] [HOUSE]   Send empty (attempt 3)
[23:37:39] [HOUSE]   UNDER FAILED
[23:38:39] [HOUSE] Seeding 0xd5e1435B97...
[23:38:41] [HOUSE]   RPC https://base-mainnet.core failed: Error: Failed to estimate gas: server returned an error response: error code -32000: insufficient funds for transfer

[23:38:41] [HOUSE]   RPC https://base.drpc.org failed: Error: Failed to estimate gas: server returned an error response: error code -32003: insufficient funds for gas * price 
[23:38:45] [HOUSE]   RPC https://base-rpc.publicno failed: Error: Failed to estimate gas: server returned an error response: error code -32000: insufficient funds for transfer

[23:38:45] [HOUSE]   Send empty (attempt 1)
[23:38:47] [HOUSE]   RPC https://base-mainnet.core failed: Error: Failed to estimate gas: server returned an error response: error code -32000: insufficient funds for transfer

[23:38:48] [HOUSE]   RPC https://base.drpc.org failed: Error: Failed to estimate gas: server returned an error response: error code -32003: insufficient funds for gas * price 
[23:38:50] [HOUSE]   RPC https://base-rpc.publicno failed: Error: Failed to estimate gas: server returned an error response: error code -32000: insufficient funds for transfer

[23:38:51] [HOUSE]   Send empty (attempt 2)
[23:38:53] [HOUSE]   RPC https://base-mainnet.core failed: Error: Failed to estimate gas: server returned an error response: error code -32000: insufficient funds for transfer

[23:38:54] [HOUSE]   RPC https://base.drpc.org failed: Error: Failed to estimate gas: server returned an error response: error code -32003: insufficient funds for gas * price 
[23:38:56] [HOUSE]   RPC https://base-rpc.publicno failed: Error: Failed to estimate gas: server returned an error response: error code -32000: insufficient funds for transfer

[23:38:56] [HOUSE]   Send empty (attempt 3)
[23:38:57] [HOUSE]   UNDER FAILED
[23:39:59] [HOUSE] Skip 0xd5e1435B97 — lockTime passed (13s ago)
[23:43:11] [HOUSE] Seeding 0x5CE6D30cf8...
[23:43:13] [HOUSE]   RPC https://base-mainnet.core failed: Error: Failed to estimate gas: server returned an error response: error code -32000: insufficient funds for transfer

[23:43:13] [HOUSE]   RPC https://base.drpc.org failed: Error: Failed to estimate gas: server returned an error response: error code -32003: insufficient funds for gas * price 
[23:43:15] [HOUSE]   RPC https://base-rpc.publicno failed: Error: Failed to estimate gas: server returned an error response: error code -32000: insufficient funds for transfer

[23:43:15] [HOUSE]   Send empty (attempt 1)
[23:43:17] [HOUSE]   RPC https://base-mainnet.core failed: Error: Failed to estimate gas: server returned an error response: error code -32000: insufficient funds for transfer

[23:43:18] [HOUSE]   RPC https://base.drpc.org failed: Error: Failed to estimate gas: server returned an error response: error code -32003: insufficient funds for gas * price 
[23:43:21] [HOUSE]   RPC https://base-rpc.publicno failed: Error: Failed to estimate gas: server returned an error response: error code -32000: insufficient funds for transfer

[23:43:22] [HOUSE]   Send empty (attempt 2)
[23:43:24] [HOUSE]   RPC https://base-mainnet.core failed: Error: Failed to estimate gas: server returned an error response: error code -32000: insufficient funds for transfer

[23:43:25] [HOUSE]   RPC https://base.drpc.org failed: Error: Failed to estimate gas: server returned an error response: error code -32003: insufficient funds for gas * price 
[23:43:28] [HOUSE]   RPC https://base-rpc.publicno failed: Error: Failed to estimate gas: server returned an error response: error code -32000: insufficient funds for transfer

[23:43:28] [HOUSE]   Send empty (attempt 3)
[23:43:29] [HOUSE]   UNDER FAILED
[23:44:30] [HOUSE] Seeding 0x5CE6D30cf8...
[23:44:32] [HOUSE]   RPC https://base-mainnet.core failed: Error: Failed to estimate gas: server returned an error response: error code -32000: insufficient funds for transfer

[23:44:33] [HOUSE]   RPC https://base.drpc.org failed: Error: Failed to estimate gas: server returned an error response: error code -32003: insufficient funds for gas * price 
[23:44:36] [HOUSE]   RPC https://base-rpc.publicno failed: Error: Failed to estimate gas: server returned an error response: error code -32000: insufficient funds for transfer

[23:44:36] [HOUSE]   Send empty (attempt 1)
[23:44:38] [HOUSE]   RPC https://base-mainnet.core failed: Error: Failed to estimate gas: server returned an error response: error code -32000: insufficient funds for transfer

[23:44:39] [HOUSE]   RPC https://base.drpc.org failed: Error: Failed to estimate gas: server returned an error response: error code -32003: insufficient funds for gas * price 
[23:44:41] [HOUSE]   RPC https://base-rpc.publicno failed: Error: Failed to estimate gas: server returned an error response: error code -32000: insufficient funds for transfer

[23:44:41] [HOUSE]   Send empty (attempt 2)
[23:44:44] [HOUSE]   RPC https://base-mainnet.core failed: Error: Failed to estimate gas: server returned an error response: error code -32000: insufficient funds for transfer

[23:44:45] [HOUSE]   RPC https://base.drpc.org failed: Error: Failed to estimate gas: server returned an error response: error code -32003: insufficient funds for gas * price 
[23:44:46] [HOUSE]   RPC https://base-rpc.publicno failed: Error: Failed to estimate gas: server returned an error response: error code -32000: insufficient funds for transfer

[23:44:46] [HOUSE]   Send empty (attempt 3)
[23:44:47] [HOUSE]   UNDER FAILED
[23:45:50] [HOUSE] Skip 0x5CE6D30cf8 — lockTime passed (9s ago)
[23:49:06] [HOUSE] Seeding 0x676f6586fe...
[23:49:07] [HOUSE]   RPC https://base-mainnet.core failed: Error: Failed to estimate gas: server returned an error response: error code -32000: insufficient funds for transfer

[23:49:08] [HOUSE]   RPC https://base.drpc.org failed: Error: Failed to estimate gas: server returned an error response: error code -32003: insufficient funds for gas * price 
[23:49:09] [HOUSE]   RPC https://base-rpc.publicno failed: Error: Failed to estimate gas: server returned an error response: error code -32000: insufficient funds for transfer

[23:49:10] [HOUSE]   Send empty (attempt 1)
[23:49:12] [HOUSE]   RPC https://base-mainnet.core failed: Error: Failed to estimate gas: server returned an error response: error code -32000: insufficient funds for transfer

[23:49:13] [HOUSE]   RPC https://base.drpc.org failed: Error: Failed to estimate gas: server returned an error response: error code -32003: insufficient funds for gas * price 
[23:49:14] [HOUSE]   RPC https://base-rpc.publicno failed: Error: Failed to estimate gas: server returned an error response: error code -32000: insufficient funds for transfer

[23:49:15] [HOUSE]   Send empty (attempt 2)
[23:49:17] [HOUSE]   RPC https://base-mainnet.core failed: Error: Failed to estimate gas: server returned an error response: error code -32000: insufficient funds for transfer

[23:49:18] [HOUSE]   RPC https://base.drpc.org failed: Error: Failed to estimate gas: server returned an error response: error code -32003: insufficient funds for gas * price 
[23:49:19] [HOUSE]   RPC https://base-rpc.publicno failed: Error: Failed to estimate gas: server returned an error response: error code -32000: insufficient funds for transfer

[23:49:19] [HOUSE]   Send empty (attempt 3)
[23:49:20] [HOUSE]   UNDER FAILED
[23:50:22] [HOUSE] Seeding 0x676f6586fe...
[23:50:23] [HOUSE]   RPC https://base-mainnet.core failed: Error: Failed to estimate gas: server returned an error response: error code -32000: insufficient funds for transfer

[23:50:24] [HOUSE]   RPC https://base.drpc.org failed: Error: Failed to estimate gas: server returned an error response: error code -32003: insufficient funds for gas * price 
[23:50:26] [HOUSE]   RPC https://base-rpc.publicno failed: Error: Failed to estimate gas: server returned an error response: error code -32000: insufficient funds for transfer

[23:50:27] [HOUSE]   Send empty (attempt 1)
[23:50:29] [HOUSE]   RPC https://base-mainnet.core failed: Error: Failed to estimate gas: server returned an error response: error code -32000: insufficient funds for transfer

[23:50:30] [HOUSE]   RPC https://base.drpc.org failed: Error: Failed to estimate gas: server returned an error response: error code -32003: insufficient funds for gas * price 
[23:50:32] [HOUSE]   RPC https://base-rpc.publicno failed: Error: Failed to estimate gas: server returned an error response: error code -32000: insufficient funds for transfer

[23:50:32] [HOUSE]   Send empty (attempt 2)
[23:50:35] [HOUSE]   RPC https://base-mainnet.core failed: Error: Failed to estimate gas: server returned an error response: error code -32000: insufficient funds for transfer

[23:50:35] [HOUSE]   RPC https://base.drpc.org failed: Error: Failed to estimate gas: server returned an error response: error code -32003: insufficient funds for gas * price 
[23:50:37] [HOUSE]   RPC https://base-rpc.publicno failed: Error: Failed to estimate gas: server returned an error response: error code -32000: insufficient funds for transfer

[23:50:37] [HOUSE]   Send empty (attempt 3)
[23:50:38] [HOUSE]   UNDER FAILED
[23:51:39] [HOUSE] Skip 0x676f6586fe — lockTime passed (5s ago)
[23:55:02] [HOUSE] Seeding 0x01e8b5D906...
[23:55:03] [HOUSE]   RPC https://base-mainnet.core failed: Error: Failed to estimate gas: server returned an error response: error code -32000: insufficient funds for transfer

[23:55:04] [HOUSE]   RPC https://base.drpc.org failed: Error: Failed to estimate gas: server returned an error response: error code -32003: insufficient funds for gas * price 
[23:55:05] [HOUSE]   RPC https://base-rpc.publicno failed: Error: Failed to estimate gas: server returned an error response: error code -32000: insufficient funds for transfer

[23:55:05] [HOUSE]   Send empty (attempt 1)
[23:55:08] [HOUSE]   RPC https://base-mainnet.core failed: Error: Failed to estimate gas: server returned an error response: error code -32000: insufficient funds for transfer

[23:55:09] [HOUSE]   RPC https://base.drpc.org failed: Error: Failed to estimate gas: server returned an error response: error code -32003: insufficient funds for gas * price 
[23:55:11] [HOUSE]   RPC https://base-rpc.publicno failed: Error: Failed to estimate gas: server returned an error response: error code -32000: insufficient funds for transfer

[23:55:12] [HOUSE]   Send empty (attempt 2)
[23:55:14] [HOUSE]   RPC https://base-mainnet.core failed: Error: Failed to estimate gas: server returned an error response: error code -32000: insufficient funds for transfer

[23:55:15] [HOUSE]   RPC https://base.drpc.org failed: Error: Failed to estimate gas: server returned an error response: error code -32003: insufficient funds for gas * price 
[23:55:16] [HOUSE]   RPC https://base-rpc.publicno failed: Error: Failed to estimate gas: server returned an error response: error code -32000: insufficient funds for transfer

[23:55:16] [HOUSE]   Send empty (attempt 3)
[23:55:17] [HOUSE]   UNDER FAILED
[23:56:19] [HOUSE] Seeding 0x01e8b5D906...
[23:56:20] [HOUSE]   RPC https://base-mainnet.core failed: Error: Failed to estimate gas: server returned an error response: error code -32000: insufficient funds for transfer

[23:56:21] [HOUSE]   RPC https://base.drpc.org failed: Error: Failed to estimate gas: server returned an error response: error code -32003: insufficient funds for gas * price 
[23:56:23] [HOUSE]   RPC https://base-rpc.publicno failed: Error: Failed to estimate gas: server returned an error response: error code -32000: insufficient funds for transfer

[23:56:23] [HOUSE]   Send empty (attempt 1)
[23:56:25] [HOUSE]   RPC https://base-mainnet.core failed: Error: Failed to estimate gas: server returned an error response: error code -32000: insufficient funds for transfer

[23:56:26] [HOUSE]   RPC https://base.drpc.org failed: Error: Failed to estimate gas: server returned an error response: error code -32003: insufficient funds for gas * price 
[23:56:29] [HOUSE]   RPC https://base-rpc.publicno failed: Error: Failed to estimate gas: server returned an error response: error code -32000: insufficient funds for transfer

[23:56:29] [HOUSE]   Send empty (attempt 2)
[23:56:31] [HOUSE]   RPC https://base-mainnet.core failed: Error: Failed to estimate gas: server returned an error response: error code -32000: insufficient funds for transfer

[23:56:32] [HOUSE]   RPC https://base.drpc.org failed: Error: Failed to estimate gas: server returned an error response: error code -32003: insufficient funds for gas * price 
[23:56:36] [HOUSE]   RPC https://base-rpc.publicno failed: Error: Failed to estimate gas: server returned an error response: error code -32000: insufficient funds for transfer

[23:56:37] [HOUSE]   Send empty (attempt 3)
[23:56:38] [HOUSE]   UNDER FAILED
[23:57:40] [HOUSE] Skip 0x01e8b5D906 — lockTime passed (11s ago)
[00:00:50] [HOUSE] Seeding 0x0667bfF2B9...
[00:00:52] [HOUSE]   RPC https://base-mainnet.core failed: Error: Failed to estimate gas: server returned an error response: error code -32000: insufficient funds for transfer

[00:00:54] [HOUSE]   RPC https://base.drpc.org failed: Error: Failed to estimate gas: HTTP error 500 with body: {"id":3,"jsonrpc":"2.0","error":{"message":"Temporary internal 
[00:00:58] [HOUSE]   RPC https://base-rpc.publicno failed: Error: Failed to estimate gas: server returned an error response: error code -32000: insufficient funds for transfer

[00:00:59] [HOUSE]   Send empty (attempt 1)
[00:01:01] [HOUSE]   RPC https://base-mainnet.core failed: Error: Failed to estimate gas: server returned an error response: error code -32000: insufficient funds for transfer

[00:01:02] [HOUSE]   RPC https://base.drpc.org failed: Error: Failed to estimate gas: server returned an error response: error code -32003: insufficient funds for gas * price 
[00:01:04] [HOUSE]   RPC https://base-rpc.publicno failed: Error: Failed to estimate gas: server returned an error response: error code -32000: insufficient funds for transfer

[00:01:05] [HOUSE]   Send empty (attempt 2)
[00:01:07] [HOUSE]   RPC https://base-mainnet.core failed: Error: Failed to estimate gas: server returned an error response: error code -32000: insufficient funds for transfer

[00:01:08] [HOUSE]   RPC https://base.drpc.org failed: Error: Failed to estimate gas: server returned an error response: error code -32003: insufficient funds for gas * price 
[00:01:09] [HOUSE]   RPC https://base-rpc.publicno failed: Error: Failed to estimate gas: server returned an error response: error code -32000: insufficient funds for transfer

[00:01:10] [HOUSE]   Send empty (attempt 3)
[00:01:11] [HOUSE]   UNDER FAILED
[00:02:13] [HOUSE] Seeding 0x0667bfF2B9...
[00:02:14] [HOUSE]   RPC https://base-mainnet.core failed: Error: Failed to estimate gas: server returned an error response: error code -32000: insufficient funds for transfer

[00:02:15] [HOUSE]   RPC https://base.drpc.org failed: Error: Failed to estimate gas: server returned an error response: error code -32003: insufficient funds for gas * price 
[00:02:24] [HOUSE]   RPC https://base-rpc.publicno failed: Error: Failed to estimate gas: server returned an error response: error code -32000: insufficient funds for transfer

[00:02:25] [HOUSE]   Send empty (attempt 1)
[00:02:27] [HOUSE]   RPC https://base-mainnet.core failed: Error: Failed to estimate gas: server returned an error response: error code -32000: insufficient funds for transfer

[00:02:28] [HOUSE]   RPC https://base.drpc.org failed: Error: Failed to estimate gas: server returned an error response: error code -32003: insufficient funds for gas * price 
[00:02:31] [HOUSE]   RPC https://base-rpc.publicno failed: Error: Failed to estimate gas: server returned an error response: error code -32000: insufficient funds for transfer

[00:02:31] [HOUSE]   Send empty (attempt 2)
[00:02:33] [HOUSE]   RPC https://base-mainnet.core failed: Error: Failed to estimate gas: server returned an error response: error code -32000: insufficient funds for transfer

[00:02:34] [HOUSE]   RPC https://base.drpc.org failed: Error: Failed to estimate gas: server returned an error response: error code -32003: insufficient funds for gas * price 
[00:02:36] [HOUSE]   RPC https://base-rpc.publicno failed: Error: Failed to estimate gas: server returned an error response: error code -32000: insufficient funds for transfer

[00:02:37] [HOUSE]   Send empty (attempt 3)
[00:02:38] [HOUSE]   UNDER FAILED
[00:03:41] [HOUSE] Skip 0x0667bfF2B9 — lockTime passed (22s ago)
[00:06:46] [HOUSE] Seeding 0x52183CD817...
[00:06:47] [HOUSE]   RPC https://base-mainnet.core failed: Error: Failed to estimate gas: server returned an error response: error code -32000: insufficient funds for transfer

[00:06:48] [HOUSE]   RPC https://base.drpc.org failed: Error: Failed to estimate gas: server returned an error response: error code -32003: insufficient funds for gas * price 
[00:06:50] [HOUSE]   RPC https://base-rpc.publicno failed: Error: Failed to estimate gas: server returned an error response: error code -32000: insufficient funds for transfer

[00:06:50] [HOUSE]   Send empty (attempt 1)
[00:06:52] [HOUSE]   RPC https://base-mainnet.core failed: Error: Failed to estimate gas: server returned an error response: error code -32000: insufficient funds for transfer

[00:06:53] [HOUSE]   RPC https://base.drpc.org failed: Error: Failed to estimate gas: server returned an error response: error code -32003: insufficient funds for gas * price 
[00:06:56] [HOUSE]   RPC https://base-rpc.publicno failed: Error: Failed to estimate gas: server returned an error response: error code -32000: insufficient funds for transfer

[00:06:56] [HOUSE]   Send empty (attempt 2)
[00:06:58] [HOUSE]   RPC https://base-mainnet.core failed: Error: Failed to estimate gas: server returned an error response: error code -32000: insufficient funds for transfer

[00:06:59] [HOUSE]   RPC https://base.drpc.org failed: Error: Failed to estimate gas: server returned an error response: error code -32003: insufficient funds for gas * price 
[00:07:01] [HOUSE]   RPC https://base-rpc.publicno failed: Error: Failed to estimate gas: server returned an error response: error code -32000: insufficient funds for transfer

[00:07:01] [HOUSE]   Send empty (attempt 3)
[00:07:02] [HOUSE]   UNDER FAILED
[00:08:04] [HOUSE] Seeding 0x52183CD817...
[00:08:06] [HOUSE]   RPC https://base-mainnet.core failed: Error: Failed to estimate gas: server returned an error response: error code -32000: insufficient funds for transfer

[00:08:07] [HOUSE]   RPC https://base.drpc.org failed: Error: Failed to estimate gas: server returned an error response: error code -32003: insufficient funds for gas * price 
[00:08:08] [HOUSE]   RPC https://base-rpc.publicno failed: Error: Failed to estimate gas: server returned an error response: error code -32000: insufficient funds for transfer

[00:08:08] [HOUSE]   Send empty (attempt 1)
[00:08:10] [HOUSE]   RPC https://base-mainnet.core failed: Error: Failed to estimate gas: server returned an error response: error code -32000: insufficient funds for transfer

[00:08:11] [HOUSE]   RPC https://base.drpc.org failed: Error: Failed to estimate gas: server returned an error response: error code -32003: insufficient funds for gas * price 
[00:08:13] [HOUSE]   RPC https://base-rpc.publicno failed: Error: Failed to estimate gas: server returned an error response: error code -32000: insufficient funds for transfer

[00:08:13] [HOUSE]   Send empty (attempt 2)
[00:08:15] [HOUSE]   RPC https://base-mainnet.core failed: Error: Failed to estimate gas: server returned an error response: error code -32000: insufficient funds for transfer

[00:08:16] [HOUSE]   RPC https://base.drpc.org failed: Error: Failed to estimate gas: server returned an error response: error code -32003: insufficient funds for gas * price 
[00:08:20] [HOUSE]   RPC https://base-rpc.publicno failed: Error: Failed to estimate gas: server returned an error response: error code -32000: insufficient funds for transfer

[00:08:20] [HOUSE]   Send empty (attempt 3)
[00:08:21] [HOUSE]   UNDER FAILED
[00:09:24] [HOUSE] Skip 0x52183CD817 — lockTime passed (11s ago)
[00:12:38] [HOUSE] Seeding 0x8f665a0ccD...
[00:12:39] [HOUSE]   RPC https://base-mainnet.core failed: Error: Failed to estimate gas: server returned an error response: error code -32000: insufficient funds for transfer

[00:12:41] [HOUSE]   RPC https://base.drpc.org failed: Error: Failed to estimate gas: server returned an error response: error code -32003: insufficient funds for gas * price 
[00:12:42] [HOUSE]   RPC https://base-rpc.publicno failed: Error: Failed to estimate gas: server returned an error response: error code -32000: insufficient funds for transfer

[00:12:43] [HOUSE]   Send empty (attempt 1)
[00:12:45] [HOUSE]   RPC https://base-mainnet.core failed: Error: Failed to estimate gas: server returned an error response: error code -32000: insufficient funds for transfer

[00:12:46] [HOUSE]   RPC https://base.drpc.org failed: Error: Failed to estimate gas: server returned an error response: error code -32003: insufficient funds for gas * price 
[00:12:47] [HOUSE]   RPC https://base-rpc.publicno failed: Error: Failed to estimate gas: server returned an error response: error code -32000: insufficient funds for transfer

[00:12:48] [HOUSE]   Send empty (attempt 2)
[00:12:50] [HOUSE]   RPC https://base-mainnet.core failed: Error: Failed to estimate gas: server returned an error response: error code -32000: insufficient funds for transfer

[00:12:51] [HOUSE]   RPC https://base.drpc.org failed: Error: Failed to estimate gas: server returned an error response: error code -32003: insufficient funds for gas * price 
[00:12:53] [HOUSE]   RPC https://base-rpc.publicno failed: Error: Failed to estimate gas: server returned an error response: error code -32000: insufficient funds for transfer

[00:12:53] [HOUSE]   Send empty (attempt 3)
[00:12:54] [HOUSE]   UNDER FAILED
[00:13:56] [HOUSE] Seeding 0x8f665a0ccD...
[00:13:57] [HOUSE]   RPC https://base-mainnet.core failed: Error: Failed to estimate gas: server returned an error response: error code -32000: insufficient funds for transfer

[00:13:58] [HOUSE]   RPC https://base.drpc.org failed: Error: Failed to estimate gas: server returned an error response: error code -32003: insufficient funds for gas * price 
[00:14:00] [HOUSE]   RPC https://base-rpc.publicno failed: Error: Failed to estimate gas: server returned an error response: error code -32000: insufficient funds for transfer

[00:14:00] [HOUSE]   Send empty (attempt 1)
[00:14:03] [HOUSE]   RPC https://base-mainnet.core failed: Error: Failed to estimate gas: server returned an error response: error code -32000: insufficient funds for transfer

[00:14:04] [HOUSE]   RPC https://base.drpc.org failed: Error: Failed to estimate gas: server returned an error response: error code -32003: insufficient funds for gas * price 
[00:14:07] [HOUSE]   RPC https://base-rpc.publicno failed: Error: Failed to estimate gas: server returned an error response: error code -32000: insufficient funds for transfer

[00:14:08] [HOUSE]   Send empty (attempt 2)
[00:14:10] [HOUSE]   RPC https://base-mainnet.core failed: Error: Failed to estimate gas: server returned an error response: error code -32000: insufficient funds for transfer

[00:14:11] [HOUSE]   RPC https://base.drpc.org failed: Error: Failed to estimate gas: server returned an error response: error code -32003: insufficient funds for gas * price 
[00:14:13] [HOUSE]   RPC https://base-rpc.publicno failed: Error: Failed to estimate gas: server returned an error response: error code -32000: insufficient funds for transfer

[00:14:13] [HOUSE]   Send empty (attempt 3)
[00:14:14] [HOUSE]   UNDER FAILED
[00:15:15] [HOUSE] Skip 0x8f665a0ccD — lockTime passed (8s ago)
[00:18:30] [HOUSE] Seeding 0x6eE109B6a8...
[00:18:31] [HOUSE]   RPC https://base-mainnet.core failed: Error: Failed to estimate gas: server returned an error response: error code -32000: insufficient funds for transfer

[00:18:32] [HOUSE]   RPC https://base.drpc.org failed: Error: Failed to estimate gas: server returned an error response: error code -32003: insufficient funds for gas * price 
[00:18:35] [HOUSE]   RPC https://base-rpc.publicno failed: Error: Failed to estimate gas: server returned an error response: error code -32000: insufficient funds for transfer

[00:18:36] [HOUSE]   Send empty (attempt 1)
[00:18:38] [HOUSE]   RPC https://base-mainnet.core failed: Error: Failed to estimate gas: server returned an error response: error code -32000: insufficient funds for transfer

[00:18:39] [HOUSE]   RPC https://base.drpc.org failed: Error: Failed to estimate gas: server returned an error response: error code -32003: insufficient funds for gas * price 
[00:18:40] [HOUSE]   RPC https://base-rpc.publicno failed: Error: Failed to estimate gas: server returned an error response: error code -32000: insufficient funds for transfer

[00:18:41] [HOUSE]   Send empty (attempt 2)
[00:18:43] [HOUSE]   RPC https://base-mainnet.core failed: Error: Failed to estimate gas: server returned an error response: error code -32000: insufficient funds for transfer

[00:18:44] [HOUSE]   RPC https://base.drpc.org failed: Error: Failed to estimate gas: server returned an error response: error code -32003: insufficient funds for gas * price 
[00:18:47] [HOUSE]   RPC https://base-rpc.publicno failed: Error: Failed to estimate gas: server returned an error response: error code -32000: insufficient funds for transfer

[00:18:48] [HOUSE]   Send empty (attempt 3)
[00:18:49] [HOUSE]   UNDER FAILED
[00:19:52] [HOUSE] Seeding 0x6eE109B6a8...
[00:19:53] [HOUSE]   RPC https://base-mainnet.core failed: Error: Failed to estimate gas: server returned an error response: error code -32000: insufficient funds for transfer

[00:19:54] [HOUSE]   RPC https://base.drpc.org failed: Error: Failed to estimate gas: server returned an error response: error code -32003: insufficient funds for gas * price 
[00:19:55] [HOUSE]   RPC https://base-rpc.publicno failed: Error: Failed to estimate gas: server returned an error response: error code -32000: insufficient funds for transfer

[00:19:56] [HOUSE]   Send empty (attempt 1)
[00:19:58] [HOUSE]   RPC https://base-mainnet.core failed: Error: Failed to estimate gas: server returned an error response: error code -32000: insufficient funds for transfer

[00:19:59] [HOUSE]   RPC https://base.drpc.org failed: Error: Failed to estimate gas: server returned an error response: error code -32003: insufficient funds for gas * price 
[00:20:08] [HOUSE]   RPC https://base-rpc.publicno failed: Error: Failed to estimate gas: server returned an error response: error code -32000: insufficient funds for transfer

[00:20:08] [HOUSE]   Send empty (attempt 2)
[00:20:11] [HOUSE]   RPC https://base-mainnet.core failed: Error: Failed to estimate gas: server returned an error response: error code -32000: insufficient funds for transfer

[00:20:12] [HOUSE]   RPC https://base.drpc.org failed: Error: Failed to estimate gas: server returned an error response: error code -32003: insufficient funds for gas * price 
[00:20:14] [HOUSE]   RPC https://base-rpc.publicno failed: Error: Failed to estimate gas: server returned an error response: error code -32000: insufficient funds for transfer

[00:20:15] [HOUSE]   Send empty (attempt 3)
[00:20:16] [HOUSE]   UNDER FAILED
[00:21:17] [HOUSE] Skip 0x6eE109B6a8 — lockTime passed (18s ago)
[00:24:26] [HOUSE] Seeding 0xE3D6aB732C...
[00:24:27] [HOUSE]   RPC https://base-mainnet.core failed: Error: Failed to estimate gas: server returned an error response: error code -32000: insufficient funds for transfer

[00:24:28] [HOUSE]   RPC https://base.drpc.org failed: Error: Failed to estimate gas: server returned an error response: error code -32003: insufficient funds for gas * price 
[00:24:30] [HOUSE]   RPC https://base-rpc.publicno failed: Error: Failed to estimate gas: server returned an error response: error code -32000: insufficient funds for transfer

[00:24:30] [HOUSE]   Send empty (attempt 1)
[00:24:32] [HOUSE]   RPC https://base-mainnet.core failed: Error: Failed to estimate gas: server returned an error response: error code -32000: insufficient funds for transfer

[00:24:33] [HOUSE]   RPC https://base.drpc.org failed: Error: Failed to estimate gas: server returned an error response: error code -32003: insufficient funds for gas * price 
[00:24:37] [HOUSE]   RPC https://base-rpc.publicno failed: Error: Failed to estimate gas: server returned an error response: error code -32000: insufficient funds for transfer

[00:24:37] [HOUSE]   Send empty (attempt 2)
[00:24:39] [HOUSE]   RPC https://base-mainnet.core failed: Error: Failed to estimate gas: server returned an error response: error code -32000: insufficient funds for transfer

[00:24:40] [HOUSE]   RPC https://base.drpc.org failed: Error: Failed to estimate gas: server returned an error response: error code -32003: insufficient funds for gas * price 
[00:24:42] [HOUSE]   RPC https://base-rpc.publicno failed: Error: Failed to estimate gas: server returned an error response: error code -32000: insufficient funds for transfer

[00:24:42] [HOUSE]   Send empty (attempt 3)
[00:24:43] [HOUSE]   UNDER FAILED
[00:25:46] [HOUSE] Seeding 0xE3D6aB732C...
[00:25:47] [HOUSE]   RPC https://base-mainnet.core failed: Error: Failed to estimate gas: server returned an error response: error code -32000: insufficient funds for transfer

[00:25:48] [HOUSE]   RPC https://base.drpc.org failed: Error: Failed to estimate gas: server returned an error response: error code -32003: insufficient funds for gas * price 
[00:25:51] [HOUSE]   RPC https://base-rpc.publicno failed: Error: Failed to estimate gas: server returned an error response: error code -32000: insufficient funds for transfer

[00:25:51] [HOUSE]   Send empty (attempt 1)
[00:25:54] [HOUSE]   RPC https://base-mainnet.core failed: Error: Failed to estimate gas: server returned an error response: error code -32000: insufficient funds for transfer

[00:25:54] [HOUSE]   RPC https://base.drpc.org failed: Error: Failed to estimate gas: server returned an error response: error code -32003: insufficient funds for gas * price 
[00:25:56] [HOUSE]   RPC https://base-rpc.publicno failed: Error: Failed to estimate gas: server returned an error response: error code -32000: insufficient funds for transfer

[00:25:56] [HOUSE]   Send empty (attempt 2)
[00:25:58] [HOUSE]   RPC https://base-mainnet.core failed: Error: Failed to estimate gas: server returned an error response: error code -32000: insufficient funds for transfer

[00:25:59] [HOUSE]   RPC https://base.drpc.org failed: Error: Failed to estimate gas: server returned an error response: error code -32003: insufficient funds for gas * price 
[00:26:00] [HOUSE]   RPC https://base-rpc.publicno failed: Error: Failed to estimate gas: server returned an error response: error code -32000: insufficient funds for transfer

[00:26:01] [HOUSE]   Send empty (attempt 3)
[00:26:02] [HOUSE]   UNDER FAILED
[00:27:04] [HOUSE] Skip 0xE3D6aB732C — lockTime passed (12s ago)
[00:30:16] [HOUSE] Seeding 0x271f76F812...
[00:30:17] [HOUSE]   RPC https://base-mainnet.core failed: Error: Failed to estimate gas: server returned an error response: error code -32000: insufficient funds for transfer

[00:30:18] [HOUSE]   RPC https://base.drpc.org failed: Error: Failed to estimate gas: server returned an error response: error code -32003: insufficient funds for gas * price 
[00:30:19] [HOUSE]   RPC https://base-rpc.publicno failed: Error: Failed to estimate gas: server returned an error response: error code -32000: insufficient funds for transfer

[00:30:19] [HOUSE]   Send empty (attempt 1)
[00:30:22] [HOUSE]   RPC https://base-mainnet.core failed: Error: Failed to estimate gas: server returned an error response: error code -32000: insufficient funds for transfer

[00:30:23] [HOUSE]   RPC https://base.drpc.org failed: Error: Failed to estimate gas: server returned an error response: error code -32003: insufficient funds for gas * price 
[00:30:24] [HOUSE]   RPC https://base-rpc.publicno failed: Error: Failed to estimate gas: server returned an error response: error code -32000: insufficient funds for transfer

[00:30:25] [HOUSE]   Send empty (attempt 2)
[00:30:27] [HOUSE]   RPC https://base-mainnet.core failed: Error: Failed to estimate gas: server returned an error response: error code -32000: insufficient funds for transfer

[00:30:27] [HOUSE]   RPC https://base.drpc.org failed: Error: Failed to estimate gas: server returned an error response: error code -32003: insufficient funds for gas * price 
[00:30:29] [HOUSE]   RPC https://base-rpc.publicno failed: Error: Failed to estimate gas: server returned an error response: error code -32000: insufficient funds for transfer

[00:30:30] [HOUSE]   Send empty (attempt 3)
[00:30:31] [HOUSE]   UNDER FAILED
[00:31:33] [HOUSE] Seeding 0x271f76F812...
[00:31:34] [HOUSE]   RPC https://base-mainnet.core failed: Error: Failed to estimate gas: server returned an error response: error code -32000: insufficient funds for transfer

[00:31:35] [HOUSE]   RPC https://base.drpc.org failed: Error: Failed to estimate gas: server returned an error response: error code -32003: insufficient funds for gas * price 
[00:31:37] [HOUSE]   RPC https://base-rpc.publicno failed: Error: Failed to estimate gas: server returned an error response: error code -32000: insufficient funds for transfer

[00:31:37] [HOUSE]   Send empty (attempt 1)
[00:31:40] [HOUSE]   RPC https://base-mainnet.core failed: Error: Failed to estimate gas: server returned an error response: error code -32000: insufficient funds for transfer

[00:31:40] [HOUSE]   RPC https://base.drpc.org failed: Error: Failed to estimate gas: server returned an error response: error code -32003: insufficient funds for gas * price 
[00:31:41] [HOUSE]   RPC https://base-rpc.publicno failed: Error: Failed to estimate gas: server returned an error response: error code -32000: insufficient funds for transfer

[00:31:42] [HOUSE]   Send empty (attempt 2)
[00:31:44] [HOUSE]   RPC https://base-mainnet.core failed: Error: Failed to estimate gas: server returned an error response: error code -32000: insufficient funds for transfer

[00:31:45] [HOUSE]   RPC https://base.drpc.org failed: Error: Failed to estimate gas: server returned an error response: error code -32003: insufficient funds for gas * price 
[00:31:46] [HOUSE]   RPC https://base-rpc.publicno failed: Error: Failed to estimate gas: server returned an error response: error code -32000: insufficient funds for transfer

[00:31:47] [HOUSE]   Send empty (attempt 3)
[00:31:48] [HOUSE]   UNDER FAILED
[00:32:49] [HOUSE] Skip 0x271f76F812 — lockTime passed (6s ago)
[00:36:11] [HOUSE] Seeding 0xD182252c87...
[00:36:12] [HOUSE]   RPC https://base-mainnet.core failed: Error: Failed to estimate gas: server returned an error response: error code -32000: insufficient funds for transfer

[00:36:13] [HOUSE]   RPC https://base.drpc.org failed: Error: Failed to estimate gas: server returned an error response: error code -32003: insufficient funds for gas * price 
[00:36:15] [HOUSE]   RPC https://base-rpc.publicno failed: Error: Failed to estimate gas: server returned an error response: error code -32000: insufficient funds for transfer

[00:36:16] [HOUSE]   Send empty (attempt 1)
[00:36:18] [HOUSE]   RPC https://base-mainnet.core failed: Error: Failed to estimate gas: server returned an error response: error code -32000: insufficient funds for transfer

[00:36:19] [HOUSE]   RPC https://base.drpc.org failed: Error: Failed to estimate gas: server returned an error response: error code -32003: insufficient funds for gas * price 
[00:36:20] [HOUSE]   RPC https://base-rpc.publicno failed: Error: Failed to estimate gas: server returned an error response: error code -32000: insufficient funds for transfer

[00:36:21] [HOUSE]   Send empty (attempt 2)
[00:36:23] [HOUSE]   RPC https://base-mainnet.core failed: Error: Failed to estimate gas: server returned an error response: error code -32000: insufficient funds for transfer

[00:36:24] [HOUSE]   RPC https://base.drpc.org failed: Error: Failed to estimate gas: server returned an error response: error code -32003: insufficient funds for gas * price 
[00:36:25] [HOUSE]   RPC https://base-rpc.publicno failed: Error: Failed to estimate gas: server returned an error response: error code -32000: insufficient funds for transfer

[00:36:25] [HOUSE]   Send empty (attempt 3)
[00:36:26] [HOUSE]   UNDER FAILED
[00:37:30] [HOUSE] Seeding 0xD182252c87...
[00:37:31] [HOUSE]   RPC https://base-mainnet.core failed: Error: Failed to estimate gas: server returned an error response: error code -32000: insufficient funds for transfer

[00:37:32] [HOUSE]   RPC https://base.drpc.org failed: Error: Failed to estimate gas: server returned an error response: error code -32003: insufficient funds for gas * price 
[00:37:33] [HOUSE]   RPC https://base-rpc.publicno failed: Error: Failed to estimate gas: server returned an error response: error code -32000: insufficient funds for transfer

[00:37:33] [HOUSE]   Send empty (attempt 1)
[00:37:36] [HOUSE]   RPC https://base-mainnet.core failed: Error: Failed to estimate gas: server returned an error response: error code -32000: insufficient funds for transfer

[00:37:37] [HOUSE]   RPC https://base.drpc.org failed: Error: Failed to estimate gas: server returned an error response: error code -32003: insufficient funds for gas * price 
[00:37:38] [HOUSE]   RPC https://base-rpc.publicno failed: Error: Failed to estimate gas: server returned an error response: error code -32000: insufficient funds for transfer

[00:37:39] [HOUSE]   Send empty (attempt 2)
[00:37:41] [HOUSE]   RPC https://base-mainnet.core failed: Error: Failed to estimate gas: server returned an error response: error code -32000: insufficient funds for transfer

[00:37:42] [HOUSE]   RPC https://base.drpc.org failed: Error: Failed to estimate gas: server returned an error response: error code -32003: insufficient funds for gas * price 
[00:37:43] [HOUSE]   RPC https://base-rpc.publicno failed: Error: Failed to estimate gas: server returned an error response: error code -32000: insufficient funds for transfer

[00:37:43] [HOUSE]   Send empty (attempt 3)
[00:37:44] [HOUSE]   UNDER FAILED
[00:38:47] [HOUSE] Skip 0xD182252c87 — lockTime passed (9s ago)
[00:42:08] [HOUSE] Seeding 0x7035E23180...
[00:42:09] [HOUSE]   RPC https://base-mainnet.core failed: Error: Failed to estimate gas: server returned an error response: error code -32000: insufficient funds for transfer

[00:42:10] [HOUSE]   RPC https://base.drpc.org failed: Error: Failed to estimate gas: server returned an error response: error code -32003: insufficient funds for gas * price 
[00:42:11] [HOUSE]   RPC https://base-rpc.publicno failed: Error: Failed to estimate gas: server returned an error response: error code -32000: insufficient funds for transfer

[00:42:12] [HOUSE]   Send empty (attempt 1)
[00:42:14] [HOUSE]   RPC https://base-mainnet.core failed: Error: Failed to estimate gas: server returned an error response: error code -32000: insufficient funds for transfer

[00:42:15] [HOUSE]   RPC https://base.drpc.org failed: Error: Failed to estimate gas: server returned an error response: error code -32003: insufficient funds for gas * price 
[00:42:17] [HOUSE]   RPC https://base-rpc.publicno failed: Error: Failed to estimate gas: server returned an error response: error code -32000: insufficient funds for transfer

[00:42:17] [HOUSE]   Send empty (attempt 2)
[00:42:20] [HOUSE]   RPC https://base-mainnet.core failed: Error: Failed to estimate gas: server returned an error response: error code -32000: insufficient funds for transfer

[00:42:21] [HOUSE]   RPC https://base.drpc.org failed: Error: Failed to estimate gas: server returned an error response: error code -32003: insufficient funds for gas * price 
[00:42:22] [HOUSE]   RPC https://base-rpc.publicno failed: Error: Failed to estimate gas: server returned an error response: error code -32000: insufficient funds for transfer

[00:42:23] [HOUSE]   Send empty (attempt 3)
[00:42:24] [HOUSE]   UNDER FAILED
[00:43:26] [HOUSE] Seeding 0x7035E23180...
[00:43:27] [HOUSE]   RPC https://base-mainnet.core failed: Error: Failed to estimate gas: server returned an error response: error code -32000: insufficient funds for transfer

[00:43:28] [HOUSE]   RPC https://base.drpc.org failed: Error: Failed to estimate gas: server returned an error response: error code -32003: insufficient funds for gas * price 
[00:43:29] [HOUSE]   RPC https://base-rpc.publicno failed: Error: Failed to estimate gas: server returned an error response: error code -32000: insufficient funds for transfer

[00:43:30] [HOUSE]   Send empty (attempt 1)
[00:43:32] [HOUSE]   RPC https://base-mainnet.core failed: Error: Failed to estimate gas: server returned an error response: error code -32000: insufficient funds for transfer

[00:43:33] [HOUSE]   RPC https://base.drpc.org failed: Error: Failed to estimate gas: server returned an error response: error code -32003: insufficient funds for gas * price 
[00:43:34] [HOUSE]   RPC https://base-rpc.publicno failed: Error: Failed to estimate gas: server returned an error response: error code -32000: insufficient funds for transfer

[00:43:35] [HOUSE]   Send empty (attempt 2)
[00:43:37] [HOUSE]   RPC https://base-mainnet.core failed: Error: Failed to estimate gas: server returned an error response: error code -32000: insufficient funds for transfer

[00:43:38] [HOUSE]   RPC https://base.drpc.org failed: Error: Failed to estimate gas: server returned an error response: error code -32003: insufficient funds for gas * price 
[00:43:39] [HOUSE]   RPC https://base-rpc.publicno failed: Error: Failed to estimate gas: server returned an error response: error code -32000: insufficient funds for transfer

[00:43:40] [HOUSE]   Send empty (attempt 3)
[00:43:41] [HOUSE]   UNDER FAILED
[00:44:45] [HOUSE] Error: Command '['cast', 'call', '0x5b04F3DFaE780A7e109066E754d27f491Af55Af9', 'getActiveMarkets()(address[])', '--rpc-url', 'https://base-mainnet.core.chainstack.com/977532e58b2430d1f01739e7d209d236']' timed out after 15 seconds
[00:44:51] [HOUSE] Skip 0x7035E23180 — lockTime passed (16s ago)
[00:47:57] [HOUSE] Seeding 0x7E2C3d0Bc5...
[00:47:59] [HOUSE]   RPC https://base-mainnet.core failed: Error: Failed to estimate gas: server returned an error response: error code -32000: insufficient funds for transfer

[00:48:00] [HOUSE]   RPC https://base.drpc.org failed: Error: Failed to estimate gas: server returned an error response: error code -32003: insufficient funds for gas * price 
[00:48:01] [HOUSE]   RPC https://base-rpc.publicno failed: Error: Failed to estimate gas: server returned an error response: error code -32000: insufficient funds for transfer

[00:48:02] [HOUSE]   Send empty (attempt 1)
[00:48:04] [HOUSE]   RPC https://base-mainnet.core failed: Error: Failed to estimate gas: server returned an error response: error code -32000: insufficient funds for transfer

[00:48:05] [HOUSE]   RPC https://base.drpc.org failed: Error: Failed to estimate gas: server returned an error response: error code -32003: insufficient funds for gas * price 
[00:48:10] [HOUSE]   RPC https://base-rpc.publicno failed: Error: Failed to estimate gas: server returned an error response: error code -32000: insufficient funds for transfer

[00:48:10] [HOUSE]   Send empty (attempt 2)
[00:48:13] [HOUSE]   RPC https://base-mainnet.core failed: Error: Failed to estimate gas: server returned an error response: error code -32000: insufficient funds for transfer

[00:48:13] [HOUSE]   RPC https://base.drpc.org failed: Error: Failed to estimate gas: server returned an error response: error code -32003: insufficient funds for gas * price 
[00:48:15] [HOUSE]   RPC https://base-rpc.publicno failed: Error: Failed to estimate gas: server returned an error response: error code -32000: insufficient funds for transfer

[00:48:15] [HOUSE]   Send empty (attempt 3)
[00:48:16] [HOUSE]   UNDER FAILED
[00:49:19] [HOUSE] Seeding 0x7E2C3d0Bc5...
[00:49:20] [HOUSE]   RPC https://base-mainnet.core failed: Error: Failed to estimate gas: server returned an error response: error code -32000: insufficient funds for transfer

[00:49:21] [HOUSE]   RPC https://base.drpc.org failed: Error: Failed to estimate gas: server returned an error response: error code -32003: insufficient funds for gas * price 
[00:49:24] [HOUSE]   RPC https://base-rpc.publicno failed: Error: Failed to estimate gas: server returned an error response: error code -32000: insufficient funds for transfer

[00:49:25] [HOUSE]   Send empty (attempt 1)
[00:49:27] [HOUSE]   RPC https://base-mainnet.core failed: Error: Failed to estimate gas: server returned an error response: error code -32000: insufficient funds for transfer

[00:49:28] [HOUSE]   RPC https://base.drpc.org failed: Error: Failed to estimate gas: server returned an error response: error code -32003: insufficient funds for gas * price 
[00:49:30] [HOUSE]   RPC https://base-rpc.publicno failed: Error: Failed to estimate gas: server returned an error response: error code -32000: insufficient funds for transfer

[00:49:31] [HOUSE]   Send empty (attempt 2)
[00:49:33] [HOUSE]   RPC https://base-mainnet.core failed: Error: Failed to estimate gas: server returned an error response: error code -32000: insufficient funds for transfer

[00:49:34] [HOUSE]   RPC https://base.drpc.org failed: Error: Failed to estimate gas: server returned an error response: error code -32003: insufficient funds for gas * price 
[00:49:39] [HOUSE]   RPC https://base-rpc.publicno failed: Error: Failed to estimate gas: server returned an error response: error code -32000: insufficient funds for transfer

[00:49:40] [HOUSE]   Send empty (attempt 3)
[00:49:41] [HOUSE]   UNDER FAILED
[00:50:43] [HOUSE] Skip 0x7E2C3d0Bc5 — lockTime passed (18s ago)
[00:53:54] [HOUSE] Seeding 0xF5fa2679E4...
[00:53:55] [HOUSE]   RPC https://base-mainnet.core failed: Error: Failed to estimate gas: server returned an error response: error code -32000: insufficient funds for transfer

[00:53:56] [HOUSE]   RPC https://base.drpc.org failed: Error: Failed to estimate gas: server returned an error response: error code -32003: insufficient funds for gas * price 
[00:53:57] [HOUSE]   RPC https://base-rpc.publicno failed: Error: Failed to estimate gas: server returned an error response: error code -32000: insufficient funds for transfer

[00:53:58] [HOUSE]   Send empty (attempt 1)
[00:54:00] [HOUSE]   RPC https://base-mainnet.core failed: Error: Failed to estimate gas: server returned an error response: error code -32000: insufficient funds for transfer

[00:54:01] [HOUSE]   RPC https://base.drpc.org failed: Error: Failed to estimate gas: server returned an error response: error code -32003: insufficient funds for gas * price 
[00:54:04] [HOUSE]   RPC https://base-rpc.publicno failed: Error: Failed to estimate gas: server returned an error response: error code -32000: insufficient funds for transfer

[00:54:04] [HOUSE]   Send empty (attempt 2)
[00:54:07] [HOUSE]   RPC https://base-mainnet.core failed: Error: Failed to estimate gas: server returned an error response: error code -32000: insufficient funds for transfer

[00:54:07] [HOUSE]   RPC https://base.drpc.org failed: Error: Failed to estimate gas: server returned an error response: error code -32003: insufficient funds for gas * price 
[00:54:12] [HOUSE]   RPC https://base-rpc.publicno failed: Error: Failed to estimate gas: server returned an error response: error code -32000: insufficient funds for transfer

[00:54:13] [HOUSE]   Send empty (attempt 3)
[00:54:14] [HOUSE]   UNDER FAILED
[00:55:15] [HOUSE] Seeding 0xF5fa2679E4...
[00:55:16] [HOUSE]   RPC https://base-mainnet.core failed: Error: Failed to estimate gas: server returned an error response: error code -32000: insufficient funds for transfer

[00:55:17] [HOUSE]   RPC https://base.drpc.org failed: Error: Failed to estimate gas: server returned an error response: error code -32003: insufficient funds for gas * price 
[00:55:19] [HOUSE]   RPC https://base-rpc.publicno failed: Error: Failed to estimate gas: server returned an error response: error code -32000: insufficient funds for transfer

[00:55:19] [HOUSE]   Send empty (attempt 1)
[00:55:21] [HOUSE]   RPC https://base-mainnet.core failed: Error: Failed to estimate gas: server returned an error response: error code -32000: insufficient funds for transfer

[00:55:22] [HOUSE]   RPC https://base.drpc.org failed: Error: Failed to estimate gas: server returned an error response: error code -32003: insufficient funds for gas * price 
[00:55:23] [HOUSE]   RPC https://base-rpc.publicno failed: Error: Failed to estimate gas: server returned an error response: error code -32000: insufficient funds for transfer

[00:55:24] [HOUSE]   Send empty (attempt 2)
[00:55:26] [HOUSE]   RPC https://base-mainnet.core failed: Error: Failed to estimate gas: server returned an error response: error code -32000: insufficient funds for transfer

[00:55:27] [HOUSE]   RPC https://base.drpc.org failed: Error: Failed to estimate gas: server returned an error response: error code -32003: insufficient funds for gas * price 
[00:55:28] [HOUSE]   RPC https://base-rpc.publicno failed: Error: Failed to estimate gas: server returned an error response: error code -32000: insufficient funds for transfer

[00:55:28] [HOUSE]   Send empty (attempt 3)
[00:55:29] [HOUSE]   UNDER FAILED
[00:56:32] [HOUSE] Skip 0xF5fa2679E4 — lockTime passed (10s ago)
[00:59:50] [HOUSE] Seeding 0xd32B08448c...
[00:59:51] [HOUSE]   RPC https://base-mainnet.core failed: Error: Failed to estimate gas: server returned an error response: error code -32000: insufficient funds for transfer

[00:59:52] [HOUSE]   RPC https://base.drpc.org failed: Error: Failed to estimate gas: server returned an error response: error code -32003: insufficient funds for gas * price 
[00:59:54] [HOUSE]   RPC https://base-rpc.publicno failed: Error: Failed to estimate gas: server returned an error response: error code -32000: insufficient funds for transfer

[00:59:54] [HOUSE]   Send empty (attempt 1)
[00:59:56] [HOUSE]   RPC https://base-mainnet.core failed: Error: Failed to estimate gas: server returned an error response: error code -32000: insufficient funds for transfer

[00:59:57] [HOUSE]   RPC https://base.drpc.org failed: Error: Failed to estimate gas: server returned an error response: error code -32003: insufficient funds for gas * price 
[00:59:59] [HOUSE]   RPC https://base-rpc.publicno failed: Error: Failed to estimate gas: server returned an error response: error code -32000: insufficient funds for transfer

[00:59:59] [HOUSE]   Send empty (attempt 2)
[01:00:01] [HOUSE]   RPC https://base-mainnet.core failed: Error: Failed to estimate gas: server returned an error response: error code -32000: insufficient funds for transfer

[01:00:02] [HOUSE]   RPC https://base.drpc.org failed: Error: Failed to estimate gas: server returned an error response: error code -32003: insufficient funds for gas * price 
[01:00:04] [HOUSE]   RPC https://base-rpc.publicno failed: Error: Failed to estimate gas: server returned an error response: error code -32000: insufficient funds for transfer

[01:00:04] [HOUSE]   Send empty (attempt 3)
[01:00:05] [HOUSE]   UNDER FAILED
[01:01:08] [HOUSE] Seeding 0xd32B08448c...
[01:01:09] [HOUSE]   RPC https://base-mainnet.core failed: Error: Failed to estimate gas: server returned an error response: error code -32000: insufficient funds for transfer

[01:01:10] [HOUSE]   RPC https://base.drpc.org failed: Error: Failed to estimate gas: server returned an error response: error code -32003: insufficient funds for gas * price 
[01:01:14] [HOUSE]   RPC https://base-rpc.publicno failed: Error: Failed to estimate gas: server returned an error response: error code -32000: insufficient funds for transfer

[01:01:14] [HOUSE]   Send empty (attempt 1)
[01:01:17] [HOUSE]   RPC https://base-mainnet.core failed: Error: Failed to estimate gas: server returned an error response: error code -32000: insufficient funds for transfer

[01:01:18] [HOUSE]   RPC https://base.drpc.org failed: Error: Failed to estimate gas: server returned an error response: error code -32003: insufficient funds for gas * price 
[01:01:22] [HOUSE]   RPC https://base-rpc.publicno failed: Error: Failed to estimate gas: server returned an error response: error code -32000: insufficient funds for transfer

[01:01:23] [HOUSE]   Send empty (attempt 2)
[01:01:25] [HOUSE]   RPC https://base-mainnet.core failed: Error: Failed to estimate gas: server returned an error response: error code -32000: insufficient funds for transfer

[01:01:26] [HOUSE]   RPC https://base.drpc.org failed: Error: Failed to estimate gas: server returned an error response: error code -32003: insufficient funds for gas * price 
[01:01:27] [HOUSE]   RPC https://base-rpc.publicno failed: Error: Failed to estimate gas: server returned an error response: error code -32000: insufficient funds for transfer

[01:01:28] [HOUSE]   Send empty (attempt 3)
[01:01:29] [HOUSE]   UNDER FAILED
[01:02:29] [HOUSE] Skip 0xd32B08448c — lockTime passed (13s ago)
[01:05:43] [HOUSE] Seeding 0x9f80EC9Fc7...
[01:05:44] [HOUSE]   RPC https://base-mainnet.core failed: Error: Failed to estimate gas: server returned an error response: error code -32000: insufficient funds for transfer

[01:05:45] [HOUSE]   RPC https://base.drpc.org failed: Error: Failed to estimate gas: server returned an error response: error code -32003: insufficient funds for gas * price 
[01:05:54] [HOUSE]   RPC https://base-rpc.publicno failed: Error: Failed to estimate gas: server returned an error response: error code -32000: insufficient funds for transfer

[01:05:54] [HOUSE]   Send empty (attempt 1)
[01:05:56] [HOUSE]   RPC https://base-mainnet.core failed: Error: Failed to estimate gas: server returned an error response: error code -32000: insufficient funds for transfer

[01:05:57] [HOUSE]   RPC https://base.drpc.org failed: Error: Failed to estimate gas: server returned an error response: error code -32003: insufficient funds for gas * price 
[01:05:58] [HOUSE]   RPC https://base-rpc.publicno failed: Error: Failed to estimate gas: server returned an error response: error code -32000: insufficient funds for transfer

[01:05:59] [HOUSE]   Send empty (attempt 2)
[01:06:01] [HOUSE]   RPC https://base-mainnet.core failed: Error: Failed to estimate gas: server returned an error response: error code -32000: insufficient funds for transfer

[01:06:03] [HOUSE]   RPC https://base.drpc.org failed: Error: Failed to estimate gas: server returned an error response: error code -32003: insufficient funds for gas * price 
[01:06:08] [HOUSE]   RPC https://base-rpc.publicno failed: Error: Failed to estimate gas: server returned an error response: error code -32000: insufficient funds for transfer

[01:06:08] [HOUSE]   Send empty (attempt 3)
[01:06:09] [HOUSE]   UNDER FAILED
[01:07:12] [HOUSE] Seeding 0x9f80EC9Fc7...
[01:07:13] [HOUSE]   RPC https://base-mainnet.core failed: Error: Failed to estimate gas: server returned an error response: error code -32000: insufficient funds for transfer

[01:07:14] [HOUSE]   RPC https://base.drpc.org failed: Error: Failed to estimate gas: server returned an error response: error code -32003: insufficient funds for gas * price 
[01:07:18] [HOUSE]   RPC https://base-rpc.publicno failed: Error: Failed to estimate gas: server returned an error response: error code -32000: insufficient funds for transfer

[01:07:19] [HOUSE]   Send empty (attempt 1)
[01:07:21] [HOUSE]   RPC https://base-mainnet.core failed: Error: Failed to estimate gas: server returned an error response: error code -32000: insufficient funds for transfer

[01:07:22] [HOUSE]   RPC https://base.drpc.org failed: Error: Failed to estimate gas: server returned an error response: error code -32003: insufficient funds for gas * price 
[01:07:27] [HOUSE]   RPC https://base-rpc.publicno failed: Error: Failed to estimate gas: server returned an error response: error code -32000: insufficient funds for transfer

[01:07:27] [HOUSE]   Send empty (attempt 2)
[01:07:30] [HOUSE]   RPC https://base-mainnet.core failed: Error: Failed to estimate gas: server returned an error response: error code -32000: insufficient funds for transfer

[01:07:31] [HOUSE]   RPC https://base.drpc.org failed: Error: Failed to estimate gas: server returned an error response: error code -32003: insufficient funds for gas * price 
[01:07:32] [HOUSE]   RPC https://base-rpc.publicno failed: Error: Failed to estimate gas: server returned an error response: error code -32000: insufficient funds for transfer

[01:07:32] [HOUSE]   Send empty (attempt 3)
[01:07:33] [HOUSE]   UNDER FAILED
[01:08:34] [HOUSE] Skip 0x9f80EC9Fc7 — lockTime passed (24s ago)
[01:11:36] [HOUSE] Seeding 0xB67367395A...
[01:11:37] [HOUSE]   RPC https://base-mainnet.core failed: Error: Failed to estimate gas: server returned an error response: error code -32000: insufficient funds for transfer

[01:11:38] [HOUSE]   RPC https://base.drpc.org failed: Error: Failed to estimate gas: server returned an error response: error code -32003: insufficient funds for gas * price 
[01:11:40] [HOUSE]   RPC https://base-rpc.publicno failed: Error: Failed to estimate gas: server returned an error response: error code -32000: insufficient funds for transfer

[01:11:40] [HOUSE]   Send empty (attempt 1)
[01:11:43] [HOUSE]   RPC https://base-mainnet.core failed: Error: Failed to estimate gas: server returned an error response: error code -32000: insufficient funds for transfer

[01:11:43] [HOUSE]   RPC https://base.drpc.org failed: Error: Failed to estimate gas: server returned an error response: error code -32003: insufficient funds for gas * price 
[01:11:45] [HOUSE]   RPC https://base-rpc.publicno failed: Error: Failed to estimate gas: server returned an error response: error code -32000: insufficient funds for transfer

[01:11:45] [HOUSE]   Send empty (attempt 2)
[01:11:48] [HOUSE]   RPC https://base-mainnet.core failed: Error: Failed to estimate gas: server returned an error response: error code -32000: insufficient funds for transfer

[01:11:48] [HOUSE]   RPC https://base.drpc.org failed: Error: Failed to estimate gas: server returned an error response: error code -32003: insufficient funds for gas * price 
[01:11:49] [HOUSE]   RPC https://base-rpc.publicno failed: Error: Failed to estimate gas: server returned an error response: error code -32000: insufficient funds for transfer

[01:11:50] [HOUSE]   Send empty (attempt 3)
[01:11:51] [HOUSE]   UNDER FAILED
[01:12:52] [HOUSE] Seeding 0xB67367395A...
[01:12:53] [HOUSE]   RPC https://base-mainnet.core failed: Error: Failed to estimate gas: server returned an error response: error code -32000: insufficient funds for transfer

[01:12:55] [HOUSE]   RPC https://base.drpc.org failed: Error: Failed to estimate gas: server returned an error response: error code -32003: insufficient funds for gas * price 
[01:12:56] [HOUSE]   RPC https://base-rpc.publicno failed: Error: Failed to estimate gas: server returned an error response: error code -32000: insufficient funds for transfer

[01:12:57] [HOUSE]   Send empty (attempt 1)
[01:12:59] [HOUSE]   RPC https://base-mainnet.core failed: Error: Failed to estimate gas: server returned an error response: error code -32000: insufficient funds for transfer

[01:13:00] [HOUSE]   RPC https://base.drpc.org failed: Error: Failed to estimate gas: server returned an error response: error code -32003: insufficient funds for gas * price 
[01:13:04] [HOUSE]   RPC https://base-rpc.publicno failed: Error: Failed to estimate gas: server returned an error response: error code -32000: insufficient funds for transfer

[01:13:04] [HOUSE]   Send empty (attempt 2)
[01:13:06] [HOUSE]   RPC https://base-mainnet.core failed: Error: Failed to estimate gas: server returned an error response: error code -32000: insufficient funds for transfer

[01:13:08] [HOUSE]   RPC https://base.drpc.org failed: Error: Failed to estimate gas: server returned an error response: error code -32003: insufficient funds for gas * price 
[01:13:09] [HOUSE]   RPC https://base-rpc.publicno failed: Error: Failed to estimate gas: server returned an error response: error code -32000: insufficient funds for transfer

[01:13:10] [HOUSE]   Send empty (attempt 3)
[01:13:11] [HOUSE]   UNDER FAILED
[01:14:13] [HOUSE] Skip 0xB67367395A — lockTime passed (9s ago)
[01:17:34] [HOUSE] Seeding 0xf5e213ef58...
[01:17:35] [HOUSE]   RPC https://base-mainnet.core failed: Error: Failed to estimate gas: server returned an error response: error code -32000: insufficient funds for transfer

[01:17:36] [HOUSE]   RPC https://base.drpc.org failed: Error: Failed to estimate gas: server returned an error response: error code -32003: insufficient funds for gas * price 
[01:17:39] [HOUSE]   RPC https://base-rpc.publicno failed: Error: Failed to estimate gas: server returned an error response: error code -32000: insufficient funds for transfer

[01:17:40] [HOUSE]   Send empty (attempt 1)
[01:17:42] [HOUSE]   RPC https://base-mainnet.core failed: Error: Failed to estimate gas: server returned an error response: error code -32000: insufficient funds for transfer

[01:17:43] [HOUSE]   RPC https://base.drpc.org failed: Error: Failed to estimate gas: server returned an error response: error code -32003: insufficient funds for gas * price 
[01:17:45] [HOUSE]   RPC https://base-rpc.publicno failed: Error: Failed to estimate gas: server returned an error response: error code -32000: insufficient funds for transfer

[01:17:46] [HOUSE]   Send empty (attempt 2)
[01:17:48] [HOUSE]   RPC https://base-mainnet.core failed: Error: Failed to estimate gas: server returned an error response: error code -32000: insufficient funds for transfer

[01:17:48] [HOUSE]   RPC https://base.drpc.org failed: Error: Failed to estimate gas: server returned an error response: error code -32003: insufficient funds for gas * price 
[01:17:51] [HOUSE]   RPC https://base-rpc.publicno failed: Error: Failed to estimate gas: server returned an error response: error code -32000: insufficient funds for transfer

[01:17:52] [HOUSE]   Send empty (attempt 3)
[01:17:53] [HOUSE]   UNDER FAILED
[01:18:54] [HOUSE] Seeding 0xf5e213ef58...
[01:18:56] [HOUSE]   RPC https://base-mainnet.core failed: Error: Failed to estimate gas: server returned an error response: error code -32000: insufficient funds for transfer

[01:18:57] [HOUSE]   RPC https://base.drpc.org failed: Error: Failed to estimate gas: server returned an error response: error code -32003: insufficient funds for gas * price 
[01:18:58] [HOUSE]   RPC https://base-rpc.publicno failed: Error: Failed to estimate gas: server returned an error response: error code -32000: insufficient funds for transfer

[01:18:58] [HOUSE]   Send empty (attempt 1)
[01:19:01] [HOUSE]   RPC https://base-mainnet.core failed: Error: Failed to estimate gas: server returned an error response: error code -32000: insufficient funds for transfer

[01:19:02] [HOUSE]   RPC https://base.drpc.org failed: Error: Failed to estimate gas: server returned an error response: error code -32003: insufficient funds for gas * price 
[01:19:03] [HOUSE]   RPC https://base-rpc.publicno failed: Error: Failed to estimate gas: server returned an error response: error code -32000: insufficient funds for transfer

[01:19:04] [HOUSE]   Send empty (attempt 2)
[01:19:06] [HOUSE]   RPC https://base-mainnet.core failed: Error: Failed to estimate gas: server returned an error response: error code -32000: insufficient funds for transfer

[01:19:07] [HOUSE]   RPC https://base.drpc.org failed: Error: Failed to estimate gas: server returned an error response: error code -32003: insufficient funds for gas * price 
[01:19:08] [HOUSE]   RPC https://base-rpc.publicno failed: Error: Failed to estimate gas: server returned an error response: error code -32000: insufficient funds for transfer

[01:19:09] [HOUSE]   Send empty (attempt 3)
[01:19:10] [HOUSE]   UNDER FAILED
[01:20:11] [HOUSE] Skip 0xf5e213ef58 — lockTime passed (10s ago)
[01:23:26] [HOUSE] Seeding 0x1C341AD4Bb...
[01:23:27] [HOUSE]   RPC https://base-mainnet.core failed: Error: Failed to estimate gas: server returned an error response: error code -32000: insufficient funds for transfer

[01:23:28] [HOUSE]   RPC https://base.drpc.org failed: Error: Failed to estimate gas: server returned an error response: error code -32003: insufficient funds for gas * price 
[01:23:34] [HOUSE]   RPC https://base-rpc.publicno failed: Error: Failed to estimate gas: server returned an error response: error code -32000: insufficient funds for transfer

[01:23:35] [HOUSE]   Send empty (attempt 1)
[01:23:37] [HOUSE]   RPC https://base-mainnet.core failed: Error: Failed to estimate gas: server returned an error response: error code -32000: insufficient funds for transfer

[01:23:38] [HOUSE]   RPC https://base.drpc.org failed: Error: Failed to estimate gas: server returned an error response: error code -32003: insufficient funds for gas * price 
[01:23:39] [HOUSE]   RPC https://base-rpc.publicno failed: Error: Failed to estimate gas: server returned an error response: error code -32000: insufficient funds for transfer

[01:23:40] [HOUSE]   Send empty (attempt 2)
[01:23:42] [HOUSE]   RPC https://base-mainnet.core failed: Error: Failed to estimate gas: server returned an error response: error code -32000: insufficient funds for transfer

[01:23:42] [HOUSE]   RPC https://base.drpc.org failed: Error: Failed to estimate gas: server returned an error response: error code -32003: insufficient funds for gas * price 
[01:23:44] [HOUSE]   RPC https://base-rpc.publicno failed: Error: Failed to estimate gas: server returned an error response: error code -32000: insufficient funds for transfer

[01:23:45] [HOUSE]   Send empty (attempt 3)
[01:23:46] [HOUSE]   UNDER FAILED
[01:24:46] [HOUSE] Seeding 0x1C341AD4Bb...
[01:24:48] [HOUSE]   RPC https://base-mainnet.core failed: Error: Failed to estimate gas: server returned an error response: error code -32000: insufficient funds for transfer

[01:24:49] [HOUSE]   RPC https://base.drpc.org failed: Error: Failed to estimate gas: server returned an error response: error code -32003: insufficient funds for gas * price 
[01:25:09] [HOUSE]   RPC https://base-rpc.publicno timeout
[01:25:09] [HOUSE]   Send empty (attempt 1)
[01:25:12] [HOUSE]   RPC https://base-mainnet.core failed: Error: Failed to estimate gas: server returned an error response: error code -32000: insufficient funds for transfer

[01:25:13] [HOUSE]   RPC https://base.drpc.org failed: Error: Failed to estimate gas: server returned an error response: error code -32003: insufficient funds for gas * price 
[01:25:14] [HOUSE]   RPC https://base-rpc.publicno failed: Error: Failed to estimate gas: server returned an error response: error code -32000: insufficient funds for transfer

[01:25:15] [HOUSE]   Send empty (attempt 2)
[01:25:17] [HOUSE]   RPC https://base-mainnet.core failed: Error: Failed to estimate gas: server returned an error response: error code -32000: insufficient funds for transfer

[01:25:18] [HOUSE]   RPC https://base.drpc.org failed: Error: Failed to estimate gas: server returned an error response: error code -32003: insufficient funds for gas * price 
[01:25:22] [HOUSE]   RPC https://base-rpc.publicno failed: Error: Failed to estimate gas: server returned an error response: error code -32000: insufficient funds for transfer

[01:25:22] [HOUSE]   Send empty (attempt 3)
[01:25:23] [HOUSE]   UNDER FAILED
[01:26:24] [HOUSE] Skip 0x1C341AD4Bb — lockTime passed (30s ago)
[01:29:20] [HOUSE] Seeding 0x4ACe37252A...
[01:29:21] [HOUSE]   RPC https://base-mainnet.core failed: Error: Failed to estimate gas: server returned an error response: error code -32000: insufficient funds for transfer

[01:29:22] [HOUSE]   RPC https://base.drpc.org failed: Error: Failed to estimate gas: server returned an error response: error code -32003: insufficient funds for gas * price 
[01:29:23] [HOUSE]   RPC https://base-rpc.publicno failed: Error: Failed to estimate gas: server returned an error response: error code -32000: insufficient funds for transfer

[01:29:24] [HOUSE]   Send empty (attempt 1)
[01:29:26] [HOUSE]   RPC https://base-mainnet.core failed: Error: Failed to estimate gas: server returned an error response: error code -32000: insufficient funds for transfer

[01:29:28] [HOUSE]   RPC https://base.drpc.org failed: Error: HTTP error 500 with body: {"id":1,"jsonrpc":"2.0","error":{"message":"Temporary internal error. Please retry, tra
[01:29:29] [HOUSE]   RPC https://base-rpc.publicno failed: Error: Failed to estimate gas: server returned an error response: error code -32000: insufficient funds for transfer

[01:29:30] [HOUSE]   Send empty (attempt 2)
[01:29:32] [HOUSE]   RPC https://base-mainnet.core failed: Error: Failed to estimate gas: server returned an error response: error code -32000: insufficient funds for transfer

[01:29:33] [HOUSE]   RPC https://base.drpc.org failed: Error: Failed to estimate gas: server returned an error response: error code -32003: insufficient funds for gas * price 
[01:29:53] [HOUSE]   RPC https://base-rpc.publicno timeout
[01:29:53] [HOUSE]   Send empty (attempt 3)
[01:29:54] [HOUSE]   UNDER FAILED
[01:30:55] [HOUSE] Seeding 0x4ACe37252A...
[01:30:56] [HOUSE]   RPC https://base-mainnet.core failed: Error: Failed to estimate gas: server returned an error response: error code -32000: insufficient funds for transfer

[01:30:58] [HOUSE]   RPC https://base.drpc.org failed: Error: Failed to estimate gas: HTTP error 500 with body: {"id":3,"jsonrpc":"2.0","error":{"message":"Temporary internal 
[01:31:02] [HOUSE]   RPC https://base-rpc.publicno failed: Error: Failed to estimate gas: server returned an error response: error code -32000: insufficient funds for transfer

[01:31:03] [HOUSE]   Send empty (attempt 1)
[01:31:05] [HOUSE]   RPC https://base-mainnet.core failed: Error: Failed to estimate gas: server returned an error response: error code -32000: insufficient funds for transfer

[01:31:06] [HOUSE]   RPC https://base.drpc.org failed: Error: Failed to estimate gas: server returned an error response: error code -32003: insufficient funds for gas * price 
[01:31:07] [HOUSE]   RPC https://base-rpc.publicno failed: Error: Failed to estimate gas: server returned an error response: error code -32000: insufficient funds for transfer

[01:31:08] [HOUSE]   Send empty (attempt 2)
[01:31:10] [HOUSE]   RPC https://base-mainnet.core failed: Error: Failed to estimate gas: server returned an error response: error code -32000: insufficient funds for transfer

[01:31:11] [HOUSE]   RPC https://base.drpc.org failed: Error: Failed to estimate gas: server returned an error response: error code -32003: insufficient funds for gas * price 
[01:31:12] [HOUSE]   RPC https://base-rpc.publicno failed: Error: Failed to estimate gas: server returned an error response: error code -32000: insufficient funds for transfer

[01:31:12] [HOUSE]   Send empty (attempt 3)
[01:31:13] [HOUSE]   UNDER FAILED
[01:32:15] [HOUSE] Skip 0x4ACe37252A — lockTime passed (26s ago)
[01:35:13] [HOUSE] Seeding 0x1263901dbA...
[01:35:15] [HOUSE]   RPC https://base-mainnet.core failed: Error: Failed to estimate gas: server returned an error response: error code -32000: insufficient funds for transfer

[01:35:16] [HOUSE]   RPC https://base.drpc.org failed: Error: Failed to estimate gas: server returned an error response: error code -32003: insufficient funds for gas * price 
[01:35:18] [HOUSE]   RPC https://base-rpc.publicno failed: Error: Failed to estimate gas: server returned an error response: error code -32000: insufficient funds for transfer

[01:35:19] [HOUSE]   Send empty (attempt 1)
[01:35:21] [HOUSE]   RPC https://base-mainnet.core failed: Error: Failed to estimate gas: server returned an error response: error code -32000: insufficient funds for transfer

[01:35:22] [HOUSE]   RPC https://base.drpc.org failed: Error: Failed to estimate gas: server returned an error response: error code -32003: insufficient funds for gas * price 
[01:35:23] [HOUSE]   RPC https://base-rpc.publicno failed: Error: Failed to estimate gas: server returned an error response: error code -32000: insufficient funds for transfer

[01:35:23] [HOUSE]   Send empty (attempt 2)
[01:35:26] [HOUSE]   RPC https://base-mainnet.core failed: Error: Failed to estimate gas: server returned an error response: error code -32000: insufficient funds for transfer

[01:35:27] [HOUSE]   RPC https://base.drpc.org failed: Error: Failed to estimate gas: server returned an error response: error code -32003: insufficient funds for gas * price 
[01:35:28] [HOUSE]   RPC https://base-rpc.publicno failed: Error: Failed to estimate gas: server returned an error response: error code -32000: insufficient funds for transfer

[01:35:29] [HOUSE]   Send empty (attempt 3)
[01:35:30] [HOUSE]   UNDER FAILED
[01:36:31] [HOUSE] Seeding 0x1263901dbA...
[01:36:33] [HOUSE]   RPC https://base-mainnet.core failed: Error: Failed to estimate gas: server returned an error response: error code -32000: insufficient funds for transfer

[01:36:33] [HOUSE]   RPC https://base.drpc.org failed: Error: Failed to estimate gas: server returned an error response: error code -32003: insufficient funds for gas * price 
[01:36:35] [HOUSE]   RPC https://base-rpc.publicno failed: Error: Failed to estimate gas: server returned an error response: error code -32000: insufficient funds for transfer

[01:36:35] [HOUSE]   Send empty (attempt 1)
[01:36:38] [HOUSE]   RPC https://base-mainnet.core failed: Error: Failed to estimate gas: server returned an error response: error code -32000: insufficient funds for transfer

[01:36:39] [HOUSE]   RPC https://base.drpc.org failed: Error: Failed to estimate gas: server returned an error response: error code -32003: insufficient funds for gas * price 
[01:36:41] [HOUSE]   RPC https://base-rpc.publicno failed: Error: Failed to estimate gas: server returned an error response: error code -32000: insufficient funds for transfer

[01:36:41] [HOUSE]   Send empty (attempt 2)
[01:36:44] [HOUSE]   RPC https://base-mainnet.core failed: Error: Failed to estimate gas: server returned an error response: error code -32000: insufficient funds for transfer

[01:36:45] [HOUSE]   RPC https://base.drpc.org failed: Error: Failed to estimate gas: server returned an error response: error code -32003: insufficient funds for gas * price 
[01:36:47] [HOUSE]   RPC https://base-rpc.publicno failed: Error: Failed to estimate gas: server returned an error response: error code -32000: insufficient funds for transfer

[01:36:47] [HOUSE]   Send empty (attempt 3)
[01:36:48] [HOUSE]   UNDER FAILED
[01:37:50] [HOUSE] Skip 0x1263901dbA — lockTime passed (9s ago)
[01:40:27] [HOUSE] Error: Command '['cast', 'call', '0x5b04F3DFaE780A7e109066E754d27f491Af55Af9', 'getActiveMarkets()(address[])', '--rpc-url', 'https://base-mainnet.core.chainstack.com/977532e58b2430d1f01739e7d209d236']' timed out after 15 seconds
[01:41:07] [HOUSE] Seeding 0xb9F5eF0044...
[01:41:09] [HOUSE]   RPC https://base-mainnet.core failed: Error: Failed to estimate gas: server returned an error response: error code -32000: insufficient funds for transfer

[01:41:10] [HOUSE]   RPC https://base.drpc.org failed: Error: Failed to estimate gas: server returned an error response: error code -32003: insufficient funds for gas * price 
[01:41:11] [HOUSE]   RPC https://base-rpc.publicno failed: Error: Failed to estimate gas: server returned an error response: error code -32000: insufficient funds for transfer

[01:41:11] [HOUSE]   Send empty (attempt 1)
[01:41:14] [HOUSE]   RPC https://base-mainnet.core failed: Error: Failed to estimate gas: server returned an error response: error code -32000: insufficient funds for transfer

[01:41:15] [HOUSE]   RPC https://base.drpc.org failed: Error: Failed to estimate gas: server returned an error response: error code -32003: insufficient funds for gas * price 
[01:41:16] [HOUSE]   RPC https://base-rpc.publicno failed: Error: Failed to estimate gas: server returned an error response: error code -32000: insufficient funds for transfer

[01:41:17] [HOUSE]   Send empty (attempt 2)
[01:41:19] [HOUSE]   RPC https://base-mainnet.core failed: Error: Failed to estimate gas: server returned an error response: error code -32000: insufficient funds for transfer

[01:41:20] [HOUSE]   RPC https://base.drpc.org failed: Error: Failed to estimate gas: server returned an error response: error code -32003: insufficient funds for gas * price 
[01:41:21] [HOUSE]   RPC https://base-rpc.publicno failed: Error: Failed to estimate gas: server returned an error response: error code -32000: insufficient funds for transfer

[01:41:21] [HOUSE]   Send empty (attempt 3)
[01:41:22] [HOUSE]   UNDER FAILED
[01:42:23] [HOUSE] Seeding 0xb9F5eF0044...
[01:42:25] [HOUSE]   RPC https://base-mainnet.core failed: Error: Failed to estimate gas: server returned an error response: error code -32000: insufficient funds for transfer

[01:42:25] [HOUSE]   RPC https://base.drpc.org failed: Error: Failed to estimate gas: server returned an error response: error code -32003: insufficient funds for gas * price 
[01:42:27] [HOUSE]   RPC https://base-rpc.publicno failed: Error: Failed to estimate gas: server returned an error response: error code -32000: insufficient funds for transfer

[01:42:27] [HOUSE]   Send empty (attempt 1)
[01:42:29] [HOUSE]   RPC https://base-mainnet.core failed: Error: Failed to estimate gas: server returned an error response: error code -32000: insufficient funds for transfer

[01:42:30] [HOUSE]   RPC https://base.drpc.org failed: Error: Failed to estimate gas: server returned an error response: error code -32003: insufficient funds for gas * price 
[01:42:33] [HOUSE]   RPC https://base-rpc.publicno failed: Error: Failed to estimate gas: server returned an error response: error code -32000: insufficient funds for transfer

[01:42:33] [HOUSE]   Send empty (attempt 2)
[01:42:35] [HOUSE]   RPC https://base-mainnet.core failed: Error: Failed to estimate gas: server returned an error response: error code -32000: insufficient funds for transfer

[01:42:36] [HOUSE]   RPC https://base.drpc.org failed: Error: Failed to estimate gas: server returned an error response: error code -32003: insufficient funds for gas * price 
[01:42:37] [HOUSE]   RPC https://base-rpc.publicno failed: Error: Failed to estimate gas: server returned an error response: error code -32000: insufficient funds for transfer

[01:42:38] [HOUSE]   Send empty (attempt 3)
[01:42:39] [HOUSE]   UNDER FAILED
[01:43:40] [HOUSE] Skip 0xb9F5eF0044 — lockTime passed (6s ago)
[01:47:05] [HOUSE] Seeding 0xae0663bf7D...
[01:47:06] [HOUSE]   RPC https://base-mainnet.core failed: Error: Failed to estimate gas: server returned an error response: error code -32000: insufficient funds for transfer

[01:47:07] [HOUSE]   RPC https://base.drpc.org failed: Error: Failed to estimate gas: server returned an error response: error code -32003: insufficient funds for gas * price 
[01:47:09] [HOUSE]   RPC https://base-rpc.publicno failed: Error: Failed to estimate gas: server returned an error response: error code -32000: insufficient funds for transfer

[01:47:09] [HOUSE]   Send empty (attempt 1)
[01:47:11] [HOUSE]   RPC https://base-mainnet.core failed: Error: Failed to estimate gas: server returned an error response: error code -32000: insufficient funds for transfer

[01:47:12] [HOUSE]   RPC https://base.drpc.org failed: Error: Failed to estimate gas: server returned an error response: error code -32003: insufficient funds for gas * price 
[01:47:14] [HOUSE]   RPC https://base-rpc.publicno failed: Error: Failed to estimate gas: server returned an error response: error code -32000: insufficient funds for transfer

[01:47:15] [HOUSE]   Send empty (attempt 2)
[01:47:17] [HOUSE]   RPC https://base-mainnet.core failed: Error: Failed to estimate gas: server returned an error response: error code -32000: insufficient funds for transfer

[01:47:18] [HOUSE]   RPC https://base.drpc.org failed: Error: Failed to estimate gas: server returned an error response: error code -32003: insufficient funds for gas * price 
[01:47:20] [HOUSE]   RPC https://base-rpc.publicno failed: Error: Failed to estimate gas: server returned an error response: error code -32000: insufficient funds for transfer

[01:47:20] [HOUSE]   Send empty (attempt 3)
[01:47:21] [HOUSE]   UNDER FAILED
[01:48:22] [HOUSE] Seeding 0xae0663bf7D...
[01:48:24] [HOUSE]   RPC https://base-mainnet.core failed: Error: Failed to estimate gas: server returned an error response: error code -32000: insufficient funds for transfer

[01:48:24] [HOUSE]   RPC https://base.drpc.org failed: Error: Failed to estimate gas: server returned an error response: error code -32003: insufficient funds for gas * price 
[01:48:26] [HOUSE]   RPC https://base-rpc.publicno failed: Error: Failed to estimate gas: server returned an error response: error code -32000: insufficient funds for transfer

[01:48:26] [HOUSE]   Send empty (attempt 1)
[01:48:29] [HOUSE]   RPC https://base-mainnet.core failed: Error: Failed to estimate gas: server returned an error response: error code -32000: insufficient funds for transfer

[01:48:29] [HOUSE]   RPC https://base.drpc.org failed: Error: Failed to estimate gas: server returned an error response: error code -32003: insufficient funds for gas * price 
[01:48:31] [HOUSE]   RPC https://base-rpc.publicno failed: Error: Failed to estimate gas: server returned an error response: error code -32000: insufficient funds for transfer

[01:48:32] [HOUSE]   Send empty (attempt 2)
[01:48:34] [HOUSE]   RPC https://base-mainnet.core failed: Error: Failed to estimate gas: server returned an error response: error code -32000: insufficient funds for transfer

[01:48:35] [HOUSE]   RPC https://base.drpc.org failed: Error: Failed to estimate gas: server returned an error response: error code -32003: insufficient funds for gas * price 
[01:48:37] [HOUSE]   RPC https://base-rpc.publicno failed: Error: Failed to estimate gas: server returned an error response: error code -32000: insufficient funds for transfer

[01:48:37] [HOUSE]   Send empty (attempt 3)
[01:48:38] [HOUSE]   UNDER FAILED
[01:49:39] [HOUSE] Skip 0xae0663bf7D — lockTime passed (9s ago)
[01:52:56] [HOUSE] Seeding 0x6B4C81b185...
[01:52:58] [HOUSE]   RPC https://base-mainnet.core failed: Error: Failed to estimate gas: server returned an error response: error code -32000: insufficient funds for transfer

[01:52:58] [HOUSE]   RPC https://base.drpc.org failed: Error: Failed to estimate gas: server returned an error response: error code -32003: insufficient funds for gas * price 
[01:53:01] [HOUSE]   RPC https://base-rpc.publicno failed: Error: Failed to estimate gas: server returned an error response: error code -32000: insufficient funds for transfer

[01:53:01] [HOUSE]   Send empty (attempt 1)
[01:53:04] [HOUSE]   RPC https://base-mainnet.core failed: Error: Failed to estimate gas: server returned an error response: error code -32000: insufficient funds for transfer

[01:53:04] [HOUSE]   RPC https://base.drpc.org failed: Error: Failed to estimate gas: server returned an error response: error code -32003: insufficient funds for gas * price 
[01:53:06] [HOUSE]   RPC https://base-rpc.publicno failed: Error: Failed to estimate gas: server returned an error response: error code -32000: insufficient funds for transfer

[01:53:06] [HOUSE]   Send empty (attempt 2)
[01:53:08] [HOUSE]   RPC https://base-mainnet.core failed: Error: Failed to estimate gas: server returned an error response: error code -32000: insufficient funds for transfer

[01:53:09] [HOUSE]   RPC https://base.drpc.org failed: Error: Failed to estimate gas: server returned an error response: error code -32003: insufficient funds for gas * price 
[01:53:11] [HOUSE]   RPC https://base-rpc.publicno failed: Error: Failed to estimate gas: server returned an error response: error code -32000: insufficient funds for transfer

[01:53:11] [HOUSE]   Send empty (attempt 3)
[01:53:12] [HOUSE]   UNDER FAILED
[01:54:13] [HOUSE] Seeding 0x6B4C81b185...
[01:54:15] [HOUSE]   RPC https://base-mainnet.core failed: Error: Failed to estimate gas: server returned an error response: error code -32000: insufficient funds for transfer

[01:54:15] [HOUSE]   RPC https://base.drpc.org failed: Error: Failed to estimate gas: server returned an error response: error code -32003: insufficient funds for gas * price 
[01:54:16] [HOUSE]   RPC https://base-rpc.publicno failed: Error: Failed to estimate gas: server returned an error response: error code -32000: insufficient funds for transfer

[01:54:17] [HOUSE]   Send empty (attempt 1)
[01:54:19] [HOUSE]   RPC https://base-mainnet.core failed: Error: Failed to estimate gas: server returned an error response: error code -32000: insufficient funds for transfer

[01:54:20] [HOUSE]   RPC https://base.drpc.org failed: Error: Failed to estimate gas: server returned an error response: error code -32003: insufficient funds for gas * price 
[01:54:21] [HOUSE]   RPC https://base-rpc.publicno failed: Error: Failed to estimate gas: server returned an error response: error code -32000: insufficient funds for transfer

[01:54:22] [HOUSE]   Send empty (attempt 2)
[01:54:24] [HOUSE]   RPC https://base-mainnet.core failed: Error: Failed to estimate gas: server returned an error response: error code -32000: insufficient funds for transfer

[01:54:25] [HOUSE]   RPC https://base.drpc.org failed: Error: Failed to estimate gas: server returned an error response: error code -32003: insufficient funds for gas * price 
[01:54:26] [HOUSE]   RPC https://base-rpc.publicno failed: Error: Failed to estimate gas: server returned an error response: error code -32000: insufficient funds for transfer

[01:54:26] [HOUSE]   Send empty (attempt 3)
[01:54:27] [HOUSE]   UNDER FAILED
[01:55:30] [HOUSE] Skip 0x6B4C81b185 — lockTime passed (5s ago)
[01:58:50] [HOUSE] Seeding 0xb20345B3a5...
[01:58:51] [HOUSE]   RPC https://base-mainnet.core failed: Error: Failed to estimate gas: server returned an error response: error code -32000: insufficient funds for transfer

[01:58:52] [HOUSE]   RPC https://base.drpc.org failed: Error: Failed to estimate gas: server returned an error response: error code -32003: insufficient funds for gas * price 
[01:58:53] [HOUSE]   RPC https://base-rpc.publicno failed: Error: Failed to estimate gas: server returned an error response: error code -32000: insufficient funds for transfer

[01:58:53] [HOUSE]   Send empty (attempt 1)
[01:58:56] [HOUSE]   RPC https://base-mainnet.core failed: Error: Failed to estimate gas: server returned an error response: error code -32000: insufficient funds for transfer

[01:58:56] [HOUSE]   RPC https://base.drpc.org failed: Error: Failed to estimate gas: server returned an error response: error code -32003: insufficient funds for gas * price 
[01:58:57] [HOUSE]   RPC https://base-rpc.publicno failed: Error: Failed to estimate gas: server returned an error response: error code -32000: insufficient funds for transfer

[01:58:58] [HOUSE]   Send empty (attempt 2)
[01:59:00] [HOUSE]   RPC https://base-mainnet.core failed: Error: Failed to estimate gas: server returned an error response: error code -32000: insufficient funds for transfer

[01:59:01] [HOUSE]   RPC https://base.drpc.org failed: Error: Failed to estimate gas: server returned an error response: error code -32003: insufficient funds for gas * price 
[01:59:02] [HOUSE]   RPC https://base-rpc.publicno failed: Error: Failed to estimate gas: server returned an error response: error code -32000: insufficient funds for transfer

[01:59:03] [HOUSE]   Send empty (attempt 3)
[01:59:04] [HOUSE]   UNDER FAILED
[02:00:05] [HOUSE] Seeding 0xb20345B3a5...
[02:00:06] [HOUSE]   RPC https://base-mainnet.core failed: Error: Failed to estimate gas: server returned an error response: error code -32000: insufficient funds for transfer

[02:00:07] [HOUSE]   RPC https://base.drpc.org failed: Error: Failed to estimate gas: server returned an error response: error code -32003: insufficient funds for gas * price 
[02:00:08] [HOUSE]   RPC https://base-rpc.publicno failed: Error: Failed to estimate gas: server returned an error response: error code -32000: insufficient funds for transfer

[02:00:09] [HOUSE]   Send empty (attempt 1)
[02:00:11] [HOUSE]   RPC https://base-mainnet.core failed: Error: Failed to estimate gas: server returned an error response: error code -32000: insufficient funds for transfer

[02:00:12] [HOUSE]   RPC https://base.drpc.org failed: Error: Failed to estimate gas: server returned an error response: error code -32003: insufficient funds for gas * price 
[02:00:14] [HOUSE]   RPC https://base-rpc.publicno failed: Error: Failed to estimate gas: server returned an error response: error code -32000: insufficient funds for transfer

[02:00:14] [HOUSE]   Send empty (attempt 2)
[02:00:17] [HOUSE]   RPC https://base-mainnet.core failed: Error: Failed to estimate gas: server returned an error response: error code -32000: insufficient funds for transfer

[02:00:18] [HOUSE]   RPC https://base.drpc.org failed: Error: Failed to estimate gas: server returned an error response: error code -32003: insufficient funds for gas * price 
[02:00:20] [HOUSE]   RPC https://base-rpc.publicno failed: Error: Failed to estimate gas: server returned an error response: error code -32000: insufficient funds for transfer

[02:00:20] [HOUSE]   Send empty (attempt 3)
[02:00:21] [HOUSE]   UNDER FAILED
[02:01:22] [HOUSE] Skip 0xb20345B3a5 — lockTime passed (4s ago)
[02:04:45] [HOUSE] Seeding 0x06a550254A...
[02:04:46] [HOUSE]   RPC https://base-mainnet.core failed: Error: Failed to estimate gas: server returned an error response: error code -32000: insufficient funds for transfer

[02:04:47] [HOUSE]   RPC https://base.drpc.org failed: Error: Failed to estimate gas: server returned an error response: error code -32003: insufficient funds for gas * price 
[02:04:49] [HOUSE]   RPC https://base-rpc.publicno failed: Error: Failed to estimate gas: server returned an error response: error code -32000: insufficient funds for transfer

[02:04:50] [HOUSE]   Send empty (attempt 1)
[02:04:52] [HOUSE]   RPC https://base-mainnet.core failed: Error: Failed to estimate gas: server returned an error response: error code -32000: insufficient funds for transfer

[02:04:53] [HOUSE]   RPC https://base.drpc.org failed: Error: Failed to estimate gas: server returned an error response: error code -32003: insufficient funds for gas * price 
[02:04:55] [HOUSE]   RPC https://base-rpc.publicno failed: Error: Failed to estimate gas: server returned an error response: error code -32000: insufficient funds for transfer

[02:04:56] [HOUSE]   Send empty (attempt 2)
[02:04:58] [HOUSE]   RPC https://base-mainnet.core failed: Error: Failed to estimate gas: server returned an error response: error code -32000: insufficient funds for transfer

[02:04:59] [HOUSE]   RPC https://base.drpc.org failed: Error: Failed to estimate gas: server returned an error response: error code -32003: insufficient funds for gas * price 
[02:05:01] [HOUSE]   RPC https://base-rpc.publicno failed: Error: Failed to estimate gas: server returned an error response: error code -32000: insufficient funds for transfer

[02:05:01] [HOUSE]   Send empty (attempt 3)
[02:05:02] [HOUSE]   UNDER FAILED
[02:06:04] [HOUSE] Seeding 0x06a550254A...
[02:06:05] [HOUSE]   RPC https://base-mainnet.core failed: Error: Failed to estimate gas: server returned an error response: error code -32000: insufficient funds for transfer

[02:06:06] [HOUSE]   RPC https://base.drpc.org failed: Error: Failed to estimate gas: server returned an error response: error code -32003: insufficient funds for gas * price 
[02:06:07] [HOUSE]   RPC https://base-rpc.publicno failed: Error: Failed to estimate gas: server returned an error response: error code -32000: insufficient funds for transfer

[02:06:08] [HOUSE]   Send empty (attempt 1)
[02:06:10] [HOUSE]   RPC https://base-mainnet.core failed: Error: Failed to estimate gas: server returned an error response: error code -32000: insufficient funds for transfer

[02:06:11] [HOUSE]   RPC https://base.drpc.org failed: Error: Failed to estimate gas: server returned an error response: error code -32003: insufficient funds for gas * price 
[02:06:12] [HOUSE]   RPC https://base-rpc.publicno failed: Error: Failed to estimate gas: server returned an error response: error code -32000: insufficient funds for transfer

[02:06:13] [HOUSE]   Send empty (attempt 2)
[02:06:15] [HOUSE]   RPC https://base-mainnet.core failed: Error: Failed to estimate gas: server returned an error response: error code -32000: insufficient funds for transfer

[02:06:16] [HOUSE]   RPC https://base.drpc.org failed: Error: Failed to estimate gas: server returned an error response: error code -32003: insufficient funds for gas * price 
[02:06:17] [HOUSE]   RPC https://base-rpc.publicno failed: Error: Failed to estimate gas: server returned an error response: error code -32000: insufficient funds for transfer

[02:06:18] [HOUSE]   Send empty (attempt 3)
[02:06:19] [HOUSE]   UNDER FAILED
[02:07:21] [HOUSE] Skip 0x06a550254A — lockTime passed (9s ago)
[02:10:39] [HOUSE] Seeding 0xd9de17aEa4...
[02:10:40] [HOUSE]   RPC https://base-mainnet.core failed: Error: Failed to estimate gas: server returned an error response: error code -32000: insufficient funds for transfer

[02:10:42] [HOUSE]   RPC https://base.drpc.org failed: Error: Failed to estimate gas: HTTP error 500 with body: {"id":3,"jsonrpc":"2.0","error":{"message":"Temporary internal 
[02:10:44] [HOUSE]   RPC https://base-rpc.publicno failed: Error: Failed to estimate gas: server returned an error response: error code -32000: insufficient funds for transfer

[02:10:45] [HOUSE]   Send empty (attempt 1)
[02:10:47] [HOUSE]   RPC https://base-mainnet.core failed: Error: Failed to estimate gas: server returned an error response: error code -32000: insufficient funds for transfer

[02:10:49] [HOUSE]   RPC https://base.drpc.org failed: Error: Failed to estimate gas: HTTP error 500 with body: {"id":3,"jsonrpc":"2.0","error":{"message":"Temporary internal 
[02:10:50] [HOUSE]   RPC https://base-rpc.publicno failed: Error: Failed to estimate gas: server returned an error response: error code -32000: insufficient funds for transfer

[02:10:50] [HOUSE]   Send empty (attempt 2)
[02:10:53] [HOUSE]   RPC https://base-mainnet.core failed: Error: Failed to estimate gas: server returned an error response: error code -32000: insufficient funds for transfer

[02:10:54] [HOUSE]   RPC https://base.drpc.org failed: Error: Failed to estimate gas: HTTP error 500 with body: {"id":3,"jsonrpc":"2.0","error":{"message":"Temporary internal 
[02:11:00] [HOUSE]   RPC https://base-rpc.publicno failed: Error: Failed to estimate gas: server returned an error response: error code -32000: insufficient funds for transfer

[02:11:01] [HOUSE]   Send empty (attempt 3)
[02:11:02] [HOUSE]   UNDER FAILED
[02:12:03] [HOUSE] Seeding 0xd9de17aEa4...
[02:12:04] [HOUSE]   RPC https://base-mainnet.core failed: Error: Failed to estimate gas: server returned an error response: error code -32000: insufficient funds for transfer

[02:12:05] [HOUSE]   RPC https://base.drpc.org failed: Error: Failed to estimate gas: server returned an error response: error code -32003: insufficient funds for gas * price 
[02:12:06] [HOUSE]   RPC https://base-rpc.publicno failed: Error: Failed to estimate gas: server returned an error response: error code -32000: insufficient funds for transfer

[02:12:07] [HOUSE]   Send empty (attempt 1)
[02:12:09] [HOUSE]   RPC https://base-mainnet.core failed: Error: Failed to estimate gas: server returned an error response: error code -32000: insufficient funds for transfer

[02:12:10] [HOUSE]   RPC https://base.drpc.org failed: Error: Failed to estimate gas: server returned an error response: error code -32003: insufficient funds for gas * price 
[02:12:11] [HOUSE]   RPC https://base-rpc.publicno failed: Error: Failed to estimate gas: server returned an error response: error code -32000: insufficient funds for transfer

[02:12:12] [HOUSE]   Send empty (attempt 2)
[02:12:14] [HOUSE]   RPC https://base-mainnet.core failed: Error: Failed to estimate gas: server returned an error response: error code -32000: insufficient funds for transfer

[02:12:15] [HOUSE]   RPC https://base.drpc.org failed: Error: Failed to estimate gas: server returned an error response: error code -32003: insufficient funds for gas * price 
[02:12:17] [HOUSE]   RPC https://base-rpc.publicno failed: Error: Failed to estimate gas: server returned an error response: error code -32000: insufficient funds for transfer

[02:12:18] [HOUSE]   Send empty (attempt 3)
[02:12:19] [HOUSE]   UNDER FAILED
[02:13:20] [HOUSE] Skip 0xd9de17aEa4 — lockTime passed (13s ago)
[02:16:33] [HOUSE] Seeding 0x02701acb91...
[02:16:35] [HOUSE]   RPC https://base-mainnet.core failed: Error: Failed to estimate gas: server returned an error response: error code -32000: insufficient funds for transfer

[02:16:36] [HOUSE]   RPC https://base.drpc.org failed: Error: Failed to estimate gas: server returned an error response: error code -32003: insufficient funds for gas * price 
[02:16:37] [HOUSE]   RPC https://base-rpc.publicno failed: Error: Failed to estimate gas: server returned an error response: error code -32000: insufficient funds for transfer

[02:16:38] [HOUSE]   Send empty (attempt 1)
[02:16:40] [HOUSE]   RPC https://base-mainnet.core failed: Error: Failed to estimate gas: server returned an error response: error code -32000: insufficient funds for transfer

[02:16:40] [HOUSE]   RPC https://base.drpc.org failed: Error: Failed to estimate gas: server returned an error response: error code -32003: insufficient funds for gas * price 
[02:16:42] [HOUSE]   RPC https://base-rpc.publicno failed: Error: Failed to estimate gas: server returned an error response: error code -32000: insufficient funds for transfer

[02:16:42] [HOUSE]   Send empty (attempt 2)
[02:16:45] [HOUSE]   RPC https://base-mainnet.core failed: Error: Failed to estimate gas: server returned an error response: error code -32000: insufficient funds for transfer

[02:16:45] [HOUSE]   RPC https://base.drpc.org failed: Error: Failed to estimate gas: server returned an error response: error code -32003: insufficient funds for gas * price 
[02:16:48] [HOUSE]   RPC https://base-rpc.publicno failed: Error: Failed to estimate gas: server returned an error response: error code -32000: insufficient funds for transfer

[02:16:48] [HOUSE]   Send empty (attempt 3)
[02:16:49] [HOUSE]   UNDER FAILED
[02:17:50] [HOUSE] Seeding 0x02701acb91...
[02:17:51] [HOUSE]   RPC https://base-mainnet.core failed: Error: Failed to estimate gas: server returned an error response: error code -32000: insufficient funds for transfer

[02:17:52] [HOUSE]   RPC https://base.drpc.org failed: Error: Failed to estimate gas: server returned an error response: error code -32003: insufficient funds for gas * price 
[02:18:00] [HOUSE]   RPC https://base-rpc.publicno failed: Error: Failed to estimate gas: server returned an error response: error code -32000: insufficient funds for transfer

[02:18:00] [HOUSE]   Send empty (attempt 1)
[02:18:03] [HOUSE]   RPC https://base-mainnet.core failed: Error: Failed to estimate gas: server returned an error response: error code -32000: insufficient funds for transfer

[02:18:03] [HOUSE]   RPC https://base.drpc.org failed: Error: Failed to estimate gas: server returned an error response: error code -32003: insufficient funds for gas * price 
[02:18:15] [HOUSE]   RPC https://base-rpc.publicno failed: Error: Failed to estimate gas: server returned an error response: error code -32000: insufficient funds for transfer

[02:18:16] [HOUSE]   Send empty (attempt 2)
[02:18:18] [HOUSE]   RPC https://base-mainnet.core failed: Error: Failed to estimate gas: server returned an error response: error code -32000: insufficient funds for transfer

[02:18:19] [HOUSE]   RPC https://base.drpc.org failed: Error: Failed to estimate gas: server returned an error response: error code -32003: insufficient funds for gas * price 
[02:18:20] [HOUSE]   RPC https://base-rpc.publicno failed: Error: Failed to estimate gas: server returned an error response: error code -32000: insufficient funds for transfer

[02:18:20] [HOUSE]   Send empty (attempt 3)
[02:18:21] [HOUSE]   UNDER FAILED
[02:19:23] [HOUSE] Skip 0x02701acb91 — lockTime passed (22s ago)
[02:22:26] [HOUSE] Seeding 0x7b1CDD9719...
[02:22:27] [HOUSE]   RPC https://base-mainnet.core failed: Error: Failed to estimate gas: server returned an error response: error code -32000: insufficient funds for transfer

[02:22:28] [HOUSE]   RPC https://base.drpc.org failed: Error: Failed to estimate gas: server returned an error response: error code -32003: insufficient funds for gas * price 
[02:22:30] [HOUSE]   RPC https://base-rpc.publicno failed: Error: Failed to estimate gas: server returned an error response: error code -32000: insufficient funds for transfer

[02:22:31] [HOUSE]   Send empty (attempt 1)
[02:22:33] [HOUSE]   RPC https://base-mainnet.core failed: Error: Failed to estimate gas: server returned an error response: error code -32000: insufficient funds for transfer

[02:22:34] [HOUSE]   RPC https://base.drpc.org failed: Error: Failed to estimate gas: server returned an error response: error code -32003: insufficient funds for gas * price 
[02:22:36] [HOUSE]   RPC https://base-rpc.publicno failed: Error: Failed to estimate gas: server returned an error response: error code -32000: insufficient funds for transfer

[02:22:36] [HOUSE]   Send empty (attempt 2)
[02:22:39] [HOUSE]   RPC https://base-mainnet.core failed: Error: Failed to estimate gas: server returned an error response: error code -32000: insufficient funds for transfer

[02:22:40] [HOUSE]   RPC https://base.drpc.org failed: Error: Failed to estimate gas: server returned an error response: error code -32003: insufficient funds for gas * price 
[02:22:41] [HOUSE]   RPC https://base-rpc.publicno failed: Error: Failed to estimate gas: server returned an error response: error code -32000: insufficient funds for transfer

[02:22:42] [HOUSE]   Send empty (attempt 3)
[02:22:43] [HOUSE]   UNDER FAILED
[02:23:45] [HOUSE] Seeding 0x7b1CDD9719...
[02:23:46] [HOUSE]   RPC https://base-mainnet.core failed: Error: Failed to estimate gas: server returned an error response: error code -32000: insufficient funds for transfer

[02:23:47] [HOUSE]   RPC https://base.drpc.org failed: Error: Failed to estimate gas: server returned an error response: error code -32003: insufficient funds for gas * price 
[02:23:49] [HOUSE]   RPC https://base-rpc.publicno failed: Error: Failed to estimate gas: server returned an error response: error code -32000: insufficient funds for transfer

[02:23:49] [HOUSE]   Send empty (attempt 1)
[02:23:51] [HOUSE]   RPC https://base-mainnet.core failed: Error: Failed to estimate gas: server returned an error response: error code -32000: insufficient funds for transfer

[02:23:52] [HOUSE]   RPC https://base.drpc.org failed: Error: Failed to estimate gas: server returned an error response: error code -32003: insufficient funds for gas * price 
[02:23:54] [HOUSE]   RPC https://base-rpc.publicno failed: Error: Failed to estimate gas: server returned an error response: error code -32000: insufficient funds for transfer

[02:23:54] [HOUSE]   Send empty (attempt 2)
[02:23:56] [HOUSE]   RPC https://base-mainnet.core failed: Error: Failed to estimate gas: server returned an error response: error code -32000: insufficient funds for transfer

[02:23:57] [HOUSE]   RPC https://base.drpc.org failed: Error: Failed to estimate gas: server returned an error response: error code -32003: insufficient funds for gas * price 
[02:24:03] [HOUSE]   RPC https://base-rpc.publicno failed: Error: Failed to estimate gas: server returned an error response: error code -32000: insufficient funds for transfer

[02:24:03] [HOUSE]   Send empty (attempt 3)
[02:24:04] [HOUSE]   UNDER FAILED
[02:25:06] [HOUSE] Skip 0x7b1CDD9719 — lockTime passed (14s ago)
[02:28:17] [HOUSE] Seeding 0x270301accE...
[02:28:18] [HOUSE]   RPC https://base-mainnet.core failed: Error: Failed to estimate gas: server returned an error response: error code -32000: insufficient funds for transfer

[02:28:19] [HOUSE]   RPC https://base.drpc.org failed: Error: Failed to estimate gas: server returned an error response: error code -32003: insufficient funds for gas * price 
[02:28:21] [HOUSE]   RPC https://base-rpc.publicno failed: Error: Failed to estimate gas: server returned an error response: error code -32000: insufficient funds for transfer

[02:28:21] [HOUSE]   Send empty (attempt 1)
[02:28:23] [HOUSE]   RPC https://base-mainnet.core failed: Error: Failed to estimate gas: server returned an error response: error code -32000: insufficient funds for transfer

[02:28:24] [HOUSE]   RPC https://base.drpc.org failed: Error: Failed to estimate gas: server returned an error response: error code -32003: insufficient funds for gas * price 
[02:28:25] [HOUSE]   RPC https://base-rpc.publicno failed: Error: Failed to estimate gas: server returned an error response: error code -32000: insufficient funds for transfer

[02:28:26] [HOUSE]   Send empty (attempt 2)
[02:28:28] [HOUSE]   RPC https://base-mainnet.core failed: Error: Failed to estimate gas: server returned an error response: error code -32000: insufficient funds for transfer

[02:28:29] [HOUSE]   RPC https://base.drpc.org failed: Error: Failed to estimate gas: server returned an error response: error code -32003: insufficient funds for gas * price 
[02:28:35] [HOUSE]   RPC https://base-rpc.publicno failed: Error: Failed to estimate gas: server returned an error response: error code -32000: insufficient funds for transfer

[02:28:36] [HOUSE]   Send empty (attempt 3)
[02:28:37] [HOUSE]   UNDER FAILED
[02:29:39] [HOUSE] Seeding 0x270301accE...
[02:29:40] [HOUSE]   RPC https://base-mainnet.core failed: Error: Failed to estimate gas: server returned an error response: error code -32000: insufficient funds for transfer

[02:29:41] [HOUSE]   RPC https://base.drpc.org failed: Error: Failed to estimate gas: server returned an error response: error code -32003: insufficient funds for gas * price 
[02:29:42] [HOUSE]   RPC https://base-rpc.publicno failed: Error: Failed to estimate gas: server returned an error response: error code -32000: insufficient funds for transfer

[02:29:43] [HOUSE]   Send empty (attempt 1)
[02:29:45] [HOUSE]   RPC https://base-mainnet.core failed: Error: Failed to estimate gas: server returned an error response: error code -32000: insufficient funds for transfer

[02:29:46] [HOUSE]   RPC https://base.drpc.org failed: Error: Failed to estimate gas: server returned an error response: error code -32003: insufficient funds for gas * price 
[02:29:47] [HOUSE]   RPC https://base-rpc.publicno failed: Error: Failed to estimate gas: server returned an error response: error code -32000: insufficient funds for transfer

[02:29:48] [HOUSE]   Send empty (attempt 2)
[02:29:50] [HOUSE]   RPC https://base-mainnet.core failed: Error: Failed to estimate gas: server returned an error response: error code -32000: insufficient funds for transfer

[02:29:51] [HOUSE]   RPC https://base.drpc.org failed: Error: Failed to estimate gas: server returned an error response: error code -32003: insufficient funds for gas * price 
[02:29:55] [HOUSE]   RPC https://base-rpc.publicno failed: Error: Failed to estimate gas: server returned an error response: error code -32000: insufficient funds for transfer

[02:29:55] [HOUSE]   Send empty (attempt 3)
[02:29:56] [HOUSE]   UNDER FAILED
[02:30:58] [HOUSE] Skip 0x270301accE — lockTime passed (13s ago)
[02:34:11] [HOUSE] Seeding 0xB11a959676...
[02:34:13] [HOUSE]   RPC https://base-mainnet.core failed: Error: Failed to estimate gas: server returned an error response: error code -32000: insufficient funds for transfer

[02:34:14] [HOUSE]   RPC https://base.drpc.org failed: Error: Failed to estimate gas: server returned an error response: error code -32003: insufficient funds for gas * price 
[02:34:15] [HOUSE]   RPC https://base-rpc.publicno failed: Error: Failed to estimate gas: server returned an error response: error code -32000: insufficient funds for transfer

[02:34:15] [HOUSE]   Send empty (attempt 1)
[02:34:17] [HOUSE]   RPC https://base-mainnet.core failed: Error: Failed to estimate gas: server returned an error response: error code -32000: insufficient funds for transfer

[02:34:18] [HOUSE]   RPC https://base.drpc.org failed: Error: Failed to estimate gas: server returned an error response: error code -32003: insufficient funds for gas * price 
[02:34:21] [HOUSE]   RPC https://base-rpc.publicno failed: Error: Failed to estimate gas: server returned an error response: error code -32000: insufficient funds for transfer

[02:34:21] [HOUSE]   Send empty (attempt 2)
[02:34:23] [HOUSE]   RPC https://base-mainnet.core failed: Error: Failed to estimate gas: server returned an error response: error code -32000: insufficient funds for transfer

[02:34:24] [HOUSE]   RPC https://base.drpc.org failed: Error: Failed to estimate gas: server returned an error response: error code -32003: insufficient funds for gas * price 
[02:34:25] [HOUSE]   RPC https://base-rpc.publicno failed: Error: Failed to estimate gas: server returned an error response: error code -32000: insufficient funds for transfer

[02:34:26] [HOUSE]   Send empty (attempt 3)
[02:34:27] [HOUSE]   UNDER FAILED
[02:35:28] [HOUSE] Seeding 0xB11a959676...
[02:35:30] [HOUSE]   RPC https://base-mainnet.core failed: Error: Failed to estimate gas: server returned an error response: error code -32000: insufficient funds for transfer

[02:35:31] [HOUSE]   RPC https://base.drpc.org failed: Error: Failed to estimate gas: server returned an error response: error code -32003: insufficient funds for gas * price 
[02:35:33] [HOUSE]   RPC https://base-rpc.publicno failed: Error: Failed to estimate gas: server returned an error response: error code -32000: insufficient funds for transfer

[02:35:34] [HOUSE]   Send empty (attempt 1)
[02:35:36] [HOUSE]   RPC https://base-mainnet.core failed: Error: Failed to estimate gas: server returned an error response: error code -32000: insufficient funds for transfer

[02:35:37] [HOUSE]   RPC https://base.drpc.org failed: Error: Failed to estimate gas: server returned an error response: error code -32003: insufficient funds for gas * price 
[02:35:42] [HOUSE]   RPC https://base-rpc.publicno failed: Error: Failed to estimate gas: server returned an error response: error code -32000: insufficient funds for transfer

[02:35:43] [HOUSE]   Send empty (attempt 2)
[02:35:45] [HOUSE]   RPC https://base-mainnet.core failed: Error: Failed to estimate gas: server returned an error response: error code -32000: insufficient funds for transfer

[02:35:46] [HOUSE]   RPC https://base.drpc.org failed: Error: Failed to estimate gas: server returned an error response: error code -32003: insufficient funds for gas * price 
[02:35:48] [HOUSE]   RPC https://base-rpc.publicno failed: Error: Failed to estimate gas: server returned an error response: error code -32000: insufficient funds for transfer

[02:35:49] [HOUSE]   Send empty (attempt 3)
[02:35:50] [HOUSE]   UNDER FAILED
[02:36:51] [HOUSE] Skip 0xB11a959676 — lockTime passed (12s ago)
[02:40:05] [HOUSE] Seeding 0xd1952413A4...
[02:40:06] [HOUSE]   RPC https://base-mainnet.core failed: Error: Failed to estimate gas: server returned an error response: error code -32000: insufficient funds for transfer

[02:40:07] [HOUSE]   RPC https://base.drpc.org failed: Error: Failed to estimate gas: server returned an error response: error code -32003: insufficient funds for gas * price 
[02:40:08] [HOUSE]   RPC https://base-rpc.publicno failed: Error: Failed to estimate gas: server returned an error response: error code -32000: insufficient funds for transfer

[02:40:09] [HOUSE]   Send empty (attempt 1)
[02:40:11] [HOUSE]   RPC https://base-mainnet.core failed: Error: Failed to estimate gas: server returned an error response: error code -32000: insufficient funds for transfer

[02:40:12] [HOUSE]   RPC https://base.drpc.org failed: Error: Failed to estimate gas: server returned an error response: error code -32003: insufficient funds for gas * price 
[02:40:15] [HOUSE]   RPC https://base-rpc.publicno failed: Error: Failed to estimate gas: server returned an error response: error code -32000: insufficient funds for transfer

[02:40:16] [HOUSE]   Send empty (attempt 2)
[02:40:18] [HOUSE]   RPC https://base-mainnet.core failed: Error: Failed to estimate gas: server returned an error response: error code -32000: insufficient funds for transfer

[02:40:19] [HOUSE]   RPC https://base.drpc.org failed: Error: Failed to estimate gas: server returned an error response: error code -32003: insufficient funds for gas * price 
[02:40:20] [HOUSE]   RPC https://base-rpc.publicno failed: Error: Failed to estimate gas: server returned an error response: error code -32000: insufficient funds for transfer

[02:40:21] [HOUSE]   Send empty (attempt 3)
[02:40:22] [HOUSE]   UNDER FAILED
[02:41:23] [HOUSE] Seeding 0xd1952413A4...
[02:41:24] [HOUSE]   RPC https://base-mainnet.core failed: Error: Failed to estimate gas: server returned an error response: error code -32000: insufficient funds for transfer

[02:41:25] [HOUSE]   RPC https://base.drpc.org failed: Error: Failed to estimate gas: server returned an error response: error code -32003: insufficient funds for gas * price 
[02:41:27] [HOUSE]   RPC https://base-rpc.publicno failed: Error: Failed to estimate gas: server returned an error response: error code -32000: insufficient funds for transfer

[02:41:27] [HOUSE]   Send empty (attempt 1)
[02:41:29] [HOUSE]   RPC https://base-mainnet.core failed: Error: Failed to estimate gas: server returned an error response: error code -32000: insufficient funds for transfer

[02:41:30] [HOUSE]   RPC https://base.drpc.org failed: Error: Failed to estimate gas: server returned an error response: error code -32003: insufficient funds for gas * price 
[02:41:32] [HOUSE]   RPC https://base-rpc.publicno failed: Error: Failed to estimate gas: server returned an error response: error code -32000: insufficient funds for transfer

[02:41:32] [HOUSE]   Send empty (attempt 2)
[02:41:34] [HOUSE]   RPC https://base-mainnet.core failed: Error: Failed to estimate gas: server returned an error response: error code -32000: insufficient funds for transfer

[02:41:35] [HOUSE]   RPC https://base.drpc.org failed: Error: Failed to estimate gas: server returned an error response: error code -32003: insufficient funds for gas * price 
[02:41:37] [HOUSE]   RPC https://base-rpc.publicno failed: Error: Failed to estimate gas: server returned an error response: error code -32000: insufficient funds for transfer

[02:41:38] [HOUSE]   Send empty (attempt 3)
[02:41:39] [HOUSE]   UNDER FAILED
[02:42:39] [HOUSE] Skip 0xd1952413A4 — lockTime passed (7s ago)
[02:45:57] [HOUSE] Seeding 0x6ec512a8a7...
[02:45:58] [HOUSE]   RPC https://base-mainnet.core failed: Error: Failed to estimate gas: server returned an error response: error code -32000: insufficient funds for transfer

[02:45:59] [HOUSE]   RPC https://base.drpc.org failed: Error: Failed to estimate gas: server returned an error response: error code -32003: insufficient funds for gas * price 
[02:46:01] [HOUSE]   RPC https://base-rpc.publicno failed: Error: Failed to estimate gas: server returned an error response: error code -32000: insufficient funds for transfer

[02:46:01] [HOUSE]   Send empty (attempt 1)
[02:46:03] [HOUSE]   RPC https://base-mainnet.core failed: Error: Failed to estimate gas: server returned an error response: error code -32000: insufficient funds for transfer

[02:46:04] [HOUSE]   RPC https://base.drpc.org failed: Error: Failed to estimate gas: server returned an error response: error code -32003: insufficient funds for gas * price 
[02:46:07] [HOUSE]   RPC https://base-rpc.publicno failed: Error: Failed to estimate gas: server returned an error response: error code -32000: insufficient funds for transfer

[02:46:07] [HOUSE]   Send empty (attempt 2)
[02:46:10] [HOUSE]   RPC https://base-mainnet.core failed: Error: Failed to estimate gas: server returned an error response: error code -32000: insufficient funds for transfer

[02:46:10] [HOUSE]   RPC https://base.drpc.org failed: Error: Failed to estimate gas: server returned an error response: error code -32003: insufficient funds for gas * price 
[02:46:12] [HOUSE]   RPC https://base-rpc.publicno failed: Error: Failed to estimate gas: server returned an error response: error code -32000: insufficient funds for transfer

[02:46:13] [HOUSE]   Send empty (attempt 3)
[02:46:14] [HOUSE]   UNDER FAILED
[02:47:15] [HOUSE] Seeding 0x6ec512a8a7...
[02:47:16] [HOUSE]   RPC https://base-mainnet.core failed: Error: Failed to estimate gas: server returned an error response: error code -32000: insufficient funds for transfer

[02:47:17] [HOUSE]   RPC https://base.drpc.org failed: Error: Failed to estimate gas: server returned an error response: error code -32003: insufficient funds for gas * price 
[02:47:18] [HOUSE]   RPC https://base-rpc.publicno failed: Error: Failed to estimate gas: server returned an error response: error code -32000: insufficient funds for transfer

[02:47:19] [HOUSE]   Send empty (attempt 1)
[02:47:21] [HOUSE]   RPC https://base-mainnet.core failed: Error: Failed to estimate gas: server returned an error response: error code -32000: insufficient funds for transfer

[02:47:21] [HOUSE]   RPC https://base.drpc.org failed: Error: Failed to estimate gas: server returned an error response: error code -32003: insufficient funds for gas * price 
[02:47:23] [HOUSE]   RPC https://base-rpc.publicno failed: Error: Failed to estimate gas: server returned an error response: error code -32000: insufficient funds for transfer

[02:47:23] [HOUSE]   Send empty (attempt 2)
[02:47:26] [HOUSE]   RPC https://base-mainnet.core failed: Error: Failed to estimate gas: server returned an error response: error code -32000: insufficient funds for transfer

[02:47:27] [HOUSE]   RPC https://base.drpc.org failed: Error: Failed to estimate gas: server returned an error response: error code -32003: insufficient funds for gas * price 
[02:47:29] [HOUSE]   RPC https://base-rpc.publicno failed: Error: Failed to estimate gas: server returned an error response: error code -32000: insufficient funds for transfer

[02:47:30] [HOUSE]   Send empty (attempt 3)
[02:47:31] [HOUSE]   UNDER FAILED
[02:48:32] [HOUSE] Skip 0x6ec512a8a7 — lockTime passed (8s ago)
[02:51:50] [HOUSE] Seeding 0x5D62DB5949...
[02:51:52] [HOUSE]   RPC https://base-mainnet.core failed: Error: Failed to estimate gas: server returned an error response: error code -32000: insufficient funds for transfer

[02:51:53] [HOUSE]   RPC https://base.drpc.org failed: Error: Failed to estimate gas: server returned an error response: error code -32003: insufficient funds for gas * price 
[02:51:54] [HOUSE]   RPC https://base-rpc.publicno failed: Error: Failed to estimate gas: server returned an error response: error code -32000: insufficient funds for transfer

[02:51:55] [HOUSE]   Send empty (attempt 1)
[02:51:57] [HOUSE]   RPC https://base-mainnet.core failed: Error: Failed to estimate gas: server returned an error response: error code -32000: insufficient funds for transfer

[02:51:58] [HOUSE]   RPC https://base.drpc.org failed: Error: Failed to estimate gas: server returned an error response: error code -32003: insufficient funds for gas * price 
[02:51:59] [HOUSE]   RPC https://base-rpc.publicno failed: Error: Failed to estimate gas: server returned an error response: error code -32000: insufficient funds for transfer

[02:52:00] [HOUSE]   Send empty (attempt 2)
[02:52:02] [HOUSE]   RPC https://base-mainnet.core failed: Error: Failed to estimate gas: server returned an error response: error code -32000: insufficient funds for transfer

[02:52:03] [HOUSE]   RPC https://base.drpc.org failed: Error: Failed to estimate gas: server returned an error response: error code -32003: insufficient funds for gas * price 
[02:52:04] [HOUSE]   RPC https://base-rpc.publicno failed: Error: Failed to estimate gas: server returned an error response: error code -32000: insufficient funds for transfer

[02:52:04] [HOUSE]   Send empty (attempt 3)
[02:52:05] [HOUSE]   UNDER FAILED
[02:53:07] [HOUSE] Seeding 0x5D62DB5949...
[02:53:08] [HOUSE]   RPC https://base-mainnet.core failed: Error: Failed to estimate gas: server returned an error response: error code -32000: insufficient funds for transfer

[02:53:09] [HOUSE]   RPC https://base.drpc.org failed: Error: Failed to estimate gas: server returned an error response: error code -32003: insufficient funds for gas * price 
[02:53:10] [HOUSE]   RPC https://base-rpc.publicno failed: Error: Failed to estimate gas: server returned an error response: error code -32000: insufficient funds for transfer

[02:53:11] [HOUSE]   Send empty (attempt 1)
[02:53:13] [HOUSE]   RPC https://base-mainnet.core failed: Error: Failed to estimate gas: server returned an error response: error code -32000: insufficient funds for transfer

[02:53:14] [HOUSE]   RPC https://base.drpc.org failed: Error: Failed to estimate gas: server returned an error response: error code -32003: insufficient funds for gas * price 
[02:53:15] [HOUSE]   RPC https://base-rpc.publicno failed: Error: Failed to estimate gas: server returned an error response: error code -32000: insufficient funds for transfer

[02:53:16] [HOUSE]   Send empty (attempt 2)
[02:53:18] [HOUSE]   RPC https://base-mainnet.core failed: Error: Failed to estimate gas: server returned an error response: error code -32000: insufficient funds for transfer

[02:53:19] [HOUSE]   RPC https://base.drpc.org failed: Error: Failed to estimate gas: server returned an error response: error code -32003: insufficient funds for gas * price 
[02:53:20] [HOUSE]   RPC https://base-rpc.publicno failed: Error: Failed to estimate gas: server returned an error response: error code -32000: insufficient funds for transfer

[02:53:21] [HOUSE]   Send empty (attempt 3)
[02:53:22] [HOUSE]   UNDER FAILED
[02:54:23] [HOUSE] Skip 0x5D62DB5949 — lockTime passed (5s ago)
[02:57:42] [HOUSE] Seeding 0x6D5869B00E...
[02:57:43] [HOUSE]   RPC https://base-mainnet.core failed: Error: Failed to estimate gas: server returned an error response: error code -32000: insufficient funds for transfer

[02:57:44] [HOUSE]   RPC https://base.drpc.org failed: Error: Failed to estimate gas: server returned an error response: error code -32003: insufficient funds for gas * price 
[02:57:45] [HOUSE]   RPC https://base-rpc.publicno failed: Error: Failed to estimate gas: server returned an error response: error code -32000: insufficient funds for transfer

[02:57:46] [HOUSE]   Send empty (attempt 1)
[02:57:48] [HOUSE]   RPC https://base-mainnet.core failed: Error: Failed to estimate gas: server returned an error response: error code -32000: insufficient funds for transfer

[02:57:49] [HOUSE]   RPC https://base.drpc.org failed: Error: Failed to estimate gas: server returned an error response: error code -32003: insufficient funds for gas * price 
[02:57:51] [HOUSE]   RPC https://base-rpc.publicno failed: Error: Failed to estimate gas: server returned an error response: error code -32000: insufficient funds for transfer

[02:57:51] [HOUSE]   Send empty (attempt 2)
[02:57:53] [HOUSE]   RPC https://base-mainnet.core failed: Error: Failed to estimate gas: server returned an error response: error code -32000: insufficient funds for transfer

[02:57:54] [HOUSE]   RPC https://base.drpc.org failed: Error: Failed to estimate gas: server returned an error response: error code -32003: insufficient funds for gas * price 
[02:57:58] [HOUSE]   RPC https://base-rpc.publicno failed: Error: Failed to estimate gas: server returned an error response: error code -32000: insufficient funds for transfer

[02:57:58] [HOUSE]   Send empty (attempt 3)
[02:57:59] [HOUSE]   UNDER FAILED
[02:59:00] [HOUSE] Seeding 0x6D5869B00E...
[02:59:01] [HOUSE]   RPC https://base-mainnet.core failed: Error: Failed to estimate gas: server returned an error response: error code -32000: insufficient funds for transfer

[02:59:02] [HOUSE]   RPC https://base.drpc.org failed: Error: Failed to estimate gas: server returned an error response: error code -32003: insufficient funds for gas * price 
[02:59:03] [HOUSE]   RPC https://base-rpc.publicno failed: Error: Failed to estimate gas: server returned an error response: error code -32000: insufficient funds for transfer

[02:59:04] [HOUSE]   Send empty (attempt 1)
[02:59:06] [HOUSE]   RPC https://base-mainnet.core failed: Error: Failed to estimate gas: server returned an error response: error code -32000: insufficient funds for transfer

[02:59:07] [HOUSE]   RPC https://base.drpc.org failed: Error: Failed to estimate gas: server returned an error response: error code -32003: insufficient funds for gas * price 
[02:59:08] [HOUSE]   RPC https://base-rpc.publicno failed: Error: Failed to estimate gas: server returned an error response: error code -32000: insufficient funds for transfer

[02:59:09] [HOUSE]   Send empty (attempt 2)
[02:59:11] [HOUSE]   RPC https://base-mainnet.core failed: Error: Failed to estimate gas: server returned an error response: error code -32000: insufficient funds for transfer

[02:59:12] [HOUSE]   RPC https://base.drpc.org failed: Error: Failed to estimate gas: server returned an error response: error code -32003: insufficient funds for gas * price 
[02:59:30] [HOUSE]   RPC https://base-rpc.publicno failed: Error: Failed to estimate gas: HTTP error 502 with body: <!DOCTYPE html>
<!--[if lt IE 7]> <html class="no-js ie6 oldie"
[02:59:30] [HOUSE]   Send empty (attempt 3)
[02:59:31] [HOUSE]   UNDER FAILED
[03:00:33] [HOUSE] Skip 0x6D5869B00E — lockTime passed (22s ago)
[03:03:36] [HOUSE] Seeding 0x832f0b4b5c...
[03:03:38] [HOUSE]   RPC https://base-mainnet.core failed: Error: Failed to estimate gas: server returned an error response: error code -32000: insufficient funds for transfer

[03:03:38] [HOUSE]   RPC https://base.drpc.org failed: Error: Failed to estimate gas: server returned an error response: error code -32003: insufficient funds for gas * price 
[03:03:40] [HOUSE]   RPC https://base-rpc.publicno failed: Error: Failed to estimate gas: server returned an error response: error code -32000: insufficient funds for transfer

[03:03:40] [HOUSE]   Send empty (attempt 1)
[03:03:43] [HOUSE]   RPC https://base-mainnet.core failed: Error: Failed to estimate gas: server returned an error response: error code -32000: insufficient funds for transfer

[03:03:44] [HOUSE]   RPC https://base.drpc.org failed: Error: Failed to estimate gas: server returned an error response: error code -32003: insufficient funds for gas * price 
[03:03:45] [HOUSE]   RPC https://base-rpc.publicno failed: Error: Failed to estimate gas: server returned an error response: error code -32000: insufficient funds for transfer

[03:03:46] [HOUSE]   Send empty (attempt 2)
[03:03:48] [HOUSE]   RPC https://base-mainnet.core failed: Error: Failed to estimate gas: server returned an error response: error code -32000: insufficient funds for transfer

[03:03:49] [HOUSE]   RPC https://base.drpc.org failed: Error: Failed to estimate gas: server returned an error response: error code -32003: insufficient funds for gas * price 
[03:03:50] [HOUSE]   RPC https://base-rpc.publicno failed: Error: Failed to estimate gas: server returned an error response: error code -32000: insufficient funds for transfer

[03:03:51] [HOUSE]   Send empty (attempt 3)
[03:03:52] [HOUSE]   UNDER FAILED
[03:04:53] [HOUSE] Seeding 0x832f0b4b5c...
[03:04:54] [HOUSE]   RPC https://base-mainnet.core failed: Error: Failed to estimate gas: server returned an error response: error code -32000: insufficient funds for transfer

[03:04:55] [HOUSE]   RPC https://base.drpc.org failed: Error: Failed to estimate gas: server returned an error response: error code -32003: insufficient funds for gas * price 
[03:05:01] [HOUSE]   RPC https://base-rpc.publicno failed: Error: Failed to estimate gas: server returned an error response: error code -32000: insufficient funds for transfer

[03:05:02] [HOUSE]   Send empty (attempt 1)
[03:05:04] [HOUSE]   RPC https://base-mainnet.core failed: Error: Failed to estimate gas: server returned an error response: error code -32000: insufficient funds for transfer

[03:05:05] [HOUSE]   RPC https://base.drpc.org failed: Error: Failed to estimate gas: server returned an error response: error code -32003: insufficient funds for gas * price 
[03:05:08] [HOUSE]   RPC https://base-rpc.publicno failed: Error: Failed to estimate gas: server returned an error response: error code -32000: insufficient funds for transfer

[03:05:08] [HOUSE]   Send empty (attempt 2)
[03:05:11] [HOUSE]   RPC https://base-mainnet.core failed: Error: Failed to estimate gas: server returned an error response: error code -32000: insufficient funds for transfer

[03:05:11] [HOUSE]   RPC https://base.drpc.org failed: Error: Failed to estimate gas: server returned an error response: error code -32003: insufficient funds for gas * price 
[03:05:14] [HOUSE]   RPC https://base-rpc.publicno failed: Error: Failed to estimate gas: server returned an error response: error code -32000: insufficient funds for transfer

[03:05:14] [HOUSE]   Send empty (attempt 3)
[03:05:15] [HOUSE]   UNDER FAILED
[03:06:19] [HOUSE] Skip 0x832f0b4b5c — lockTime passed (14s ago)
[03:09:29] [HOUSE] Seeding 0x882E3Fe788...
[03:09:31] [HOUSE]   RPC https://base-mainnet.core failed: Error: Failed to estimate gas: server returned an error response: error code -32000: insufficient funds for transfer

[03:09:31] [HOUSE]   RPC https://base.drpc.org failed: Error: Failed to estimate gas: server returned an error response: error code -32003: insufficient funds for gas * price 
[03:09:36] [HOUSE]   RPC https://base-rpc.publicno failed: Error: Failed to estimate gas: server returned an error response: error code -32000: insufficient funds for transfer

[03:09:36] [HOUSE]   Send empty (attempt 1)
[03:09:38] [HOUSE]   RPC https://base-mainnet.core failed: Error: Failed to estimate gas: server returned an error response: error code -32000: insufficient funds for transfer

[03:09:39] [HOUSE]   RPC https://base.drpc.org failed: Error: Failed to estimate gas: server returned an error response: error code -32003: insufficient funds for gas * price 
[03:09:40] [HOUSE]   RPC https://base-rpc.publicno failed: Error: Failed to estimate gas: server returned an error response: error code -32000: insufficient funds for transfer

[03:09:41] [HOUSE]   Send empty (attempt 2)
[03:09:43] [HOUSE]   RPC https://base-mainnet.core failed: Error: Failed to estimate gas: server returned an error response: error code -32000: insufficient funds for transfer

[03:09:44] [HOUSE]   RPC https://base.drpc.org failed: Error: Failed to estimate gas: server returned an error response: error code -32003: insufficient funds for gas * price 
[03:09:45] [HOUSE]   RPC https://base-rpc.publicno failed: Error: Failed to estimate gas: server returned an error response: error code -32000: insufficient funds for transfer

[03:09:45] [HOUSE]   Send empty (attempt 3)
[03:09:46] [HOUSE]   UNDER FAILED
[03:10:47] [HOUSE] Seeding 0x882E3Fe788...
[03:10:49] [HOUSE]   RPC https://base-mainnet.core failed: Error: Failed to estimate gas: server returned an error response: error code -32000: insufficient funds for transfer

[03:10:51] [HOUSE]   RPC https://base.drpc.org failed: Error: Failed to estimate gas: HTTP error 500 with body: {"id":3,"jsonrpc":"2.0","error":{"message":"Temporary internal 
[03:10:52] [HOUSE]   RPC https://base-rpc.publicno failed: Error: Failed to estimate gas: server returned an error response: error code -32000: insufficient funds for transfer

[03:10:53] [HOUSE]   Send empty (attempt 1)
[03:10:55] [HOUSE]   RPC https://base-mainnet.core failed: Error: Failed to estimate gas: server returned an error response: error code -32000: insufficient funds for transfer

[03:10:58] [HOUSE]   RPC https://base.drpc.org failed: Error: Failed to estimate gas: HTTP error 500 with body: {"id":3,"jsonrpc":"2.0","error":{"message":"Temporary internal 
[03:10:59] [HOUSE]   RPC https://base-rpc.publicno failed: Error: Failed to estimate gas: server returned an error response: error code -32000: insufficient funds for transfer

[03:10:59] [HOUSE]   Send empty (attempt 2)
[03:11:02] [HOUSE]   RPC https://base-mainnet.core failed: Error: Failed to estimate gas: server returned an error response: error code -32000: insufficient funds for transfer

[03:11:03] [HOUSE]   RPC https://base.drpc.org failed: Error: Failed to estimate gas: server returned an error response: error code -32003: insufficient funds for gas * price 
[03:11:04] [HOUSE]   RPC https://base-rpc.publicno failed: Error: Failed to estimate gas: server returned an error response: error code -32000: insufficient funds for transfer

[03:11:05] [HOUSE]   Send empty (attempt 3)
[03:11:06] [HOUSE]   UNDER FAILED
[03:12:07] [HOUSE] Skip 0x882E3Fe788 — lockTime passed (10s ago)
[03:15:23] [HOUSE] Seeding 0x9b06D3541b...
[03:15:24] [HOUSE]   RPC https://base-mainnet.core failed: Error: Failed to estimate gas: server returned an error response: error code -32000: insufficient funds for transfer

[03:15:25] [HOUSE]   RPC https://base.drpc.org failed: Error: Failed to estimate gas: server returned an error response: error code -32003: insufficient funds for gas * price 
[03:15:27] [HOUSE]   RPC https://base-rpc.publicno failed: Error: Failed to estimate gas: server returned an error response: error code -32000: insufficient funds for transfer

[03:15:27] [HOUSE]   Send empty (attempt 1)
[03:15:29] [HOUSE]   RPC https://base-mainnet.core failed: Error: Failed to estimate gas: server returned an error response: error code -32000: insufficient funds for transfer

[03:15:30] [HOUSE]   RPC https://base.drpc.org failed: Error: Failed to estimate gas: server returned an error response: error code -32003: insufficient funds for gas * price 
[03:15:32] [HOUSE]   RPC https://base-rpc.publicno failed: Error: Failed to estimate gas: server returned an error response: error code -32000: insufficient funds for transfer

[03:15:32] [HOUSE]   Send empty (attempt 2)
[03:15:35] [HOUSE]   RPC https://base-mainnet.core failed: Error: Failed to estimate gas: server returned an error response: error code -32000: insufficient funds for transfer

[03:15:36] [HOUSE]   RPC https://base.drpc.org failed: Error: Failed to estimate gas: server returned an error response: error code -32003: insufficient funds for gas * price 
[03:15:37] [HOUSE]   RPC https://base-rpc.publicno failed: Error: Failed to estimate gas: server returned an error response: error code -32000: insufficient funds for transfer

[03:15:37] [HOUSE]   Send empty (attempt 3)
[03:15:38] [HOUSE]   UNDER FAILED
[03:16:41] [HOUSE] Seeding 0x9b06D3541b...
[03:16:42] [HOUSE]   RPC https://base-mainnet.core failed: Error: Failed to estimate gas: server returned an error response: error code -32000: insufficient funds for transfer

[03:16:44] [HOUSE]   RPC https://base.drpc.org failed: Error: Failed to estimate gas: server returned an error response: error code -32003: insufficient funds for gas * price 
[03:16:45] [HOUSE]   RPC https://base-rpc.publicno failed: Error: Failed to estimate gas: server returned an error response: error code -32000: insufficient funds for transfer

[03:16:46] [HOUSE]   Send empty (attempt 1)
[03:16:48] [HOUSE]   RPC https://base-mainnet.core failed: Error: Failed to estimate gas: server returned an error response: error code -32000: insufficient funds for transfer

[03:16:49] [HOUSE]   RPC https://base.drpc.org failed: Error: Failed to estimate gas: server returned an error response: error code -32003: insufficient funds for gas * price 
[03:16:51] [HOUSE]   RPC https://base-rpc.publicno failed: Error: Failed to estimate gas: server returned an error response: error code -32000: insufficient funds for transfer

[03:16:51] [HOUSE]   Send empty (attempt 2)
[03:16:53] [HOUSE]   RPC https://base-mainnet.core failed: Error: Failed to estimate gas: server returned an error response: error code -32000: insufficient funds for transfer

[03:16:54] [HOUSE]   RPC https://base.drpc.org failed: Error: Failed to estimate gas: server returned an error response: error code -32003: insufficient funds for gas * price 
[03:16:55] [HOUSE]   RPC https://base-rpc.publicno failed: Error: Failed to estimate gas: server returned an error response: error code -32000: insufficient funds for transfer

[03:16:56] [HOUSE]   Send empty (attempt 3)
[03:16:57] [HOUSE]   UNDER FAILED
[03:17:58] [HOUSE] Skip 0x9b06D3541b — lockTime passed (8s ago)
[03:21:12] [HOUSE] Seeding 0x4D1F8a9465...
[03:21:13] [HOUSE]   RPC https://base-mainnet.core failed: Error: Failed to estimate gas: server returned an error response: error code -32000: insufficient funds for transfer

[03:21:14] [HOUSE]   RPC https://base.drpc.org failed: Error: Failed to estimate gas: server returned an error response: error code -32003: insufficient funds for gas * price 
[03:21:16] [HOUSE]   RPC https://base-rpc.publicno failed: Error: Failed to estimate gas: server returned an error response: error code -32000: insufficient funds for transfer

[03:21:17] [HOUSE]   Send empty (attempt 1)
[03:21:19] [HOUSE]   RPC https://base-mainnet.core failed: Error: Failed to estimate gas: server returned an error response: error code -32000: insufficient funds for transfer

[03:21:21] [HOUSE]   RPC https://base.drpc.org failed: Error: Failed to estimate gas: HTTP error 500 with body: {"id":3,"jsonrpc":"2.0","error":{"message":"Temporary internal 
[03:21:22] [HOUSE]   RPC https://base-rpc.publicno failed: Error: Failed to estimate gas: server returned an error response: error code -32000: insufficient funds for transfer

[03:21:22] [HOUSE]   Send empty (attempt 2)
[03:21:25] [HOUSE]   RPC https://base-mainnet.core failed: Error: Failed to estimate gas: server returned an error response: error code -32000: insufficient funds for transfer

[03:21:25] [HOUSE]   RPC https://base.drpc.org failed: Error: Failed to estimate gas: server returned an error response: error code -32003: insufficient funds for gas * price 
[03:21:28] [HOUSE]   RPC https://base-rpc.publicno failed: Error: Failed to estimate gas: server returned an error response: error code -32000: insufficient funds for transfer

[03:21:29] [HOUSE]   Send empty (attempt 3)
[03:21:30] [HOUSE]   UNDER FAILED
[03:22:32] [HOUSE] Seeding 0x4D1F8a9465...
[03:22:33] [HOUSE]   RPC https://base-mainnet.core failed: Error: Failed to estimate gas: server returned an error response: error code -32000: insufficient funds for transfer

[03:22:34] [HOUSE]   RPC https://base.drpc.org failed: Error: Failed to estimate gas: server returned an error response: error code -32003: insufficient funds for gas * price 
[03:22:36] [HOUSE]   RPC https://base-rpc.publicno failed: Error: Failed to estimate gas: server returned an error response: error code -32000: insufficient funds for transfer

[03:22:36] [HOUSE]   Send empty (attempt 1)
[03:22:38] [HOUSE]   RPC https://base-mainnet.core failed: Error: Failed to estimate gas: server returned an error response: error code -32000: insufficient funds for transfer

[03:22:39] [HOUSE]   RPC https://base.drpc.org failed: Error: Failed to estimate gas: server returned an error response: error code -32003: insufficient funds for gas * price 
[03:22:41] [HOUSE]   RPC https://base-rpc.publicno failed: Error: Failed to estimate gas: server returned an error response: error code -32000: insufficient funds for transfer

[03:22:41] [HOUSE]   Send empty (attempt 2)
[03:22:43] [HOUSE]   RPC https://base-mainnet.core failed: Error: Failed to estimate gas: server returned an error response: error code -32000: insufficient funds for transfer

[03:22:44] [HOUSE]   RPC https://base.drpc.org failed: Error: Failed to estimate gas: server returned an error response: error code -32003: insufficient funds for gas * price 
[03:22:45] [HOUSE]   RPC https://base-rpc.publicno failed: Error: Failed to estimate gas: server returned an error response: error code -32000: insufficient funds for transfer

[03:22:46] [HOUSE]   Send empty (attempt 3)
[03:22:47] [HOUSE]   UNDER FAILED
[03:23:48] [HOUSE] Skip 0x4D1F8a9465 — lockTime passed (7s ago)
[03:27:08] [HOUSE] Seeding 0xFF8FDF8b61...
[03:27:09] [HOUSE]   RPC https://base-mainnet.core failed: Error: Failed to estimate gas: server returned an error response: error code -32000: insufficient funds for transfer

[03:27:10] [HOUSE]   RPC https://base.drpc.org failed: Error: Failed to estimate gas: server returned an error response: error code -32003: insufficient funds for gas * price 
[03:27:11] [HOUSE]   RPC https://base-rpc.publicno failed: Error: Failed to estimate gas: server returned an error response: error code -32000: insufficient funds for transfer

[03:27:12] [HOUSE]   Send empty (attempt 1)
[03:27:14] [HOUSE]   RPC https://base-mainnet.core failed: Error: Failed to estimate gas: server returned an error response: error code -32000: insufficient funds for transfer

[03:27:15] [HOUSE]   RPC https://base.drpc.org failed: Error: Failed to estimate gas: server returned an error response: error code -32003: insufficient funds for gas * price 
[03:27:18] [HOUSE]   RPC https://base-rpc.publicno failed: Error: Failed to estimate gas: server returned an error response: error code -32000: insufficient funds for transfer

[03:27:18] [HOUSE]   Send empty (attempt 2)
[03:27:21] [HOUSE]   RPC https://base-mainnet.core failed: Error: Failed to estimate gas: server returned an error response: error code -32000: insufficient funds for transfer

[03:27:21] [HOUSE]   RPC https://base.drpc.org failed: Error: Failed to estimate gas: server returned an error response: error code -32003: insufficient funds for gas * price 
[03:27:27] [HOUSE]   RPC https://base-rpc.publicno failed: Error: Failed to estimate gas: server returned an error response: error code -32000: insufficient funds for transfer

[03:27:27] [HOUSE]   Send empty (attempt 3)
[03:27:28] [HOUSE]   UNDER FAILED
[03:28:29] [HOUSE] Seeding 0xFF8FDF8b61...
[03:28:30] [HOUSE]   RPC https://base-mainnet.core failed: Error: Failed to estimate gas: server returned an error response: error code -32000: insufficient funds for transfer

[03:28:31] [HOUSE]   RPC https://base.drpc.org failed: Error: Failed to estimate gas: server returned an error response: error code -32003: insufficient funds for gas * price 
[03:28:33] [HOUSE]   RPC https://base-rpc.publicno failed: Error: Failed to estimate gas: server returned an error response: error code -32000: insufficient funds for transfer

[03:28:33] [HOUSE]   Send empty (attempt 1)
[03:28:36] [HOUSE]   RPC https://base-mainnet.core failed: Error: Failed to estimate gas: server returned an error response: error code -32000: insufficient funds for transfer

[03:28:36] [HOUSE]   RPC https://base.drpc.org failed: Error: Failed to estimate gas: server returned an error response: error code -32003: insufficient funds for gas * price 
[03:28:39] [HOUSE]   RPC https://base-rpc.publicno failed: Error: Failed to estimate gas: server returned an error response: error code -32000: insufficient funds for transfer

[03:28:39] [HOUSE]   Send empty (attempt 2)
[03:28:41] [HOUSE]   RPC https://base-mainnet.core failed: Error: Failed to estimate gas: server returned an error response: error code -32000: insufficient funds for transfer

[03:28:42] [HOUSE]   RPC https://base.drpc.org failed: Error: Failed to estimate gas: server returned an error response: error code -32003: insufficient funds for gas * price 
[03:28:43] [HOUSE]   RPC https://base-rpc.publicno failed: Error: Failed to estimate gas: server returned an error response: error code -32000: insufficient funds for transfer

[03:28:44] [HOUSE]   Send empty (attempt 3)
[03:28:45] [HOUSE]   UNDER FAILED
[03:29:47] [HOUSE] Skip 0xFF8FDF8b61 — lockTime passed (12s ago)
[03:33:00] [HOUSE] Seeding 0x3378a36e02...
[03:33:01] [HOUSE]   RPC https://base-mainnet.core failed: Error: Failed to estimate gas: server returned an error response: error code -32000: insufficient funds for transfer

[03:33:02] [HOUSE]   RPC https://base.drpc.org failed: Error: Failed to estimate gas: server returned an error response: error code -32003: insufficient funds for gas * price 
[03:33:17] [HOUSE]   RPC https://base-rpc.publicno failed: Error: Failed to estimate gas: server returned an error response: error code -32000: insufficient funds for transfer

[03:33:17] [HOUSE]   Send empty (attempt 1)
[03:33:20] [HOUSE]   RPC https://base-mainnet.core failed: Error: Failed to estimate gas: server returned an error response: error code -32000: insufficient funds for transfer

[03:33:20] [HOUSE]   RPC https://base.drpc.org failed: Error: Failed to estimate gas: server returned an error response: error code -32003: insufficient funds for gas * price 
[03:33:23] [HOUSE]   RPC https://base-rpc.publicno failed: Error: Failed to estimate gas: server returned an error response: error code -32000: insufficient funds for transfer

[03:33:23] [HOUSE]   Send empty (attempt 2)
[03:33:25] [HOUSE]   RPC https://base-mainnet.core failed: Error: Failed to estimate gas: server returned an error response: error code -32000: insufficient funds for transfer

[03:33:26] [HOUSE]   RPC https://base.drpc.org failed: Error: Failed to estimate gas: server returned an error response: error code -32003: insufficient funds for gas * price 
[03:33:27] [HOUSE]   RPC https://base-rpc.publicno failed: Error: Failed to estimate gas: server returned an error response: error code -32000: insufficient funds for transfer

[03:33:28] [HOUSE]   Send empty (attempt 3)
[03:33:29] [HOUSE]   UNDER FAILED
[03:34:30] [HOUSE] Seeding 0x3378a36e02...
[03:34:32] [HOUSE]   RPC https://base-mainnet.core failed: Error: Failed to estimate gas: server returned an error response: error code -32000: insufficient funds for transfer

[03:34:33] [HOUSE]   RPC https://base.drpc.org failed: Error: Failed to estimate gas: server returned an error response: error code -32003: insufficient funds for gas * price 
[03:34:34] [HOUSE]   RPC https://base-rpc.publicno failed: Error: Failed to estimate gas: server returned an error response: error code -32000: insufficient funds for transfer

[03:34:35] [HOUSE]   Send empty (attempt 1)
[03:34:37] [HOUSE]   RPC https://base-mainnet.core failed: Error: Failed to estimate gas: server returned an error response: error code -32000: insufficient funds for transfer

[03:34:38] [HOUSE]   RPC https://base.drpc.org failed: Error: Failed to estimate gas: server returned an error response: error code -32003: insufficient funds for gas * price 
[03:34:39] [HOUSE]   RPC https://base-rpc.publicno failed: Error: Failed to estimate gas: server returned an error response: error code -32000: insufficient funds for transfer

[03:34:39] [HOUSE]   Send empty (attempt 2)
[03:34:41] [HOUSE]   RPC https://base-mainnet.core failed: Error: Failed to estimate gas: server returned an error response: error code -32000: insufficient funds for transfer

[03:34:42] [HOUSE]   RPC https://base.drpc.org failed: Error: Failed to estimate gas: server returned an error response: error code -32003: insufficient funds for gas * price 
[03:34:44] [HOUSE]   RPC https://base-rpc.publicno failed: Error: Failed to estimate gas: server returned an error response: error code -32000: insufficient funds for transfer

[03:34:44] [HOUSE]   Send empty (attempt 3)
[03:34:45] [HOUSE]   UNDER FAILED
[03:35:47] [HOUSE] Skip 0x3378a36e02 — lockTime passed (18s ago)
[03:38:55] [HOUSE] Seeding 0xF153297b24...
[03:38:56] [HOUSE]   RPC https://base-mainnet.core failed: Error: Failed to estimate gas: server returned an error response: error code -32000: insufficient funds for transfer

[03:38:57] [HOUSE]   RPC https://base.drpc.org failed: Error: Failed to estimate gas: server returned an error response: error code -32003: insufficient funds for gas * price 
[03:38:58] [HOUSE]   RPC https://base-rpc.publicno failed: Error: Failed to estimate gas: server returned an error response: error code -32000: insufficient funds for transfer

[03:38:59] [HOUSE]   Send empty (attempt 1)
[03:39:01] [HOUSE]   RPC https://base-mainnet.core failed: Error: Failed to estimate gas: server returned an error response: error code -32000: insufficient funds for transfer

[03:39:02] [HOUSE]   RPC https://base.drpc.org failed: Error: Failed to estimate gas: server returned an error response: error code -32003: insufficient funds for gas * price 
[03:39:05] [HOUSE]   RPC https://base-rpc.publicno failed: Error: Failed to estimate gas: server returned an error response: error code -32000: insufficient funds for transfer

[03:39:05] [HOUSE]   Send empty (attempt 2)
[03:39:07] [HOUSE]   RPC https://base-mainnet.core failed: Error: Failed to estimate gas: server returned an error response: error code -32000: insufficient funds for transfer

[03:39:08] [HOUSE]   RPC https://base.drpc.org failed: Error: Failed to estimate gas: server returned an error response: error code -32003: insufficient funds for gas * price 
[03:39:11] [HOUSE]   RPC https://base-rpc.publicno failed: Error: Failed to estimate gas: server returned an error response: error code -32000: insufficient funds for transfer

[03:39:11] [HOUSE]   Send empty (attempt 3)
[03:39:12] [HOUSE]   UNDER FAILED
[03:40:14] [HOUSE] Seeding 0xF153297b24...
[03:40:15] [HOUSE]   RPC https://base-mainnet.core failed: Error: Failed to estimate gas: server returned an error response: error code -32000: insufficient funds for transfer

[03:40:16] [HOUSE]   RPC https://base.drpc.org failed: Error: Failed to estimate gas: server returned an error response: error code -32003: insufficient funds for gas * price 
[03:40:18] [HOUSE]   RPC https://base-rpc.publicno failed: Error: Failed to estimate gas: server returned an error response: error code -32000: insufficient funds for transfer

[03:40:18] [HOUSE]   Send empty (attempt 1)
[03:40:20] [HOUSE]   RPC https://base-mainnet.core failed: Error: Failed to estimate gas: server returned an error response: error code -32000: insufficient funds for transfer

[03:40:21] [HOUSE]   RPC https://base.drpc.org failed: Error: Failed to estimate gas: server returned an error response: error code -32003: insufficient funds for gas * price 
[03:40:24] [HOUSE]   RPC https://base-rpc.publicno failed: Error: Failed to estimate gas: server returned an error response: error code -32000: insufficient funds for transfer

[03:40:24] [HOUSE]   Send empty (attempt 2)
[03:40:26] [HOUSE]   RPC https://base-mainnet.core failed: Error: Failed to estimate gas: server returned an error response: error code -32000: insufficient funds for transfer

[03:40:27] [HOUSE]   RPC https://base.drpc.org failed: Error: Failed to estimate gas: server returned an error response: error code -32003: insufficient funds for gas * price 
[03:40:31] [HOUSE]   RPC https://base-rpc.publicno failed: Error: Failed to estimate gas: server returned an error response: error code -32000: insufficient funds for transfer

[03:40:32] [HOUSE]   Send empty (attempt 3)
[03:40:33] [HOUSE]   UNDER FAILED
[03:41:34] [HOUSE] Skip 0xF153297b24 — lockTime passed (12s ago)
[03:44:47] [HOUSE] Seeding 0xD7eF48F351...
[03:44:48] [HOUSE]   RPC https://base-mainnet.core failed: Error: Failed to estimate gas: server returned an error response: error code -32000: insufficient funds for transfer

[03:44:49] [HOUSE]   RPC https://base.drpc.org failed: Error: Failed to estimate gas: server returned an error response: error code -32003: insufficient funds for gas * price 
[03:44:52] [HOUSE]   RPC https://base-rpc.publicno failed: Error: Failed to estimate gas: server returned an error response: error code -32000: insufficient funds for transfer

[03:44:52] [HOUSE]   Send empty (attempt 1)
[03:44:54] [HOUSE]   RPC https://base-mainnet.core failed: Error: Failed to estimate gas: server returned an error response: error code -32000: insufficient funds for transfer

[03:44:55] [HOUSE]   RPC https://base.drpc.org failed: Error: Failed to estimate gas: server returned an error response: error code -32003: insufficient funds for gas * price 
[03:44:56] [HOUSE]   RPC https://base-rpc.publicno failed: Error: Failed to estimate gas: server returned an error response: error code -32000: insufficient funds for transfer

[03:44:56] [HOUSE]   Send empty (attempt 2)
[03:44:59] [HOUSE]   RPC https://base-mainnet.core failed: Error: Failed to estimate gas: server returned an error response: error code -32000: insufficient funds for transfer

[03:45:00] [HOUSE]   RPC https://base.drpc.org failed: Error: Failed to estimate gas: server returned an error response: error code -32003: insufficient funds for gas * price 
[03:45:02] [HOUSE]   RPC https://base-rpc.publicno failed: Error: Failed to estimate gas: server returned an error response: error code -32000: insufficient funds for transfer

[03:45:03] [HOUSE]   Send empty (attempt 3)
[03:45:04] [HOUSE]   UNDER FAILED
[03:46:05] [HOUSE] Seeding 0xD7eF48F351...
[03:46:06] [HOUSE]   RPC https://base-mainnet.core failed: Error: Failed to estimate gas: server returned an error response: error code -32000: insufficient funds for transfer

[03:46:07] [HOUSE]   RPC https://base.drpc.org failed: Error: Failed to estimate gas: server returned an error response: error code -32003: insufficient funds for gas * price 
[03:46:10] [HOUSE]   RPC https://base-rpc.publicno failed: Error: Failed to estimate gas: server returned an error response: error code -32000: insufficient funds for transfer

[03:46:11] [HOUSE]   Send empty (attempt 1)
[03:46:13] [HOUSE]   RPC https://base-mainnet.core failed: Error: Failed to estimate gas: server returned an error response: error code -32000: insufficient funds for transfer

[03:46:14] [HOUSE]   RPC https://base.drpc.org failed: Error: Failed to estimate gas: server returned an error response: error code -32003: insufficient funds for gas * price 
[03:46:19] [HOUSE]   RPC https://base-rpc.publicno failed: Error: Failed to estimate gas: server returned an error response: error code -32000: insufficient funds for transfer

[03:46:20] [HOUSE]   Send empty (attempt 2)
[03:46:22] [HOUSE]   RPC https://base-mainnet.core failed: Error: Failed to estimate gas: server returned an error response: error code -32000: insufficient funds for transfer

[03:46:23] [HOUSE]   RPC https://base.drpc.org failed: Error: Failed to estimate gas: server returned an error response: error code -32003: insufficient funds for gas * price 
[03:46:24] [HOUSE]   RPC https://base-rpc.publicno failed: Error: Failed to estimate gas: server returned an error response: error code -32000: insufficient funds for transfer

[03:46:25] [HOUSE]   Send empty (attempt 3)
[03:46:26] [HOUSE]   UNDER FAILED
[03:47:27] [HOUSE] Skip 0xD7eF48F351 — lockTime passed (13s ago)
[03:50:39] [HOUSE] Seeding 0xf7c8FC8A8f...
[03:50:40] [HOUSE]   RPC https://base-mainnet.core failed: Error: Failed to estimate gas: server returned an error response: error code -32000: insufficient funds for transfer

[03:50:42] [HOUSE]   RPC https://base.drpc.org failed: Error: HTTP error 500 with body: {"id":1,"jsonrpc":"2.0","error":{"message":"Temporary internal error. Please retry, tra
[03:50:43] [HOUSE]   RPC https://base-rpc.publicno failed: Error: Failed to estimate gas: server returned an error response: error code -32000: insufficient funds for transfer

[03:50:44] [HOUSE]   Send empty (attempt 1)
[03:50:46] [HOUSE]   RPC https://base-mainnet.core failed: Error: Failed to estimate gas: server returned an error response: error code -32000: insufficient funds for transfer

[03:50:48] [HOUSE]   RPC https://base.drpc.org failed: Error: Failed to estimate gas: HTTP error 500 with body: {"id":3,"jsonrpc":"2.0","error":{"message":"Temporary internal 
[03:50:52] [HOUSE]   RPC https://base-rpc.publicno failed: Error: Failed to estimate gas: server returned an error response: error code -32000: insufficient funds for transfer

[03:50:53] [HOUSE]   Send empty (attempt 2)
[03:50:55] [HOUSE]   RPC https://base-mainnet.core failed: Error: Failed to estimate gas: server returned an error response: error code -32000: insufficient funds for transfer

[03:50:57] [HOUSE]   RPC https://base.drpc.org failed: Error: Failed to estimate gas: HTTP error 500 with body: {"id":3,"jsonrpc":"2.0","error":{"message":"Temporary internal 
[03:50:58] [HOUSE]   RPC https://base-rpc.publicno failed: Error: Failed to estimate gas: server returned an error response: error code -32000: insufficient funds for transfer

[03:50:59] [HOUSE]   Send empty (attempt 3)
[03:51:00] [HOUSE]   UNDER FAILED
[03:52:03] [HOUSE] Seeding 0xf7c8FC8A8f...
[03:52:04] [HOUSE]   RPC https://base-mainnet.core failed: Error: Failed to estimate gas: server returned an error response: error code -32000: insufficient funds for transfer

[03:52:05] [HOUSE]   RPC https://base.drpc.org failed: Error: Failed to estimate gas: server returned an error response: error code -32003: insufficient funds for gas * price 
[03:52:07] [HOUSE]   RPC https://base-rpc.publicno failed: Error: Failed to estimate gas: server returned an error response: error code -32000: insufficient funds for transfer

[03:52:08] [HOUSE]   Send empty (attempt 1)
[03:52:10] [HOUSE]   RPC https://base-mainnet.core failed: Error: Failed to estimate gas: server returned an error response: error code -32000: insufficient funds for transfer

[03:52:11] [HOUSE]   RPC https://base.drpc.org failed: Error: Failed to estimate gas: server returned an error response: error code -32003: insufficient funds for gas * price 
[03:52:12] [HOUSE]   RPC https://base-rpc.publicno failed: Error: Failed to estimate gas: server returned an error response: error code -32000: insufficient funds for transfer

[03:52:12] [HOUSE]   Send empty (attempt 2)
[03:52:14] [HOUSE]   RPC https://base-mainnet.core failed: Error: Failed to estimate gas: server returned an error response: error code -32000: insufficient funds for transfer

[03:52:15] [HOUSE]   RPC https://base.drpc.org failed: Error: Failed to estimate gas: server returned an error response: error code -32003: insufficient funds for gas * price 
[03:52:26] [HOUSE]   RPC https://base-rpc.publicno failed: Error: Failed to estimate gas: server returned an error response: error code -32000: insufficient funds for transfer

[03:52:27] [HOUSE]   Send empty (attempt 3)
[03:52:28] [HOUSE]   UNDER FAILED
[03:53:28] [HOUSE] Skip 0xf7c8FC8A8f — lockTime passed (22s ago)
[03:56:36] [HOUSE] Seeding 0x329631E8a3...
[03:56:37] [HOUSE]   RPC https://base-mainnet.core failed: Error: Failed to estimate gas: server returned an error response: error code -32000: insufficient funds for transfer

[03:56:37] [HOUSE]   RPC https://base.drpc.org failed: Error: Failed to estimate gas: server returned an error response: error code -32003: insufficient funds for gas * price 
[03:56:39] [HOUSE]   RPC https://base-rpc.publicno failed: Error: Failed to estimate gas: server returned an error response: error code -32000: insufficient funds for transfer

[03:56:39] [HOUSE]   Send empty (attempt 1)
[03:56:42] [HOUSE]   RPC https://base-mainnet.core failed: Error: Failed to estimate gas: server returned an error response: error code -32000: insufficient funds for transfer

[03:56:43] [HOUSE]   RPC https://base.drpc.org failed: Error: Failed to estimate gas: server returned an error response: error code -32003: insufficient funds for gas * price 
[03:56:46] [HOUSE]   RPC https://base-rpc.publicno failed: Error: Failed to estimate gas: server returned an error response: error code -32000: insufficient funds for transfer

[03:56:46] [HOUSE]   Send empty (attempt 2)
[03:56:49] [HOUSE]   RPC https://base-mainnet.core failed: Error: Failed to estimate gas: server returned an error response: error code -32000: insufficient funds for transfer

[03:56:49] [HOUSE]   RPC https://base.drpc.org failed: Error: Failed to estimate gas: server returned an error response: error code -32003: insufficient funds for gas * price 
[03:56:50] [HOUSE]   RPC https://base-rpc.publicno failed: Error: Failed to estimate gas: server returned an error response: error code -32000: insufficient funds for transfer

[03:56:51] [HOUSE]   Send empty (attempt 3)
[03:56:52] [HOUSE]   UNDER FAILED
[03:57:53] [HOUSE] Seeding 0x329631E8a3...
[03:57:54] [HOUSE]   RPC https://base-mainnet.core failed: Error: Failed to estimate gas: server returned an error response: error code -32000: insufficient funds for transfer

[03:57:55] [HOUSE]   RPC https://base.drpc.org failed: Error: Failed to estimate gas: server returned an error response: error code -32003: insufficient funds for gas * price 
[03:58:00] [HOUSE]   RPC https://base-rpc.publicno failed: Error: Failed to estimate gas: server returned an error response: error code -32000: insufficient funds for transfer

[03:58:01] [HOUSE]   Send empty (attempt 1)
[03:58:03] [HOUSE]   RPC https://base-mainnet.core failed: Error: Failed to estimate gas: server returned an error response: error code -32000: insufficient funds for transfer

[03:58:04] [HOUSE]   RPC https://base.drpc.org failed: Error: Failed to estimate gas: server returned an error response: error code -32003: insufficient funds for gas * price 
[03:58:06] [HOUSE]   RPC https://base-rpc.publicno failed: Error: Failed to estimate gas: server returned an error response: error code -32000: insufficient funds for transfer

[03:58:07] [HOUSE]   Send empty (attempt 2)
[03:58:09] [HOUSE]   RPC https://base-mainnet.core failed: Error: Failed to estimate gas: server returned an error response: error code -32000: insufficient funds for transfer

[03:58:10] [HOUSE]   RPC https://base.drpc.org failed: Error: Failed to estimate gas: server returned an error response: error code -32003: insufficient funds for gas * price 
[03:58:13] [HOUSE]   RPC https://base-rpc.publicno failed: Error: Failed to estimate gas: server returned an error response: error code -32000: insufficient funds for transfer

[03:58:13] [HOUSE]   Send empty (attempt 3)
[03:58:14] [HOUSE]   UNDER FAILED
[03:59:15] [HOUSE] Skip 0x329631E8a3 — lockTime passed (13s ago)
[04:02:29] [HOUSE] Seeding 0xA957426b84...
[04:02:31] [HOUSE]   RPC https://base-mainnet.core failed: Error: Failed to estimate gas: server returned an error response: error code -32000: insufficient funds for transfer

[04:02:32] [HOUSE]   RPC https://base.drpc.org failed: Error: Failed to estimate gas: server returned an error response: error code -32003: insufficient funds for gas * price 
[04:02:33] [HOUSE]   RPC https://base-rpc.publicno failed: Error: Failed to estimate gas: server returned an error response: error code -32000: insufficient funds for transfer

[04:02:34] [HOUSE]   Send empty (attempt 1)
[04:02:36] [HOUSE]   RPC https://base-mainnet.core failed: Error: Failed to estimate gas: server returned an error response: error code -32000: insufficient funds for transfer

[04:02:37] [HOUSE]   RPC https://base.drpc.org failed: Error: Failed to estimate gas: server returned an error response: error code -32003: insufficient funds for gas * price 
[04:02:38] [HOUSE]   RPC https://base-rpc.publicno failed: Error: Failed to estimate gas: server returned an error response: error code -32000: insufficient funds for transfer

[04:02:39] [HOUSE]   Send empty (attempt 2)
[04:02:41] [HOUSE]   RPC https://base-mainnet.core failed: Error: Failed to estimate gas: server returned an error response: error code -32000: insufficient funds for transfer

[04:02:42] [HOUSE]   RPC https://base.drpc.org failed: Error: Failed to estimate gas: server returned an error response: error code -32003: insufficient funds for gas * price 
[04:02:43] [HOUSE]   RPC https://base-rpc.publicno failed: Error: Failed to estimate gas: server returned an error response: error code -32000: insufficient funds for transfer

[04:02:43] [HOUSE]   Send empty (attempt 3)
[04:02:44] [HOUSE]   UNDER FAILED
[04:03:46] [HOUSE] Seeding 0xA957426b84...
[04:03:48] [HOUSE]   RPC https://base-mainnet.core failed: Error: Failed to estimate gas: server returned an error response: error code -32000: insufficient funds for transfer

[04:03:48] [HOUSE]   RPC https://base.drpc.org failed: Error: Failed to estimate gas: server returned an error response: error code -32003: insufficient funds for gas * price 
[04:03:50] [HOUSE]   RPC https://base-rpc.publicno failed: Error: Failed to estimate gas: server returned an error response: error code -32000: insufficient funds for transfer

[04:03:50] [HOUSE]   Send empty (attempt 1)
[04:03:52] [HOUSE]   RPC https://base-mainnet.core failed: Error: Failed to estimate gas: server returned an error response: error code -32000: insufficient funds for transfer

[04:03:53] [HOUSE]   RPC https://base.drpc.org failed: Error: Failed to estimate gas: server returned an error response: error code -32003: insufficient funds for gas * price 
[04:03:55] [HOUSE]   RPC https://base-rpc.publicno failed: Error: Failed to estimate gas: server returned an error response: error code -32000: insufficient funds for transfer

[04:03:55] [HOUSE]   Send empty (attempt 2)
[04:03:57] [HOUSE]   RPC https://base-mainnet.core failed: Error: Failed to estimate gas: server returned an error response: error code -32000: insufficient funds for transfer

[04:03:58] [HOUSE]   RPC https://base.drpc.org failed: Error: Failed to estimate gas: server returned an error response: error code -32003: insufficient funds for gas * price 
[04:04:00] [HOUSE]   RPC https://base-rpc.publicno failed: Error: Failed to estimate gas: server returned an error response: error code -32000: insufficient funds for transfer

[04:04:00] [HOUSE]   Send empty (attempt 3)
[04:04:01] [HOUSE]   UNDER FAILED
[04:05:02] [HOUSE] Skip 0xA957426b84 — lockTime passed (6s ago)
[04:08:23] [HOUSE] Seeding 0x11B0976e16...
[04:08:24] [HOUSE]   RPC https://base-mainnet.core failed: Error: Failed to estimate gas: server returned an error response: error code -32000: insufficient funds for transfer

[04:08:25] [HOUSE]   RPC https://base.drpc.org failed: Error: Failed to estimate gas: server returned an error response: error code -32003: insufficient funds for gas * price 
[04:08:26] [HOUSE]   RPC https://base-rpc.publicno failed: Error: Failed to estimate gas: server returned an error response: error code -32000: insufficient funds for transfer

[04:08:27] [HOUSE]   Send empty (attempt 1)
[04:08:29] [HOUSE]   RPC https://base-mainnet.core failed: Error: Failed to estimate gas: server returned an error response: error code -32000: insufficient funds for transfer

[04:08:30] [HOUSE]   RPC https://base.drpc.org failed: Error: Failed to estimate gas: server returned an error response: error code -32003: insufficient funds for gas * price 
[04:08:31] [HOUSE]   RPC https://base-rpc.publicno failed: Error: Failed to estimate gas: server returned an error response: error code -32000: insufficient funds for transfer

[04:08:32] [HOUSE]   Send empty (attempt 2)
[04:08:34] [HOUSE]   RPC https://base-mainnet.core failed: Error: Failed to estimate gas: server returned an error response: error code -32000: insufficient funds for transfer

[04:08:35] [HOUSE]   RPC https://base.drpc.org failed: Error: Failed to estimate gas: server returned an error response: error code -32003: insufficient funds for gas * price 
[04:08:37] [HOUSE]   RPC https://base-rpc.publicno failed: Error: Failed to estimate gas: server returned an error response: error code -32000: insufficient funds for transfer

[04:08:37] [HOUSE]   Send empty (attempt 3)
[04:08:38] [HOUSE]   UNDER FAILED
[04:09:39] [HOUSE] Seeding 0x11B0976e16...
[04:09:40] [HOUSE]   RPC https://base-mainnet.core failed: Error: Failed to estimate gas: server returned an error response: error code -32000: insufficient funds for transfer

[04:09:41] [HOUSE]   RPC https://base.drpc.org failed: Error: Failed to estimate gas: server returned an error response: error code -32003: insufficient funds for gas * price 
[04:09:43] [HOUSE]   RPC https://base-rpc.publicno failed: Error: Failed to estimate gas: server returned an error response: error code -32000: insufficient funds for transfer

[04:09:43] [HOUSE]   Send empty (attempt 1)
[04:09:45] [HOUSE]   RPC https://base-mainnet.core failed: Error: Failed to estimate gas: server returned an error response: error code -32000: insufficient funds for transfer

[04:09:46] [HOUSE]   RPC https://base.drpc.org failed: Error: Failed to estimate gas: server returned an error response: error code -32003: insufficient funds for gas * price 
[04:09:47] [HOUSE]   RPC https://base-rpc.publicno failed: Error: Failed to estimate gas: server returned an error response: error code -32000: insufficient funds for transfer

[04:09:48] [HOUSE]   Send empty (attempt 2)
[04:09:50] [HOUSE]   RPC https://base-mainnet.core failed: Error: Failed to estimate gas: server returned an error response: error code -32000: insufficient funds for transfer

[04:09:51] [HOUSE]   RPC https://base.drpc.org failed: Error: Failed to estimate gas: server returned an error response: error code -32003: insufficient funds for gas * price 
[04:09:52] [HOUSE]   RPC https://base-rpc.publicno failed: Error: Failed to estimate gas: server returned an error response: error code -32000: insufficient funds for transfer

[04:09:53] [HOUSE]   Send empty (attempt 3)
[04:09:54] [HOUSE]   UNDER FAILED
[04:10:56] [HOUSE] Skip 0x11B0976e16 — lockTime passed (5s ago)
[04:14:16] [HOUSE] Seeding 0x714140bb2A...
[04:14:18] [HOUSE]   RPC https://base-mainnet.core failed: Error: Failed to estimate gas: server returned an error response: error code -32000: insufficient funds for transfer

[04:14:18] [HOUSE]   RPC https://base.drpc.org failed: Error: Failed to estimate gas: server returned an error response: error code -32003: insufficient funds for gas * price 
[04:14:23] [HOUSE]   RPC https://base-rpc.publicno failed: Error: Failed to estimate gas: server returned an error response: error code -32000: insufficient funds for transfer

[04:14:24] [HOUSE]   Send empty (attempt 1)
[04:14:26] [HOUSE]   RPC https://base-mainnet.core failed: Error: Failed to estimate gas: server returned an error response: error code -32000: insufficient funds for transfer

[04:14:27] [HOUSE]   RPC https://base.drpc.org failed: Error: Failed to estimate gas: server returned an error response: error code -32003: insufficient funds for gas * price 
[04:14:28] [HOUSE]   RPC https://base-rpc.publicno failed: Error: Failed to estimate gas: server returned an error response: error code -32000: insufficient funds for transfer

[04:14:29] [HOUSE]   Send empty (attempt 2)
[04:14:31] [HOUSE]   RPC https://base-mainnet.core failed: Error: Failed to estimate gas: server returned an error response: error code -32000: insufficient funds for transfer

[04:14:32] [HOUSE]   RPC https://base.drpc.org failed: Error: Failed to estimate gas: server returned an error response: error code -32003: insufficient funds for gas * price 
[04:14:52] [HOUSE]   RPC https://base-rpc.publicno timeout
[04:14:52] [HOUSE]   Send empty (attempt 3)
[04:14:53] [HOUSE]   UNDER FAILED
[04:15:55] [HOUSE] Seeding 0x714140bb2A...
[04:15:57] [HOUSE]   RPC https://base-mainnet.core failed: Error: Failed to estimate gas: server returned an error response: error code -32000: insufficient funds for transfer

[04:15:57] [HOUSE]   RPC https://base.drpc.org failed: Error: Failed to estimate gas: server returned an error response: error code -32003: insufficient funds for gas * price 
[04:15:59] [HOUSE]   RPC https://base-rpc.publicno failed: Error: Failed to estimate gas: server returned an error response: error code -32000: insufficient funds for transfer

[04:16:00] [HOUSE]   Send empty (attempt 1)
[04:16:02] [HOUSE]   RPC https://base-mainnet.core failed: Error: Failed to estimate gas: server returned an error response: error code -32000: insufficient funds for transfer

[04:16:03] [HOUSE]   RPC https://base.drpc.org failed: Error: Failed to estimate gas: server returned an error response: error code -32003: insufficient funds for gas * price 
[04:16:04] [HOUSE]   RPC https://base-rpc.publicno failed: Error: Failed to estimate gas: server returned an error response: error code -32000: insufficient funds for transfer

[04:16:05] [HOUSE]   Send empty (attempt 2)
[04:16:07] [HOUSE]   RPC https://base-mainnet.core failed: Error: Failed to estimate gas: server returned an error response: error code -32000: insufficient funds for transfer

[04:16:08] [HOUSE]   RPC https://base.drpc.org failed: Error: Failed to estimate gas: server returned an error response: error code -32003: insufficient funds for gas * price 
[04:16:10] [HOUSE]   RPC https://base-rpc.publicno failed: Error: Failed to estimate gas: server returned an error response: error code -32000: insufficient funds for transfer

[04:16:10] [HOUSE]   Send empty (attempt 3)
[04:16:11] [HOUSE]   UNDER FAILED
[04:17:12] [HOUSE] Skip 0x714140bb2A — lockTime passed (28s ago)
[04:20:09] [HOUSE] Seeding 0x17D6444487...
[04:20:11] [HOUSE]   RPC https://base-mainnet.core failed: Error: Failed to estimate gas: server returned an error response: error code -32000: insufficient funds for transfer

[04:20:12] [HOUSE]   RPC https://base.drpc.org failed: Error: Failed to estimate gas: server returned an error response: error code -32003: insufficient funds for gas * price 
[04:20:13] [HOUSE]   RPC https://base-rpc.publicno failed: Error: Failed to estimate gas: server returned an error response: error code -32000: insufficient funds for transfer

[04:20:13] [HOUSE]   Send empty (attempt 1)
[04:20:16] [HOUSE]   RPC https://base-mainnet.core failed: Error: Failed to estimate gas: server returned an error response: error code -32000: insufficient funds for transfer

[04:20:17] [HOUSE]   RPC https://base.drpc.org failed: Error: Failed to estimate gas: server returned an error response: error code -32003: insufficient funds for gas * price 
[04:20:19] [HOUSE]   RPC https://base-rpc.publicno failed: Error: Failed to estimate gas: server returned an error response: error code -32000: insufficient funds for transfer

[04:20:19] [HOUSE]   Send empty (attempt 2)
[04:20:21] [HOUSE]   RPC https://base-mainnet.core failed: Error: Failed to estimate gas: server returned an error response: error code -32000: insufficient funds for transfer

[04:20:23] [HOUSE]   RPC https://base.drpc.org failed: Error: Failed to estimate gas: server returned an error response: error code -32003: insufficient funds for gas * price 
[04:20:24] [HOUSE]   RPC https://base-rpc.publicno failed: Error: Failed to estimate gas: server returned an error response: error code -32000: insufficient funds for transfer

[04:20:25] [HOUSE]   Send empty (attempt 3)
[04:20:26] [HOUSE]   UNDER FAILED
[04:21:26] [HOUSE] Seeding 0x17D6444487...
[04:21:28] [HOUSE]   RPC https://base-mainnet.core failed: Error: Failed to estimate gas: server returned an error response: error code -32000: insufficient funds for transfer

[04:21:29] [HOUSE]   RPC https://base.drpc.org failed: Error: Failed to estimate gas: server returned an error response: error code -32003: insufficient funds for gas * price 
[04:21:31] [HOUSE]   RPC https://base-rpc.publicno failed: Error: Failed to estimate gas: server returned an error response: error code -32000: insufficient funds for transfer

[04:21:31] [HOUSE]   Send empty (attempt 1)
[04:21:34] [HOUSE]   RPC https://base-mainnet.core failed: Error: Failed to estimate gas: server returned an error response: error code -32000: insufficient funds for transfer

[04:21:35] [HOUSE]   RPC https://base.drpc.org failed: Error: Failed to estimate gas: server returned an error response: error code -32003: insufficient funds for gas * price 
[04:21:38] [HOUSE]   RPC https://base-rpc.publicno failed: Error: Failed to estimate gas: server returned an error response: error code -32000: insufficient funds for transfer

[04:21:38] [HOUSE]   Send empty (attempt 2)
[04:21:41] [HOUSE]   RPC https://base-mainnet.core failed: Error: Failed to estimate gas: server returned an error response: error code -32000: insufficient funds for transfer

[04:21:41] [HOUSE]   RPC https://base.drpc.org failed: Error: Failed to estimate gas: server returned an error response: error code -32003: insufficient funds for gas * price 
[04:21:47] [HOUSE]   RPC https://base-rpc.publicno failed: Error: Failed to estimate gas: server returned an error response: error code -32000: insufficient funds for transfer

[04:21:47] [HOUSE]   Send empty (attempt 3)
[04:21:48] [HOUSE]   UNDER FAILED
[04:22:50] [HOUSE] Skip 0x17D6444487 — lockTime passed (14s ago)
[04:26:03] [HOUSE] Seeding 0x9adddF624D...
[04:26:05] [HOUSE]   RPC https://base-mainnet.core failed: Error: Failed to estimate gas: server returned an error response: error code -32000: insufficient funds for transfer

[04:26:05] [HOUSE]   RPC https://base.drpc.org failed: Error: Failed to estimate gas: server returned an error response: error code -32003: insufficient funds for gas * price 
[04:26:08] [HOUSE]   RPC https://base-rpc.publicno failed: Error: Failed to estimate gas: server returned an error response: error code -32000: insufficient funds for transfer

[04:26:08] [HOUSE]   Send empty (attempt 1)
[04:26:10] [HOUSE]   RPC https://base-mainnet.core failed: Error: Failed to estimate gas: server returned an error response: error code -32000: insufficient funds for transfer

[04:26:11] [HOUSE]   RPC https://base.drpc.org failed: Error: Failed to estimate gas: server returned an error response: error code -32003: insufficient funds for gas * price 
[04:26:13] [HOUSE]   RPC https://base-rpc.publicno failed: Error: Failed to estimate gas: server returned an error response: error code -32000: insufficient funds for transfer

[04:26:13] [HOUSE]   Send empty (attempt 2)
[04:26:16] [HOUSE]   RPC https://base-mainnet.core failed: Error: Failed to estimate gas: server returned an error response: error code -32000: insufficient funds for transfer

[04:26:16] [HOUSE]   RPC https://base.drpc.org failed: Error: Failed to estimate gas: server returned an error response: error code -32003: insufficient funds for gas * price 
[04:26:21] [HOUSE]   RPC https://base-rpc.publicno failed: Error: Failed to estimate gas: server returned an error response: error code -32000: insufficient funds for transfer

[04:26:22] [HOUSE]   Send empty (attempt 3)
[04:26:23] [HOUSE]   UNDER FAILED
[04:27:24] [HOUSE] Seeding 0x9adddF624D...
[04:27:26] [HOUSE]   RPC https://base-mainnet.core failed: Error: Failed to estimate gas: server returned an error response: error code -32000: insufficient funds for transfer

[04:27:26] [HOUSE]   RPC https://base.drpc.org failed: Error: Failed to estimate gas: server returned an error response: error code -32003: insufficient funds for gas * price 
[04:27:28] [HOUSE]   RPC https://base-rpc.publicno failed: Error: Failed to estimate gas: server returned an error response: error code -32000: insufficient funds for transfer

[04:27:28] [HOUSE]   Send empty (attempt 1)
[04:27:31] [HOUSE]   RPC https://base-mainnet.core failed: Error: Failed to estimate gas: server returned an error response: error code -32000: insufficient funds for transfer

[04:27:31] [HOUSE]   RPC https://base.drpc.org failed: Error: Failed to estimate gas: server returned an error response: error code -32003: insufficient funds for gas * price 
[04:27:33] [HOUSE]   RPC https://base-rpc.publicno failed: Error: Failed to estimate gas: server returned an error response: error code -32000: insufficient funds for transfer

[04:27:34] [HOUSE]   Send empty (attempt 2)
[04:27:36] [HOUSE]   RPC https://base-mainnet.core failed: Error: Failed to estimate gas: server returned an error response: error code -32000: insufficient funds for transfer

[04:27:37] [HOUSE]   RPC https://base.drpc.org failed: Error: Failed to estimate gas: server returned an error response: error code -32003: insufficient funds for gas * price 
[04:27:39] [HOUSE]   RPC https://base-rpc.publicno failed: Error: Failed to estimate gas: server returned an error response: error code -32000: insufficient funds for transfer

[04:27:39] [HOUSE]   Send empty (attempt 3)
[04:27:40] [HOUSE]   UNDER FAILED
[04:28:42] [HOUSE] Skip 0x9adddF624D — lockTime passed (9s ago)
[04:31:56] [HOUSE] Seeding 0x88098D8cD5...
[04:31:58] [HOUSE]   RPC https://base-mainnet.core failed: Error: Failed to estimate gas: server returned an error response: error code -32000: insufficient funds for transfer

[04:31:59] [HOUSE]   RPC https://base.drpc.org failed: Error: Failed to estimate gas: server returned an error response: error code -32003: insufficient funds for gas * price 
[04:32:00] [HOUSE]   RPC https://base-rpc.publicno failed: Error: Failed to estimate gas: server returned an error response: error code -32000: insufficient funds for transfer

[04:32:01] [HOUSE]   Send empty (attempt 1)
[04:32:03] [HOUSE]   RPC https://base-mainnet.core failed: Error: Failed to estimate gas: server returned an error response: error code -32000: insufficient funds for transfer

[04:32:04] [HOUSE]   RPC https://base.drpc.org failed: Error: Failed to estimate gas: server returned an error response: error code -32003: insufficient funds for gas * price 
[04:32:04] [HOUSE]   RPC https://base-rpc.publicno failed: Error: Failed to estimate gas: server returned an error response: error code -32000: insufficient funds for transfer

[04:32:05] [HOUSE]   Send empty (attempt 2)
[04:32:07] [HOUSE]   RPC https://base-mainnet.core failed: Error: Failed to estimate gas: server returned an error response: error code -32000: insufficient funds for transfer

[04:32:08] [HOUSE]   RPC https://base.drpc.org failed: Error: Failed to estimate gas: server returned an error response: error code -32003: insufficient funds for gas * price 
[04:32:09] [HOUSE]   RPC https://base-rpc.publicno failed: Error: Failed to estimate gas: server returned an error response: error code -32000: insufficient funds for transfer

[04:32:10] [HOUSE]   Send empty (attempt 3)
[04:32:11] [HOUSE]   UNDER FAILED
[04:33:12] [HOUSE] Seeding 0x88098D8cD5...
[04:33:13] [HOUSE]   RPC https://base-mainnet.core failed: Error: Failed to estimate gas: server returned an error response: error code -32000: insufficient funds for transfer

[04:33:15] [HOUSE]   RPC https://base.drpc.org failed: Error: Failed to estimate gas: server returned an error response: error code -32003: insufficient funds for gas * price 
[04:33:16] [HOUSE]   RPC https://base-rpc.publicno failed: Error: Failed to estimate gas: server returned an error response: error code -32000: insufficient funds for transfer

[04:33:17] [HOUSE]   Send empty (attempt 1)
[04:33:19] [HOUSE]   RPC https://base-mainnet.core failed: Error: Failed to estimate gas: server returned an error response: error code -32000: insufficient funds for transfer

[04:33:20] [HOUSE]   RPC https://base.drpc.org failed: Error: Failed to estimate gas: server returned an error response: error code -32003: insufficient funds for gas * price 
[04:33:24] [HOUSE]   RPC https://base-rpc.publicno failed: Error: Failed to estimate gas: server returned an error response: error code -32000: insufficient funds for transfer

[04:33:25] [HOUSE]   Send empty (attempt 2)
[04:33:27] [HOUSE]   RPC https://base-mainnet.core failed: Error: Failed to estimate gas: server returned an error response: error code -32000: insufficient funds for transfer

[04:33:28] [HOUSE]   RPC https://base.drpc.org failed: Error: Failed to estimate gas: server returned an error response: error code -32003: insufficient funds for gas * price 
[04:33:28] [HOUSE]   RPC https://base-rpc.publicno failed: Error: Failed to estimate gas: server returned an error response: error code -32000: insufficient funds for transfer

[04:33:29] [HOUSE]   Send empty (attempt 3)
[04:33:30] [HOUSE]   UNDER FAILED
[04:34:33] [HOUSE] Skip 0x88098D8cD5 — lockTime passed (9s ago)
[04:37:54] [HOUSE] Seeding 0xa03EAa0446...
[04:37:56] [HOUSE]   RPC https://base-mainnet.core failed: Error: Failed to estimate gas: server returned an error response: error code -32000: insufficient funds for transfer

[04:37:57] [HOUSE]   RPC https://base.drpc.org failed: Error: Failed to estimate gas: server returned an error response: error code -32003: insufficient funds for gas * price 
[04:37:59] [HOUSE]   RPC https://base-rpc.publicno failed: Error: Failed to estimate gas: server returned an error response: error code -32000: insufficient funds for transfer

[04:37:59] [HOUSE]   Send empty (attempt 1)
[04:38:02] [HOUSE]   RPC https://base-mainnet.core failed: Error: Failed to estimate gas: server returned an error response: error code -32000: insufficient funds for transfer

[04:38:03] [HOUSE]   RPC https://base.drpc.org failed: Error: Failed to estimate gas: server returned an error response: error code -32003: insufficient funds for gas * price 
[04:38:03] [HOUSE]   RPC https://base-rpc.publicno failed: Error: Failed to estimate gas: server returned an error response: error code -32000: insufficient funds for transfer

[04:38:04] [HOUSE]   Send empty (attempt 2)
[04:38:06] [HOUSE]   RPC https://base-mainnet.core failed: Error: Failed to estimate gas: server returned an error response: error code -32000: insufficient funds for transfer

[04:38:07] [HOUSE]   RPC https://base.drpc.org failed: Error: Failed to estimate gas: server returned an error response: error code -32003: insufficient funds for gas * price 
[04:38:08] [HOUSE]   RPC https://base-rpc.publicno failed: Error: Failed to estimate gas: server returned an error response: error code -32000: insufficient funds for transfer

[04:38:08] [HOUSE]   Send empty (attempt 3)
[04:38:09] [HOUSE]   UNDER FAILED
[04:39:10] [HOUSE] Seeding 0xa03EAa0446...
[04:39:12] [HOUSE]   RPC https://base-mainnet.core failed: Error: Failed to estimate gas: server returned an error response: error code -32000: insufficient funds for transfer

[04:39:12] [HOUSE]   RPC https://base.drpc.org failed: Error: Failed to estimate gas: server returned an error response: error code -32003: insufficient funds for gas * price 
[04:39:14] [HOUSE]   RPC https://base-rpc.publicno failed: Error: Failed to estimate gas: server returned an error response: error code -32000: insufficient funds for transfer

[04:39:15] [HOUSE]   Send empty (attempt 1)
[04:39:17] [HOUSE]   RPC https://base-mainnet.core failed: Error: Failed to estimate gas: server returned an error response: error code -32000: insufficient funds for transfer

[04:39:18] [HOUSE]   RPC https://base.drpc.org failed: Error: Failed to estimate gas: server returned an error response: error code -32003: insufficient funds for gas * price 
[04:39:20] [HOUSE]   RPC https://base-rpc.publicno failed: Error: Failed to estimate gas: server returned an error response: error code -32000: insufficient funds for transfer

[04:39:21] [HOUSE]   Send empty (attempt 2)
[04:39:23] [HOUSE]   RPC https://base-mainnet.core failed: Error: Failed to estimate gas: server returned an error response: error code -32000: insufficient funds for transfer

[04:39:24] [HOUSE]   RPC https://base.drpc.org failed: Error: Failed to estimate gas: server returned an error response: error code -32003: insufficient funds for gas * price 
[04:39:25] [HOUSE]   RPC https://base-rpc.publicno failed: Error: Failed to estimate gas: server returned an error response: error code -32000: insufficient funds for transfer

[04:39:26] [HOUSE]   Send empty (attempt 3)
[04:39:27] [HOUSE]   UNDER FAILED
[04:40:28] [HOUSE] Skip 0xa03EAa0446 — lockTime passed (6s ago)
[04:43:50] [HOUSE] Seeding 0x8DC975E30A...
[04:43:52] [HOUSE]   RPC https://base-mainnet.core failed: Error: Failed to estimate gas: server returned an error response: error code -32000: insufficient funds for transfer

[04:43:53] [HOUSE]   RPC https://base.drpc.org failed: Error: Failed to estimate gas: server returned an error response: error code -32003: insufficient funds for gas * price 
[04:43:56] [HOUSE]   RPC https://base-rpc.publicno failed: Error: Failed to estimate gas: server returned an error response: error code -32000: insufficient funds for transfer

[04:43:57] [HOUSE]   Send empty (attempt 1)
[04:43:59] [HOUSE]   RPC https://base-mainnet.core failed: Error: Failed to estimate gas: server returned an error response: error code -32000: insufficient funds for transfer

[04:44:00] [HOUSE]   RPC https://base.drpc.org failed: Error: Failed to estimate gas: server returned an error response: error code -32003: insufficient funds for gas * price 
[04:44:01] [HOUSE]   RPC https://base-rpc.publicno failed: Error: Failed to estimate gas: server returned an error response: error code -32000: insufficient funds for transfer

[04:44:02] [HOUSE]   Send empty (attempt 2)
[04:44:04] [HOUSE]   RPC https://base-mainnet.core failed: Error: Failed to estimate gas: server returned an error response: error code -32000: insufficient funds for transfer

[04:44:05] [HOUSE]   RPC https://base.drpc.org failed: Error: Failed to estimate gas: server returned an error response: error code -32003: insufficient funds for gas * price 
[04:44:07] [HOUSE]   RPC https://base-rpc.publicno failed: Error: Failed to estimate gas: server returned an error response: error code -32000: insufficient funds for transfer

[04:44:08] [HOUSE]   Send empty (attempt 3)
[04:44:09] [HOUSE]   UNDER FAILED
[04:45:10] [HOUSE] Seeding 0x8DC975E30A...
[04:45:11] [HOUSE]   RPC https://base-mainnet.core failed: Error: Failed to estimate gas: server returned an error response: error code -32000: insufficient funds for transfer

[04:45:12] [HOUSE]   RPC https://base.drpc.org failed: Error: Failed to estimate gas: server returned an error response: error code -32003: insufficient funds for gas * price 
[04:45:14] [HOUSE]   RPC https://base-rpc.publicno failed: Error: Failed to estimate gas: server returned an error response: error code -32000: insufficient funds for transfer

[04:45:15] [HOUSE]   Send empty (attempt 1)
[04:45:17] [HOUSE]   RPC https://base-mainnet.core failed: Error: Failed to estimate gas: server returned an error response: error code -32000: insufficient funds for transfer

[04:45:18] [HOUSE]   RPC https://base.drpc.org failed: Error: Failed to estimate gas: server returned an error response: error code -32003: insufficient funds for gas * price 
[04:45:20] [HOUSE]   RPC https://base-rpc.publicno failed: Error: Failed to estimate gas: server returned an error response: error code -32000: insufficient funds for transfer

[04:45:20] [HOUSE]   Send empty (attempt 2)
[04:45:23] [HOUSE]   RPC https://base-mainnet.core failed: Error: Failed to estimate gas: server returned an error response: error code -32000: insufficient funds for transfer

[04:45:24] [HOUSE]   RPC https://base.drpc.org failed: Error: Failed to estimate gas: server returned an error response: error code -32003: insufficient funds for gas * price 
[04:45:25] [HOUSE]   RPC https://base-rpc.publicno failed: Error: Failed to estimate gas: server returned an error response: error code -32000: insufficient funds for transfer

[04:45:25] [HOUSE]   Send empty (attempt 3)
[04:45:26] [HOUSE]   UNDER FAILED
[04:46:27] [HOUSE] Skip 0x8DC975E30A — lockTime passed (9s ago)
[04:49:45] [HOUSE] Seeding 0xB3df69245D...
[04:49:46] [HOUSE]   RPC https://base-mainnet.core failed: Error: Failed to estimate gas: server returned an error response: error code -32000: insufficient funds for transfer

[04:49:47] [HOUSE]   RPC https://base.drpc.org failed: Error: Failed to estimate gas: server returned an error response: error code -32003: insufficient funds for gas * price 
[04:49:49] [HOUSE]   RPC https://base-rpc.publicno failed: Error: Failed to estimate gas: server returned an error response: error code -32000: insufficient funds for transfer

[04:49:49] [HOUSE]   Send empty (attempt 1)
[04:49:51] [HOUSE]   RPC https://base-mainnet.core failed: Error: Failed to estimate gas: server returned an error response: error code -32000: insufficient funds for transfer

[04:49:52] [HOUSE]   RPC https://base.drpc.org failed: Error: Failed to estimate gas: server returned an error response: error code -32003: insufficient funds for gas * price 
[04:49:53] [HOUSE]   RPC https://base-rpc.publicno failed: Error: Failed to estimate gas: server returned an error response: error code -32000: insufficient funds for transfer

[04:49:54] [HOUSE]   Send empty (attempt 2)
[04:49:57] [HOUSE]   RPC https://base-mainnet.core failed: Error: Failed to estimate gas: server returned an error response: error code -32000: insufficient funds for transfer

[04:49:57] [HOUSE]   RPC https://base.drpc.org failed: Error: Failed to estimate gas: server returned an error response: error code -32003: insufficient funds for gas * price 
[04:49:58] [HOUSE]   RPC https://base-rpc.publicno failed: Error: Failed to estimate gas: server returned an error response: error code -32000: insufficient funds for transfer

[04:49:59] [HOUSE]   Send empty (attempt 3)
[04:50:00] [HOUSE]   UNDER FAILED
[04:51:01] [HOUSE] Seeding 0xB3df69245D...
[04:51:02] [HOUSE]   RPC https://base-mainnet.core failed: Error: Failed to estimate gas: server returned an error response: error code -32000: insufficient funds for transfer

[04:51:03] [HOUSE]   RPC https://base.drpc.org failed: Error: Failed to estimate gas: server returned an error response: error code -32003: insufficient funds for gas * price 
[04:51:04] [HOUSE]   RPC https://base-rpc.publicno failed: Error: Failed to estimate gas: server returned an error response: error code -32000: insufficient funds for transfer

[04:51:05] [HOUSE]   Send empty (attempt 1)
[04:51:07] [HOUSE]   RPC https://base-mainnet.core failed: Error: Failed to estimate gas: server returned an error response: error code -32000: insufficient funds for transfer

[04:51:08] [HOUSE]   RPC https://base.drpc.org failed: Error: Failed to estimate gas: server returned an error response: error code -32003: insufficient funds for gas * price 
[04:51:10] [HOUSE]   RPC https://base-rpc.publicno failed: Error: Failed to estimate gas: server returned an error response: error code -32000: insufficient funds for transfer

[04:51:10] [HOUSE]   Send empty (attempt 2)
[04:51:12] [HOUSE]   RPC https://base-mainnet.core failed: Error: Failed to estimate gas: server returned an error response: error code -32000: insufficient funds for transfer

[04:51:13] [HOUSE]   RPC https://base.drpc.org failed: Error: Failed to estimate gas: server returned an error response: error code -32003: insufficient funds for gas * price 
[04:51:15] [HOUSE]   RPC https://base-rpc.publicno failed: Error: Failed to estimate gas: server returned an error response: error code -32000: insufficient funds for transfer

[04:51:15] [HOUSE]   Send empty (attempt 3)
[04:51:16] [HOUSE]   UNDER FAILED
[04:52:17] [HOUSE] Skip 0xB3df69245D — lockTime passed (5s ago)
[04:55:42] [HOUSE] Seeding 0xc18dBc2e0C...
[04:55:43] [HOUSE]   RPC https://base-mainnet.core failed: Error: Failed to estimate gas: server returned an error response: error code -32000: insufficient funds for transfer

[04:55:45] [HOUSE]   RPC https://base.drpc.org failed: Error: Failed to estimate gas: server returned an error response: error code -32003: insufficient funds for gas * price 
[04:55:46] [HOUSE]   RPC https://base-rpc.publicno failed: Error: Failed to estimate gas: server returned an error response: error code -32000: insufficient funds for transfer

[04:55:47] [HOUSE]   Send empty (attempt 1)
[04:55:49] [HOUSE]   RPC https://base-mainnet.core failed: Error: Failed to estimate gas: server returned an error response: error code -32000: insufficient funds for transfer

[04:55:50] [HOUSE]   RPC https://base.drpc.org failed: Error: Failed to estimate gas: server returned an error response: error code -32003: insufficient funds for gas * price 
[04:55:51] [HOUSE]   RPC https://base-rpc.publicno failed: Error: Failed to estimate gas: server returned an error response: error code -32000: insufficient funds for transfer

[04:55:52] [HOUSE]   Send empty (attempt 2)
[04:55:54] [HOUSE]   RPC https://base-mainnet.core failed: Error: Failed to estimate gas: server returned an error response: error code -32000: insufficient funds for transfer

[04:55:55] [HOUSE]   RPC https://base.drpc.org failed: Error: Failed to estimate gas: server returned an error response: error code -32003: insufficient funds for gas * price 
[04:55:56] [HOUSE]   RPC https://base-rpc.publicno failed: Error: Failed to estimate gas: server returned an error response: error code -32000: insufficient funds for transfer

[04:55:57] [HOUSE]   Send empty (attempt 3)
[04:55:58] [HOUSE]   UNDER FAILED
[04:56:59] [HOUSE] Seeding 0xc18dBc2e0C...
[04:57:00] [HOUSE]   RPC https://base-mainnet.core failed: Error: Failed to estimate gas: server returned an error response: error code -32000: insufficient funds for transfer

[04:57:01] [HOUSE]   RPC https://base.drpc.org failed: Error: Failed to estimate gas: server returned an error response: error code -32003: insufficient funds for gas * price 
[04:57:02] [HOUSE]   RPC https://base-rpc.publicno failed: Error: Failed to estimate gas: server returned an error response: error code -32000: insufficient funds for transfer

[04:57:02] [HOUSE]   Send empty (attempt 1)
[04:57:05] [HOUSE]   RPC https://base-mainnet.core failed: Error: Failed to estimate gas: server returned an error response: error code -32000: insufficient funds for transfer

[04:57:06] [HOUSE]   RPC https://base.drpc.org failed: Error: Failed to estimate gas: server returned an error response: error code -32003: insufficient funds for gas * price 
[04:57:07] [HOUSE]   RPC https://base-rpc.publicno failed: Error: Failed to estimate gas: server returned an error response: error code -32000: insufficient funds for transfer

[04:57:07] [HOUSE]   Send empty (attempt 2)
[04:57:10] [HOUSE]   RPC https://base-mainnet.core failed: Error: Failed to estimate gas: server returned an error response: error code -32000: insufficient funds for transfer

[04:57:10] [HOUSE]   RPC https://base.drpc.org failed: Error: Failed to estimate gas: server returned an error response: error code -32003: insufficient funds for gas * price 
[04:57:11] [HOUSE]   RPC https://base-rpc.publicno failed: Error: Failed to estimate gas: server returned an error response: error code -32000: insufficient funds for transfer

[04:57:12] [HOUSE]   Send empty (attempt 3)
[04:57:13] [HOUSE]   UNDER FAILED
[04:58:14] [HOUSE] Skip 0xc18dBc2e0C — lockTime passed (6s ago)
[05:01:30] [HOUSE] Seeding 0x57CE5952d8...
[05:01:31] [HOUSE]   RPC https://base-mainnet.core failed: Error: Failed to estimate gas: server returned an error response: error code -32000: insufficient funds for transfer

[05:01:32] [HOUSE]   RPC https://base.drpc.org failed: Error: Failed to estimate gas: server returned an error response: error code -32003: insufficient funds for gas * price 
[05:01:33] [HOUSE]   RPC https://base-rpc.publicno failed: Error: Failed to estimate gas: server returned an error response: error code -32000: insufficient funds for transfer

[05:01:33] [HOUSE]   Send empty (attempt 1)
[05:01:35] [HOUSE]   RPC https://base-mainnet.core failed: Error: Failed to estimate gas: server returned an error response: error code -32000: insufficient funds for transfer

[05:01:36] [HOUSE]   RPC https://base.drpc.org failed: Error: Failed to estimate gas: server returned an error response: error code -32003: insufficient funds for gas * price 
[05:01:38] [HOUSE]   RPC https://base-rpc.publicno failed: Error: Failed to estimate gas: server returned an error response: error code -32000: insufficient funds for transfer

[05:01:39] [HOUSE]   Send empty (attempt 2)
[05:01:41] [HOUSE]   RPC https://base-mainnet.core failed: Error: Failed to estimate gas: server returned an error response: error code -32000: insufficient funds for transfer

[05:01:42] [HOUSE]   RPC https://base.drpc.org failed: Error: Failed to estimate gas: server returned an error response: error code -32003: insufficient funds for gas * price 
[05:01:43] [HOUSE]   RPC https://base-rpc.publicno failed: Error: Failed to estimate gas: server returned an error response: error code -32000: insufficient funds for transfer

[05:01:44] [HOUSE]   Send empty (attempt 3)
[05:01:45] [HOUSE]   UNDER FAILED
[05:02:47] [HOUSE] Seeding 0x57CE5952d8...
[05:02:48] [HOUSE]   RPC https://base-mainnet.core failed: Error: Failed to estimate gas: server returned an error response: error code -32000: insufficient funds for transfer

[05:02:49] [HOUSE]   RPC https://base.drpc.org failed: Error: Failed to estimate gas: server returned an error response: error code -32003: insufficient funds for gas * price 
[05:02:50] [HOUSE]   RPC https://base-rpc.publicno failed: Error: Failed to estimate gas: server returned an error response: error code -32000: insufficient funds for transfer

[05:02:51] [HOUSE]   Send empty (attempt 1)
[05:02:53] [HOUSE]   RPC https://base-mainnet.core failed: Error: Failed to estimate gas: server returned an error response: error code -32000: insufficient funds for transfer

[05:02:54] [HOUSE]   RPC https://base.drpc.org failed: Error: Failed to estimate gas: server returned an error response: error code -32003: insufficient funds for gas * price 
[05:02:56] [HOUSE]   RPC https://base-rpc.publicno failed: Error: Failed to estimate gas: server returned an error response: error code -32000: insufficient funds for transfer

[05:02:56] [HOUSE]   Send empty (attempt 2)
[05:02:58] [HOUSE]   RPC https://base-mainnet.core failed: Error: Failed to estimate gas: server returned an error response: error code -32000: insufficient funds for transfer

[05:03:00] [HOUSE]   RPC https://base.drpc.org failed: Error: Failed to estimate gas: server returned an error response: error code -32003: insufficient funds for gas * price 
[05:03:01] [HOUSE]   RPC https://base-rpc.publicno failed: Error: Failed to estimate gas: server returned an error response: error code -32000: insufficient funds for transfer

[05:03:01] [HOUSE]   Send empty (attempt 3)
[05:03:02] [HOUSE]   UNDER FAILED
[05:04:04] [HOUSE] Skip 0x57CE5952d8 — lockTime passed (5s ago)
[05:07:29] [HOUSE] Seeding 0xd4A8c4Ef0c...
[05:07:30] [HOUSE]   RPC https://base-mainnet.core failed: Error: Failed to estimate gas: server returned an error response: error code -32000: insufficient funds for transfer

[05:07:32] [HOUSE]   RPC https://base.drpc.org failed: Error: Failed to estimate gas: server returned an error response: error code -32003: insufficient funds for gas * price 
[05:07:34] [HOUSE]   RPC https://base-rpc.publicno failed: Error: Failed to estimate gas: server returned an error response: error code -32000: insufficient funds for transfer

[05:07:34] [HOUSE]   Send empty (attempt 1)
[05:07:37] [HOUSE]   RPC https://base-mainnet.core failed: Error: Failed to estimate gas: server returned an error response: error code -32000: insufficient funds for transfer

[05:07:37] [HOUSE]   RPC https://base.drpc.org failed: Error: Failed to estimate gas: server returned an error response: error code -32003: insufficient funds for gas * price 
[05:07:39] [HOUSE]   RPC https://base-rpc.publicno failed: Error: Failed to estimate gas: server returned an error response: error code -32000: insufficient funds for transfer

[05:07:40] [HOUSE]   Send empty (attempt 2)
[05:07:42] [HOUSE]   RPC https://base-mainnet.core failed: Error: Failed to estimate gas: server returned an error response: error code -32000: insufficient funds for transfer

[05:07:43] [HOUSE]   RPC https://base.drpc.org failed: Error: Failed to estimate gas: server returned an error response: error code -32003: insufficient funds for gas * price 
[05:07:44] [HOUSE]   RPC https://base-rpc.publicno failed: Error: Failed to estimate gas: server returned an error response: error code -32000: insufficient funds for transfer

[05:07:45] [HOUSE]   Send empty (attempt 3)
[05:07:46] [HOUSE]   UNDER FAILED
[05:08:48] [HOUSE] Seeding 0xd4A8c4Ef0c...
[05:08:49] [HOUSE]   RPC https://base-mainnet.core failed: Error: Failed to estimate gas: server returned an error response: error code -32000: insufficient funds for transfer

[05:08:50] [HOUSE]   RPC https://base.drpc.org failed: Error: Failed to estimate gas: server returned an error response: error code -32003: insufficient funds for gas * price 
[05:08:51] [HOUSE]   RPC https://base-rpc.publicno failed: Error: Failed to estimate gas: server returned an error response: error code -32000: insufficient funds for transfer

[05:08:52] [HOUSE]   Send empty (attempt 1)
[05:08:54] [HOUSE]   RPC https://base-mainnet.core failed: Error: Failed to estimate gas: server returned an error response: error code -32000: insufficient funds for transfer

[05:08:55] [HOUSE]   RPC https://base.drpc.org failed: Error: Failed to estimate gas: server returned an error response: error code -32003: insufficient funds for gas * price 
[05:08:57] [HOUSE]   RPC https://base-rpc.publicno failed: Error: Failed to estimate gas: server returned an error response: error code -32000: insufficient funds for transfer

[05:08:57] [HOUSE]   Send empty (attempt 2)
[05:08:59] [HOUSE]   RPC https://base-mainnet.core failed: Error: Failed to estimate gas: server returned an error response: error code -32000: insufficient funds for transfer

[05:09:00] [HOUSE]   RPC https://base.drpc.org failed: Error: Failed to estimate gas: server returned an error response: error code -32003: insufficient funds for gas * price 
[05:09:01] [HOUSE]   RPC https://base-rpc.publicno failed: Error: Failed to estimate gas: server returned an error response: error code -32000: insufficient funds for transfer

[05:09:02] [HOUSE]   Send empty (attempt 3)
[05:09:03] [HOUSE]   UNDER FAILED
[05:10:04] [HOUSE] Skip 0xd4A8c4Ef0c — lockTime passed (8s ago)
[05:13:29] [HOUSE] Seeding 0x401A4DAf4D...
[05:13:30] [HOUSE]   RPC https://base-mainnet.core failed: Error: Failed to estimate gas: server returned an error response: error code -32000: insufficient funds for transfer

[05:13:31] [HOUSE]   RPC https://base.drpc.org failed: Error: Failed to estimate gas: server returned an error response: error code -32003: insufficient funds for gas * price 
[05:13:33] [HOUSE]   RPC https://base-rpc.publicno failed: Error: Failed to estimate gas: server returned an error response: error code -32000: insufficient funds for transfer

[05:13:34] [HOUSE]   Send empty (attempt 1)
[05:13:36] [HOUSE]   RPC https://base-mainnet.core failed: Error: Failed to estimate gas: server returned an error response: error code -32000: insufficient funds for transfer

[05:13:37] [HOUSE]   RPC https://base.drpc.org failed: Error: Failed to estimate gas: server returned an error response: error code -32003: insufficient funds for gas * price 
[05:13:37] [HOUSE]   RPC https://base-rpc.publicno failed: Error: Failed to estimate gas: server returned an error response: error code -32000: insufficient funds for transfer

[05:13:38] [HOUSE]   Send empty (attempt 2)
[05:13:40] [HOUSE]   RPC https://base-mainnet.core failed: Error: Failed to estimate gas: server returned an error response: error code -32000: insufficient funds for transfer

[05:13:41] [HOUSE]   RPC https://base.drpc.org failed: Error: Failed to estimate gas: server returned an error response: error code -32003: insufficient funds for gas * price 
[05:13:44] [HOUSE]   RPC https://base-rpc.publicno failed: Error: Failed to estimate gas: server returned an error response: error code -32000: insufficient funds for transfer

[05:13:45] [HOUSE]   Send empty (attempt 3)
[05:13:46] [HOUSE]   UNDER FAILED
[05:14:48] [HOUSE] Seeding 0x401A4DAf4D...
[05:14:49] [HOUSE]   RPC https://base-mainnet.core failed: Error: Failed to estimate gas: server returned an error response: error code -32000: insufficient funds for transfer

[05:14:50] [HOUSE]   RPC https://base.drpc.org failed: Error: Failed to estimate gas: server returned an error response: error code -32003: insufficient funds for gas * price 
[05:14:52] [HOUSE]   RPC https://base-rpc.publicno failed: Error: Failed to estimate gas: server returned an error response: error code -32000: insufficient funds for transfer

[05:14:53] [HOUSE]   Send empty (attempt 1)
[05:14:55] [HOUSE]   RPC https://base-mainnet.core failed: Error: Failed to estimate gas: server returned an error response: error code -32000: insufficient funds for transfer

[05:14:56] [HOUSE]   RPC https://base.drpc.org failed: Error: Failed to estimate gas: server returned an error response: error code -32003: insufficient funds for gas * price 
[05:14:58] [HOUSE]   RPC https://base-rpc.publicno failed: Error: Failed to estimate gas: server returned an error response: error code -32000: insufficient funds for transfer

[05:14:58] [HOUSE]   Send empty (attempt 2)
[05:15:00] [HOUSE]   RPC https://base-mainnet.core failed: Error: Failed to estimate gas: server returned an error response: error code -32000: insufficient funds for transfer

[05:15:01] [HOUSE]   RPC https://base.drpc.org failed: Error: Failed to estimate gas: server returned an error response: error code -32003: insufficient funds for gas * price 
[05:15:03] [HOUSE]   RPC https://base-rpc.publicno failed: Error: Failed to estimate gas: server returned an error response: error code -32000: insufficient funds for transfer

[05:15:03] [HOUSE]   Send empty (attempt 3)
[05:15:04] [HOUSE]   UNDER FAILED
[05:16:05] [HOUSE] Skip 0x401A4DAf4D — lockTime passed (11s ago)
[05:19:25] [HOUSE] Seeding 0x889495B21E...
[05:19:27] [HOUSE]   RPC https://base-mainnet.core failed: Error: Failed to estimate gas: server returned an error response: error code -32000: insufficient funds for transfer

[05:19:27] [HOUSE]   RPC https://base.drpc.org failed: Error: Failed to estimate gas: server returned an error response: error code -32003: insufficient funds for gas * price 
[05:19:29] [HOUSE]   RPC https://base-rpc.publicno failed: Error: Failed to estimate gas: server returned an error response: error code -32000: insufficient funds for transfer

[05:19:29] [HOUSE]   Send empty (attempt 1)
[05:19:31] [HOUSE]   RPC https://base-mainnet.core failed: Error: Failed to estimate gas: server returned an error response: error code -32000: insufficient funds for transfer

[05:19:33] [HOUSE]   RPC https://base.drpc.org failed: Error: Failed to estimate gas: server returned an error response: error code -32003: insufficient funds for gas * price 
[05:19:34] [HOUSE]   RPC https://base-rpc.publicno failed: Error: Failed to estimate gas: server returned an error response: error code -32000: insufficient funds for transfer

[05:19:35] [HOUSE]   Send empty (attempt 2)
[05:19:37] [HOUSE]   RPC https://base-mainnet.core failed: Error: Failed to estimate gas: server returned an error response: error code -32000: insufficient funds for transfer

[05:19:38] [HOUSE]   RPC https://base.drpc.org failed: Error: Failed to estimate gas: server returned an error response: error code -32003: insufficient funds for gas * price 
[05:19:42] [HOUSE]   RPC https://base-rpc.publicno failed: Error: Failed to estimate gas: server returned an error response: error code -32000: insufficient funds for transfer

[05:19:43] [HOUSE]   Send empty (attempt 3)
[05:19:44] [HOUSE]   UNDER FAILED
[05:20:46] [HOUSE] Seeding 0x889495B21E...
[05:20:47] [HOUSE]   RPC https://base-mainnet.core failed: Error: Failed to estimate gas: server returned an error response: error code -32000: insufficient funds for transfer

[05:20:49] [HOUSE]   RPC https://base.drpc.org failed: Error: Failed to estimate gas: HTTP error 500 with body: {"id":3,"jsonrpc":"2.0","error":{"message":"Temporary internal 
[05:20:51] [HOUSE]   RPC https://base-rpc.publicno failed: Error: Failed to estimate gas: server returned an error response: error code -32000: insufficient funds for transfer

[05:20:51] [HOUSE]   Send empty (attempt 1)
[05:20:53] [HOUSE]   RPC https://base-mainnet.core failed: Error: Failed to estimate gas: server returned an error response: error code -32000: insufficient funds for transfer

[05:20:55] [HOUSE]   RPC https://base.drpc.org failed: Error: Failed to estimate gas: HTTP error 500 with body: {"id":3,"jsonrpc":"2.0","error":{"message":"Temporary internal 
[05:20:56] [HOUSE]   RPC https://base-rpc.publicno failed: Error: Failed to estimate gas: server returned an error response: error code -32000: insufficient funds for transfer

[05:20:57] [HOUSE]   Send empty (attempt 2)
[05:20:59] [HOUSE]   RPC https://base-mainnet.core failed: Error: Failed to estimate gas: server returned an error response: error code -32000: insufficient funds for transfer

[05:21:00] [HOUSE]   RPC https://base.drpc.org failed: Error: Failed to estimate gas: server returned an error response: error code -32003: insufficient funds for gas * price 
[05:21:03] [HOUSE]   RPC https://base-rpc.publicno failed: Error: Failed to estimate gas: server returned an error response: error code -32000: insufficient funds for transfer

[05:21:04] [HOUSE]   Send empty (attempt 3)
[05:21:05] [HOUSE]   UNDER FAILED
[05:22:07] [HOUSE] Skip 0x889495B21E — lockTime passed (18s ago)
[05:25:13] [HOUSE] Seeding 0xD5Ff22ae65...
[05:25:14] [HOUSE]   RPC https://base-mainnet.core failed: Error: Failed to estimate gas: server returned an error response: error code -32000: insufficient funds for transfer

[05:25:15] [HOUSE]   RPC https://base.drpc.org failed: Error: Failed to estimate gas: server returned an error response: error code -32003: insufficient funds for gas * price 
[05:25:20] [HOUSE]   RPC https://base-rpc.publicno failed: Error: Failed to estimate gas: server returned an error response: error code -32000: insufficient funds for transfer

[05:25:20] [HOUSE]   Send empty (attempt 1)
[05:25:22] [HOUSE]   RPC https://base-mainnet.core failed: Error: Failed to estimate gas: server returned an error response: error code -32000: insufficient funds for transfer

[05:25:23] [HOUSE]   RPC https://base.drpc.org failed: Error: Failed to estimate gas: server returned an error response: error code -32003: insufficient funds for gas * price 
[05:25:26] [HOUSE]   RPC https://base-rpc.publicno failed: Error: Failed to estimate gas: server returned an error response: error code -32000: insufficient funds for transfer

[05:25:26] [HOUSE]   Send empty (attempt 2)
[05:25:28] [HOUSE]   RPC https://base-mainnet.core failed: Error: Failed to estimate gas: server returned an error response: error code -32000: insufficient funds for transfer

[05:25:29] [HOUSE]   RPC https://base.drpc.org failed: Error: Failed to estimate gas: server returned an error response: error code -32003: insufficient funds for gas * price 
[05:25:30] [HOUSE]   RPC https://base-rpc.publicno failed: Error: Failed to estimate gas: server returned an error response: error code -32000: insufficient funds for transfer

[05:25:31] [HOUSE]   Send empty (attempt 3)
[05:25:32] [HOUSE]   UNDER FAILED
[05:26:34] [HOUSE] Seeding 0xD5Ff22ae65...
[05:26:35] [HOUSE]   RPC https://base-mainnet.core failed: Error: Failed to estimate gas: server returned an error response: error code -32000: insufficient funds for transfer

[05:26:36] [HOUSE]   RPC https://base.drpc.org failed: Error: Failed to estimate gas: server returned an error response: error code -32003: insufficient funds for gas * price 
[05:26:37] [HOUSE]   RPC https://base-rpc.publicno failed: Error: Failed to estimate gas: server returned an error response: error code -32000: insufficient funds for transfer

[05:26:38] [HOUSE]   Send empty (attempt 1)
[05:26:40] [HOUSE]   RPC https://base-mainnet.core failed: Error: Failed to estimate gas: server returned an error response: error code -32000: insufficient funds for transfer

[05:26:41] [HOUSE]   RPC https://base.drpc.org failed: Error: Failed to estimate gas: server returned an error response: error code -32003: insufficient funds for gas * price 
[05:26:49] [HOUSE]   RPC https://base-rpc.publicno failed: Error: Failed to estimate gas: server returned an error response: error code -32000: insufficient funds for transfer

[05:26:50] [HOUSE]   Send empty (attempt 2)
[05:26:52] [HOUSE]   RPC https://base-mainnet.core failed: Error: Failed to estimate gas: server returned an error response: error code -32000: insufficient funds for transfer

[05:26:53] [HOUSE]   RPC https://base.drpc.org failed: Error: Failed to estimate gas: server returned an error response: error code -32003: insufficient funds for gas * price 
[05:26:56] [HOUSE]   RPC https://base-rpc.publicno failed: Error: Failed to estimate gas: server returned an error response: error code -32000: insufficient funds for transfer

[05:26:57] [HOUSE]   Send empty (attempt 3)
[05:26:58] [HOUSE]   UNDER FAILED
[05:27:59] [HOUSE] Skip 0xD5Ff22ae65 — lockTime passed (18s ago)
[05:31:05] [HOUSE] Seeding 0xBe45dBD4bE...
[05:31:06] [HOUSE]   RPC https://base-mainnet.core failed: Error: Failed to estimate gas: server returned an error response: error code -32000: insufficient funds for transfer

[05:31:07] [HOUSE]   RPC https://base.drpc.org failed: Error: Failed to estimate gas: server returned an error response: error code -32003: insufficient funds for gas * price 
[05:31:08] [HOUSE]   RPC https://base-rpc.publicno failed: Error: Failed to estimate gas: server returned an error response: error code -32000: insufficient funds for transfer

[05:31:09] [HOUSE]   Send empty (attempt 1)
[05:31:11] [HOUSE]   RPC https://base-mainnet.core failed: Error: Failed to estimate gas: server returned an error response: error code -32000: insufficient funds for transfer

[05:31:13] [HOUSE]   RPC https://base.drpc.org failed: Error: Failed to estimate gas: server returned an error response: error code -32003: insufficient funds for gas * price 
[05:31:14] [HOUSE]   RPC https://base-rpc.publicno failed: Error: Failed to estimate gas: server returned an error response: error code -32000: insufficient funds for transfer

[05:31:15] [HOUSE]   Send empty (attempt 2)
[05:31:17] [HOUSE]   RPC https://base-mainnet.core failed: Error: Failed to estimate gas: server returned an error response: error code -32000: insufficient funds for transfer

[05:31:18] [HOUSE]   RPC https://base.drpc.org failed: Error: Failed to estimate gas: server returned an error response: error code -32003: insufficient funds for gas * price 
[05:31:20] [HOUSE]   RPC https://base-rpc.publicno failed: Error: Failed to estimate gas: server returned an error response: error code -32000: insufficient funds for transfer

[05:31:21] [HOUSE]   Send empty (attempt 3)
[05:31:22] [HOUSE]   UNDER FAILED
[05:32:25] [HOUSE] Seeding 0xBe45dBD4bE...
[05:32:26] [HOUSE]   RPC https://base-mainnet.core failed: Error: Failed to estimate gas: server returned an error response: error code -32000: insufficient funds for transfer

[05:32:27] [HOUSE]   RPC https://base.drpc.org failed: Error: Failed to estimate gas: server returned an error response: error code -32003: insufficient funds for gas * price 
[05:32:30] [HOUSE]   RPC https://base-rpc.publicno failed: Error: Failed to estimate gas: server returned an error response: error code -32000: insufficient funds for transfer

[05:32:30] [HOUSE]   Send empty (attempt 1)
[05:32:33] [HOUSE]   RPC https://base-mainnet.core failed: Error: Failed to estimate gas: server returned an error response: error code -32000: insufficient funds for transfer

[05:32:34] [HOUSE]   RPC https://base.drpc.org failed: Error: Failed to estimate gas: server returned an error response: error code -32003: insufficient funds for gas * price 
[05:32:35] [HOUSE]   RPC https://base-rpc.publicno failed: Error: Failed to estimate gas: server returned an error response: error code -32000: insufficient funds for transfer

[05:32:35] [HOUSE]   Send empty (attempt 2)
[05:32:37] [HOUSE]   RPC https://base-mainnet.core failed: Error: Failed to estimate gas: server returned an error response: error code -32000: insufficient funds for transfer

[05:32:38] [HOUSE]   RPC https://base.drpc.org failed: Error: Failed to estimate gas: server returned an error response: error code -32003: insufficient funds for gas * price 
[05:32:39] [HOUSE]   RPC https://base-rpc.publicno failed: Error: Failed to estimate gas: server returned an error response: error code -32000: insufficient funds for transfer

[05:32:40] [HOUSE]   Send empty (attempt 3)
[05:32:41] [HOUSE]   UNDER FAILED
[05:33:42] [HOUSE] Skip 0xBe45dBD4bE — lockTime passed (9s ago)
[05:37:01] [HOUSE] Seeding 0x0b266d941c...
[05:37:02] [HOUSE]   RPC https://base-mainnet.core failed: Error: Failed to estimate gas: server returned an error response: error code -32000: insufficient funds for transfer

[05:37:03] [HOUSE]   RPC https://base.drpc.org failed: Error: Failed to estimate gas: server returned an error response: error code -32003: insufficient funds for gas * price 
[05:37:05] [HOUSE]   RPC https://base-rpc.publicno failed: Error: Failed to estimate gas: server returned an error response: error code -32000: insufficient funds for transfer

[05:37:05] [HOUSE]   Send empty (attempt 1)
[05:37:07] [HOUSE]   RPC https://base-mainnet.core failed: Error: Failed to estimate gas: server returned an error response: error code -32000: insufficient funds for transfer

[05:37:08] [HOUSE]   RPC https://base.drpc.org failed: Error: Failed to estimate gas: server returned an error response: error code -32003: insufficient funds for gas * price 
[05:37:10] [HOUSE]   RPC https://base-rpc.publicno failed: Error: Failed to estimate gas: server returned an error response: error code -32000: insufficient funds for transfer

[05:37:11] [HOUSE]   Send empty (attempt 2)
[05:37:13] [HOUSE]   RPC https://base-mainnet.core failed: Error: Failed to estimate gas: server returned an error response: error code -32000: insufficient funds for transfer

[05:37:14] [HOUSE]   RPC https://base.drpc.org failed: Error: Failed to estimate gas: server returned an error response: error code -32003: insufficient funds for gas * price 
[05:37:15] [HOUSE]   RPC https://base-rpc.publicno failed: Error: Failed to estimate gas: server returned an error response: error code -32000: insufficient funds for transfer

[05:37:16] [HOUSE]   Send empty (attempt 3)
[05:37:17] [HOUSE]   UNDER FAILED
[05:38:17] [HOUSE] Seeding 0x0b266d941c...
[05:38:19] [HOUSE]   RPC https://base-mainnet.core failed: Error: Failed to estimate gas: server returned an error response: error code -32000: insufficient funds for transfer

[05:38:19] [HOUSE]   RPC https://base.drpc.org failed: Error: Failed to estimate gas: server returned an error response: error code -32003: insufficient funds for gas * price 
[05:38:21] [HOUSE]   RPC https://base-rpc.publicno failed: Error: Failed to estimate gas: server returned an error response: error code -32000: insufficient funds for transfer

[05:38:21] [HOUSE]   Send empty (attempt 1)
[05:38:24] [HOUSE]   RPC https://base-mainnet.core failed: Error: Failed to estimate gas: server returned an error response: error code -32000: insufficient funds for transfer

[05:38:25] [HOUSE]   RPC https://base.drpc.org failed: Error: Failed to estimate gas: server returned an error response: error code -32003: insufficient funds for gas * price 
[05:38:26] [HOUSE]   RPC https://base-rpc.publicno failed: Error: Failed to estimate gas: server returned an error response: error code -32000: insufficient funds for transfer

[05:38:26] [HOUSE]   Send empty (attempt 2)
[05:38:29] [HOUSE]   RPC https://base-mainnet.core failed: Error: Failed to estimate gas: server returned an error response: error code -32000: insufficient funds for transfer

[05:38:30] [HOUSE]   RPC https://base.drpc.org failed: Error: Failed to estimate gas: server returned an error response: error code -32003: insufficient funds for gas * price 
[05:38:31] [HOUSE]   RPC https://base-rpc.publicno failed: Error: Failed to estimate gas: server returned an error response: error code -32000: insufficient funds for transfer

[05:38:32] [HOUSE]   Send empty (attempt 3)
[05:38:33] [HOUSE]   UNDER FAILED
[05:39:35] [HOUSE] Skip 0x0b266d941c — lockTime passed (6s ago)
[05:42:52] [HOUSE] Seeding 0x157a865638...
[05:42:53] [HOUSE]   RPC https://base-mainnet.core failed: Error: Failed to estimate gas: server returned an error response: error code -32000: insufficient funds for transfer

[05:42:54] [HOUSE]   RPC https://base.drpc.org failed: Error: Failed to estimate gas: server returned an error response: error code -32003: insufficient funds for gas * price 
[05:42:58] [HOUSE]   RPC https://base-rpc.publicno failed: Error: Failed to estimate gas: server returned an error response: error code -32000: insufficient funds for transfer

[05:42:58] [HOUSE]   Send empty (attempt 1)
[05:43:00] [HOUSE]   RPC https://base-mainnet.core failed: Error: Failed to estimate gas: server returned an error response: error code -32000: insufficient funds for transfer

[05:43:01] [HOUSE]   RPC https://base.drpc.org failed: Error: Failed to estimate gas: server returned an error response: error code -32003: insufficient funds for gas * price 
[05:43:02] [HOUSE]   RPC https://base-rpc.publicno failed: Error: Failed to estimate gas: server returned an error response: error code -32000: insufficient funds for transfer

[05:43:03] [HOUSE]   Send empty (attempt 2)
[05:43:05] [HOUSE]   RPC https://base-mainnet.core failed: Error: Failed to estimate gas: server returned an error response: error code -32000: insufficient funds for transfer

[05:43:06] [HOUSE]   RPC https://base.drpc.org failed: Error: Failed to estimate gas: server returned an error response: error code -32003: insufficient funds for gas * price 
[05:43:07] [HOUSE]   RPC https://base-rpc.publicno failed: Error: Failed to estimate gas: server returned an error response: error code -32000: insufficient funds for transfer

[05:43:07] [HOUSE]   Send empty (attempt 3)
[05:43:08] [HOUSE]   UNDER FAILED
[05:44:11] [HOUSE] Seeding 0x157a865638...
[05:44:12] [HOUSE]   RPC https://base-mainnet.core failed: Error: Failed to estimate gas: server returned an error response: error code -32000: insufficient funds for transfer

[05:44:13] [HOUSE]   RPC https://base.drpc.org failed: Error: Failed to estimate gas: server returned an error response: error code -32003: insufficient funds for gas * price 
[05:44:18] [HOUSE]   RPC https://base-rpc.publicno failed: Error: Failed to estimate gas: server returned an error response: error code -32000: insufficient funds for transfer

[05:44:19] [HOUSE]   Send empty (attempt 1)
[05:44:21] [HOUSE]   RPC https://base-mainnet.core failed: Error: Failed to estimate gas: server returned an error response: error code -32000: insufficient funds for transfer

[05:44:22] [HOUSE]   RPC https://base.drpc.org failed: Error: Failed to estimate gas: server returned an error response: error code -32003: insufficient funds for gas * price 
[05:44:23] [HOUSE]   RPC https://base-rpc.publicno failed: Error: Failed to estimate gas: server returned an error response: error code -32000: insufficient funds for transfer

[05:44:24] [HOUSE]   Send empty (attempt 2)
[05:44:27] [HOUSE]   RPC https://base-mainnet.core failed: Error: Failed to estimate gas: server returned an error response: error code -32000: insufficient funds for transfer

[05:44:27] [HOUSE]   RPC https://base.drpc.org failed: Error: Failed to estimate gas: server returned an error response: error code -32003: insufficient funds for gas * price 
[05:44:29] [HOUSE]   RPC https://base-rpc.publicno failed: Error: Failed to estimate gas: server returned an error response: error code -32000: insufficient funds for transfer

[05:44:30] [HOUSE]   Send empty (attempt 3)
[05:44:31] [HOUSE]   UNDER FAILED
[05:45:32] [HOUSE] Skip 0x157a865638 — lockTime passed (11s ago)
[05:49:44] [HOUSE] Seeding 0xB05e2c0B6C...
[05:49:45] [HOUSE]   RPC https://base-mainnet.core failed: Error: Failed to estimate gas: server returned an error response: error code -32000: insufficient funds for transfer

[05:49:46] [HOUSE]   RPC https://base.drpc.org failed: Error: Failed to estimate gas: server returned an error response: error code -32003: insufficient funds for gas * price 
[05:49:47] [HOUSE]   RPC https://base-rpc.publicno failed: Error: Failed to estimate gas: server returned an error response: error code -32000: insufficient funds for transfer

[05:49:48] [HOUSE]   Send empty (attempt 1)
[05:49:50] [HOUSE]   RPC https://base-mainnet.core failed: Error: Failed to estimate gas: server returned an error response: error code -32000: insufficient funds for transfer

[05:49:51] [HOUSE]   RPC https://base.drpc.org failed: Error: Failed to estimate gas: server returned an error response: error code -32003: insufficient funds for gas * price 
[05:49:54] [HOUSE]   RPC https://base-rpc.publicno failed: Error: Failed to estimate gas: server returned an error response: error code -32000: insufficient funds for transfer

[05:49:54] [HOUSE]   Send empty (attempt 2)
[05:49:56] [HOUSE]   RPC https://base-mainnet.core failed: Error: Failed to estimate gas: server returned an error response: error code -32000: insufficient funds for transfer

[05:49:57] [HOUSE]   RPC https://base.drpc.org failed: Error: Failed to estimate gas: server returned an error response: error code -32003: insufficient funds for gas * price 
[05:49:59] [HOUSE]   RPC https://base-rpc.publicno failed: Error: Failed to estimate gas: server returned an error response: error code -32000: insufficient funds for transfer

[05:49:59] [HOUSE]   Send empty (attempt 3)
[05:50:00] [HOUSE]   UNDER FAILED
[05:51:03] [HOUSE] Seeding 0xB05e2c0B6C...
[05:51:04] [HOUSE]   RPC https://base-mainnet.core failed: Error: Failed to estimate gas: server returned an error response: error code -32000: insufficient funds for transfer

[05:51:05] [HOUSE]   RPC https://base.drpc.org failed: Error: Failed to estimate gas: server returned an error response: error code -32003: insufficient funds for gas * price 
[05:51:08] [HOUSE]   RPC https://base-rpc.publicno failed: Error: Failed to estimate gas: server returned an error response: error code -32000: insufficient funds for transfer

[05:51:08] [HOUSE]   Send empty (attempt 1)
[05:51:11] [HOUSE]   RPC https://base-mainnet.core failed: Error: Failed to estimate gas: server returned an error response: error code -32000: insufficient funds for transfer

[05:51:12] [HOUSE]   RPC https://base.drpc.org failed: Error: Failed to estimate gas: server returned an error response: error code -32003: insufficient funds for gas * price 
[05:51:14] [HOUSE]   RPC https://base-rpc.publicno failed: Error: Failed to estimate gas: server returned an error response: error code -32000: insufficient funds for transfer

[05:51:15] [HOUSE]   Send empty (attempt 2)
[05:51:17] [HOUSE]   RPC https://base-mainnet.core failed: Error: Failed to estimate gas: server returned an error response: error code -32000: insufficient funds for transfer

[05:51:18] [HOUSE]   RPC https://base.drpc.org failed: Error: Failed to estimate gas: server returned an error response: error code -32003: insufficient funds for gas * price 
[05:51:19] [HOUSE]   RPC https://base-rpc.publicno failed: Error: Failed to estimate gas: server returned an error response: error code -32000: insufficient funds for transfer

[05:51:19] [HOUSE]   Send empty (attempt 3)
[05:51:20] [HOUSE]   UNDER FAILED
[05:52:23] [HOUSE] Skip 0xB05e2c0B6C — lockTime passed (10s ago)
[05:55:41] [HOUSE] Seeding 0x33055a1c56...
[05:55:42] [HOUSE]   RPC https://base-mainnet.core failed: Error: Failed to estimate gas: server returned an error response: error code -32000: insufficient funds for transfer

[05:55:43] [HOUSE]   RPC https://base.drpc.org failed: Error: Failed to estimate gas: server returned an error response: error code -32003: insufficient funds for gas * price 
[05:55:44] [HOUSE]   RPC https://base-rpc.publicno failed: Error: Failed to estimate gas: server returned an error response: error code -32000: insufficient funds for transfer

[05:55:45] [HOUSE]   Send empty (attempt 1)
[05:55:47] [HOUSE]   RPC https://base-mainnet.core failed: Error: Failed to estimate gas: server returned an error response: error code -32000: insufficient funds for transfer

[05:55:48] [HOUSE]   RPC https://base.drpc.org failed: Error: Failed to estimate gas: server returned an error response: error code -32003: insufficient funds for gas * price 
[05:55:50] [HOUSE]   RPC https://base-rpc.publicno failed: Error: Failed to estimate gas: server returned an error response: error code -32000: insufficient funds for transfer

[05:55:51] [HOUSE]   Send empty (attempt 2)
[05:55:53] [HOUSE]   RPC https://base-mainnet.core failed: Error: Failed to estimate gas: server returned an error response: error code -32000: insufficient funds for transfer

[05:55:54] [HOUSE]   RPC https://base.drpc.org failed: Error: Failed to estimate gas: server returned an error response: error code -32003: insufficient funds for gas * price 
[05:55:55] [HOUSE]   RPC https://base-rpc.publicno failed: Error: Failed to estimate gas: server returned an error response: error code -32000: insufficient funds for transfer

[05:55:56] [HOUSE]   Send empty (attempt 3)
[05:55:57] [HOUSE]   UNDER FAILED
[05:56:58] [HOUSE] Seeding 0x33055a1c56...
[05:56:59] [HOUSE]   RPC https://base-mainnet.core failed: Error: Failed to estimate gas: server returned an error response: error code -32000: insufficient funds for transfer

[05:57:00] [HOUSE]   RPC https://base.drpc.org failed: Error: Failed to estimate gas: server returned an error response: error code -32003: insufficient funds for gas * price 
[05:57:02] [HOUSE]   RPC https://base-rpc.publicno failed: Error: Failed to estimate gas: server returned an error response: error code -32000: insufficient funds for transfer

[05:57:02] [HOUSE]   Send empty (attempt 1)
[05:57:04] [HOUSE]   RPC https://base-mainnet.core failed: Error: Failed to estimate gas: server returned an error response: error code -32000: insufficient funds for transfer

[05:57:05] [HOUSE]   RPC https://base.drpc.org failed: Error: Failed to estimate gas: server returned an error response: error code -32003: insufficient funds for gas * price 
[05:57:06] [HOUSE]   RPC https://base-rpc.publicno failed: Error: Failed to estimate gas: server returned an error response: error code -32000: insufficient funds for transfer

[05:57:06] [HOUSE]   Send empty (attempt 2)
[05:57:09] [HOUSE]   RPC https://base-mainnet.core failed: Error: Failed to estimate gas: server returned an error response: error code -32000: insufficient funds for transfer

[05:57:10] [HOUSE]   RPC https://base.drpc.org failed: Error: Failed to estimate gas: server returned an error response: error code -32003: insufficient funds for gas * price 
[05:57:11] [HOUSE]   RPC https://base-rpc.publicno failed: Error: Failed to estimate gas: server returned an error response: error code -32000: insufficient funds for transfer

[05:57:12] [HOUSE]   Send empty (attempt 3)
[05:57:13] [HOUSE]   UNDER FAILED
[05:58:14] [HOUSE] Skip 0x33055a1c56 — lockTime passed (6s ago)
[06:01:38] [HOUSE] Seeding 0x337BF9345b...
[06:01:40] [HOUSE]   RPC https://base-mainnet.core failed: Error: Failed to estimate gas: server returned an error response: error code -32000: insufficient funds for transfer

[06:01:40] [HOUSE]   RPC https://base.drpc.org failed: Error: Failed to estimate gas: server returned an error response: error code -32003: insufficient funds for gas * price 
[06:01:42] [HOUSE]   RPC https://base-rpc.publicno failed: Error: Failed to estimate gas: server returned an error response: error code -32000: insufficient funds for transfer

[06:01:42] [HOUSE]   Send empty (attempt 1)
[06:01:45] [HOUSE]   RPC https://base-mainnet.core failed: Error: Failed to estimate gas: server returned an error response: error code -32000: insufficient funds for transfer

[06:01:46] [HOUSE]   RPC https://base.drpc.org failed: Error: Failed to estimate gas: server returned an error response: error code -32003: insufficient funds for gas * price 
[06:01:47] [HOUSE]   RPC https://base-rpc.publicno failed: Error: Failed to estimate gas: server returned an error response: error code -32000: insufficient funds for transfer

[06:01:48] [HOUSE]   Send empty (attempt 2)
[06:01:50] [HOUSE]   RPC https://base-mainnet.core failed: Error: Failed to estimate gas: server returned an error response: error code -32000: insufficient funds for transfer

[06:01:51] [HOUSE]   RPC https://base.drpc.org failed: Error: Failed to estimate gas: server returned an error response: error code -32003: insufficient funds for gas * price 
[06:01:52] [HOUSE]   RPC https://base-rpc.publicno failed: Error: Failed to estimate gas: server returned an error response: error code -32000: insufficient funds for transfer

[06:01:52] [HOUSE]   Send empty (attempt 3)
[06:01:53] [HOUSE]   UNDER FAILED
[06:02:55] [HOUSE] Seeding 0x337BF9345b...
[06:02:56] [HOUSE]   RPC https://base-mainnet.core failed: Error: Failed to estimate gas: server returned an error response: error code -32000: insufficient funds for transfer

[06:02:57] [HOUSE]   RPC https://base.drpc.org failed: Error: Failed to estimate gas: server returned an error response: error code -32003: insufficient funds for gas * price 
[06:02:59] [HOUSE]   RPC https://base-rpc.publicno failed: Error: Failed to estimate gas: server returned an error response: error code -32000: insufficient funds for transfer

[06:02:59] [HOUSE]   Send empty (attempt 1)
[06:03:01] [HOUSE]   RPC https://base-mainnet.core failed: Error: Failed to estimate gas: server returned an error response: error code -32000: insufficient funds for transfer

[06:03:03] [HOUSE]   RPC https://base.drpc.org failed: Error: Failed to estimate gas: HTTP error 500 with body: {"id":3,"jsonrpc":"2.0","error":{"message":"Temporary internal 
[06:03:05] [HOUSE]   RPC https://base-rpc.publicno failed: Error: Failed to estimate gas: server returned an error response: error code -32000: insufficient funds for transfer

[06:03:06] [HOUSE]   Send empty (attempt 2)
[06:03:08] [HOUSE]   RPC https://base-mainnet.core failed: Error: Failed to estimate gas: server returned an error response: error code -32000: insufficient funds for transfer

[06:03:09] [HOUSE]   RPC https://base.drpc.org failed: Error: Failed to estimate gas: server returned an error response: error code -32003: insufficient funds for gas * price 
[06:03:10] [HOUSE]   RPC https://base-rpc.publicno failed: Error: Failed to estimate gas: server returned an error response: error code -32000: insufficient funds for transfer

[06:03:11] [HOUSE]   Send empty (attempt 3)
[06:03:12] [HOUSE]   UNDER FAILED
[06:04:13] [HOUSE] Skip 0x337BF9345b — lockTime passed (9s ago)
[06:07:32] [HOUSE] Seeding 0x76904b9076...
[06:07:33] [HOUSE]   RPC https://base-mainnet.core failed: Error: Failed to estimate gas: server returned an error response: error code -32000: insufficient funds for transfer

[06:07:34] [HOUSE]   RPC https://base.drpc.org failed: Error: Failed to estimate gas: server returned an error response: error code -32003: insufficient funds for gas * price 
[06:07:39] [HOUSE]   RPC https://base-rpc.publicno failed: Error: Failed to estimate gas: server returned an error response: error code -32000: insufficient funds for transfer

[06:07:39] [HOUSE]   Send empty (attempt 1)
[06:07:41] [HOUSE]   RPC https://base-mainnet.core failed: Error: Failed to estimate gas: server returned an error response: error code -32000: insufficient funds for transfer

[06:07:43] [HOUSE]   RPC https://base.drpc.org failed: Error: Failed to estimate gas: server returned an error response: error code -32003: insufficient funds for gas * price 
[06:07:43] [HOUSE]   RPC https://base-rpc.publicno failed: Error: Failed to estimate gas: server returned an error response: error code -32000: insufficient funds for transfer

[06:07:44] [HOUSE]   Send empty (attempt 2)
[06:07:46] [HOUSE]   RPC https://base-mainnet.core failed: Error: Failed to estimate gas: server returned an error response: error code -32000: insufficient funds for transfer

[06:07:47] [HOUSE]   RPC https://base.drpc.org failed: Error: Failed to estimate gas: server returned an error response: error code -32003: insufficient funds for gas * price 
[06:07:50] [HOUSE]   RPC https://base-rpc.publicno failed: Error: Failed to estimate gas: server returned an error response: error code -32000: insufficient funds for transfer

[06:07:51] [HOUSE]   Send empty (attempt 3)
[06:07:52] [HOUSE]   UNDER FAILED
[06:08:54] [HOUSE] Seeding 0x76904b9076...
[06:08:56] [HOUSE]   RPC https://base-mainnet.core failed: Error: Failed to estimate gas: server returned an error response: error code -32000: insufficient funds for transfer

[06:08:57] [HOUSE]   RPC https://base.drpc.org failed: Error: Failed to estimate gas: server returned an error response: error code -32003: insufficient funds for gas * price 
[06:08:59] [HOUSE]   RPC https://base-rpc.publicno failed: Error: Failed to estimate gas: server returned an error response: error code -32000: insufficient funds for transfer

[06:08:59] [HOUSE]   Send empty (attempt 1)
[06:09:01] [HOUSE]   RPC https://base-mainnet.core failed: Error: Failed to estimate gas: server returned an error response: error code -32000: insufficient funds for transfer

[06:09:03] [HOUSE]   RPC https://base.drpc.org failed: Error: Failed to estimate gas: HTTP error 500 with body: {"id":3,"jsonrpc":"2.0","error":{"message":"Temporary internal 
[06:09:07] [HOUSE]   RPC https://base-rpc.publicno failed: Error: Failed to estimate gas: server returned an error response: error code -32000: insufficient funds for transfer

[06:09:07] [HOUSE]   Send empty (attempt 2)
[06:09:10] [HOUSE]   RPC https://base-mainnet.core failed: Error: Failed to estimate gas: server returned an error response: error code -32000: insufficient funds for transfer

[06:09:11] [HOUSE]   RPC https://base.drpc.org failed: Error: Failed to estimate gas: HTTP error 500 with body: {"id":3,"jsonrpc":"2.0","error":{"message":"Temporary internal 
[06:09:12] [HOUSE]   RPC https://base-rpc.publicno failed: Error: Failed to estimate gas: server returned an error response: error code -32000: insufficient funds for transfer

[06:09:13] [HOUSE]   Send empty (attempt 3)
[06:09:14] [HOUSE]   UNDER FAILED
[06:10:17] [HOUSE] Skip 0x76904b9076 — lockTime passed (18s ago)
[06:13:24] [HOUSE] Seeding 0xF98f009939...
[06:13:26] [HOUSE]   RPC https://base-mainnet.core failed: Error: Failed to estimate gas: server returned an error response: error code -32000: insufficient funds for transfer

[06:13:28] [HOUSE]   RPC https://base.drpc.org failed: Error: Failed to estimate gas: HTTP error 500 with body: {"id":3,"jsonrpc":"2.0","error":{"message":"Temporary internal 
[06:13:29] [HOUSE]   RPC https://base-rpc.publicno failed: Error: Failed to estimate gas: server returned an error response: error code -32000: insufficient funds for transfer

[06:13:29] [HOUSE]   Send empty (attempt 1)
[06:13:32] [HOUSE]   RPC https://base-mainnet.core failed: Error: Failed to estimate gas: server returned an error response: error code -32000: insufficient funds for transfer

[06:13:33] [HOUSE]   RPC https://base.drpc.org failed: Error: Failed to estimate gas: HTTP error 500 with body: {"id":3,"jsonrpc":"2.0","error":{"message":"Temporary internal 
[06:13:35] [HOUSE]   RPC https://base-rpc.publicno failed: Error: Failed to estimate gas: server returned an error response: error code -32000: insufficient funds for transfer

[06:13:35] [HOUSE]   Send empty (attempt 2)
[06:13:37] [HOUSE]   RPC https://base-mainnet.core failed: Error: Failed to estimate gas: server returned an error response: error code -32000: insufficient funds for transfer

[06:13:39] [HOUSE]   RPC https://base.drpc.org failed: Error: Failed to estimate gas: HTTP error 500 with body: {"id":3,"jsonrpc":"2.0","error":{"message":"Temporary internal 
[06:13:42] [HOUSE]   RPC https://base-rpc.publicno failed: Error: Failed to estimate gas: server returned an error response: error code -32000: insufficient funds for transfer

[06:13:42] [HOUSE]   Send empty (attempt 3)
[06:13:43] [HOUSE]   UNDER FAILED
[06:14:44] [HOUSE] Seeding 0xF98f009939...
[06:14:45] [HOUSE]   RPC https://base-mainnet.core failed: Error: Failed to estimate gas: server returned an error response: error code -32000: insufficient funds for transfer

[06:14:47] [HOUSE]   RPC https://base.drpc.org failed: Error: Failed to estimate gas: HTTP error 500 with body: {"id":3,"jsonrpc":"2.0","error":{"message":"Temporary internal 
[06:14:49] [HOUSE]   RPC https://base-rpc.publicno failed: Error: Failed to estimate gas: server returned an error response: error code -32000: insufficient funds for transfer

[06:14:49] [HOUSE]   Send empty (attempt 1)
[06:14:51] [HOUSE]   RPC https://base-mainnet.core failed: Error: Failed to estimate gas: server returned an error response: error code -32000: insufficient funds for transfer

[06:14:52] [HOUSE]   RPC https://base.drpc.org failed: Error: Failed to estimate gas: server returned an error response: error code -32003: insufficient funds for gas * price 
[06:14:54] [HOUSE]   RPC https://base-rpc.publicno failed: Error: Failed to estimate gas: server returned an error response: error code -32000: insufficient funds for transfer

[06:14:54] [HOUSE]   Send empty (attempt 2)
[06:14:57] [HOUSE]   RPC https://base-mainnet.core failed: Error: Failed to estimate gas: server returned an error response: error code -32000: insufficient funds for transfer

[06:14:57] [HOUSE]   RPC https://base.drpc.org failed: Error: Failed to estimate gas: server returned an error response: error code -32003: insufficient funds for gas * price 
[06:14:59] [HOUSE]   RPC https://base-rpc.publicno failed: Error: Failed to estimate gas: server returned an error response: error code -32000: insufficient funds for transfer

[06:14:59] [HOUSE]   Send empty (attempt 3)
[06:15:00] [HOUSE]   UNDER FAILED
[06:16:01] [HOUSE] Skip 0xF98f009939 — lockTime passed (9s ago)
[06:19:18] [HOUSE] Seeding 0x1213e18A73...
[06:19:19] [HOUSE]   RPC https://base-mainnet.core failed: Error: Failed to estimate gas: server returned an error response: error code -32000: insufficient funds for transfer

[06:19:20] [HOUSE]   RPC https://base.drpc.org failed: Error: Failed to estimate gas: server returned an error response: error code -32003: insufficient funds for gas * price 
[06:19:22] [HOUSE]   RPC https://base-rpc.publicno failed: Error: Failed to estimate gas: server returned an error response: error code -32000: insufficient funds for transfer

[06:19:22] [HOUSE]   Send empty (attempt 1)
[06:19:25] [HOUSE]   RPC https://base-mainnet.core failed: Error: Failed to estimate gas: server returned an error response: error code -32000: insufficient funds for transfer

[06:19:26] [HOUSE]   RPC https://base.drpc.org failed: Error: Failed to estimate gas: server returned an error response: error code -32003: insufficient funds for gas * price 
[06:19:27] [HOUSE]   RPC https://base-rpc.publicno failed: Error: Failed to estimate gas: server returned an error response: error code -32000: insufficient funds for transfer

[06:19:28] [HOUSE]   Send empty (attempt 2)
[06:19:30] [HOUSE]   RPC https://base-mainnet.core failed: Error: Failed to estimate gas: server returned an error response: error code -32000: insufficient funds for transfer

[06:19:31] [HOUSE]   RPC https://base.drpc.org failed: Error: Failed to estimate gas: server returned an error response: error code -32003: insufficient funds for gas * price 
[06:19:34] [HOUSE]   RPC https://base-rpc.publicno failed: Error: Failed to estimate gas: server returned an error response: error code -32000: insufficient funds for transfer

[06:19:34] [HOUSE]   Send empty (attempt 3)
[06:19:35] [HOUSE]   UNDER FAILED
[06:20:36] [HOUSE] Seeding 0x1213e18A73...
[06:20:37] [HOUSE]   RPC https://base-mainnet.core failed: Error: Failed to estimate gas: server returned an error response: error code -32000: insufficient funds for transfer

[06:20:38] [HOUSE]   RPC https://base.drpc.org failed: Error: Failed to estimate gas: server returned an error response: error code -32003: insufficient funds for gas * price 
[06:20:40] [HOUSE]   RPC https://base-rpc.publicno failed: Error: Failed to estimate gas: server returned an error response: error code -32000: insufficient funds for transfer

[06:20:40] [HOUSE]   Send empty (attempt 1)
[06:20:42] [HOUSE]   RPC https://base-mainnet.core failed: Error: Failed to estimate gas: server returned an error response: error code -32000: insufficient funds for transfer

[06:20:44] [HOUSE]   RPC https://base.drpc.org failed: Error: HTTP error 500 with body: {"id":1,"jsonrpc":"2.0","error":{"message":"Temporary internal error. Please retry, tra
[06:20:45] [HOUSE]   RPC https://base-rpc.publicno failed: Error: Failed to estimate gas: server returned an error response: error code -32000: insufficient funds for transfer

[06:20:46] [HOUSE]   Send empty (attempt 2)
[06:20:48] [HOUSE]   RPC https://base-mainnet.core failed: Error: Failed to estimate gas: server returned an error response: error code -32000: insufficient funds for transfer

[06:20:50] [HOUSE]   RPC https://base.drpc.org failed: Error: Failed to estimate gas: HTTP error 500 with body: {"id":3,"jsonrpc":"2.0","error":{"message":"Temporary internal 
[06:20:51] [HOUSE]   RPC https://base-rpc.publicno failed: Error: Failed to estimate gas: server returned an error response: error code -32000: insufficient funds for transfer

[06:20:52] [HOUSE]   Send empty (attempt 3)
[06:20:53] [HOUSE]   UNDER FAILED
[06:21:56] [HOUSE] Skip 0x1213e18A73 — lockTime passed (10s ago)
[06:25:13] [HOUSE] Seeding 0x36A84b0088...
[06:25:14] [HOUSE]   RPC https://base-mainnet.core failed: Error: Failed to estimate gas: server returned an error response: error code -32000: insufficient funds for transfer

[06:25:15] [HOUSE]   RPC https://base.drpc.org failed: Error: Failed to estimate gas: server returned an error response: error code -32003: insufficient funds for gas * price 
[06:25:16] [HOUSE]   RPC https://base-rpc.publicno failed: Error: Failed to estimate gas: server returned an error response: error code -32000: insufficient funds for transfer

[06:25:16] [HOUSE]   Send empty (attempt 1)
[06:25:19] [HOUSE]   RPC https://base-mainnet.core failed: Error: Failed to estimate gas: server returned an error response: error code -32000: insufficient funds for transfer

[06:25:19] [HOUSE]   RPC https://base.drpc.org failed: Error: Failed to estimate gas: server returned an error response: error code -32003: insufficient funds for gas * price 
[06:25:25] [HOUSE]   RPC https://base-rpc.publicno failed: Error: Failed to estimate gas: server returned an error response: error code -32000: insufficient funds for transfer

[06:25:25] [HOUSE]   Send empty (attempt 2)
[06:25:27] [HOUSE]   RPC https://base-mainnet.core failed: Error: Failed to estimate gas: server returned an error response: error code -32000: insufficient funds for transfer

[06:25:28] [HOUSE]   RPC https://base.drpc.org failed: Error: Failed to estimate gas: server returned an error response: error code -32003: insufficient funds for gas * price 
[06:25:30] [HOUSE]   RPC https://base-rpc.publicno failed: Error: Failed to estimate gas: server returned an error response: error code -32000: insufficient funds for transfer

[06:25:31] [HOUSE]   Send empty (attempt 3)
[06:25:32] [HOUSE]   UNDER FAILED
[06:26:33] [HOUSE] Seeding 0x36A84b0088...
[06:26:34] [HOUSE]   RPC https://base-mainnet.core failed: Error: Failed to estimate gas: server returned an error response: error code -32000: insufficient funds for transfer

[06:26:35] [HOUSE]   RPC https://base.drpc.org failed: Error: Failed to estimate gas: server returned an error response: error code -32003: insufficient funds for gas * price 
[06:26:41] [HOUSE]   RPC https://base-rpc.publicno failed: Error: Failed to estimate gas: server returned an error response: error code -32000: insufficient funds for transfer

[06:26:41] [HOUSE]   Send empty (attempt 1)
[06:26:43] [HOUSE]   RPC https://base-mainnet.core failed: Error: Failed to estimate gas: server returned an error response: error code -32000: insufficient funds for transfer

[06:26:44] [HOUSE]   RPC https://base.drpc.org failed: Error: Failed to estimate gas: server returned an error response: error code -32003: insufficient funds for gas * price 
[06:26:45] [HOUSE]   RPC https://base-rpc.publicno failed: Error: Failed to estimate gas: server returned an error response: error code -32000: insufficient funds for transfer

[06:26:46] [HOUSE]   Send empty (attempt 2)
[06:26:48] [HOUSE]   RPC https://base-mainnet.core failed: Error: Failed to estimate gas: server returned an error response: error code -32000: insufficient funds for transfer

[06:26:49] [HOUSE]   RPC https://base.drpc.org failed: Error: Failed to estimate gas: server returned an error response: error code -32003: insufficient funds for gas * price 
[06:26:54] [HOUSE]   RPC https://base-rpc.publicno failed: Error: Failed to estimate gas: server returned an error response: error code -32000: insufficient funds for transfer

[06:26:54] [HOUSE]   Send empty (attempt 3)
[06:26:55] [HOUSE]   UNDER FAILED
[06:27:58] [HOUSE] Skip 0x36A84b0088 — lockTime passed (17s ago)
[06:31:07] [HOUSE] Seeding 0x7feCd57Cf2...
[06:31:08] [HOUSE]   RPC https://base-mainnet.core failed: Error: Failed to estimate gas: server returned an error response: error code -32000: insufficient funds for transfer

[06:31:10] [HOUSE]   RPC https://base.drpc.org failed: Error: Failed to estimate gas: server returned an error response: error code -32003: insufficient funds for gas * price 
[06:31:11] [HOUSE]   RPC https://base-rpc.publicno failed: Error: Failed to estimate gas: server returned an error response: error code -32000: insufficient funds for transfer

[06:31:12] [HOUSE]   Send empty (attempt 1)
[06:31:14] [HOUSE]   RPC https://base-mainnet.core failed: Error: Failed to estimate gas: server returned an error response: error code -32000: insufficient funds for transfer

[06:31:15] [HOUSE]   RPC https://base.drpc.org failed: Error: Failed to estimate gas: server returned an error response: error code -32003: insufficient funds for gas * price 
[06:31:16] [HOUSE]   RPC https://base-rpc.publicno failed: Error: Failed to estimate gas: server returned an error response: error code -32000: insufficient funds for transfer

[06:31:16] [HOUSE]   Send empty (attempt 2)
[06:31:19] [HOUSE]   RPC https://base-mainnet.core failed: Error: Failed to estimate gas: server returned an error response: error code -32000: insufficient funds for transfer

[06:31:20] [HOUSE]   RPC https://base.drpc.org failed: Error: Failed to estimate gas: server returned an error response: error code -32003: insufficient funds for gas * price 
[06:31:21] [HOUSE]   RPC https://base-rpc.publicno failed: Error: Failed to estimate gas: server returned an error response: error code -32000: insufficient funds for transfer

[06:31:22] [HOUSE]   Send empty (attempt 3)
[06:31:23] [HOUSE]   UNDER FAILED
[06:32:25] [HOUSE] Seeding 0x7feCd57Cf2...
[06:32:26] [HOUSE]   RPC https://base-mainnet.core failed: Error: Failed to estimate gas: server returned an error response: error code -32000: insufficient funds for transfer

[06:32:27] [HOUSE]   RPC https://base.drpc.org failed: Error: Failed to estimate gas: server returned an error response: error code -32003: insufficient funds for gas * price 
[06:32:30] [HOUSE]   RPC https://base-rpc.publicno failed: Error: Failed to estimate gas: server returned an error response: error code -32000: insufficient funds for transfer

[06:32:31] [HOUSE]   Send empty (attempt 1)
[06:32:33] [HOUSE]   RPC https://base-mainnet.core failed: Error: Failed to estimate gas: server returned an error response: error code -32000: insufficient funds for transfer

[06:32:34] [HOUSE]   RPC https://base.drpc.org failed: Error: Failed to estimate gas: server returned an error response: error code -32003: insufficient funds for gas * price 
[06:32:35] [HOUSE]   RPC https://base-rpc.publicno failed: Error: Failed to estimate gas: server returned an error response: error code -32000: insufficient funds for transfer

[06:32:35] [HOUSE]   Send empty (attempt 2)
[06:32:37] [HOUSE]   RPC https://base-mainnet.core failed: Error: Failed to estimate gas: server returned an error response: error code -32000: insufficient funds for transfer

[06:32:38] [HOUSE]   RPC https://base.drpc.org failed: Error: Failed to estimate gas: server returned an error response: error code -32003: insufficient funds for gas * price 
[06:32:40] [HOUSE]   RPC https://base-rpc.publicno failed: Error: Failed to estimate gas: server returned an error response: error code -32000: insufficient funds for transfer

[06:32:40] [HOUSE]   Send empty (attempt 3)
[06:32:41] [HOUSE]   UNDER FAILED
[06:33:43] [HOUSE] Skip 0x7feCd57Cf2 — lockTime passed (8s ago)
[06:37:05] [HOUSE] Seeding 0x5A291Ca6fB...
[06:37:07] [HOUSE]   RPC https://base-mainnet.core failed: Error: Failed to estimate gas: server returned an error response: error code -32000: insufficient funds for transfer

[06:37:08] [HOUSE]   RPC https://base.drpc.org failed: Error: Failed to estimate gas: server returned an error response: error code -32003: insufficient funds for gas * price 
[06:37:08] [HOUSE]   RPC https://base-rpc.publicno failed: Error: Failed to estimate gas: server returned an error response: error code -32000: insufficient funds for transfer

[06:37:09] [HOUSE]   Send empty (attempt 1)
[06:37:11] [HOUSE]   RPC https://base-mainnet.core failed: Error: Failed to estimate gas: server returned an error response: error code -32000: insufficient funds for transfer

[06:37:12] [HOUSE]   RPC https://base.drpc.org failed: Error: Failed to estimate gas: server returned an error response: error code -32003: insufficient funds for gas * price 
[06:37:15] [HOUSE]   RPC https://base-rpc.publicno failed: Error: Failed to estimate gas: server returned an error response: error code -32000: insufficient funds for transfer

[06:37:16] [HOUSE]   Send empty (attempt 2)
[06:37:18] [HOUSE]   RPC https://base-mainnet.core failed: Error: Failed to estimate gas: server returned an error response: error code -32000: insufficient funds for transfer

[06:37:19] [HOUSE]   RPC https://base.drpc.org failed: Error: Failed to estimate gas: server returned an error response: error code -32003: insufficient funds for gas * price 
[06:37:20] [HOUSE]   RPC https://base-rpc.publicno failed: Error: Failed to estimate gas: server returned an error response: error code -32000: insufficient funds for transfer

[06:37:20] [HOUSE]   Send empty (attempt 3)
[06:37:21] [HOUSE]   UNDER FAILED
[06:38:24] [HOUSE] Seeding 0x5A291Ca6fB...
[06:38:25] [HOUSE]   RPC https://base-mainnet.core failed: Error: Failed to estimate gas: server returned an error response: error code -32000: insufficient funds for transfer

[06:38:26] [HOUSE]   RPC https://base.drpc.org failed: Error: Failed to estimate gas: server returned an error response: error code -32003: insufficient funds for gas * price 
[06:38:27] [HOUSE]   RPC https://base-rpc.publicno failed: Error: Failed to estimate gas: server returned an error response: error code -32000: insufficient funds for transfer

[06:38:28] [HOUSE]   Send empty (attempt 1)
[06:38:30] [HOUSE]   RPC https://base-mainnet.core failed: Error: Failed to estimate gas: server returned an error response: error code -32000: insufficient funds for transfer

[06:38:31] [HOUSE]   RPC https://base.drpc.org failed: Error: Failed to estimate gas: server returned an error response: error code -32003: insufficient funds for gas * price 
[06:38:32] [HOUSE]   RPC https://base-rpc.publicno failed: Error: Failed to estimate gas: server returned an error response: error code -32000: insufficient funds for transfer

[06:38:32] [HOUSE]   Send empty (attempt 2)
[06:38:34] [HOUSE]   RPC https://base-mainnet.core failed: Error: Failed to estimate gas: server returned an error response: error code -32000: insufficient funds for transfer

[06:38:35] [HOUSE]   RPC https://base.drpc.org failed: Error: Failed to estimate gas: server returned an error response: error code -32003: insufficient funds for gas * price 
[06:38:37] [HOUSE]   RPC https://base-rpc.publicno failed: Error: Failed to estimate gas: server returned an error response: error code -32000: insufficient funds for transfer

[06:38:37] [HOUSE]   Send empty (attempt 3)
[06:38:38] [HOUSE]   UNDER FAILED
[06:39:39] [HOUSE] Skip 0x5A291Ca6fB — lockTime passed (6s ago)
[06:43:01] [HOUSE] Seeding 0x721076B54F...
[06:43:02] [HOUSE]   RPC https://base-mainnet.core failed: Error: Failed to estimate gas: server returned an error response: error code -32000: insufficient funds for transfer

[06:43:03] [HOUSE]   RPC https://base.drpc.org failed: Error: Failed to estimate gas: server returned an error response: error code -32003: insufficient funds for gas * price 
[06:43:08] [HOUSE]   RPC https://base-rpc.publicno failed: Error: Failed to estimate gas: server returned an error response: error code -32000: insufficient funds for transfer

[06:43:08] [HOUSE]   Send empty (attempt 1)
[06:43:11] [HOUSE]   RPC https://base-mainnet.core failed: Error: Failed to estimate gas: server returned an error response: error code -32000: insufficient funds for transfer

[06:43:12] [HOUSE]   RPC https://base.drpc.org failed: Error: Failed to estimate gas: server returned an error response: error code -32003: insufficient funds for gas * price 
[06:43:13] [HOUSE]   RPC https://base-rpc.publicno failed: Error: Failed to estimate gas: server returned an error response: error code -32000: insufficient funds for transfer

[06:43:13] [HOUSE]   Send empty (attempt 2)
[06:43:16] [HOUSE]   RPC https://base-mainnet.core failed: Error: Failed to estimate gas: server returned an error response: error code -32000: insufficient funds for transfer

[06:43:16] [HOUSE]   RPC https://base.drpc.org failed: Error: Failed to estimate gas: server returned an error response: error code -32003: insufficient funds for gas * price 
[06:43:18] [HOUSE]   RPC https://base-rpc.publicno failed: Error: Failed to estimate gas: server returned an error response: error code -32000: insufficient funds for transfer

[06:43:18] [HOUSE]   Send empty (attempt 3)
[06:43:19] [HOUSE]   UNDER FAILED
[06:44:21] [HOUSE] Seeding 0x721076B54F...
[06:44:22] [HOUSE]   RPC https://base-mainnet.core failed: Error: Failed to estimate gas: server returned an error response: error code -32000: insufficient funds for transfer

[06:44:23] [HOUSE]   RPC https://base.drpc.org failed: Error: Failed to estimate gas: server returned an error response: error code -32003: insufficient funds for gas * price 
[06:44:24] [HOUSE]   RPC https://base-rpc.publicno failed: Error: Failed to estimate gas: server returned an error response: error code -32000: insufficient funds for transfer

[06:44:25] [HOUSE]   Send empty (attempt 1)
[06:44:27] [HOUSE]   RPC https://base-mainnet.core failed: Error: Failed to estimate gas: server returned an error response: error code -32000: insufficient funds for transfer

[06:44:28] [HOUSE]   RPC https://base.drpc.org failed: Error: Failed to estimate gas: server returned an error response: error code -32003: insufficient funds for gas * price 
[06:44:30] [HOUSE]   RPC https://base-rpc.publicno failed: Error: Failed to estimate gas: server returned an error response: error code -32000: insufficient funds for transfer

[06:44:31] [HOUSE]   Send empty (attempt 2)
[06:44:33] [HOUSE]   RPC https://base-mainnet.core failed: Error: Failed to estimate gas: server returned an error response: error code -32000: insufficient funds for transfer

[06:44:34] [HOUSE]   RPC https://base.drpc.org failed: Error: Failed to estimate gas: server returned an error response: error code -32003: insufficient funds for gas * price 
[06:44:35] [HOUSE]   RPC https://base-rpc.publicno failed: Error: Failed to estimate gas: server returned an error response: error code -32000: insufficient funds for transfer

[06:44:36] [HOUSE]   Send empty (attempt 3)
[06:44:37] [HOUSE]   UNDER FAILED
[06:45:37] [HOUSE] Skip 0x721076B54F — lockTime passed (11s ago)
[06:48:54] [HOUSE] Seeding 0xd3e76ab65E...
[06:48:55] [HOUSE]   RPC https://base-mainnet.core failed: Error: Failed to estimate gas: server returned an error response: error code -32000: insufficient funds for transfer

[06:48:57] [HOUSE]   RPC https://base.drpc.org failed: Error: Failed to estimate gas: server returned an error response: error code -32003: insufficient funds for gas * price 
[06:48:58] [HOUSE]   RPC https://base-rpc.publicno failed: Error: Failed to estimate gas: server returned an error response: error code -32000: insufficient funds for transfer

[06:48:58] [HOUSE]   Send empty (attempt 1)
[06:49:01] [HOUSE]   RPC https://base-mainnet.core failed: Error: Failed to estimate gas: server returned an error response: error code -32000: insufficient funds for transfer

[06:49:01] [HOUSE]   RPC https://base.drpc.org failed: Error: Failed to estimate gas: server returned an error response: error code -32003: insufficient funds for gas * price 
[06:49:02] [HOUSE]   RPC https://base-rpc.publicno failed: Error: Failed to estimate gas: server returned an error response: error code -32000: insufficient funds for transfer

[06:49:03] [HOUSE]   Send empty (attempt 2)
[06:49:05] [HOUSE]   RPC https://base-mainnet.core failed: Error: Failed to estimate gas: server returned an error response: error code -32000: insufficient funds for transfer

[06:49:06] [HOUSE]   RPC https://base.drpc.org failed: Error: Failed to estimate gas: server returned an error response: error code -32003: insufficient funds for gas * price 
[06:49:08] [HOUSE]   RPC https://base-rpc.publicno failed: Error: Failed to estimate gas: server returned an error response: error code -32000: insufficient funds for transfer

[06:49:08] [HOUSE]   Send empty (attempt 3)
[06:49:09] [HOUSE]   UNDER FAILED
[06:50:11] [HOUSE] Seeding 0xd3e76ab65E...
[06:50:13] [HOUSE]   RPC https://base-mainnet.core failed: Error: Failed to estimate gas: server returned an error response: error code -32000: insufficient funds for transfer

[06:50:14] [HOUSE]   RPC https://base.drpc.org failed: Error: Failed to estimate gas: server returned an error response: error code -32003: insufficient funds for gas * price 
[06:50:16] [HOUSE]   RPC https://base-rpc.publicno failed: Error: Failed to estimate gas: server returned an error response: error code -32000: insufficient funds for transfer

[06:50:16] [HOUSE]   Send empty (attempt 1)
[06:50:18] [HOUSE]   RPC https://base-mainnet.core failed: Error: Failed to estimate gas: server returned an error response: error code -32000: insufficient funds for transfer

[06:50:19] [HOUSE]   RPC https://base.drpc.org failed: Error: Failed to estimate gas: server returned an error response: error code -32003: insufficient funds for gas * price 
[06:50:21] [HOUSE]   RPC https://base-rpc.publicno failed: Error: Failed to estimate gas: server returned an error response: error code -32000: insufficient funds for transfer

[06:50:21] [HOUSE]   Send empty (attempt 2)
[06:50:23] [HOUSE]   RPC https://base-mainnet.core failed: Error: Failed to estimate gas: server returned an error response: error code -32000: insufficient funds for transfer

[06:50:24] [HOUSE]   RPC https://base.drpc.org failed: Error: Failed to estimate gas: server returned an error response: error code -32003: insufficient funds for gas * price 
[06:50:26] [HOUSE]   RPC https://base-rpc.publicno failed: Error: Failed to estimate gas: server returned an error response: error code -32000: insufficient funds for transfer

[06:50:26] [HOUSE]   Send empty (attempt 3)
[06:50:27] [HOUSE]   UNDER FAILED
[06:51:28] [HOUSE] Skip 0xd3e76ab65E — lockTime passed (6s ago)
[06:54:46] [HOUSE] Seeding 0x5E150419eB...
[06:54:47] [HOUSE]   RPC https://base-mainnet.core failed: Error: Failed to estimate gas: server returned an error response: error code -32000: insufficient funds for transfer

[06:54:48] [HOUSE]   RPC https://base.drpc.org failed: Error: Failed to estimate gas: server returned an error response: error code -32003: insufficient funds for gas * price 
[06:54:50] [HOUSE]   RPC https://base-rpc.publicno failed: Error: Failed to estimate gas: server returned an error response: error code -32000: insufficient funds for transfer

[06:54:50] [HOUSE]   Send empty (attempt 1)
[06:54:53] [HOUSE]   RPC https://base-mainnet.core failed: Error: Failed to estimate gas: server returned an error response: error code -32000: insufficient funds for transfer

[06:54:54] [HOUSE]   RPC https://base.drpc.org failed: Error: Failed to estimate gas: server returned an error response: error code -32003: insufficient funds for gas * price 
[06:55:03] [HOUSE]   RPC https://base-rpc.publicno failed: Error: Failed to estimate gas: server returned an error response: error code -32000: insufficient funds for transfer

[06:55:03] [HOUSE]   Send empty (attempt 2)
[06:55:05] [HOUSE]   RPC https://base-mainnet.core failed: Error: Failed to estimate gas: server returned an error response: error code -32000: insufficient funds for transfer

[06:55:06] [HOUSE]   RPC https://base.drpc.org failed: Error: Failed to estimate gas: server returned an error response: error code -32003: insufficient funds for gas * price 
[06:55:08] [HOUSE]   RPC https://base-rpc.publicno failed: Error: Failed to estimate gas: server returned an error response: error code -32000: insufficient funds for transfer

[06:55:08] [HOUSE]   Send empty (attempt 3)
[06:55:09] [HOUSE]   UNDER FAILED
[06:56:12] [HOUSE] Seeding 0x5E150419eB...
[06:56:13] [HOUSE]   RPC https://base-mainnet.core failed: Error: Failed to estimate gas: server returned an error response: error code -32000: insufficient funds for transfer

[06:56:14] [HOUSE]   RPC https://base.drpc.org failed: Error: Failed to estimate gas: server returned an error response: error code -32003: insufficient funds for gas * price 
[06:56:16] [HOUSE]   RPC https://base-rpc.publicno failed: Error: Failed to estimate gas: server returned an error response: error code -32000: insufficient funds for transfer

[06:56:17] [HOUSE]   Send empty (attempt 1)
[06:56:19] [HOUSE]   RPC https://base-mainnet.core failed: Error: Failed to estimate gas: server returned an error response: error code -32000: insufficient funds for transfer

[06:56:20] [HOUSE]   RPC https://base.drpc.org failed: Error: Failed to estimate gas: server returned an error response: error code -32003: insufficient funds for gas * price 
[06:56:23] [HOUSE]   RPC https://base-rpc.publicno failed: Error: Failed to estimate gas: server returned an error response: error code -32000: insufficient funds for transfer

[06:56:23] [HOUSE]   Send empty (attempt 2)
[06:56:25] [HOUSE]   RPC https://base-mainnet.core failed: Error: Failed to estimate gas: server returned an error response: error code -32000: insufficient funds for transfer

[06:56:26] [HOUSE]   RPC https://base.drpc.org failed: Error: Failed to estimate gas: server returned an error response: error code -32003: insufficient funds for gas * price 
[06:56:29] [HOUSE]   RPC https://base-rpc.publicno failed: Error: Failed to estimate gas: server returned an error response: error code -32000: insufficient funds for transfer

[06:56:29] [HOUSE]   Send empty (attempt 3)
[06:56:30] [HOUSE]   UNDER FAILED
[06:57:32] [HOUSE] Skip 0x5E150419eB — lockTime passed (18s ago)
[07:00:39] [HOUSE] Seeding 0x7C20288DDf...
[07:00:40] [HOUSE]   RPC https://base-mainnet.core failed: Error: Failed to estimate gas: server returned an error response: error code -32000: insufficient funds for transfer

[07:00:41] [HOUSE]   RPC https://base.drpc.org failed: Error: Failed to estimate gas: server returned an error response: error code -32003: insufficient funds for gas * price 
[07:00:42] [HOUSE]   RPC https://base-rpc.publicno failed: Error: Failed to estimate gas: server returned an error response: error code -32000: insufficient funds for transfer

[07:00:43] [HOUSE]   Send empty (attempt 1)
[07:00:45] [HOUSE]   RPC https://base-mainnet.core failed: Error: Failed to estimate gas: server returned an error response: error code -32000: insufficient funds for transfer

[07:00:47] [HOUSE]   RPC https://base.drpc.org failed: Error: Failed to estimate gas: HTTP error 500 with body: {"id":3,"jsonrpc":"2.0","error":{"message":"Temporary internal 
[07:00:48] [HOUSE]   RPC https://base-rpc.publicno failed: Error: Failed to estimate gas: server returned an error response: error code -32000: insufficient funds for transfer

[07:00:49] [HOUSE]   Send empty (attempt 2)
[07:00:51] [HOUSE]   RPC https://base-mainnet.core failed: Error: Failed to estimate gas: server returned an error response: error code -32000: insufficient funds for transfer

[07:00:53] [HOUSE]   RPC https://base.drpc.org failed: Error: Failed to estimate gas: HTTP error 500 with body: {"id":3,"jsonrpc":"2.0","error":{"message":"Temporary internal 
[07:00:59] [HOUSE]   RPC https://base-rpc.publicno failed: Error: Failed to estimate gas: server returned an error response: error code -32000: insufficient funds for transfer

[07:01:00] [HOUSE]   Send empty (attempt 3)
[07:01:01] [HOUSE]   UNDER FAILED
[07:02:02] [HOUSE] Seeding 0x7C20288DDf...
[07:02:03] [HOUSE]   RPC https://base-mainnet.core failed: Error: Failed to estimate gas: server returned an error response: error code -32000: insufficient funds for transfer

[07:02:03] [HOUSE]   RPC https://base.drpc.org failed: Error: Failed to estimate gas: server returned an error response: error code -32003: insufficient funds for gas * price 
[07:02:13] [HOUSE]   RPC https://base-rpc.publicno failed: Error: Failed to estimate gas: server returned an error response: error code -32000: insufficient funds for transfer

[07:02:13] [HOUSE]   Send empty (attempt 1)
[07:02:16] [HOUSE]   RPC https://base-mainnet.core failed: Error: Failed to estimate gas: server returned an error response: error code -32000: insufficient funds for transfer

[07:02:16] [HOUSE]   RPC https://base.drpc.org failed: Error: Failed to estimate gas: server returned an error response: error code -32003: insufficient funds for gas * price 
[07:02:18] [HOUSE]   RPC https://base-rpc.publicno failed: Error: Failed to estimate gas: server returned an error response: error code -32000: insufficient funds for transfer

[07:02:19] [HOUSE]   Send empty (attempt 2)
[07:02:21] [HOUSE]   RPC https://base-mainnet.core failed: Error: Failed to estimate gas: server returned an error response: error code -32000: insufficient funds for transfer

[07:02:22] [HOUSE]   RPC https://base.drpc.org failed: Error: Failed to estimate gas: server returned an error response: error code -32003: insufficient funds for gas * price 
[07:02:27] [HOUSE]   RPC https://base-rpc.publicno failed: Error: Failed to estimate gas: server returned an error response: error code -32000: insufficient funds for transfer

[07:02:27] [HOUSE]   Send empty (attempt 3)
[07:02:28] [HOUSE]   UNDER FAILED
[07:03:30] [HOUSE] Skip 0x7C20288DDf — lockTime passed (23s ago)
[07:06:29] [HOUSE] Seeding 0x51B3f6F647...
[07:06:31] [HOUSE]   RPC https://base-mainnet.core failed: Error: Failed to estimate gas: server returned an error response: error code -32000: insufficient funds for transfer

[07:06:32] [HOUSE]   RPC https://base.drpc.org failed: Error: Failed to estimate gas: server returned an error response: error code -32003: insufficient funds for gas * price 
[07:06:33] [HOUSE]   RPC https://base-rpc.publicno failed: Error: Failed to estimate gas: server returned an error response: error code -32000: insufficient funds for transfer

[07:06:34] [HOUSE]   Send empty (attempt 1)
[07:06:36] [HOUSE]   RPC https://base-mainnet.core failed: Error: Failed to estimate gas: server returned an error response: error code -32000: insufficient funds for transfer

[07:06:36] [HOUSE]   RPC https://base.drpc.org failed: Error: Failed to estimate gas: server returned an error response: error code -32003: insufficient funds for gas * price 
[07:06:38] [HOUSE]   RPC https://base-rpc.publicno failed: Error: Failed to estimate gas: server returned an error response: error code -32000: insufficient funds for transfer

[07:06:38] [HOUSE]   Send empty (attempt 2)
[07:06:40] [HOUSE]   RPC https://base-mainnet.core failed: Error: Failed to estimate gas: server returned an error response: error code -32000: insufficient funds for transfer

[07:06:41] [HOUSE]   RPC https://base.drpc.org failed: Error: Failed to estimate gas: server returned an error response: error code -32003: insufficient funds for gas * price 
[07:06:45] [HOUSE]   RPC https://base-rpc.publicno failed: Error: Failed to estimate gas: server returned an error response: error code -32000: insufficient funds for transfer

[07:06:45] [HOUSE]   Send empty (attempt 3)
[07:06:46] [HOUSE]   UNDER FAILED
[07:07:48] [HOUSE] Seeding 0x51B3f6F647...
[07:07:49] [HOUSE]   RPC https://base-mainnet.core failed: Error: Failed to estimate gas: server returned an error response: error code -32000: insufficient funds for transfer

[07:07:50] [HOUSE]   RPC https://base.drpc.org failed: Error: Failed to estimate gas: server returned an error response: error code -32003: insufficient funds for gas * price 
[07:07:53] [HOUSE]   RPC https://base-rpc.publicno failed: Error: Failed to estimate gas: server returned an error response: error code -32000: insufficient funds for transfer

[07:07:54] [HOUSE]   Send empty (attempt 1)
[07:07:56] [HOUSE]   RPC https://base-mainnet.core failed: Error: Failed to estimate gas: server returned an error response: error code -32000: insufficient funds for transfer

[07:07:57] [HOUSE]   RPC https://base.drpc.org failed: Error: Failed to estimate gas: server returned an error response: error code -32003: insufficient funds for gas * price 
[07:08:01] [HOUSE]   RPC https://base-rpc.publicno failed: Error: Failed to estimate gas: server returned an error response: error code -32000: insufficient funds for transfer

[07:08:01] [HOUSE]   Send empty (attempt 2)
[07:08:04] [HOUSE]   RPC https://base-mainnet.core failed: Error: Failed to estimate gas: server returned an error response: error code -32000: insufficient funds for transfer

[07:08:05] [HOUSE]   RPC https://base.drpc.org failed: Error: Failed to estimate gas: server returned an error response: error code -32003: insufficient funds for gas * price 
[07:08:06] [HOUSE]   RPC https://base-rpc.publicno failed: Error: Failed to estimate gas: server returned an error response: error code -32000: insufficient funds for transfer

[07:08:07] [HOUSE]   Send empty (attempt 3)
[07:08:08] [HOUSE]   UNDER FAILED
[07:09:09] [HOUSE] Skip 0x51B3f6F647 — lockTime passed (10s ago)
[07:12:23] [HOUSE] Seeding 0x503C14f708...
[07:12:24] [HOUSE]   RPC https://base-mainnet.core failed: Error: Failed to estimate gas: server returned an error response: error code -32000: insufficient funds for transfer

[07:12:25] [HOUSE]   RPC https://base.drpc.org failed: Error: Failed to estimate gas: server returned an error response: error code -32003: insufficient funds for gas * price 
[07:12:26] [HOUSE]   RPC https://base-rpc.publicno failed: Error: Failed to estimate gas: server returned an error response: error code -32000: insufficient funds for transfer

[07:12:27] [HOUSE]   Send empty (attempt 1)
[07:12:29] [HOUSE]   RPC https://base-mainnet.core failed: Error: Failed to estimate gas: server returned an error response: error code -32000: insufficient funds for transfer

[07:12:30] [HOUSE]   RPC https://base.drpc.org failed: Error: Failed to estimate gas: server returned an error response: error code -32003: insufficient funds for gas * price 
[07:12:31] [HOUSE]   RPC https://base-rpc.publicno failed: Error: Failed to estimate gas: server returned an error response: error code -32000: insufficient funds for transfer

[07:12:31] [HOUSE]   Send empty (attempt 2)
[07:12:34] [HOUSE]   RPC https://base-mainnet.core failed: Error: Failed to estimate gas: server returned an error response: error code -32000: insufficient funds for transfer

[07:12:34] [HOUSE]   RPC https://base.drpc.org failed: Error: Failed to estimate gas: server returned an error response: error code -32003: insufficient funds for gas * price 
[07:12:38] [HOUSE]   RPC https://base-rpc.publicno failed: Error: Failed to estimate gas: server returned an error response: error code -32000: insufficient funds for transfer

[07:12:38] [HOUSE]   Send empty (attempt 3)
[07:12:39] [HOUSE]   UNDER FAILED
[07:13:40] [HOUSE] Seeding 0x503C14f708...
[07:13:42] [HOUSE]   RPC https://base-mainnet.core failed: Error: Failed to estimate gas: server returned an error response: error code -32000: insufficient funds for transfer

[07:13:43] [HOUSE]   RPC https://base.drpc.org failed: Error: Failed to estimate gas: server returned an error response: error code -32003: insufficient funds for gas * price 
[07:13:44] [HOUSE]   RPC https://base-rpc.publicno failed: Error: Failed to estimate gas: server returned an error response: error code -32000: insufficient funds for transfer

[07:13:44] [HOUSE]   Send empty (attempt 1)
[07:13:47] [HOUSE]   RPC https://base-mainnet.core failed: Error: Failed to estimate gas: server returned an error response: error code -32000: insufficient funds for transfer

[07:13:48] [HOUSE]   RPC https://base.drpc.org failed: Error: Failed to estimate gas: server returned an error response: error code -32003: insufficient funds for gas * price 
[07:13:49] [HOUSE]   RPC https://base-rpc.publicno failed: Error: Failed to estimate gas: server returned an error response: error code -32000: insufficient funds for transfer

[07:13:49] [HOUSE]   Send empty (attempt 2)
[07:13:52] [HOUSE]   RPC https://base-mainnet.core failed: Error: Failed to estimate gas: server returned an error response: error code -32000: insufficient funds for transfer

[07:13:53] [HOUSE]   RPC https://base.drpc.org failed: Error: Failed to estimate gas: server returned an error response: error code -32003: insufficient funds for gas * price 
[07:13:54] [HOUSE]   RPC https://base-rpc.publicno failed: Error: Failed to estimate gas: server returned an error response: error code -32000: insufficient funds for transfer

[07:13:54] [HOUSE]   Send empty (attempt 3)
[07:13:55] [HOUSE]   UNDER FAILED
[07:14:57] [HOUSE] Skip 0x503C14f708 — lockTime passed (6s ago)
[07:18:20] [HOUSE] Seeding 0x739f90e524...
[07:18:21] [HOUSE]   RPC https://base-mainnet.core failed: Error: Failed to estimate gas: server returned an error response: error code -32000: insufficient funds for transfer

[07:18:22] [HOUSE]   RPC https://base.drpc.org failed: Error: Failed to estimate gas: server returned an error response: error code -32003: insufficient funds for gas * price 
[07:18:25] [HOUSE]   RPC https://base-rpc.publicno failed: Error: Failed to estimate gas: server returned an error response: error code -32000: insufficient funds for transfer

[07:18:25] [HOUSE]   Send empty (attempt 1)
[07:18:28] [HOUSE]   RPC https://base-mainnet.core failed: Error: Failed to estimate gas: server returned an error response: error code -32000: insufficient funds for transfer

[07:18:28] [HOUSE]   RPC https://base.drpc.org failed: Error: Failed to estimate gas: server returned an error response: error code -32003: insufficient funds for gas * price 
[07:18:30] [HOUSE]   RPC https://base-rpc.publicno failed: Error: Failed to estimate gas: server returned an error response: error code -32000: insufficient funds for transfer

[07:18:30] [HOUSE]   Send empty (attempt 2)
[07:18:32] [HOUSE]   RPC https://base-mainnet.core failed: Error: Failed to estimate gas: server returned an error response: error code -32000: insufficient funds for transfer

[07:18:33] [HOUSE]   RPC https://base.drpc.org failed: Error: Failed to estimate gas: server returned an error response: error code -32003: insufficient funds for gas * price 
[07:18:35] [HOUSE]   RPC https://base-rpc.publicno failed: Error: Failed to estimate gas: server returned an error response: error code -32000: insufficient funds for transfer

[07:18:36] [HOUSE]   Send empty (attempt 3)
[07:18:37] [HOUSE]   UNDER FAILED
[07:19:39] [HOUSE] Seeding 0x739f90e524...
[07:19:41] [HOUSE]   RPC https://base-mainnet.core failed: Error: Failed to estimate gas: server returned an error response: error code -32000: insufficient funds for transfer

[07:19:41] [HOUSE]   RPC https://base.drpc.org failed: Error: Failed to estimate gas: server returned an error response: error code -32003: insufficient funds for gas * price 
[07:19:42] [HOUSE]   RPC https://base-rpc.publicno failed: Error: Failed to estimate gas: server returned an error response: error code -32000: insufficient funds for transfer

[07:19:43] [HOUSE]   Send empty (attempt 1)
[07:19:46] [HOUSE]   RPC https://base-mainnet.core failed: Error: Failed to estimate gas: server returned an error response: error code -32000: insufficient funds for transfer

[07:19:46] [HOUSE]   RPC https://base.drpc.org failed: Error: Failed to estimate gas: server returned an error response: error code -32003: insufficient funds for gas * price 
[07:19:48] [HOUSE]   RPC https://base-rpc.publicno failed: Error: Failed to estimate gas: server returned an error response: error code -32000: insufficient funds for transfer

[07:19:48] [HOUSE]   Send empty (attempt 2)
[07:19:50] [HOUSE]   RPC https://base-mainnet.core failed: Error: Failed to estimate gas: server returned an error response: error code -32000: insufficient funds for transfer

[07:19:51] [HOUSE]   RPC https://base.drpc.org failed: Error: Failed to estimate gas: server returned an error response: error code -32003: insufficient funds for gas * price 
[07:19:54] [HOUSE]   RPC https://base-rpc.publicno failed: Error: Failed to estimate gas: server returned an error response: error code -32000: insufficient funds for transfer

[07:19:55] [HOUSE]   Send empty (attempt 3)
[07:19:56] [HOUSE]   UNDER FAILED
[07:20:57] [HOUSE] Skip 0x739f90e524 — lockTime passed (11s ago)
[07:24:13] [HOUSE] Seeding 0x10ab537eFD...
[07:24:15] [HOUSE]   RPC https://base-mainnet.core failed: Error: Failed to estimate gas: server returned an error response: error code -32000: insufficient funds for transfer

[07:24:16] [HOUSE]   RPC https://base.drpc.org failed: Error: Failed to estimate gas: server returned an error response: error code -32003: insufficient funds for gas * price 
[07:24:17] [HOUSE]   RPC https://base-rpc.publicno failed: Error: Failed to estimate gas: server returned an error response: error code -32000: insufficient funds for transfer

[07:24:17] [HOUSE]   Send empty (attempt 1)
[07:24:20] [HOUSE]   RPC https://base-mainnet.core failed: Error: Failed to estimate gas: server returned an error response: error code -32000: insufficient funds for transfer

[07:24:21] [HOUSE]   RPC https://base.drpc.org failed: Error: Failed to estimate gas: server returned an error response: error code -32003: insufficient funds for gas * price 
[07:24:22] [HOUSE]   RPC https://base-rpc.publicno failed: Error: Failed to estimate gas: server returned an error response: error code -32000: insufficient funds for transfer

[07:24:22] [HOUSE]   Send empty (attempt 2)
[07:24:25] [HOUSE]   RPC https://base-mainnet.core failed: Error: Failed to estimate gas: server returned an error response: error code -32000: insufficient funds for transfer

[07:24:25] [HOUSE]   RPC https://base.drpc.org failed: Error: Failed to estimate gas: server returned an error response: error code -32003: insufficient funds for gas * price 
[07:24:27] [HOUSE]   RPC https://base-rpc.publicno failed: Error: Failed to estimate gas: server returned an error response: error code -32000: insufficient funds for transfer

[07:24:27] [HOUSE]   Send empty (attempt 3)
[07:24:28] [HOUSE]   UNDER FAILED
[07:25:30] [HOUSE] Seeding 0x10ab537eFD...
[07:25:31] [HOUSE]   RPC https://base-mainnet.core failed: Error: Failed to estimate gas: server returned an error response: error code -32000: insufficient funds for transfer

[07:25:32] [HOUSE]   RPC https://base.drpc.org failed: Error: Failed to estimate gas: server returned an error response: error code -32003: insufficient funds for gas * price 
[07:25:33] [HOUSE]   RPC https://base-rpc.publicno failed: Error: Failed to estimate gas: server returned an error response: error code -32000: insufficient funds for transfer

[07:25:34] [HOUSE]   Send empty (attempt 1)
[07:25:36] [HOUSE]   RPC https://base-mainnet.core failed: Error: Failed to estimate gas: server returned an error response: error code -32000: insufficient funds for transfer

[07:25:37] [HOUSE]   RPC https://base.drpc.org failed: Error: Failed to estimate gas: server returned an error response: error code -32003: insufficient funds for gas * price 
[07:25:39] [HOUSE]   RPC https://base-rpc.publicno failed: Error: Failed to estimate gas: server returned an error response: error code -32000: insufficient funds for transfer

[07:25:40] [HOUSE]   Send empty (attempt 2)
[07:25:42] [HOUSE]   RPC https://base-mainnet.core failed: Error: Failed to estimate gas: server returned an error response: error code -32000: insufficient funds for transfer

[07:25:43] [HOUSE]   RPC https://base.drpc.org failed: Error: Failed to estimate gas: server returned an error response: error code -32003: insufficient funds for gas * price 
[07:25:44] [HOUSE]   RPC https://base-rpc.publicno failed: Error: Failed to estimate gas: server returned an error response: error code -32000: insufficient funds for transfer

[07:25:44] [HOUSE]   Send empty (attempt 3)
[07:25:45] [HOUSE]   UNDER FAILED
[07:26:47] [HOUSE] Skip 0x10ab537eFD — lockTime passed (6s ago)
[07:30:04] [HOUSE] Seeding 0xE8721DD665...
[07:30:05] [HOUSE]   RPC https://base-mainnet.core failed: Error: Failed to estimate gas: server returned an error response: error code -32000: insufficient funds for transfer

[07:30:06] [HOUSE]   RPC https://base.drpc.org failed: Error: Failed to estimate gas: server returned an error response: error code -32003: insufficient funds for gas * price 
[07:30:07] [HOUSE]   RPC https://base-rpc.publicno failed: Error: Failed to estimate gas: server returned an error response: error code -32000: insufficient funds for transfer

[07:30:08] [HOUSE]   Send empty (attempt 1)
[07:30:10] [HOUSE]   RPC https://base-mainnet.core failed: Error: Failed to estimate gas: server returned an error response: error code -32000: insufficient funds for transfer

[07:30:11] [HOUSE]   RPC https://base.drpc.org failed: Error: Failed to estimate gas: server returned an error response: error code -32003: insufficient funds for gas * price 
[07:30:13] [HOUSE]   RPC https://base-rpc.publicno failed: Error: Failed to estimate gas: server returned an error response: error code -32000: insufficient funds for transfer

[07:30:13] [HOUSE]   Send empty (attempt 2)
[07:30:16] [HOUSE]   RPC https://base-mainnet.core failed: Error: Failed to estimate gas: server returned an error response: error code -32000: insufficient funds for transfer

[07:30:16] [HOUSE]   RPC https://base.drpc.org failed: Error: Failed to estimate gas: server returned an error response: error code -32003: insufficient funds for gas * price 
[07:30:18] [HOUSE]   RPC https://base-rpc.publicno failed: Error: Failed to estimate gas: server returned an error response: error code -32000: insufficient funds for transfer

[07:30:18] [HOUSE]   Send empty (attempt 3)
[07:30:19] [HOUSE]   UNDER FAILED
[07:31:22] [HOUSE] Seeding 0xE8721DD665...
[07:31:23] [HOUSE]   RPC https://base-mainnet.core failed: Error: Failed to estimate gas: server returned an error response: error code -32000: insufficient funds for transfer

[07:31:24] [HOUSE]   RPC https://base.drpc.org failed: Error: Failed to estimate gas: server returned an error response: error code -32003: insufficient funds for gas * price 
[07:31:26] [HOUSE]   RPC https://base-rpc.publicno failed: Error: Failed to estimate gas: server returned an error response: error code -32000: insufficient funds for transfer

[07:31:27] [HOUSE]   Send empty (attempt 1)
[07:31:29] [HOUSE]   RPC https://base-mainnet.core failed: Error: Failed to estimate gas: server returned an error response: error code -32000: insufficient funds for transfer

[07:31:30] [HOUSE]   RPC https://base.drpc.org failed: Error: Failed to estimate gas: server returned an error response: error code -32003: insufficient funds for gas * price 
[07:31:31] [HOUSE]   RPC https://base-rpc.publicno failed: Error: Failed to estimate gas: server returned an error response: error code -32000: insufficient funds for transfer

[07:31:32] [HOUSE]   Send empty (attempt 2)
[07:31:34] [HOUSE]   RPC https://base-mainnet.core failed: Error: Failed to estimate gas: server returned an error response: error code -32000: insufficient funds for transfer

[07:31:35] [HOUSE]   RPC https://base.drpc.org failed: Error: Failed to estimate gas: server returned an error response: error code -32003: insufficient funds for gas * price 
[07:31:38] [HOUSE]   RPC https://base-rpc.publicno failed: Error: Failed to estimate gas: server returned an error response: error code -32000: insufficient funds for transfer

[07:31:38] [HOUSE]   Send empty (attempt 3)
[07:31:39] [HOUSE]   UNDER FAILED
[07:32:51] [HOUSE] Skip 0xE8721DD665 — lockTime passed (18s ago)
[07:36:00] [HOUSE] Seeding 0x34f0954182...
[07:36:04] [HOUSE]   RPC https://base-mainnet.core failed: Error: Failed to estimate gas: server returned an error response: error code -32000: insufficient funds for transfer

[07:36:05] [HOUSE]   RPC https://base.drpc.org failed: Error: Failed to estimate gas: server returned an error response: error code -32003: insufficient funds for gas * price 
[07:36:07] [HOUSE]   RPC https://base-rpc.publicno failed: Error: Failed to estimate gas: server returned an error response: error code -32000: insufficient funds for transfer

[07:36:08] [HOUSE]   Send empty (attempt 1)
[07:36:10] [HOUSE]   RPC https://base-mainnet.core failed: Error: Failed to estimate gas: server returned an error response: error code -32000: insufficient funds for transfer

[07:36:11] [HOUSE]   RPC https://base.drpc.org failed: Error: Failed to estimate gas: server returned an error response: error code -32003: insufficient funds for gas * price 
[07:36:13] [HOUSE]   RPC https://base-rpc.publicno failed: Error: Failed to estimate gas: server returned an error response: error code -32000: insufficient funds for transfer

[07:36:13] [HOUSE]   Send empty (attempt 2)
[07:36:16] [HOUSE]   RPC https://base-mainnet.core failed: Error: Failed to estimate gas: server returned an error response: error code -32000: insufficient funds for transfer

[07:36:17] [HOUSE]   RPC https://base.drpc.org failed: Error: Failed to estimate gas: server returned an error response: error code -32003: insufficient funds for gas * price 
[07:36:18] [HOUSE]   RPC https://base-rpc.publicno failed: Error: Failed to estimate gas: server returned an error response: error code -32000: insufficient funds for transfer

[07:36:19] [HOUSE]   Send empty (attempt 3)
[07:36:20] [HOUSE]   UNDER FAILED
[07:37:22] [HOUSE] Seeding 0x34f0954182...
[07:37:23] [HOUSE]   RPC https://base-mainnet.core failed: Error: Failed to estimate gas: server returned an error response: error code -32000: insufficient funds for transfer

[07:37:24] [HOUSE]   RPC https://base.drpc.org failed: Error: Failed to estimate gas: server returned an error response: error code -32003: insufficient funds for gas * price 
[07:37:26] [HOUSE]   RPC https://base-rpc.publicno failed: Error: Failed to estimate gas: server returned an error response: error code -32000: insufficient funds for transfer

[07:37:26] [HOUSE]   Send empty (attempt 1)
[07:37:28] [HOUSE]   RPC https://base-mainnet.core failed: Error: Failed to estimate gas: server returned an error response: error code -32000: insufficient funds for transfer

[07:37:30] [HOUSE]   RPC https://base.drpc.org failed: Error: Failed to estimate gas: server returned an error response: error code -32003: insufficient funds for gas * price 
[07:37:34] [HOUSE]   RPC https://base-rpc.publicno failed: Error: Failed to estimate gas: server returned an error response: error code -32000: insufficient funds for transfer

[07:37:34] [HOUSE]   Send empty (attempt 2)
[07:37:36] [HOUSE]   RPC https://base-mainnet.core failed: Error: Failed to estimate gas: server returned an error response: error code -32000: insufficient funds for transfer

[07:37:37] [HOUSE]   RPC https://base.drpc.org failed: Error: Failed to estimate gas: server returned an error response: error code -32003: insufficient funds for gas * price 
[07:37:39] [HOUSE]   RPC https://base-rpc.publicno failed: Error: Failed to estimate gas: server returned an error response: error code -32000: insufficient funds for transfer

[07:37:39] [HOUSE]   Send empty (attempt 3)
[07:37:40] [HOUSE]   UNDER FAILED
[07:38:41] [HOUSE] Skip 0x34f0954182 — lockTime passed (13s ago)
[07:41:58] [HOUSE] Seeding 0x413970E885...
[07:42:00] [HOUSE]   RPC https://base-mainnet.core failed: Error: Failed to estimate gas: server returned an error response: error code -32000: insufficient funds for transfer

[07:42:01] [HOUSE]   RPC https://base.drpc.org failed: Error: Failed to estimate gas: server returned an error response: error code -32003: insufficient funds for gas * price 
[07:42:02] [HOUSE]   RPC https://base-rpc.publicno failed: Error: Failed to estimate gas: server returned an error response: error code -32000: insufficient funds for transfer

[07:42:03] [HOUSE]   Send empty (attempt 1)
[07:42:05] [HOUSE]   RPC https://base-mainnet.core failed: Error: Failed to estimate gas: server returned an error response: error code -32000: insufficient funds for transfer

[07:42:06] [HOUSE]   RPC https://base.drpc.org failed: Error: Failed to estimate gas: server returned an error response: error code -32003: insufficient funds for gas * price 
[07:42:07] [HOUSE]   RPC https://base-rpc.publicno failed: Error: Failed to estimate gas: server returned an error response: error code -32000: insufficient funds for transfer

[07:42:08] [HOUSE]   Send empty (attempt 2)
[07:42:10] [HOUSE]   RPC https://base-mainnet.core failed: Error: Failed to estimate gas: server returned an error response: error code -32000: insufficient funds for transfer

[07:42:11] [HOUSE]   RPC https://base.drpc.org failed: Error: Failed to estimate gas: server returned an error response: error code -32003: insufficient funds for gas * price 
[07:42:12] [HOUSE]   RPC https://base-rpc.publicno failed: Error: Failed to estimate gas: server returned an error response: error code -32000: insufficient funds for transfer

[07:42:13] [HOUSE]   Send empty (attempt 3)
[07:42:14] [HOUSE]   UNDER FAILED
[07:43:16] [HOUSE] Seeding 0x413970E885...
[07:43:18] [HOUSE]   RPC https://base-mainnet.core failed: Error: Failed to estimate gas: server returned an error response: error code -32000: insufficient funds for transfer

[07:43:18] [HOUSE]   RPC https://base.drpc.org failed: Error: Failed to estimate gas: server returned an error response: error code -32003: insufficient funds for gas * price 
[07:43:20] [HOUSE]   RPC https://base-rpc.publicno failed: Error: Failed to estimate gas: server returned an error response: error code -32000: insufficient funds for transfer

[07:43:21] [HOUSE]   Send empty (attempt 1)
[07:43:23] [HOUSE]   RPC https://base-mainnet.core failed: Error: Failed to estimate gas: server returned an error response: error code -32000: insufficient funds for transfer

[07:43:24] [HOUSE]   RPC https://base.drpc.org failed: Error: Failed to estimate gas: server returned an error response: error code -32003: insufficient funds for gas * price 
[07:43:26] [HOUSE]   RPC https://base-rpc.publicno failed: Error: Failed to estimate gas: server returned an error response: error code -32000: insufficient funds for transfer

[07:43:26] [HOUSE]   Send empty (attempt 2)
[07:43:29] [HOUSE]   RPC https://base-mainnet.core failed: Error: Failed to estimate gas: server returned an error response: error code -32000: insufficient funds for transfer

[07:43:30] [HOUSE]   RPC https://base.drpc.org failed: Error: Failed to estimate gas: server returned an error response: error code -32003: insufficient funds for gas * price 
[07:43:31] [HOUSE]   RPC https://base-rpc.publicno failed: Error: Failed to estimate gas: server returned an error response: error code -32000: insufficient funds for transfer

[07:43:32] [HOUSE]   Send empty (attempt 3)
[07:43:33] [HOUSE]   UNDER FAILED
[07:44:34] [HOUSE] Skip 0x413970E885 — lockTime passed (9s ago)
[07:47:51] [HOUSE] Seeding 0x39a796D16c...
[07:47:52] [HOUSE]   RPC https://base-mainnet.core failed: Error: Failed to estimate gas: server returned an error response: error code -32000: insufficient funds for transfer

[07:47:53] [HOUSE]   RPC https://base.drpc.org failed: Error: Failed to estimate gas: server returned an error response: error code -32003: insufficient funds for gas * price 
[07:47:54] [HOUSE]   RPC https://base-rpc.publicno failed: Error: Failed to estimate gas: server returned an error response: error code -32000: insufficient funds for transfer

[07:47:55] [HOUSE]   Send empty (attempt 1)
[07:47:57] [HOUSE]   RPC https://base-mainnet.core failed: Error: Failed to estimate gas: server returned an error response: error code -32000: insufficient funds for transfer

[07:47:58] [HOUSE]   RPC https://base.drpc.org failed: Error: Failed to estimate gas: server returned an error response: error code -32003: insufficient funds for gas * price 
[07:47:59] [HOUSE]   RPC https://base-rpc.publicno failed: Error: Failed to estimate gas: server returned an error response: error code -32000: insufficient funds for transfer

[07:48:00] [HOUSE]   Send empty (attempt 2)
[07:48:02] [HOUSE]   RPC https://base-mainnet.core failed: Error: Failed to estimate gas: server returned an error response: error code -32000: insufficient funds for transfer

[07:48:03] [HOUSE]   RPC https://base.drpc.org failed: Error: Failed to estimate gas: server returned an error response: error code -32003: insufficient funds for gas * price 
[07:48:08] [HOUSE]   RPC https://base-rpc.publicno failed: Error: Failed to estimate gas: server returned an error response: error code -32000: insufficient funds for transfer

[07:48:09] [HOUSE]   Send empty (attempt 3)
[07:48:10] [HOUSE]   UNDER FAILED
[07:49:11] [HOUSE] Seeding 0x39a796D16c...
[07:49:12] [HOUSE]   RPC https://base-mainnet.core failed: Error: Failed to estimate gas: server returned an error response: error code -32000: insufficient funds for transfer

[07:49:13] [HOUSE]   RPC https://base.drpc.org failed: Error: Failed to estimate gas: server returned an error response: error code -32003: insufficient funds for gas * price 
[07:49:15] [HOUSE]   RPC https://base-rpc.publicno failed: Error: Failed to estimate gas: server returned an error response: error code -32000: insufficient funds for transfer

[07:49:15] [HOUSE]   Send empty (attempt 1)
[07:49:17] [HOUSE]   RPC https://base-mainnet.core failed: Error: Failed to estimate gas: server returned an error response: error code -32000: insufficient funds for transfer

[07:49:18] [HOUSE]   RPC https://base.drpc.org failed: Error: Failed to estimate gas: server returned an error response: error code -32003: insufficient funds for gas * price 
[07:49:19] [HOUSE]   RPC https://base-rpc.publicno failed: Error: Failed to estimate gas: server returned an error response: error code -32000: insufficient funds for transfer

[07:49:20] [HOUSE]   Send empty (attempt 2)
[07:49:22] [HOUSE]   RPC https://base-mainnet.core failed: Error: Failed to estimate gas: server returned an error response: error code -32000: insufficient funds for transfer

[07:49:23] [HOUSE]   RPC https://base.drpc.org failed: Error: Failed to estimate gas: server returned an error response: error code -32003: insufficient funds for gas * price 
[07:49:25] [HOUSE]   RPC https://base-rpc.publicno failed: Error: Failed to estimate gas: server returned an error response: error code -32000: insufficient funds for transfer

[07:49:26] [HOUSE]   Send empty (attempt 3)
[07:49:27] [HOUSE]   UNDER FAILED
[07:50:29] [HOUSE] Skip 0x39a796D16c — lockTime passed (10s ago)
[07:53:42] [HOUSE] Seeding 0x3580446dC7...
[07:53:43] [HOUSE]   RPC https://base-mainnet.core failed: Error: Failed to estimate gas: server returned an error response: error code -32000: insufficient funds for transfer

[07:53:44] [HOUSE]   RPC https://base.drpc.org failed: Error: Failed to estimate gas: server returned an error response: error code -32003: insufficient funds for gas * price 
[07:53:45] [HOUSE]   RPC https://base-rpc.publicno failed: Error: Failed to estimate gas: server returned an error response: error code -32000: insufficient funds for transfer

[07:53:46] [HOUSE]   Send empty (attempt 1)
[07:53:48] [HOUSE]   RPC https://base-mainnet.core failed: Error: Failed to estimate gas: server returned an error response: error code -32000: insufficient funds for transfer

[07:53:48] [HOUSE]   RPC https://base.drpc.org failed: Error: Failed to estimate gas: server returned an error response: error code -32003: insufficient funds for gas * price 
[07:53:52] [HOUSE]   RPC https://base-rpc.publicno failed: Error: Failed to estimate gas: server returned an error response: error code -32000: insufficient funds for transfer

[07:53:53] [HOUSE]   Send empty (attempt 2)
[07:53:55] [HOUSE]   RPC https://base-mainnet.core failed: Error: Failed to estimate gas: server returned an error response: error code -32000: insufficient funds for transfer

[07:53:56] [HOUSE]   RPC https://base.drpc.org failed: Error: Failed to estimate gas: server returned an error response: error code -32003: insufficient funds for gas * price 
[07:53:57] [HOUSE]   RPC https://base-rpc.publicno failed: Error: Failed to estimate gas: server returned an error response: error code -32000: insufficient funds for transfer

[07:53:58] [HOUSE]   Send empty (attempt 3)
[07:53:59] [HOUSE]   UNDER FAILED
[07:55:01] [HOUSE] Seeding 0x3580446dC7...
[07:55:02] [HOUSE]   RPC https://base-mainnet.core failed: Error: Failed to estimate gas: server returned an error response: error code -32000: insufficient funds for transfer

[07:55:03] [HOUSE]   RPC https://base.drpc.org failed: Error: Failed to estimate gas: server returned an error response: error code -32003: insufficient funds for gas * price 
[07:55:05] [HOUSE]   RPC https://base-rpc.publicno failed: Error: Failed to estimate gas: server returned an error response: error code -32000: insufficient funds for transfer

[07:55:05] [HOUSE]   Send empty (attempt 1)
[07:55:07] [HOUSE]   RPC https://base-mainnet.core failed: Error: Failed to estimate gas: server returned an error response: error code -32000: insufficient funds for transfer

[07:55:08] [HOUSE]   RPC https://base.drpc.org failed: Error: Failed to estimate gas: server returned an error response: error code -32003: insufficient funds for gas * price 
[07:55:15] [HOUSE]   RPC https://base-rpc.publicno failed: Error: Failed to estimate gas: server returned an error response: error code -32000: insufficient funds for transfer

[07:55:15] [HOUSE]   Send empty (attempt 2)
[07:55:17] [HOUSE]   RPC https://base-mainnet.core failed: Error: Failed to estimate gas: server returned an error response: error code -32000: insufficient funds for transfer

[07:55:18] [HOUSE]   RPC https://base.drpc.org failed: Error: Failed to estimate gas: server returned an error response: error code -32003: insufficient funds for gas * price 
[07:55:19] [HOUSE]   RPC https://base-rpc.publicno failed: Error: Failed to estimate gas: server returned an error response: error code -32000: insufficient funds for transfer

[07:55:20] [HOUSE]   Send empty (attempt 3)
[07:55:21] [HOUSE]   UNDER FAILED
[07:56:22] [HOUSE] Skip 0x3580446dC7 — lockTime passed (12s ago)
[07:59:40] [HOUSE] Seeding 0x02389BD635...
[07:59:41] [HOUSE]   RPC https://base-mainnet.core failed: Error: Failed to estimate gas: server returned an error response: error code -32000: insufficient funds for transfer

[07:59:42] [HOUSE]   RPC https://base.drpc.org failed: Error: Failed to estimate gas: server returned an error response: error code -32003: insufficient funds for gas * price 
[07:59:51] [HOUSE]   RPC https://base-rpc.publicno failed: Error: Failed to estimate gas: server returned an error response: error code -32000: insufficient funds for transfer

[07:59:52] [HOUSE]   Send empty (attempt 1)
[07:59:54] [HOUSE]   RPC https://base-mainnet.core failed: Error: Failed to estimate gas: server returned an error response: error code -32000: insufficient funds for transfer

[07:59:55] [HOUSE]   RPC https://base.drpc.org failed: Error: Failed to estimate gas: server returned an error response: error code -32003: insufficient funds for gas * price 
[07:59:56] [HOUSE]   RPC https://base-rpc.publicno failed: Error: Failed to estimate gas: server returned an error response: error code -32000: insufficient funds for transfer

[07:59:56] [HOUSE]   Send empty (attempt 2)
[07:59:59] [HOUSE]   RPC https://base-mainnet.core failed: Error: Failed to estimate gas: server returned an error response: error code -32000: insufficient funds for transfer

[07:59:59] [HOUSE]   RPC https://base.drpc.org failed: Error: Failed to estimate gas: server returned an error response: error code -32003: insufficient funds for gas * price 
[08:00:03] [HOUSE]   RPC https://base-rpc.publicno failed: Error: Failed to estimate gas: server returned an error response: error code -32000: insufficient funds for transfer

[08:00:04] [HOUSE]   Send empty (attempt 3)
[08:00:05] [HOUSE]   UNDER FAILED
[08:01:07] [HOUSE] Seeding 0x02389BD635...
[08:01:08] [HOUSE]   RPC https://base-mainnet.core failed: Error: Failed to estimate gas: server returned an error response: error code -32000: insufficient funds for transfer

[08:01:09] [HOUSE]   RPC https://base.drpc.org failed: Error: Failed to estimate gas: server returned an error response: error code -32003: insufficient funds for gas * price 
[08:01:11] [HOUSE]   RPC https://base-rpc.publicno failed: Error: Failed to estimate gas: server returned an error response: error code -32000: insufficient funds for transfer

[08:01:12] [HOUSE]   Send empty (attempt 1)
[08:01:14] [HOUSE]   RPC https://base-mainnet.core failed: Error: Failed to estimate gas: server returned an error response: error code -32000: insufficient funds for transfer

[08:01:15] [HOUSE]   RPC https://base.drpc.org failed: Error: Failed to estimate gas: server returned an error response: error code -32003: insufficient funds for gas * price 
[08:01:16] [HOUSE]   RPC https://base-rpc.publicno failed: Error: Failed to estimate gas: server returned an error response: error code -32000: insufficient funds for transfer

[08:01:17] [HOUSE]   Send empty (attempt 2)
[08:01:19] [HOUSE]   RPC https://base-mainnet.core failed: Error: Failed to estimate gas: server returned an error response: error code -32000: insufficient funds for transfer

[08:01:20] [HOUSE]   RPC https://base.drpc.org failed: Error: Failed to estimate gas: server returned an error response: error code -32003: insufficient funds for gas * price 
[08:01:21] [HOUSE]   RPC https://base-rpc.publicno failed: Error: Failed to estimate gas: server returned an error response: error code -32000: insufficient funds for transfer

[08:01:21] [HOUSE]   Send empty (attempt 3)
[08:01:22] [HOUSE]   UNDER FAILED
[08:02:25] [HOUSE] Skip 0x02389BD635 — lockTime passed (16s ago)
[08:05:31] [HOUSE] Seeding 0xE916969a37...
[08:05:33] [HOUSE]   RPC https://base-mainnet.core failed: Error: Failed to estimate gas: server returned an error response: error code -32000: insufficient funds for transfer

[08:05:34] [HOUSE]   RPC https://base.drpc.org failed: Error: Failed to estimate gas: server returned an error response: error code -32003: insufficient funds for gas * price 
[08:05:36] [HOUSE]   RPC https://base-rpc.publicno failed: Error: Failed to estimate gas: server returned an error response: error code -32000: insufficient funds for transfer

[08:05:36] [HOUSE]   Send empty (attempt 1)
[08:05:39] [HOUSE]   RPC https://base-mainnet.core failed: Error: Failed to estimate gas: server returned an error response: error code -32000: insufficient funds for transfer

[08:05:39] [HOUSE]   RPC https://base.drpc.org failed: Error: Failed to estimate gas: server returned an error response: error code -32003: insufficient funds for gas * price 
[08:05:41] [HOUSE]   RPC https://base-rpc.publicno failed: Error: Failed to estimate gas: server returned an error response: error code -32000: insufficient funds for transfer

[08:05:41] [HOUSE]   Send empty (attempt 2)
[08:05:44] [HOUSE]   RPC https://base-mainnet.core failed: Error: Failed to estimate gas: server returned an error response: error code -32000: insufficient funds for transfer

[08:05:45] [HOUSE]   RPC https://base.drpc.org failed: Error: Failed to estimate gas: server returned an error response: error code -32003: insufficient funds for gas * price 
[08:05:46] [HOUSE]   RPC https://base-rpc.publicno failed: Error: Failed to estimate gas: server returned an error response: error code -32000: insufficient funds for transfer

[08:05:47] [HOUSE]   Send empty (attempt 3)
[08:05:48] [HOUSE]   UNDER FAILED
[08:06:49] [HOUSE] Seeding 0xE916969a37...
[08:06:51] [HOUSE]   RPC https://base-mainnet.core failed: Error: Failed to estimate gas: server returned an error response: error code -32000: insufficient funds for transfer

[08:06:52] [HOUSE]   RPC https://base.drpc.org failed: Error: Failed to estimate gas: server returned an error response: error code -32003: insufficient funds for gas * price 
[08:06:53] [HOUSE]   RPC https://base-rpc.publicno failed: Error: Failed to estimate gas: server returned an error response: error code -32000: insufficient funds for transfer

[08:06:54] [HOUSE]   Send empty (attempt 1)
[08:06:56] [HOUSE]   RPC https://base-mainnet.core failed: Error: Failed to estimate gas: server returned an error response: error code -32000: insufficient funds for transfer

[08:06:57] [HOUSE]   RPC https://base.drpc.org failed: Error: Failed to estimate gas: server returned an error response: error code -32003: insufficient funds for gas * price 
[08:06:58] [HOUSE]   RPC https://base-rpc.publicno failed: Error: Failed to estimate gas: server returned an error response: error code -32000: insufficient funds for transfer

[08:06:59] [HOUSE]   Send empty (attempt 2)
[08:07:01] [HOUSE]   RPC https://base-mainnet.core failed: Error: Failed to estimate gas: server returned an error response: error code -32000: insufficient funds for transfer

[08:07:02] [HOUSE]   RPC https://base.drpc.org failed: Error: Failed to estimate gas: server returned an error response: error code -32003: insufficient funds for gas * price 
[08:07:04] [HOUSE]   RPC https://base-rpc.publicno failed: Error: Failed to estimate gas: server returned an error response: error code -32000: insufficient funds for transfer

[08:07:05] [HOUSE]   Send empty (attempt 3)
[08:07:06] [HOUSE]   UNDER FAILED
[08:08:08] [HOUSE] Skip 0xE916969a37 — lockTime passed (7s ago)
[08:11:27] [HOUSE] Seeding 0xF689E6E146...
[08:11:28] [HOUSE]   RPC https://base-mainnet.core failed: Error: Failed to estimate gas: server returned an error response: error code -32000: insufficient funds for transfer

[08:11:29] [HOUSE]   RPC https://base.drpc.org failed: Error: Failed to estimate gas: server returned an error response: error code -32003: insufficient funds for gas * price 
[08:11:38] [HOUSE]   RPC https://base-rpc.publicno failed: Error: Failed to estimate gas: server returned an error response: error code -32000: insufficient funds for transfer

[08:11:39] [HOUSE]   Send empty (attempt 1)
[08:11:41] [HOUSE]   RPC https://base-mainnet.core failed: Error: Failed to estimate gas: server returned an error response: error code -32000: insufficient funds for transfer

[08:11:42] [HOUSE]   RPC https://base.drpc.org failed: Error: Failed to estimate gas: server returned an error response: error code -32003: insufficient funds for gas * price 
[08:11:43] [HOUSE]   RPC https://base-rpc.publicno failed: Error: Failed to estimate gas: server returned an error response: error code -32000: insufficient funds for transfer

[08:11:44] [HOUSE]   Send empty (attempt 2)
[08:11:46] [HOUSE]   RPC https://base-mainnet.core failed: Error: Failed to estimate gas: server returned an error response: error code -32000: insufficient funds for transfer

[08:11:47] [HOUSE]   RPC https://base.drpc.org failed: Error: Failed to estimate gas: server returned an error response: error code -32003: insufficient funds for gas * price 
[08:11:48] [HOUSE]   RPC https://base-rpc.publicno failed: Error: Failed to estimate gas: server returned an error response: error code -32000: insufficient funds for transfer

[08:11:48] [HOUSE]   Send empty (attempt 3)
[08:11:49] [HOUSE]   UNDER FAILED
[08:12:52] [HOUSE] Seeding 0xF689E6E146...
[08:12:53] [HOUSE]   RPC https://base-mainnet.core failed: Error: Failed to estimate gas: server returned an error response: error code -32000: insufficient funds for transfer

[08:12:54] [HOUSE]   RPC https://base.drpc.org failed: Error: Failed to estimate gas: server returned an error response: error code -32003: insufficient funds for gas * price 
[08:12:55] [HOUSE]   RPC https://base-rpc.publicno failed: Error: Failed to estimate gas: server returned an error response: error code -32000: insufficient funds for transfer

[08:12:56] [HOUSE]   Send empty (attempt 1)
[08:12:58] [HOUSE]   RPC https://base-mainnet.core failed: Error: Failed to estimate gas: server returned an error response: error code -32000: insufficient funds for transfer

[08:12:59] [HOUSE]   RPC https://base.drpc.org failed: Error: Failed to estimate gas: server returned an error response: error code -32003: insufficient funds for gas * price 
[08:13:06] [HOUSE]   RPC https://base-rpc.publicno failed: Error: Failed to estimate gas: server returned an error response: error code -32000: insufficient funds for transfer

[08:13:07] [HOUSE]   Send empty (attempt 2)
[08:13:09] [HOUSE]   RPC https://base-mainnet.core failed: Error: Failed to estimate gas: server returned an error response: error code -32000: insufficient funds for transfer

[08:13:10] [HOUSE]   RPC https://base.drpc.org failed: Error: Failed to estimate gas: server returned an error response: error code -32003: insufficient funds for gas * price 
[08:13:12] [HOUSE]   RPC https://base-rpc.publicno failed: Error: Failed to estimate gas: server returned an error response: error code -32000: insufficient funds for transfer

[08:13:13] [HOUSE]   Send empty (attempt 3)
[08:13:14] [HOUSE]   UNDER FAILED
[08:14:15] [HOUSE] Skip 0xF689E6E146 — lockTime passed (20s ago)
[08:17:22] [HOUSE] Seeding 0x2A5Ce17FD6...
[08:17:23] [HOUSE]   RPC https://base-mainnet.core failed: Error: Failed to estimate gas: server returned an error response: error code -32000: insufficient funds for transfer

[08:17:24] [HOUSE]   RPC https://base.drpc.org failed: Error: Failed to estimate gas: server returned an error response: error code -32003: insufficient funds for gas * price 
[08:17:25] [HOUSE]   RPC https://base-rpc.publicno failed: Error: Failed to estimate gas: server returned an error response: error code -32000: insufficient funds for transfer

[08:17:26] [HOUSE]   Send empty (attempt 1)
[08:17:28] [HOUSE]   RPC https://base-mainnet.core failed: Error: Failed to estimate gas: server returned an error response: error code -32000: insufficient funds for transfer

[08:17:29] [HOUSE]   RPC https://base.drpc.org failed: Error: Failed to estimate gas: server returned an error response: error code -32003: insufficient funds for gas * price 
[08:17:31] [HOUSE]   RPC https://base-rpc.publicno failed: Error: Failed to estimate gas: server returned an error response: error code -32000: insufficient funds for transfer

[08:17:32] [HOUSE]   Send empty (attempt 2)
[08:17:34] [HOUSE]   RPC https://base-mainnet.core failed: Error: Failed to estimate gas: server returned an error response: error code -32000: insufficient funds for transfer

[08:17:35] [HOUSE]   RPC https://base.drpc.org failed: Error: Failed to estimate gas: server returned an error response: error code -32003: insufficient funds for gas * price 
[08:17:36] [HOUSE]   RPC https://base-rpc.publicno failed: Error: Failed to estimate gas: server returned an error response: error code -32000: insufficient funds for transfer

[08:17:37] [HOUSE]   Send empty (attempt 3)
[08:17:38] [HOUSE]   UNDER FAILED
[08:18:39] [HOUSE] Seeding 0x2A5Ce17FD6...
[08:18:41] [HOUSE]   RPC https://base-mainnet.core failed: Error: Failed to estimate gas: server returned an error response: error code -32000: insufficient funds for transfer

[08:18:41] [HOUSE]   RPC https://base.drpc.org failed: Error: Failed to estimate gas: server returned an error response: error code -32003: insufficient funds for gas * price 
[08:18:43] [HOUSE]   RPC https://base-rpc.publicno failed: Error: Failed to estimate gas: server returned an error response: error code -32000: insufficient funds for transfer

[08:18:43] [HOUSE]   Send empty (attempt 1)
[08:18:46] [HOUSE]   RPC https://base-mainnet.core failed: Error: Failed to estimate gas: server returned an error response: error code -32000: insufficient funds for transfer

[08:18:46] [HOUSE]   RPC https://base.drpc.org failed: Error: Failed to estimate gas: server returned an error response: error code -32003: insufficient funds for gas * price 
[08:18:48] [HOUSE]   RPC https://base-rpc.publicno failed: Error: Failed to estimate gas: server returned an error response: error code -32000: insufficient funds for transfer

[08:18:48] [HOUSE]   Send empty (attempt 2)
[08:18:50] [HOUSE]   RPC https://base-mainnet.core failed: Error: Failed to estimate gas: server returned an error response: error code -32000: insufficient funds for transfer

[08:18:51] [HOUSE]   RPC https://base.drpc.org failed: Error: Failed to estimate gas: server returned an error response: error code -32003: insufficient funds for gas * price 
[08:18:52] [HOUSE]   RPC https://base-rpc.publicno failed: Error: Failed to estimate gas: server returned an error response: error code -32000: insufficient funds for transfer

[08:18:53] [HOUSE]   Send empty (attempt 3)
[08:18:54] [HOUSE]   UNDER FAILED
[08:19:55] [HOUSE] Skip 0x2A5Ce17FD6 — lockTime passed (6s ago)
[08:23:10] [HOUSE] Seeding 0x2B9217E2bf...
[08:23:11] [HOUSE]   RPC https://base-mainnet.core failed: Error: Failed to estimate gas: server returned an error response: error code -32000: insufficient funds for transfer

[08:23:12] [HOUSE]   RPC https://base.drpc.org failed: Error: Failed to estimate gas: server returned an error response: error code -32003: insufficient funds for gas * price 
[08:23:15] [HOUSE]   RPC https://base-rpc.publicno failed: Error: Failed to estimate gas: server returned an error response: error code -32000: insufficient funds for transfer

[08:23:15] [HOUSE]   Send empty (attempt 1)
[08:23:17] [HOUSE]   RPC https://base-mainnet.core failed: Error: Failed to estimate gas: server returned an error response: error code -32000: insufficient funds for transfer

[08:23:18] [HOUSE]   RPC https://base.drpc.org failed: Error: Failed to estimate gas: server returned an error response: error code -32003: insufficient funds for gas * price 
[08:23:21] [HOUSE]   RPC https://base-rpc.publicno failed: Error: Failed to estimate gas: server returned an error response: error code -32000: insufficient funds for transfer

[08:23:21] [HOUSE]   Send empty (attempt 2)
[08:23:23] [HOUSE]   RPC https://base-mainnet.core failed: Error: Failed to estimate gas: server returned an error response: error code -32000: insufficient funds for transfer

[08:23:24] [HOUSE]   RPC https://base.drpc.org failed: Error: Failed to estimate gas: server returned an error response: error code -32003: insufficient funds for gas * price 
[08:23:27] [HOUSE]   RPC https://base-rpc.publicno failed: Error: Failed to estimate gas: server returned an error response: error code -32000: insufficient funds for transfer

[08:23:27] [HOUSE]   Send empty (attempt 3)
[08:23:28] [HOUSE]   UNDER FAILED
[08:24:30] [HOUSE] Seeding 0x2B9217E2bf...
[08:24:31] [HOUSE]   RPC https://base-mainnet.core failed: Error: Failed to estimate gas: server returned an error response: error code -32000: insufficient funds for transfer

[08:24:32] [HOUSE]   RPC https://base.drpc.org failed: Error: Failed to estimate gas: server returned an error response: error code -32003: insufficient funds for gas * price 
[08:24:33] [HOUSE]   RPC https://base-rpc.publicno failed: Error: Failed to estimate gas: server returned an error response: error code -32000: insufficient funds for transfer

[08:24:34] [HOUSE]   Send empty (attempt 1)
[08:24:36] [HOUSE]   RPC https://base-mainnet.core failed: Error: Failed to estimate gas: server returned an error response: error code -32000: insufficient funds for transfer

[08:24:37] [HOUSE]   RPC https://base.drpc.org failed: Error: Failed to estimate gas: server returned an error response: error code -32003: insufficient funds for gas * price 
[08:24:40] [HOUSE]   RPC https://base-rpc.publicno failed: Error: Failed to estimate gas: server returned an error response: error code -32000: insufficient funds for transfer

[08:24:41] [HOUSE]   Send empty (attempt 2)
[08:24:43] [HOUSE]   RPC https://base-mainnet.core failed: Error: Failed to estimate gas: server returned an error response: error code -32000: insufficient funds for transfer

[08:24:44] [HOUSE]   RPC https://base.drpc.org failed: Error: Failed to estimate gas: server returned an error response: error code -32003: insufficient funds for gas * price 
[08:24:45] [HOUSE]   RPC https://base-rpc.publicno failed: Error: Failed to estimate gas: server returned an error response: error code -32000: insufficient funds for transfer

[08:24:46] [HOUSE]   Send empty (attempt 3)
[08:24:47] [HOUSE]   UNDER FAILED
[08:25:49] [HOUSE] Skip 0x2B9217E2bf — lockTime passed (10s ago)
[08:29:03] [HOUSE] Seeding 0x64240a09E8...
[08:29:04] [HOUSE]   RPC https://base-mainnet.core failed: Error: Failed to estimate gas: server returned an error response: error code -32000: insufficient funds for transfer

[08:29:05] [HOUSE]   RPC https://base.drpc.org failed: Error: Failed to estimate gas: server returned an error response: error code -32003: insufficient funds for gas * price 
[08:29:07] [HOUSE]   RPC https://base-rpc.publicno failed: Error: Failed to estimate gas: server returned an error response: error code -32000: insufficient funds for transfer

[08:29:07] [HOUSE]   Send empty (attempt 1)
[08:29:09] [HOUSE]   RPC https://base-mainnet.core failed: Error: Failed to estimate gas: server returned an error response: error code -32000: insufficient funds for transfer

[08:29:10] [HOUSE]   RPC https://base.drpc.org failed: Error: Failed to estimate gas: server returned an error response: error code -32003: insufficient funds for gas * price 
[08:29:11] [HOUSE]   RPC https://base-rpc.publicno failed: Error: Failed to estimate gas: server returned an error response: error code -32000: insufficient funds for transfer

[08:29:12] [HOUSE]   Send empty (attempt 2)
[08:29:14] [HOUSE]   RPC https://base-mainnet.core failed: Error: Failed to estimate gas: server returned an error response: error code -32000: insufficient funds for transfer

[08:29:15] [HOUSE]   RPC https://base.drpc.org failed: Error: Failed to estimate gas: server returned an error response: error code -32003: insufficient funds for gas * price 
[08:29:17] [HOUSE]   RPC https://base-rpc.publicno failed: Error: Failed to estimate gas: server returned an error response: error code -32000: insufficient funds for transfer

[08:29:17] [HOUSE]   Send empty (attempt 3)
[08:29:18] [HOUSE]   UNDER FAILED
[08:30:20] [HOUSE] Seeding 0x64240a09E8...
[08:30:21] [HOUSE]   RPC https://base-mainnet.core failed: Error: Failed to estimate gas: server returned an error response: error code -32000: insufficient funds for transfer

[08:30:23] [HOUSE]   RPC https://base.drpc.org failed: Error: HTTP error 500 with body: {"id":1,"jsonrpc":"2.0","error":{"message":"Temporary internal error. Please retry, tra
[08:30:28] [HOUSE]   RPC https://base-rpc.publicno failed: Error: Failed to estimate gas: server returned an error response: error code -32000: insufficient funds for transfer

[08:30:28] [HOUSE]   Send empty (attempt 1)
[08:30:31] [HOUSE]   RPC https://base-mainnet.core failed: Error: Failed to estimate gas: server returned an error response: error code -32000: insufficient funds for transfer

[08:30:31] [HOUSE]   RPC https://base.drpc.org failed: Error: Failed to estimate gas: server returned an error response: error code -32003: insufficient funds for gas * price 
[08:30:33] [HOUSE]   RPC https://base-rpc.publicno failed: Error: Failed to estimate gas: server returned an error response: error code -32000: insufficient funds for transfer

[08:30:33] [HOUSE]   Send empty (attempt 2)
[08:30:35] [HOUSE]   RPC https://base-mainnet.core failed: Error: Failed to estimate gas: server returned an error response: error code -32000: insufficient funds for transfer

[08:30:37] [HOUSE]   RPC https://base.drpc.org failed: Error: Failed to estimate gas: server returned an error response: error code -32003: insufficient funds for gas * price 
[08:30:43] [HOUSE]   RPC https://base-rpc.publicno failed: Error: Failed to estimate gas: server returned an error response: error code -32000: insufficient funds for transfer

[08:30:44] [HOUSE]   Send empty (attempt 3)
[08:30:45] [HOUSE]   UNDER FAILED
[08:31:47] [HOUSE] Skip 0x64240a09E8 — lockTime passed (16s ago)
[08:34:54] [HOUSE] Seeding 0x8e4E9d37BB...
[08:34:56] [HOUSE]   RPC https://base-mainnet.core failed: Error: Failed to estimate gas: server returned an error response: error code -32000: insufficient funds for transfer

[08:34:56] [HOUSE]   RPC https://base.drpc.org failed: Error: Failed to estimate gas: server returned an error response: error code -32003: insufficient funds for gas * price 
[08:34:58] [HOUSE]   RPC https://base-rpc.publicno failed: Error: Failed to estimate gas: server returned an error response: error code -32000: insufficient funds for transfer

[08:34:58] [HOUSE]   Send empty (attempt 1)
[08:35:01] [HOUSE]   RPC https://base-mainnet.core failed: Error: Failed to estimate gas: server returned an error response: error code -32000: insufficient funds for transfer

[08:35:02] [HOUSE]   RPC https://base.drpc.org failed: Error: Failed to estimate gas: server returned an error response: error code -32003: insufficient funds for gas * price 
[08:35:03] [HOUSE]   RPC https://base-rpc.publicno failed: Error: Failed to estimate gas: server returned an error response: error code -32000: insufficient funds for transfer

[08:35:04] [HOUSE]   Send empty (attempt 2)
[08:35:06] [HOUSE]   RPC https://base-mainnet.core failed: Error: Failed to estimate gas: server returned an error response: error code -32000: insufficient funds for transfer

[08:35:07] [HOUSE]   RPC https://base.drpc.org failed: Error: Failed to estimate gas: server returned an error response: error code -32003: insufficient funds for gas * price 
[08:35:08] [HOUSE]   RPC https://base-rpc.publicno failed: Error: Failed to estimate gas: server returned an error response: error code -32000: insufficient funds for transfer

[08:35:09] [HOUSE]   Send empty (attempt 3)
[08:35:10] [HOUSE]   UNDER FAILED
[08:36:12] [HOUSE] Seeding 0x8e4E9d37BB...
[08:36:13] [HOUSE]   RPC https://base-mainnet.core failed: Error: Failed to estimate gas: server returned an error response: error code -32000: insufficient funds for transfer

[08:36:13] [HOUSE]   RPC https://base.drpc.org failed: Error: Failed to estimate gas: server returned an error response: error code -32003: insufficient funds for gas * price 
[08:36:15] [HOUSE]   RPC https://base-rpc.publicno failed: Error: Failed to estimate gas: server returned an error response: error code -32000: insufficient funds for transfer

[08:36:15] [HOUSE]   Send empty (attempt 1)
[08:36:18] [HOUSE]   RPC https://base-mainnet.core failed: Error: Failed to estimate gas: server returned an error response: error code -32000: insufficient funds for transfer

[08:36:18] [HOUSE]   RPC https://base.drpc.org failed: Error: Failed to estimate gas: server returned an error response: error code -32003: insufficient funds for gas * price 
[08:36:23] [HOUSE]   RPC https://base-rpc.publicno failed: Error: Failed to estimate gas: server returned an error response: error code -32000: insufficient funds for transfer

[08:36:23] [HOUSE]   Send empty (attempt 2)
[08:36:26] [HOUSE]   RPC https://base-mainnet.core failed: Error: Failed to estimate gas: server returned an error response: error code -32000: insufficient funds for transfer

[08:36:27] [HOUSE]   RPC https://base.drpc.org failed: Error: Failed to estimate gas: server returned an error response: error code -32003: insufficient funds for gas * price 
[08:36:28] [HOUSE]   RPC https://base-rpc.publicno failed: Error: Failed to estimate gas: server returned an error response: error code -32000: insufficient funds for transfer

[08:36:28] [HOUSE]   Send empty (attempt 3)
[08:36:29] [HOUSE]   UNDER FAILED
[08:37:31] [HOUSE] Skip 0x8e4E9d37BB — lockTime passed (8s ago)
[08:40:51] [HOUSE] Seeding 0x8d194e0f22...
[08:40:52] [HOUSE]   RPC https://base-mainnet.core failed: Error: Failed to estimate gas: server returned an error response: error code -32000: insufficient funds for transfer

[08:40:54] [HOUSE]   RPC https://base.drpc.org failed: Error: Failed to estimate gas: HTTP error 500 with body: {"id":3,"jsonrpc":"2.0","error":{"message":"Temporary internal 
[08:40:55] [HOUSE]   RPC https://base-rpc.publicno failed: Error: Failed to estimate gas: server returned an error response: error code -32000: insufficient funds for transfer

[08:40:56] [HOUSE]   Send empty (attempt 1)
[08:40:58] [HOUSE]   RPC https://base-mainnet.core failed: Error: Failed to estimate gas: server returned an error response: error code -32000: insufficient funds for transfer

[08:41:00] [HOUSE]   RPC https://base.drpc.org failed: Error: Failed to estimate gas: server returned an error response: error code -32003: insufficient funds for gas * price 
[08:41:01] [HOUSE]   RPC https://base-rpc.publicno failed: Error: Failed to estimate gas: server returned an error response: error code -32000: insufficient funds for transfer

[08:41:01] [HOUSE]   Send empty (attempt 2)
[08:41:03] [HOUSE]   RPC https://base-mainnet.core failed: Error: Failed to estimate gas: server returned an error response: error code -32000: insufficient funds for transfer

[08:41:04] [HOUSE]   RPC https://base.drpc.org failed: Error: Failed to estimate gas: server returned an error response: error code -32003: insufficient funds for gas * price 
[08:41:07] [HOUSE]   RPC https://base-rpc.publicno failed: Error: Failed to estimate gas: server returned an error response: error code -32000: insufficient funds for transfer

[08:41:07] [HOUSE]   Send empty (attempt 3)
[08:41:08] [HOUSE]   UNDER FAILED
[08:42:10] [HOUSE] Seeding 0x8d194e0f22...
[08:42:11] [HOUSE]   RPC https://base-mainnet.core failed: Error: Failed to estimate gas: server returned an error response: error code -32000: insufficient funds for transfer

[08:42:12] [HOUSE]   RPC https://base.drpc.org failed: Error: Failed to estimate gas: server returned an error response: error code -32003: insufficient funds for gas * price 
[08:42:15] [HOUSE]   RPC https://base-rpc.publicno failed: Error: Failed to estimate gas: server returned an error response: error code -32000: insufficient funds for transfer

[08:42:15] [HOUSE]   Send empty (attempt 1)
[08:42:18] [HOUSE]   RPC https://base-mainnet.core failed: Error: Failed to estimate gas: server returned an error response: error code -32000: insufficient funds for transfer

[08:42:19] [HOUSE]   RPC https://base.drpc.org failed: Error: Failed to estimate gas: server returned an error response: error code -32003: insufficient funds for gas * price 
[08:42:20] [HOUSE]   RPC https://base-rpc.publicno failed: Error: Failed to estimate gas: server returned an error response: error code -32000: insufficient funds for transfer

[08:42:21] [HOUSE]   Send empty (attempt 2)
[08:42:23] [HOUSE]   RPC https://base-mainnet.core failed: Error: Failed to estimate gas: server returned an error response: error code -32000: insufficient funds for transfer

[08:42:24] [HOUSE]   RPC https://base.drpc.org failed: Error: Failed to estimate gas: server returned an error response: error code -32003: insufficient funds for gas * price 
[08:42:26] [HOUSE]   RPC https://base-rpc.publicno failed: Error: Failed to estimate gas: server returned an error response: error code -32000: insufficient funds for transfer

[08:42:26] [HOUSE]   Send empty (attempt 3)
[08:42:27] [HOUSE]   UNDER FAILED
[08:43:29] [HOUSE] Skip 0x8d194e0f22 — lockTime passed (10s ago)
[08:46:48] [HOUSE] Seeding 0xF357073851...
[08:46:49] [HOUSE]   RPC https://base-mainnet.core failed: Error: Failed to estimate gas: server returned an error response: error code -32000: insufficient funds for transfer

[08:46:50] [HOUSE]   RPC https://base.drpc.org failed: Error: Failed to estimate gas: server returned an error response: error code -32003: insufficient funds for gas * price 
[08:46:51] [HOUSE]   RPC https://base-rpc.publicno failed: Error: Failed to estimate gas: server returned an error response: error code -32000: insufficient funds for transfer

[08:46:52] [HOUSE]   Send empty (attempt 1)
[08:46:54] [HOUSE]   RPC https://base-mainnet.core failed: Error: Failed to estimate gas: server returned an error response: error code -32000: insufficient funds for transfer

[08:46:55] [HOUSE]   RPC https://base.drpc.org failed: Error: Failed to estimate gas: server returned an error response: error code -32003: insufficient funds for gas * price 
[08:46:56] [HOUSE]   RPC https://base-rpc.publicno failed: Error: Failed to estimate gas: server returned an error response: error code -32000: insufficient funds for transfer

[08:46:57] [HOUSE]   Send empty (attempt 2)
[08:46:59] [HOUSE]   RPC https://base-mainnet.core failed: Error: Failed to estimate gas: server returned an error response: error code -32000: insufficient funds for transfer

[08:47:00] [HOUSE]   RPC https://base.drpc.org failed: Error: Failed to estimate gas: server returned an error response: error code -32003: insufficient funds for gas * price 
[08:47:01] [HOUSE]   RPC https://base-rpc.publicno failed: Error: Failed to estimate gas: server returned an error response: error code -32000: insufficient funds for transfer

[08:47:01] [HOUSE]   Send empty (attempt 3)
[08:47:02] [HOUSE]   UNDER FAILED
[08:48:05] [HOUSE] Seeding 0xF357073851...
[08:48:06] [HOUSE]   RPC https://base-mainnet.core failed: Error: Failed to estimate gas: server returned an error response: error code -32000: insufficient funds for transfer

[08:48:07] [HOUSE]   RPC https://base.drpc.org failed: Error: Failed to estimate gas: server returned an error response: error code -32003: insufficient funds for gas * price 
[08:48:09] [HOUSE]   RPC https://base-rpc.publicno failed: Error: Failed to estimate gas: server returned an error response: error code -32000: insufficient funds for transfer

[08:48:09] [HOUSE]   Send empty (attempt 1)
[08:48:12] [HOUSE]   RPC https://base-mainnet.core failed: Error: Failed to estimate gas: server returned an error response: error code -32000: insufficient funds for transfer

[08:48:13] [HOUSE]   RPC https://base.drpc.org failed: Error: Failed to estimate gas: server returned an error response: error code -32003: insufficient funds for gas * price 
[08:48:16] [HOUSE]   RPC https://base-rpc.publicno failed: Error: Failed to estimate gas: server returned an error response: error code -32000: insufficient funds for transfer

[08:48:16] [HOUSE]   Send empty (attempt 2)
[08:48:19] [HOUSE]   RPC https://base-mainnet.core failed: Error: Failed to estimate gas: server returned an error response: error code -32000: insufficient funds for transfer

[08:48:19] [HOUSE]   RPC https://base.drpc.org failed: Error: Failed to estimate gas: server returned an error response: error code -32003: insufficient funds for gas * price 
[08:48:21] [HOUSE]   RPC https://base-rpc.publicno failed: Error: Failed to estimate gas: server returned an error response: error code -32000: insufficient funds for transfer

[08:48:21] [HOUSE]   Send empty (attempt 3)
[08:48:22] [HOUSE]   UNDER FAILED
[08:49:24] [HOUSE] Skip 0xF357073851 — lockTime passed (10s ago)
[08:52:42] [HOUSE] Seeding 0x5625E55Ca4...
[08:52:43] [HOUSE]   RPC https://base-mainnet.core failed: Error: Failed to estimate gas: server returned an error response: error code -32000: insufficient funds for transfer

[08:52:44] [HOUSE]   RPC https://base.drpc.org failed: Error: Failed to estimate gas: server returned an error response: error code -32003: insufficient funds for gas * price 
[08:52:46] [HOUSE]   RPC https://base-rpc.publicno failed: Error: Failed to estimate gas: server returned an error response: error code -32000: insufficient funds for transfer

[08:52:46] [HOUSE]   Send empty (attempt 1)
[08:52:49] [HOUSE]   RPC https://base-mainnet.core failed: Error: Failed to estimate gas: server returned an error response: error code -32000: insufficient funds for transfer

[08:52:49] [HOUSE]   RPC https://base.drpc.org failed: Error: Failed to estimate gas: server returned an error response: error code -32003: insufficient funds for gas * price 
[08:52:52] [HOUSE]   RPC https://base-rpc.publicno failed: Error: Failed to estimate gas: server returned an error response: error code -32000: insufficient funds for transfer

[08:52:52] [HOUSE]   Send empty (attempt 2)
[08:52:55] [HOUSE]   RPC https://base-mainnet.core failed: Error: Failed to estimate gas: server returned an error response: error code -32000: insufficient funds for transfer

[08:52:55] [HOUSE]   RPC https://base.drpc.org failed: Error: Failed to estimate gas: server returned an error response: error code -32003: insufficient funds for gas * price 
[08:52:57] [HOUSE]   RPC https://base-rpc.publicno failed: Error: Failed to estimate gas: server returned an error response: error code -32000: insufficient funds for transfer

[08:52:57] [HOUSE]   Send empty (attempt 3)
[08:52:58] [HOUSE]   UNDER FAILED
[08:54:01] [HOUSE] Seeding 0x5625E55Ca4...
[08:54:02] [HOUSE]   RPC https://base-mainnet.core failed: Error: Failed to estimate gas: server returned an error response: error code -32000: insufficient funds for transfer

[08:54:03] [HOUSE]   RPC https://base.drpc.org failed: Error: Failed to estimate gas: server returned an error response: error code -32003: insufficient funds for gas * price 
[08:54:08] [HOUSE]   RPC https://base-rpc.publicno failed: Error: Failed to estimate gas: server returned an error response: error code -32000: insufficient funds for transfer

[08:54:09] [HOUSE]   Send empty (attempt 1)
[08:54:11] [HOUSE]   RPC https://base-mainnet.core failed: Error: Failed to estimate gas: server returned an error response: error code -32000: insufficient funds for transfer

[08:54:12] [HOUSE]   RPC https://base.drpc.org failed: Error: Failed to estimate gas: server returned an error response: error code -32003: insufficient funds for gas * price 
[08:54:14] [HOUSE]   RPC https://base-rpc.publicno failed: Error: Failed to estimate gas: server returned an error response: error code -32000: insufficient funds for transfer

[08:54:15] [HOUSE]   Send empty (attempt 2)
[08:54:17] [HOUSE]   RPC https://base-mainnet.core failed: Error: Failed to estimate gas: server returned an error response: error code -32000: insufficient funds for transfer

[08:54:18] [HOUSE]   RPC https://base.drpc.org failed: Error: Failed to estimate gas: server returned an error response: error code -32003: insufficient funds for gas * price 
[08:54:21] [HOUSE]   RPC https://base-rpc.publicno failed: Error: Failed to estimate gas: server returned an error response: error code -32000: insufficient funds for transfer

[08:54:22] [HOUSE]   Send empty (attempt 3)
[08:54:23] [HOUSE]   UNDER FAILED
[08:55:26] [HOUSE] Skip 0x5625E55Ca4 — lockTime passed (17s ago)
[08:58:30] [HOUSE] Seeding 0xe358A37C2E...
[08:58:31] [HOUSE]   RPC https://base-mainnet.core failed: Error: Failed to estimate gas: server returned an error response: error code -32000: insufficient funds for transfer

[08:58:32] [HOUSE]   RPC https://base.drpc.org failed: Error: Failed to estimate gas: server returned an error response: error code -32003: insufficient funds for gas * price 
[08:58:33] [HOUSE]   RPC https://base-rpc.publicno failed: Error: Failed to estimate gas: server returned an error response: error code -32000: insufficient funds for transfer

[08:58:34] [HOUSE]   Send empty (attempt 1)
[08:58:36] [HOUSE]   RPC https://base-mainnet.core failed: Error: Failed to estimate gas: server returned an error response: error code -32000: insufficient funds for transfer

[08:58:37] [HOUSE]   RPC https://base.drpc.org failed: Error: Failed to estimate gas: server returned an error response: error code -32003: insufficient funds for gas * price 
[08:58:38] [HOUSE]   RPC https://base-rpc.publicno failed: Error: Failed to estimate gas: server returned an error response: error code -32000: insufficient funds for transfer

[08:58:39] [HOUSE]   Send empty (attempt 2)
[08:58:41] [HOUSE]   RPC https://base-mainnet.core failed: Error: Failed to estimate gas: server returned an error response: error code -32000: insufficient funds for transfer

[08:58:42] [HOUSE]   RPC https://base.drpc.org failed: Error: Failed to estimate gas: server returned an error response: error code -32003: insufficient funds for gas * price 
[08:58:50] [HOUSE]   RPC https://base-rpc.publicno failed: Error: Failed to estimate gas: server returned an error response: error code -32000: insufficient funds for transfer

[08:58:51] [HOUSE]   Send empty (attempt 3)
[08:58:52] [HOUSE]   UNDER FAILED
[08:59:53] [HOUSE] Seeding 0xe358A37C2E...
[08:59:55] [HOUSE]   RPC https://base-mainnet.core failed: Error: Failed to estimate gas: server returned an error response: error code -32000: insufficient funds for transfer

[08:59:56] [HOUSE]   RPC https://base.drpc.org failed: Error: Failed to estimate gas: server returned an error response: error code -32003: insufficient funds for gas * price 
[08:59:57] [HOUSE]   RPC https://base-rpc.publicno failed: Error: Failed to estimate gas: server returned an error response: error code -32000: insufficient funds for transfer

[08:59:58] [HOUSE]   Send empty (attempt 1)
[09:00:00] [HOUSE]   RPC https://base-mainnet.core failed: Error: Failed to estimate gas: server returned an error response: error code -32000: insufficient funds for transfer

[09:00:01] [HOUSE]   RPC https://base.drpc.org failed: Error: Failed to estimate gas: server returned an error response: error code -32003: insufficient funds for gas * price 
[09:00:03] [HOUSE]   RPC https://base-rpc.publicno failed: Error: Failed to estimate gas: server returned an error response: error code -32000: insufficient funds for transfer

[09:00:03] [HOUSE]   Send empty (attempt 2)
[09:00:06] [HOUSE]   RPC https://base-mainnet.core failed: Error: Failed to estimate gas: server returned an error response: error code -32000: insufficient funds for transfer

[09:00:06] [HOUSE]   RPC https://base.drpc.org failed: Error: Failed to estimate gas: server returned an error response: error code -32003: insufficient funds for gas * price 
[09:00:11] [HOUSE]   RPC https://base-rpc.publicno failed: Error: Failed to estimate gas: server returned an error response: error code -32000: insufficient funds for transfer

[09:00:11] [HOUSE]   Send empty (attempt 3)
[09:00:12] [HOUSE]   UNDER FAILED
[09:01:13] [HOUSE] Skip 0xe358A37C2E — lockTime passed (15s ago)
[09:04:25] [HOUSE] Seeding 0x1303EfE319...
[09:04:26] [HOUSE]   RPC https://base-mainnet.core failed: Error: Failed to estimate gas: server returned an error response: error code -32000: insufficient funds for transfer

[09:04:27] [HOUSE]   RPC https://base.drpc.org failed: Error: Failed to estimate gas: server returned an error response: error code -32003: insufficient funds for gas * price 
[09:04:29] [HOUSE]   RPC https://base-rpc.publicno failed: Error: Failed to estimate gas: server returned an error response: error code -32000: insufficient funds for transfer

[09:04:29] [HOUSE]   Send empty (attempt 1)
[09:04:32] [HOUSE]   RPC https://base-mainnet.core failed: Error: Failed to estimate gas: server returned an error response: error code -32000: insufficient funds for transfer

[09:04:33] [HOUSE]   RPC https://base.drpc.org failed: Error: Failed to estimate gas: server returned an error response: error code -32003: insufficient funds for gas * price 
[09:04:34] [HOUSE]   RPC https://base-rpc.publicno failed: Error: Failed to estimate gas: server returned an error response: error code -32000: insufficient funds for transfer

[09:04:35] [HOUSE]   Send empty (attempt 2)
[09:04:37] [HOUSE]   RPC https://base-mainnet.core failed: Error: Failed to estimate gas: server returned an error response: error code -32000: insufficient funds for transfer

[09:04:38] [HOUSE]   RPC https://base.drpc.org failed: Error: Failed to estimate gas: server returned an error response: error code -32003: insufficient funds for gas * price 
[09:04:39] [HOUSE]   RPC https://base-rpc.publicno failed: Error: Failed to estimate gas: server returned an error response: error code -32000: insufficient funds for transfer

[09:04:39] [HOUSE]   Send empty (attempt 3)
[09:04:40] [HOUSE]   UNDER FAILED
[09:05:43] [HOUSE] Seeding 0x1303EfE319...
[09:05:45] [HOUSE]   RPC https://base-mainnet.core failed: Error: Failed to estimate gas: server returned an error response: error code -32000: insufficient funds for transfer

[09:05:46] [HOUSE]   RPC https://base.drpc.org failed: Error: Failed to estimate gas: server returned an error response: error code -32003: insufficient funds for gas * price 
[09:05:47] [HOUSE]   RPC https://base-rpc.publicno failed: Error: Failed to estimate gas: server returned an error response: error code -32000: insufficient funds for transfer

[09:05:48] [HOUSE]   Send empty (attempt 1)
[09:05:50] [HOUSE]   RPC https://base-mainnet.core failed: Error: Failed to estimate gas: server returned an error response: error code -32000: insufficient funds for transfer

[09:05:51] [HOUSE]   RPC https://base.drpc.org failed: Error: Failed to estimate gas: server returned an error response: error code -32003: insufficient funds for gas * price 
[09:05:52] [HOUSE]   RPC https://base-rpc.publicno failed: Error: Failed to estimate gas: server returned an error response: error code -32000: insufficient funds for transfer

[09:05:53] [HOUSE]   Send empty (attempt 2)
[09:05:55] [HOUSE]   RPC https://base-mainnet.core failed: Error: Failed to estimate gas: server returned an error response: error code -32000: insufficient funds for transfer

[09:05:56] [HOUSE]   RPC https://base.drpc.org failed: Error: Failed to estimate gas: server returned an error response: error code -32003: insufficient funds for gas * price 
[09:05:57] [HOUSE]   RPC https://base-rpc.publicno failed: Error: Failed to estimate gas: server returned an error response: error code -32000: insufficient funds for transfer

[09:05:58] [HOUSE]   Send empty (attempt 3)
[09:05:59] [HOUSE]   UNDER FAILED
[09:07:02] [HOUSE] Skip 0x1303EfE319 — lockTime passed (10s ago)
[09:10:20] [HOUSE] Seeding 0x0124011312...
[09:10:21] [HOUSE]   RPC https://base-mainnet.core failed: Error: Failed to estimate gas: server returned an error response: error code -32000: insufficient funds for transfer

[09:10:22] [HOUSE]   RPC https://base.drpc.org failed: Error: Failed to estimate gas: server returned an error response: error code -32003: insufficient funds for gas * price 
[09:10:23] [HOUSE]   RPC https://base-rpc.publicno failed: Error: Failed to estimate gas: server returned an error response: error code -32000: insufficient funds for transfer

[09:10:24] [HOUSE]   Send empty (attempt 1)
[09:10:26] [HOUSE]   RPC https://base-mainnet.core failed: Error: Failed to estimate gas: server returned an error response: error code -32000: insufficient funds for transfer

[09:10:27] [HOUSE]   RPC https://base.drpc.org failed: Error: Failed to estimate gas: server returned an error response: error code -32003: insufficient funds for gas * price 
[09:10:28] [HOUSE]   RPC https://base-rpc.publicno failed: Error: Failed to estimate gas: server returned an error response: error code -32000: insufficient funds for transfer

[09:10:29] [HOUSE]   Send empty (attempt 2)
[09:10:31] [HOUSE]   RPC https://base-mainnet.core failed: Error: Failed to estimate gas: server returned an error response: error code -32000: insufficient funds for transfer

[09:10:32] [HOUSE]   RPC https://base.drpc.org failed: Error: Failed to estimate gas: server returned an error response: error code -32003: insufficient funds for gas * price 
[09:10:34] [HOUSE]   RPC https://base-rpc.publicno failed: Error: Failed to estimate gas: server returned an error response: error code -32000: insufficient funds for transfer

[09:10:34] [HOUSE]   Send empty (attempt 3)
[09:10:35] [HOUSE]   UNDER FAILED
[09:11:36] [HOUSE] Seeding 0x0124011312...
[09:11:37] [HOUSE]   RPC https://base-mainnet.core failed: Error: Failed to estimate gas: server returned an error response: error code -32000: insufficient funds for transfer

[09:11:38] [HOUSE]   RPC https://base.drpc.org failed: Error: Failed to estimate gas: server returned an error response: error code -32003: insufficient funds for gas * price 
[09:11:47] [HOUSE]   RPC https://base-rpc.publicno failed: Error: Failed to estimate gas: server returned an error response: error code -32000: insufficient funds for transfer

[09:11:47] [HOUSE]   Send empty (attempt 1)
[09:11:50] [HOUSE]   RPC https://base-mainnet.core failed: Error: Failed to estimate gas: server returned an error response: error code -32000: insufficient funds for transfer

[09:11:51] [HOUSE]   RPC https://base.drpc.org failed: Error: Failed to estimate gas: server returned an error response: error code -32003: insufficient funds for gas * price 
[09:11:53] [HOUSE]   RPC https://base-rpc.publicno failed: Error: Failed to estimate gas: server returned an error response: error code -32000: insufficient funds for transfer

[09:11:53] [HOUSE]   Send empty (attempt 2)
[09:11:56] [HOUSE]   RPC https://base-mainnet.core failed: Error: Failed to estimate gas: server returned an error response: error code -32000: insufficient funds for transfer

[09:11:57] [HOUSE]   RPC https://base.drpc.org failed: Error: Failed to estimate gas: server returned an error response: error code -32003: insufficient funds for gas * price 
[09:11:58] [HOUSE]   RPC https://base-rpc.publicno failed: Error: Failed to estimate gas: server returned an error response: error code -32000: insufficient funds for transfer

[09:11:58] [HOUSE]   Send empty (attempt 3)
[09:11:59] [HOUSE]   UNDER FAILED
[09:13:01] [HOUSE] Skip 0x0124011312 — lockTime passed (12s ago)
[09:16:15] [HOUSE] Seeding 0x1C2071392D...
[09:16:16] [HOUSE]   RPC https://base-mainnet.core failed: Error: Failed to estimate gas: server returned an error response: error code -32000: insufficient funds for transfer

[09:16:17] [HOUSE]   RPC https://base.drpc.org failed: Error: Failed to estimate gas: server returned an error response: error code -32003: insufficient funds for gas * price 
[09:16:18] [HOUSE]   RPC https://base-rpc.publicno failed: Error: Failed to estimate gas: server returned an error response: error code -32000: insufficient funds for transfer

[09:16:19] [HOUSE]   Send empty (attempt 1)
[09:16:21] [HOUSE]   RPC https://base-mainnet.core failed: Error: Failed to estimate gas: server returned an error response: error code -32000: insufficient funds for transfer

[09:16:22] [HOUSE]   RPC https://base.drpc.org failed: Error: Failed to estimate gas: server returned an error response: error code -32003: insufficient funds for gas * price 
[09:16:23] [HOUSE]   RPC https://base-rpc.publicno failed: Error: Failed to estimate gas: server returned an error response: error code -32000: insufficient funds for transfer

[09:16:23] [HOUSE]   Send empty (attempt 2)
[09:16:26] [HOUSE]   RPC https://base-mainnet.core failed: Error: Failed to estimate gas: server returned an error response: error code -32000: insufficient funds for transfer

[09:16:26] [HOUSE]   RPC https://base.drpc.org failed: Error: Failed to estimate gas: server returned an error response: error code -32003: insufficient funds for gas * price 
[09:16:28] [HOUSE]   RPC https://base-rpc.publicno failed: Error: Failed to estimate gas: server returned an error response: error code -32000: insufficient funds for transfer

[09:16:28] [HOUSE]   Send empty (attempt 3)
[09:16:29] [HOUSE]   UNDER FAILED
[09:17:30] [HOUSE] Seeding 0x1C2071392D...
[09:17:31] [HOUSE]   RPC https://base-mainnet.core failed: Error: Failed to estimate gas: server returned an error response: error code -32000: insufficient funds for transfer

[09:17:32] [HOUSE]   RPC https://base.drpc.org failed: Error: Failed to estimate gas: server returned an error response: error code -32003: insufficient funds for gas * price 
[09:17:34] [HOUSE]   RPC https://base-rpc.publicno failed: Error: Failed to estimate gas: server returned an error response: error code -32000: insufficient funds for transfer

[09:17:34] [HOUSE]   Send empty (attempt 1)
[09:17:37] [HOUSE]   RPC https://base-mainnet.core failed: Error: Failed to estimate gas: server returned an error response: error code -32000: insufficient funds for transfer

[09:17:38] [HOUSE]   RPC https://base.drpc.org failed: Error: Failed to estimate gas: server returned an error response: error code -32003: insufficient funds for gas * price 
[09:17:39] [HOUSE]   RPC https://base-rpc.publicno failed: Error: Failed to estimate gas: server returned an error response: error code -32000: insufficient funds for transfer

[09:17:40] [HOUSE]   Send empty (attempt 2)
[09:17:42] [HOUSE]   RPC https://base-mainnet.core failed: Error: Failed to estimate gas: server returned an error response: error code -32000: insufficient funds for transfer

[09:17:43] [HOUSE]   RPC https://base.drpc.org failed: Error: Failed to estimate gas: server returned an error response: error code -32003: insufficient funds for gas * price 
[09:17:48] [HOUSE]   RPC https://base-rpc.publicno failed: Error: Failed to estimate gas: server returned an error response: error code -32000: insufficient funds for transfer

[09:17:49] [HOUSE]   Send empty (attempt 3)
[09:17:50] [HOUSE]   UNDER FAILED
[09:18:52] [HOUSE] Skip 0x1C2071392D — lockTime passed (9s ago)
[09:22:08] [HOUSE] Seeding 0x5E89C1D756...
[09:22:10] [HOUSE]   RPC https://base-mainnet.core failed: Error: Failed to estimate gas: server returned an error response: error code -32000: insufficient funds for transfer

[09:22:10] [HOUSE]   RPC https://base.drpc.org failed: Error: Failed to estimate gas: server returned an error response: error code -32003: insufficient funds for gas * price 
[09:22:13] [HOUSE]   RPC https://base-rpc.publicno failed: Error: Failed to estimate gas: server returned an error response: error code -32000: insufficient funds for transfer

[09:22:13] [HOUSE]   Send empty (attempt 1)
[09:22:15] [HOUSE]   RPC https://base-mainnet.core failed: Error: Failed to estimate gas: server returned an error response: error code -32000: insufficient funds for transfer

[09:22:16] [HOUSE]   RPC https://base.drpc.org failed: Error: Failed to estimate gas: server returned an error response: error code -32003: insufficient funds for gas * price 
[09:22:18] [HOUSE]   RPC https://base-rpc.publicno failed: Error: Failed to estimate gas: server returned an error response: error code -32000: insufficient funds for transfer

[09:22:19] [HOUSE]   Send empty (attempt 2)
[09:22:21] [HOUSE]   RPC https://base-mainnet.core failed: Error: Failed to estimate gas: server returned an error response: error code -32000: insufficient funds for transfer

[09:22:22] [HOUSE]   RPC https://base.drpc.org failed: Error: Failed to estimate gas: server returned an error response: error code -32003: insufficient funds for gas * price 
[09:22:24] [HOUSE]   RPC https://base-rpc.publicno failed: Error: Failed to estimate gas: server returned an error response: error code -32000: insufficient funds for transfer

[09:22:25] [HOUSE]   Send empty (attempt 3)
[09:22:26] [HOUSE]   UNDER FAILED
[09:23:27] [HOUSE] Seeding 0x5E89C1D756...
[09:23:28] [HOUSE]   RPC https://base-mainnet.core failed: Error: Failed to estimate gas: server returned an error response: error code -32000: insufficient funds for transfer

[09:23:29] [HOUSE]   RPC https://base.drpc.org failed: Error: Failed to estimate gas: server returned an error response: error code -32003: insufficient funds for gas * price 
[09:23:31] [HOUSE]   RPC https://base-rpc.publicno failed: Error: Failed to estimate gas: server returned an error response: error code -32000: insufficient funds for transfer

[09:23:31] [HOUSE]   Send empty (attempt 1)
[09:23:33] [HOUSE]   RPC https://base-mainnet.core failed: Error: Failed to estimate gas: server returned an error response: error code -32000: insufficient funds for transfer

[09:23:34] [HOUSE]   RPC https://base.drpc.org failed: Error: Failed to estimate gas: server returned an error response: error code -32003: insufficient funds for gas * price 
[09:23:36] [HOUSE]   RPC https://base-rpc.publicno failed: Error: Failed to estimate gas: server returned an error response: error code -32000: insufficient funds for transfer

[09:23:37] [HOUSE]   Send empty (attempt 2)
[09:23:39] [HOUSE]   RPC https://base-mainnet.core failed: Error: Failed to estimate gas: server returned an error response: error code -32000: insufficient funds for transfer

[09:23:40] [HOUSE]   RPC https://base.drpc.org failed: Error: Failed to estimate gas: server returned an error response: error code -32003: insufficient funds for gas * price 
[09:23:41] [HOUSE]   RPC https://base-rpc.publicno failed: Error: Failed to estimate gas: server returned an error response: error code -32000: insufficient funds for transfer

[09:23:42] [HOUSE]   Send empty (attempt 3)
[09:23:43] [HOUSE]   UNDER FAILED
[09:24:45] [HOUSE] Skip 0x5E89C1D756 — lockTime passed (9s ago)
[09:28:02] [HOUSE] Seeding 0xB2008bBa14...
[09:28:03] [HOUSE]   RPC https://base-mainnet.core failed: Error: Failed to estimate gas: server returned an error response: error code -32000: insufficient funds for transfer

[09:28:04] [HOUSE]   RPC https://base.drpc.org failed: Error: Failed to estimate gas: server returned an error response: error code -32003: insufficient funds for gas * price 
[09:28:07] [HOUSE]   RPC https://base-rpc.publicno failed: Error: Failed to estimate gas: server returned an error response: error code -32000: insufficient funds for transfer

[09:28:07] [HOUSE]   Send empty (attempt 1)
[09:28:09] [HOUSE]   RPC https://base-mainnet.core failed: Error: Failed to estimate gas: server returned an error response: error code -32000: insufficient funds for transfer

[09:28:10] [HOUSE]   RPC https://base.drpc.org failed: Error: Failed to estimate gas: server returned an error response: error code -32003: insufficient funds for gas * price 
[09:28:15] [HOUSE]   RPC https://base-rpc.publicno failed: Error: Failed to estimate gas: server returned an error response: error code -32000: insufficient funds for transfer

[09:28:16] [HOUSE]   Send empty (attempt 2)
[09:28:18] [HOUSE]   RPC https://base-mainnet.core failed: Error: Failed to estimate gas: server returned an error response: error code -32000: insufficient funds for transfer

[09:28:20] [HOUSE]   RPC https://base.drpc.org failed: Error: Failed to estimate gas: HTTP error 500 with body: {"id":3,"jsonrpc":"2.0","error":{"message":"Temporary internal 
[09:28:21] [HOUSE]   RPC https://base-rpc.publicno failed: Error: Failed to estimate gas: server returned an error response: error code -32000: insufficient funds for transfer

[09:28:21] [HOUSE]   Send empty (attempt 3)
[09:28:22] [HOUSE]   UNDER FAILED
[09:29:24] [HOUSE] Seeding 0xB2008bBa14...
[09:29:25] [HOUSE]   RPC https://base-mainnet.core failed: Error: Failed to estimate gas: server returned an error response: error code -32000: insufficient funds for transfer

[09:29:26] [HOUSE]   RPC https://base.drpc.org failed: Error: Failed to estimate gas: server returned an error response: error code -32003: insufficient funds for gas * price 
[09:29:26] [HOUSE]   RPC https://base-rpc.publicno failed: Error: Failed to estimate gas: server returned an error response: error code -32000: insufficient funds for transfer

[09:29:27] [HOUSE]   Send empty (attempt 1)
[09:29:29] [HOUSE]   RPC https://base-mainnet.core failed: Error: Failed to estimate gas: server returned an error response: error code -32000: insufficient funds for transfer

[09:29:30] [HOUSE]   RPC https://base.drpc.org failed: Error: Failed to estimate gas: server returned an error response: error code -32003: insufficient funds for gas * price 
[09:29:35] [HOUSE]   RPC https://base-rpc.publicno failed: Error: Failed to estimate gas: server returned an error response: error code -32000: insufficient funds for transfer

[09:29:35] [HOUSE]   Send empty (attempt 2)
[09:29:37] [HOUSE]   RPC https://base-mainnet.core failed: Error: Failed to estimate gas: server returned an error response: error code -32000: insufficient funds for transfer

[09:29:38] [HOUSE]   RPC https://base.drpc.org failed: Error: Failed to estimate gas: server returned an error response: error code -32003: insufficient funds for gas * price 
[09:29:40] [HOUSE]   RPC https://base-rpc.publicno failed: Error: Failed to estimate gas: server returned an error response: error code -32000: insufficient funds for transfer

[09:29:40] [HOUSE]   Send empty (attempt 3)
[09:29:41] [HOUSE]   UNDER FAILED
[09:30:43] [HOUSE] Skip 0xB2008bBa14 — lockTime passed (12s ago)
[09:33:56] [HOUSE] Seeding 0xf7f6C30b26...
[09:33:58] [HOUSE]   RPC https://base-mainnet.core failed: Error: Failed to estimate gas: server returned an error response: error code -32000: insufficient funds for transfer

[09:33:59] [HOUSE]   RPC https://base.drpc.org failed: Error: Failed to estimate gas: server returned an error response: error code -32003: insufficient funds for gas * price 
[09:34:02] [HOUSE]   RPC https://base-rpc.publicno failed: Error: Failed to estimate gas: server returned an error response: error code -32000: insufficient funds for transfer

[09:34:03] [HOUSE]   Send empty (attempt 1)
[09:34:05] [HOUSE]   RPC https://base-mainnet.core failed: Error: Failed to estimate gas: server returned an error response: error code -32000: insufficient funds for transfer

[09:34:06] [HOUSE]   RPC https://base.drpc.org failed: Error: Failed to estimate gas: server returned an error response: error code -32003: insufficient funds for gas * price 
[09:34:07] [HOUSE]   RPC https://base-rpc.publicno failed: Error: Failed to estimate gas: server returned an error response: error code -32000: insufficient funds for transfer

[09:34:08] [HOUSE]   Send empty (attempt 2)
[09:34:10] [HOUSE]   RPC https://base-mainnet.core failed: Error: Failed to estimate gas: server returned an error response: error code -32000: insufficient funds for transfer

[09:34:11] [HOUSE]   RPC https://base.drpc.org failed: Error: Failed to estimate gas: server returned an error response: error code -32003: insufficient funds for gas * price 
[09:34:13] [HOUSE]   RPC https://base-rpc.publicno failed: Error: Failed to estimate gas: server returned an error response: error code -32000: insufficient funds for transfer

[09:34:13] [HOUSE]   Send empty (attempt 3)
[09:34:14] [HOUSE]   UNDER FAILED
[09:35:16] [HOUSE] Seeding 0xf7f6C30b26...
[09:35:18] [HOUSE]   RPC https://base-mainnet.core failed: Error: Failed to estimate gas: server returned an error response: error code -32000: insufficient funds for transfer

[09:35:19] [HOUSE]   RPC https://base.drpc.org failed: Error: Failed to estimate gas: server returned an error response: error code -32003: insufficient funds for gas * price 
[09:35:20] [HOUSE]   RPC https://base-rpc.publicno failed: Error: Failed to estimate gas: server returned an error response: error code -32000: insufficient funds for transfer

[09:35:21] [HOUSE]   Send empty (attempt 1)
[09:35:23] [HOUSE]   RPC https://base-mainnet.core failed: Error: Failed to estimate gas: server returned an error response: error code -32000: insufficient funds for transfer

[09:35:24] [HOUSE]   RPC https://base.drpc.org failed: Error: Failed to estimate gas: server returned an error response: error code -32003: insufficient funds for gas * price 
[09:35:26] [HOUSE]   RPC https://base-rpc.publicno failed: Error: Failed to estimate gas: server returned an error response: error code -32000: insufficient funds for transfer

[09:35:26] [HOUSE]   Send empty (attempt 2)
[09:35:29] [HOUSE]   RPC https://base-mainnet.core failed: Error: Failed to estimate gas: server returned an error response: error code -32000: insufficient funds for transfer

[09:35:29] [HOUSE]   RPC https://base.drpc.org failed: Error: Failed to estimate gas: server returned an error response: error code -32003: insufficient funds for gas * price 
[09:35:31] [HOUSE]   RPC https://base-rpc.publicno failed: Error: Failed to estimate gas: server returned an error response: error code -32000: insufficient funds for transfer

[09:35:32] [HOUSE]   Send empty (attempt 3)
[09:35:33] [HOUSE]   UNDER FAILED
[09:36:35] [HOUSE] Skip 0xf7f6C30b26 — lockTime passed (11s ago)
[09:39:49] [HOUSE] Seeding 0x3396677535...
[09:39:50] [HOUSE]   RPC https://base-mainnet.core failed: Error: Failed to estimate gas: server returned an error response: error code -32000: insufficient funds for transfer

[09:39:51] [HOUSE]   RPC https://base.drpc.org failed: Error: Failed to estimate gas: server returned an error response: error code -32003: insufficient funds for gas * price 
[09:39:52] [HOUSE]   RPC https://base-rpc.publicno failed: Error: Failed to estimate gas: server returned an error response: error code -32000: insufficient funds for transfer

[09:39:53] [HOUSE]   Send empty (attempt 1)
[09:39:55] [HOUSE]   RPC https://base-mainnet.core failed: Error: Failed to estimate gas: server returned an error response: error code -32000: insufficient funds for transfer

[09:39:56] [HOUSE]   RPC https://base.drpc.org failed: Error: Failed to estimate gas: server returned an error response: error code -32003: insufficient funds for gas * price 
[09:39:57] [HOUSE]   RPC https://base-rpc.publicno failed: Error: Failed to estimate gas: server returned an error response: error code -32000: insufficient funds for transfer

[09:39:58] [HOUSE]   Send empty (attempt 2)
[09:40:00] [HOUSE]   RPC https://base-mainnet.core failed: Error: Failed to estimate gas: server returned an error response: error code -32000: insufficient funds for transfer

[09:40:01] [HOUSE]   RPC https://base.drpc.org failed: Error: Failed to estimate gas: server returned an error response: error code -32003: insufficient funds for gas * price 
[09:40:03] [HOUSE]   RPC https://base-rpc.publicno failed: Error: Failed to estimate gas: server returned an error response: error code -32000: insufficient funds for transfer

[09:40:03] [HOUSE]   Send empty (attempt 3)
[09:40:04] [HOUSE]   UNDER FAILED
[09:41:06] [HOUSE] Seeding 0x3396677535...
[09:41:07] [HOUSE]   RPC https://base-mainnet.core failed: Error: Failed to estimate gas: server returned an error response: error code -32000: insufficient funds for transfer

[09:41:08] [HOUSE]   RPC https://base.drpc.org failed: Error: Failed to estimate gas: server returned an error response: error code -32003: insufficient funds for gas * price 
[09:41:09] [HOUSE]   RPC https://base-rpc.publicno failed: Error: Failed to estimate gas: server returned an error response: error code -32000: insufficient funds for transfer

[09:41:10] [HOUSE]   Send empty (attempt 1)
[09:41:12] [HOUSE]   RPC https://base-mainnet.core failed: Error: Failed to estimate gas: server returned an error response: error code -32000: insufficient funds for transfer

[09:41:13] [HOUSE]   RPC https://base.drpc.org failed: Error: Failed to estimate gas: server returned an error response: error code -32003: insufficient funds for gas * price 
[09:41:15] [HOUSE]   RPC https://base-rpc.publicno failed: Error: Failed to estimate gas: server returned an error response: error code -32000: insufficient funds for transfer

[09:41:15] [HOUSE]   Send empty (attempt 2)
[09:41:17] [HOUSE]   RPC https://base-mainnet.core failed: Error: Failed to estimate gas: server returned an error response: error code -32000: insufficient funds for transfer

[09:41:18] [HOUSE]   RPC https://base.drpc.org failed: Error: Failed to estimate gas: server returned an error response: error code -32003: insufficient funds for gas * price 
[09:41:20] [HOUSE]   RPC https://base-rpc.publicno failed: Error: Failed to estimate gas: server returned an error response: error code -32000: insufficient funds for transfer

[09:41:20] [HOUSE]   Send empty (attempt 3)
[09:41:21] [HOUSE]   UNDER FAILED
[09:42:23] [HOUSE] Skip 0x3396677535 — lockTime passed (7s ago)
[09:45:44] [HOUSE] Seeding 0x61A24651a6...
[09:45:45] [HOUSE]   RPC https://base-mainnet.core failed: Error: Failed to estimate gas: server returned an error response: error code -32000: insufficient funds for transfer

[09:45:46] [HOUSE]   RPC https://base.drpc.org failed: Error: Failed to estimate gas: server returned an error response: error code -32003: insufficient funds for gas * price 
[09:45:49] [HOUSE]   RPC https://base-rpc.publicno failed: Error: Failed to estimate gas: server returned an error response: error code -32000: insufficient funds for transfer

[09:45:50] [HOUSE]   Send empty (attempt 1)
[09:45:53] [HOUSE]   RPC https://base-mainnet.core failed: Error: Failed to estimate gas: server returned an error response: error code -32000: insufficient funds for transfer

[09:45:53] [HOUSE]   RPC https://base.drpc.org failed: Error: Failed to estimate gas: server returned an error response: error code -32003: insufficient funds for gas * price 
[09:45:55] [HOUSE]   RPC https://base-rpc.publicno failed: Error: Failed to estimate gas: server returned an error response: error code -32000: insufficient funds for transfer

[09:45:56] [HOUSE]   Send empty (attempt 2)
[09:45:58] [HOUSE]   RPC https://base-mainnet.core failed: Error: Failed to estimate gas: server returned an error response: error code -32000: insufficient funds for transfer

[09:45:59] [HOUSE]   RPC https://base.drpc.org failed: Error: Failed to estimate gas: server returned an error response: error code -32003: insufficient funds for gas * price 
[09:46:01] [HOUSE]   RPC https://base-rpc.publicno failed: Error: Failed to estimate gas: server returned an error response: error code -32000: insufficient funds for transfer

[09:46:01] [HOUSE]   Send empty (attempt 3)
[09:46:02] [HOUSE]   UNDER FAILED
[09:47:04] [HOUSE] Seeding 0x61A24651a6...
[09:47:05] [HOUSE]   RPC https://base-mainnet.core failed: Error: Failed to estimate gas: server returned an error response: error code -32000: insufficient funds for transfer

[09:47:07] [HOUSE]   RPC https://base.drpc.org failed: Error: Failed to estimate gas: server returned an error response: error code -32003: insufficient funds for gas * price 
[09:47:08] [HOUSE]   RPC https://base-rpc.publicno failed: Error: Failed to estimate gas: server returned an error response: error code -32000: insufficient funds for transfer

[09:47:08] [HOUSE]   Send empty (attempt 1)
[09:47:10] [HOUSE]   RPC https://base-mainnet.core failed: Error: Failed to estimate gas: server returned an error response: error code -32000: insufficient funds for transfer

[09:47:11] [HOUSE]   RPC https://base.drpc.org failed: Error: Failed to estimate gas: server returned an error response: error code -32003: insufficient funds for gas * price 
[09:47:13] [HOUSE]   RPC https://base-rpc.publicno failed: Error: Failed to estimate gas: server returned an error response: error code -32000: insufficient funds for transfer

[09:47:13] [HOUSE]   Send empty (attempt 2)
[09:47:16] [HOUSE]   RPC https://base-mainnet.core failed: Error: Failed to estimate gas: server returned an error response: error code -32000: insufficient funds for transfer

[09:47:16] [HOUSE]   RPC https://base.drpc.org failed: Error: Failed to estimate gas: server returned an error response: error code -32003: insufficient funds for gas * price 
[09:47:18] [HOUSE]   RPC https://base-rpc.publicno failed: Error: Failed to estimate gas: server returned an error response: error code -32000: insufficient funds for transfer

[09:47:19] [HOUSE]   Send empty (attempt 3)
[09:47:20] [HOUSE]   UNDER FAILED
[09:48:22] [HOUSE] Skip 0x61A24651a6 — lockTime passed (12s ago)
[09:51:34] [HOUSE] Seeding 0x2142c98126...
[09:51:35] [HOUSE]   RPC https://base-mainnet.core failed: Error: Failed to estimate gas: server returned an error response: error code -32000: insufficient funds for transfer

[09:51:36] [HOUSE]   RPC https://base.drpc.org failed: Error: Failed to estimate gas: server returned an error response: error code -32003: insufficient funds for gas * price 
[09:51:40] [HOUSE]   RPC https://base-rpc.publicno failed: Error: Failed to estimate gas: server returned an error response: error code -32000: insufficient funds for transfer

[09:51:41] [HOUSE]   Send empty (attempt 1)
[09:51:43] [HOUSE]   RPC https://base-mainnet.core failed: Error: Failed to estimate gas: server returned an error response: error code -32000: insufficient funds for transfer

[09:51:44] [HOUSE]   RPC https://base.drpc.org failed: Error: Failed to estimate gas: server returned an error response: error code -32003: insufficient funds for gas * price 
[09:51:50] [HOUSE]   RPC https://base-rpc.publicno failed: Error: Failed to estimate gas: server returned an error response: error code -32000: insufficient funds for transfer

[09:51:50] [HOUSE]   Send empty (attempt 2)
[09:51:52] [HOUSE]   RPC https://base-mainnet.core failed: Error: Failed to estimate gas: server returned an error response: error code -32000: insufficient funds for transfer

[09:51:53] [HOUSE]   RPC https://base.drpc.org failed: Error: Failed to estimate gas: server returned an error response: error code -32003: insufficient funds for gas * price 
[09:51:57] [HOUSE]   RPC https://base-rpc.publicno failed: Error: Failed to estimate gas: server returned an error response: error code -32000: insufficient funds for transfer

[09:51:58] [HOUSE]   Send empty (attempt 3)
[09:51:59] [HOUSE]   UNDER FAILED
[09:53:00] [HOUSE] Seeding 0x2142c98126...
[09:53:01] [HOUSE]   RPC https://base-mainnet.core failed: Error: Failed to estimate gas: server returned an error response: error code -32000: insufficient funds for transfer

[09:53:02] [HOUSE]   RPC https://base.drpc.org failed: Error: Failed to estimate gas: server returned an error response: error code -32003: insufficient funds for gas * price 
[09:53:04] [HOUSE]   RPC https://base-rpc.publicno failed: Error: Failed to estimate gas: server returned an error response: error code -32000: insufficient funds for transfer

[09:53:04] [HOUSE]   Send empty (attempt 1)
[09:53:07] [HOUSE]   RPC https://base-mainnet.core failed: Error: Failed to estimate gas: server returned an error response: error code -32000: insufficient funds for transfer

[09:53:07] [HOUSE]   RPC https://base.drpc.org failed: Error: Failed to estimate gas: server returned an error response: error code -32003: insufficient funds for gas * price 
[09:53:09] [HOUSE]   RPC https://base-rpc.publicno failed: Error: Failed to estimate gas: server returned an error response: error code -32000: insufficient funds for transfer

[09:53:09] [HOUSE]   Send empty (attempt 2)
[09:53:12] [HOUSE]   RPC https://base-mainnet.core failed: Error: Failed to estimate gas: server returned an error response: error code -32000: insufficient funds for transfer

[09:53:12] [HOUSE]   RPC https://base.drpc.org failed: Error: Failed to estimate gas: server returned an error response: error code -32003: insufficient funds for gas * price 
[09:53:14] [HOUSE]   RPC https://base-rpc.publicno failed: Error: Failed to estimate gas: server returned an error response: error code -32000: insufficient funds for transfer

[09:53:14] [HOUSE]   Send empty (attempt 3)
[09:53:15] [HOUSE]   UNDER FAILED
[09:54:18] [HOUSE] Skip 0x2142c98126 — lockTime passed (16s ago)
[09:57:31] [HOUSE] Seeding 0xF5D5d90572...
[09:57:32] [HOUSE]   RPC https://base-mainnet.core failed: Error: Failed to estimate gas: server returned an error response: error code -32000: insufficient funds for transfer

[09:57:33] [HOUSE]   RPC https://base.drpc.org failed: Error: Failed to estimate gas: server returned an error response: error code -32003: insufficient funds for gas * price 
[09:57:37] [HOUSE]   RPC https://base-rpc.publicno failed: Error: Failed to estimate gas: server returned an error response: error code -32000: insufficient funds for transfer

[09:57:37] [HOUSE]   Send empty (attempt 1)
[09:57:39] [HOUSE]   RPC https://base-mainnet.core failed: Error: Failed to estimate gas: server returned an error response: error code -32000: insufficient funds for transfer

[09:57:40] [HOUSE]   RPC https://base.drpc.org failed: Error: Failed to estimate gas: server returned an error response: error code -32003: insufficient funds for gas * price 
[09:57:43] [HOUSE]   RPC https://base-rpc.publicno failed: Error: Failed to estimate gas: server returned an error response: error code -32000: insufficient funds for transfer

[09:57:43] [HOUSE]   Send empty (attempt 2)
[09:57:46] [HOUSE]   RPC https://base-mainnet.core failed: Error: Failed to estimate gas: server returned an error response: error code -32000: insufficient funds for transfer

[09:57:47] [HOUSE]   RPC https://base.drpc.org failed: Error: Failed to estimate gas: server returned an error response: error code -32003: insufficient funds for gas * price 
[09:57:48] [HOUSE]   RPC https://base-rpc.publicno failed: Error: Failed to estimate gas: server returned an error response: error code -32000: insufficient funds for transfer

[09:57:49] [HOUSE]   Send empty (attempt 3)
[09:57:50] [HOUSE]   UNDER FAILED
[09:58:52] [HOUSE] Seeding 0xF5D5d90572...
[09:58:53] [HOUSE]   RPC https://base-mainnet.core failed: Error: Failed to estimate gas: server returned an error response: error code -32000: insufficient funds for transfer

[09:58:54] [HOUSE]   RPC https://base.drpc.org failed: Error: Failed to estimate gas: server returned an error response: error code -32003: insufficient funds for gas * price 
[09:58:56] [HOUSE]   RPC https://base-rpc.publicno failed: Error: Failed to estimate gas: server returned an error response: error code -32000: insufficient funds for transfer

[09:58:57] [HOUSE]   Send empty (attempt 1)
[09:58:59] [HOUSE]   RPC https://base-mainnet.core failed: Error: Failed to estimate gas: server returned an error response: error code -32000: insufficient funds for transfer

[09:59:00] [HOUSE]   RPC https://base.drpc.org failed: Error: Failed to estimate gas: server returned an error response: error code -32003: insufficient funds for gas * price 
[09:59:01] [HOUSE]   RPC https://base-rpc.publicno failed: Error: Failed to estimate gas: server returned an error response: error code -32000: insufficient funds for transfer

[09:59:02] [HOUSE]   Send empty (attempt 2)
[09:59:04] [HOUSE]   RPC https://base-mainnet.core failed: Error: Failed to estimate gas: server returned an error response: error code -32000: insufficient funds for transfer

[09:59:05] [HOUSE]   RPC https://base.drpc.org failed: Error: Failed to estimate gas: server returned an error response: error code -32003: insufficient funds for gas * price 
[09:59:06] [HOUSE]   RPC https://base-rpc.publicno failed: Error: Failed to estimate gas: server returned an error response: error code -32000: insufficient funds for transfer

[09:59:07] [HOUSE]   Send empty (attempt 3)
[09:59:08] [HOUSE]   UNDER FAILED
[10:00:09] [HOUSE] Skip 0xF5D5d90572 — lockTime passed (11s ago)
[10:03:24] [HOUSE] Seeding 0x8EC7CDa9e9...
[10:03:25] [HOUSE]   RPC https://base-mainnet.core failed: Error: Failed to estimate gas: server returned an error response: error code -32000: insufficient funds for transfer

[10:03:26] [HOUSE]   RPC https://base.drpc.org failed: Error: Failed to estimate gas: server returned an error response: error code -32003: insufficient funds for gas * price 
[10:03:28] [HOUSE]   RPC https://base-rpc.publicno failed: Error: Failed to estimate gas: server returned an error response: error code -32000: insufficient funds for transfer

[10:03:28] [HOUSE]   Send empty (attempt 1)
[10:03:31] [HOUSE]   RPC https://base-mainnet.core failed: Error: Failed to estimate gas: server returned an error response: error code -32000: insufficient funds for transfer

[10:03:32] [HOUSE]   RPC https://base.drpc.org failed: Error: Failed to estimate gas: server returned an error response: error code -32003: insufficient funds for gas * price 
[10:03:33] [HOUSE]   RPC https://base-rpc.publicno failed: Error: Failed to estimate gas: server returned an error response: error code -32000: insufficient funds for transfer

[10:03:34] [HOUSE]   Send empty (attempt 2)
[10:03:36] [HOUSE]   RPC https://base-mainnet.core failed: Error: Failed to estimate gas: server returned an error response: error code -32000: insufficient funds for transfer

[10:03:37] [HOUSE]   RPC https://base.drpc.org failed: Error: Failed to estimate gas: server returned an error response: error code -32003: insufficient funds for gas * price 
[10:03:38] [HOUSE]   RPC https://base-rpc.publicno failed: Error: Failed to estimate gas: server returned an error response: error code -32000: insufficient funds for transfer

[10:03:38] [HOUSE]   Send empty (attempt 3)
[10:03:39] [HOUSE]   UNDER FAILED
[10:04:41] [HOUSE] Seeding 0x8EC7CDa9e9...
[10:04:42] [HOUSE]   RPC https://base-mainnet.core failed: Error: Failed to estimate gas: server returned an error response: error code -32000: insufficient funds for transfer

[10:04:43] [HOUSE]   RPC https://base.drpc.org failed: Error: Failed to estimate gas: server returned an error response: error code -32003: insufficient funds for gas * price 
[10:04:45] [HOUSE]   RPC https://base-rpc.publicno failed: Error: Failed to estimate gas: server returned an error response: error code -32000: insufficient funds for transfer

[10:04:45] [HOUSE]   Send empty (attempt 1)
[10:04:48] [HOUSE]   RPC https://base-mainnet.core failed: Error: Failed to estimate gas: server returned an error response: error code -32000: insufficient funds for transfer

[10:04:48] [HOUSE]   RPC https://base.drpc.org failed: Error: Failed to estimate gas: server returned an error response: error code -32003: insufficient funds for gas * price 
[10:04:50] [HOUSE]   RPC https://base-rpc.publicno failed: Error: Failed to estimate gas: server returned an error response: error code -32000: insufficient funds for transfer

[10:04:51] [HOUSE]   Send empty (attempt 2)
[10:04:53] [HOUSE]   RPC https://base-mainnet.core failed: Error: Failed to estimate gas: server returned an error response: error code -32000: insufficient funds for transfer

[10:04:54] [HOUSE]   RPC https://base.drpc.org failed: Error: Failed to estimate gas: server returned an error response: error code -32003: insufficient funds for gas * price 
[10:04:57] [HOUSE]   RPC https://base-rpc.publicno failed: Error: Failed to estimate gas: server returned an error response: error code -32000: insufficient funds for transfer

[10:04:57] [HOUSE]   Send empty (attempt 3)
[10:04:58] [HOUSE]   UNDER FAILED
[10:06:00] [HOUSE] Skip 0x8EC7CDa9e9 — lockTime passed (8s ago)
[10:09:20] [HOUSE] Seeding 0xd5b371AB11...
[10:09:22] [HOUSE]   RPC https://base-mainnet.core failed: Error: Failed to estimate gas: server returned an error response: error code -32000: insufficient funds for transfer

[10:09:23] [HOUSE]   RPC https://base.drpc.org failed: Error: Failed to estimate gas: server returned an error response: error code -32003: insufficient funds for gas * price 
[10:09:24] [HOUSE]   RPC https://base-rpc.publicno failed: Error: Failed to estimate gas: server returned an error response: error code -32000: insufficient funds for transfer

[10:09:25] [HOUSE]   Send empty (attempt 1)
[10:09:27] [HOUSE]   RPC https://base-mainnet.core failed: Error: Failed to estimate gas: server returned an error response: error code -32000: insufficient funds for transfer

[10:09:28] [HOUSE]   RPC https://base.drpc.org failed: Error: Failed to estimate gas: server returned an error response: error code -32003: insufficient funds for gas * price 
[10:09:29] [HOUSE]   RPC https://base-rpc.publicno failed: Error: Failed to estimate gas: server returned an error response: error code -32000: insufficient funds for transfer

[10:09:30] [HOUSE]   Send empty (attempt 2)
[10:09:32] [HOUSE]   RPC https://base-mainnet.core failed: Error: Failed to estimate gas: server returned an error response: error code -32000: insufficient funds for transfer

[10:09:33] [HOUSE]   RPC https://base.drpc.org failed: Error: Failed to estimate gas: server returned an error response: error code -32003: insufficient funds for gas * price 
[10:09:35] [HOUSE]   RPC https://base-rpc.publicno failed: Error: Failed to estimate gas: server returned an error response: error code -32000: insufficient funds for transfer

[10:09:35] [HOUSE]   Send empty (attempt 3)
[10:09:36] [HOUSE]   UNDER FAILED
[10:10:37] [HOUSE] Seeding 0xd5b371AB11...
[10:10:38] [HOUSE]   RPC https://base-mainnet.core failed: Error: Failed to estimate gas: server returned an error response: error code -32000: insufficient funds for transfer

[10:10:39] [HOUSE]   RPC https://base.drpc.org failed: Error: Failed to estimate gas: server returned an error response: error code -32003: insufficient funds for gas * price 
[10:10:42] [HOUSE]   RPC https://base-rpc.publicno failed: Error: Failed to estimate gas: server returned an error response: error code -32000: insufficient funds for transfer

[10:10:43] [HOUSE]   Send empty (attempt 1)
[10:10:45] [HOUSE]   RPC https://base-mainnet.core failed: Error: Failed to estimate gas: server returned an error response: error code -32000: insufficient funds for transfer

[10:10:47] [HOUSE]   RPC https://base.drpc.org failed: Error: Failed to estimate gas: HTTP error 500 with body: {"id":3,"jsonrpc":"2.0","error":{"message":"Temporary internal 
[10:10:51] [HOUSE]   RPC https://base-rpc.publicno failed: Error: Failed to estimate gas: server returned an error response: error code -32000: insufficient funds for transfer

[10:10:52] [HOUSE]   Send empty (attempt 2)
[10:10:54] [HOUSE]   RPC https://base-mainnet.core failed: Error: Failed to estimate gas: server returned an error response: error code -32000: insufficient funds for transfer

[10:10:55] [HOUSE]   RPC https://base.drpc.org failed: Error: Failed to estimate gas: server returned an error response: error code -32003: insufficient funds for gas * price 
[10:10:56] [HOUSE]   RPC https://base-rpc.publicno failed: Error: Failed to estimate gas: server returned an error response: error code -32000: insufficient funds for transfer

[10:10:57] [HOUSE]   Send empty (attempt 3)
[10:10:58] [HOUSE]   UNDER FAILED
[10:12:01] [HOUSE] Skip 0xd5b371AB11 — lockTime passed (14s ago)
[10:15:16] [HOUSE] Seeding 0x5fe0bd7668...
[10:15:17] [HOUSE]   RPC https://base-mainnet.core failed: Error: Failed to estimate gas: server returned an error response: error code -32000: insufficient funds for transfer

[10:15:18] [HOUSE]   RPC https://base.drpc.org failed: Error: Failed to estimate gas: server returned an error response: error code -32003: insufficient funds for gas * price 
[10:15:20] [HOUSE]   RPC https://base-rpc.publicno failed: Error: Failed to estimate gas: server returned an error response: error code -32000: insufficient funds for transfer

[10:15:20] [HOUSE]   Send empty (attempt 1)
[10:15:22] [HOUSE]   RPC https://base-mainnet.core failed: Error: Failed to estimate gas: server returned an error response: error code -32000: insufficient funds for transfer

[10:15:23] [HOUSE]   RPC https://base.drpc.org failed: Error: Failed to estimate gas: server returned an error response: error code -32003: insufficient funds for gas * price 
[10:15:25] [HOUSE]   RPC https://base-rpc.publicno failed: Error: Failed to estimate gas: server returned an error response: error code -32000: insufficient funds for transfer

[10:15:25] [HOUSE]   Send empty (attempt 2)
[10:15:28] [HOUSE]   RPC https://base-mainnet.core failed: Error: Failed to estimate gas: server returned an error response: error code -32000: insufficient funds for transfer

[10:15:28] [HOUSE]   RPC https://base.drpc.org failed: Error: Failed to estimate gas: server returned an error response: error code -32003: insufficient funds for gas * price 
[10:15:30] [HOUSE]   RPC https://base-rpc.publicno failed: Error: Failed to estimate gas: server returned an error response: error code -32000: insufficient funds for transfer

[10:15:30] [HOUSE]   Send empty (attempt 3)
[10:15:31] [HOUSE]   UNDER FAILED
[10:16:32] [HOUSE] Seeding 0x5fe0bd7668...
[10:16:34] [HOUSE]   RPC https://base-mainnet.core failed: Error: Failed to estimate gas: server returned an error response: error code -32000: insufficient funds for transfer

[10:16:34] [HOUSE]   RPC https://base.drpc.org failed: Error: Failed to estimate gas: server returned an error response: error code -32003: insufficient funds for gas * price 
[10:16:37] [HOUSE]   RPC https://base-rpc.publicno failed: Error: Failed to estimate gas: server returned an error response: error code -32000: insufficient funds for transfer

[10:16:38] [HOUSE]   Send empty (attempt 1)
[10:16:40] [HOUSE]   RPC https://base-mainnet.core failed: Error: Failed to estimate gas: server returned an error response: error code -32000: insufficient funds for transfer

[10:16:41] [HOUSE]   RPC https://base.drpc.org failed: Error: Failed to estimate gas: server returned an error response: error code -32003: insufficient funds for gas * price 
[10:16:44] [HOUSE]   RPC https://base-rpc.publicno failed: Error: Failed to estimate gas: server returned an error response: error code -32000: insufficient funds for transfer

[10:16:45] [HOUSE]   Send empty (attempt 2)
[10:16:47] [HOUSE]   RPC https://base-mainnet.core failed: Error: Failed to estimate gas: server returned an error response: error code -32000: insufficient funds for transfer

[10:16:48] [HOUSE]   RPC https://base.drpc.org failed: Error: Failed to estimate gas: server returned an error response: error code -32003: insufficient funds for gas * price 
[10:16:50] [HOUSE]   RPC https://base-rpc.publicno failed: Error: Failed to estimate gas: server returned an error response: error code -32000: insufficient funds for transfer

[10:16:51] [HOUSE]   Send empty (attempt 3)
[10:16:52] [HOUSE]   UNDER FAILED
[10:17:55] [HOUSE] Skip 0x5fe0bd7668 — lockTime passed (12s ago)
[10:21:09] [HOUSE] Seeding 0xDfC0457821...
[10:21:10] [HOUSE]   RPC https://base-mainnet.core failed: Error: Failed to estimate gas: server returned an error response: error code -32000: insufficient funds for transfer

[10:21:11] [HOUSE]   RPC https://base.drpc.org failed: Error: Failed to estimate gas: server returned an error response: error code -32003: insufficient funds for gas * price 
[10:21:13] [HOUSE]   RPC https://base-rpc.publicno failed: Error: Failed to estimate gas: server returned an error response: error code -32000: insufficient funds for transfer

[10:21:13] [HOUSE]   Send empty (attempt 1)
[10:21:16] [HOUSE]   RPC https://base-mainnet.core failed: Error: Failed to estimate gas: server returned an error response: error code -32000: insufficient funds for transfer

[10:21:17] [HOUSE]   RPC https://base.drpc.org failed: Error: Failed to estimate gas: server returned an error response: error code -32003: insufficient funds for gas * price 
[10:21:21] [HOUSE]   RPC https://base-rpc.publicno failed: Error: Failed to estimate gas: server returned an error response: error code -32000: insufficient funds for transfer

[10:21:22] [HOUSE]   Send empty (attempt 2)
[10:21:24] [HOUSE]   RPC https://base-mainnet.core failed: Error: Failed to estimate gas: server returned an error response: error code -32000: insufficient funds for transfer

[10:21:25] [HOUSE]   RPC https://base.drpc.org failed: Error: Failed to estimate gas: server returned an error response: error code -32003: insufficient funds for gas * price 
[10:21:27] [HOUSE]   RPC https://base-rpc.publicno failed: Error: Failed to estimate gas: server returned an error response: error code -32000: insufficient funds for transfer

[10:21:27] [HOUSE]   Send empty (attempt 3)
[10:21:28] [HOUSE]   UNDER FAILED
[10:22:31] [HOUSE] Seeding 0xDfC0457821...
[10:22:32] [HOUSE]   RPC https://base-mainnet.core failed: Error: Failed to estimate gas: server returned an error response: error code -32000: insufficient funds for transfer

[10:22:33] [HOUSE]   RPC https://base.drpc.org failed: Error: Failed to estimate gas: server returned an error response: error code -32003: insufficient funds for gas * price 
[10:22:36] [HOUSE]   RPC https://base-rpc.publicno failed: Error: Failed to estimate gas: server returned an error response: error code -32000: insufficient funds for transfer

[10:22:36] [HOUSE]   Send empty (attempt 1)
[10:22:39] [HOUSE]   RPC https://base-mainnet.core failed: Error: Failed to estimate gas: server returned an error response: error code -32000: insufficient funds for transfer

[10:22:39] [HOUSE]   RPC https://base.drpc.org failed: Error: Failed to estimate gas: server returned an error response: error code -32003: insufficient funds for gas * price 
[10:22:42] [HOUSE]   RPC https://base-rpc.publicno failed: Error: Failed to estimate gas: server returned an error response: error code -32000: insufficient funds for transfer

[10:22:42] [HOUSE]   Send empty (attempt 2)
[10:22:44] [HOUSE]   RPC https://base-mainnet.core failed: Error: Failed to estimate gas: server returned an error response: error code -32000: insufficient funds for transfer

[10:22:45] [HOUSE]   RPC https://base.drpc.org failed: Error: Failed to estimate gas: server returned an error response: error code -32003: insufficient funds for gas * price 
[10:22:49] [HOUSE]   RPC https://base-rpc.publicno failed: Error: Failed to estimate gas: server returned an error response: error code -32000: insufficient funds for transfer

[10:22:49] [HOUSE]   Send empty (attempt 3)
[10:22:50] [HOUSE]   UNDER FAILED
[10:23:53] [HOUSE] Skip 0xDfC0457821 — lockTime passed (16s ago)
[10:27:04] [HOUSE] Seeding 0x6C1C636Dab...
[10:27:08] [HOUSE]   UNDER OK — 0.005 ETH ([{"address":)
[10:27:08] [HOUSE] HTTP Request: POST https://main.realtime.ably.net/channels/rush:bets/messages "HTTP/2 201 Created"
[10:27:14] [HOUSE]   OVER OK — 0.005 ETH ([{"address":)
[10:27:14] [HOUSE] HTTP Request: POST https://main.realtime.ably.net/channels/rush:bets/messages "HTTP/2 201 Created"
[10:27:14] [HOUSE] Seeded 0x6C1C636Dab — 0.005 + 0.005 ETH
[10:27:14] [HOUSE] HTTP Request: POST https://main.realtime.ably.net/channels/rush:chat/messages "HTTP/2 201 Created"
[10:27:14] [HOUSE]   Chat: house bot here. as always. with ETH. as always
[10:33:01] [HOUSE] Seeding 0x381738BE3E...
[10:33:06] [HOUSE]   UNDER OK — 0.005 ETH ([{"address":)
[10:33:06] [HOUSE] HTTP Request: POST https://main.realtime.ably.net/channels/rush:bets/messages "HTTP/2 201 Created"
[10:33:11] [HOUSE]   OVER OK — 0.005 ETH ([{"address":)
[10:33:11] [HOUSE] HTTP Request: POST https://main.realtime.ably.net/channels/rush:bets/messages "HTTP/2 201 Created"
[10:33:11] [HOUSE] Seeded 0x381738BE3E — 0.005 + 0.005 ETH
[10:33:12] [HOUSE] HTTP Request: POST https://main.realtime.ably.net/channels/rush:chat/messages "HTTP/2 201 Created"
[10:33:12] [HOUSE]   Chat: I put my ETH where my mouth is. both sides
[10:34:52] [HOUSE] Seeding 0x7289b91974...
[10:34:55] [HOUSE]   UNDER OK — 0.005 ETH ([{"address":)
[10:34:55] [HOUSE] HTTP Request: POST https://main.realtime.ably.net/channels/rush:bets/messages "HTTP/2 201 Created"
[10:35:01] [HOUSE]   OVER OK — 0.005 ETH ([{"address":)
[10:35:01] [HOUSE] HTTP Request: POST https://main.realtime.ably.net/channels/rush:bets/messages "HTTP/2 201 Created"
[10:35:01] [HOUSE] Seeded 0x7289b91974 — 0.005 + 0.005 ETH
[10:35:01] [HOUSE] HTTP Request: POST https://main.realtime.ably.net/channels/rush:chat/messages "HTTP/2 201 Created"
[10:35:01] [HOUSE]   Chat: round is open. pool is warm. jump in
[10:40:19] [HOUSE] Seeding 0x3F06314157...
[10:40:24] [HOUSE]   UNDER OK — 0.005 ETH ([{"address":)
[10:40:24] [HOUSE] HTTP Request: POST https://main.realtime.ably.net/channels/rush:bets/messages "HTTP/2 201 Created"
[10:40:30] [HOUSE]   OVER OK — 0.005 ETH ([{"address":)
[10:40:30] [HOUSE] HTTP Request: POST https://main.realtime.ably.net/channels/rush:bets/messages "HTTP/2 201 Created"
[10:40:30] [HOUSE] Seeded 0x3F06314157 — 0.005 + 0.005 ETH
[10:40:30] [HOUSE] HTTP Request: POST https://main.realtime.ably.net/channels/rush:chat/messages "HTTP/2 201 Created"
[10:40:30] [HOUSE]   Chat: just seeded. first real bet doubles up easy
[10:46:13] [HOUSE] Seeding 0x241454FD6B...
[10:46:17] [HOUSE]   UNDER OK — 0.005 ETH ([{"address":)
[10:46:17] [HOUSE] HTTP Request: POST https://main.realtime.ably.net/channels/rush:bets/messages "HTTP/2 201 Created"
[10:46:24] [HOUSE]   OVER OK — 0.005 ETH ([{"address":)
[10:46:24] [HOUSE] HTTP Request: POST https://main.realtime.ably.net/channels/rush:bets/messages "HTTP/2 201 Created"
[10:46:24] [HOUSE] Seeded 0x241454FD6B — 0.005 + 0.005 ETH
[10:46:24] [HOUSE] HTTP Request: POST https://main.realtime.ably.net/channels/rush:chat/messages "HTTP/2 201 Created"
[10:46:24] [HOUSE]   Chat: LP seeded. 0.001 ETH each side. come get it
[10:52:11] [HOUSE] Seeding 0xBCdd709B32...
[10:52:16] [HOUSE]   UNDER OK — 0.005 ETH ([{"address":)
[10:52:16] [HOUSE] HTTP Request: POST https://main.realtime.ably.net/channels/rush:bets/messages "HTTP/2 201 Created"
[10:52:21] [HOUSE]   OVER OK — 0.005 ETH ([{"address":)
[10:52:22] [HOUSE] HTTP Request: POST https://main.realtime.ably.net/channels/rush:bets/messages "HTTP/2 201 Created"
[10:52:22] [HOUSE] Seeded 0xBCdd709B32 — 0.005 + 0.005 ETH
[10:52:22] [HOUSE] HTTP Request: POST https://main.realtime.ably.net/channels/rush:chat/messages "HTTP/2 201 Created"
[10:52:22] [HOUSE]   Chat: liquidity is in. no excuses now
[10:58:06] [HOUSE] Seeding 0xDF868F5550...
[10:58:09] [HOUSE]   UNDER OK — 0.005 ETH ([{"address":)
[10:58:10] [HOUSE] HTTP Request: POST https://main.realtime.ably.net/channels/rush:bets/messages "HTTP/2 201 Created"
[10:58:15] [HOUSE]   OVER OK — 0.005 ETH ([{"address":)
[10:58:15] [HOUSE] HTTP Request: POST https://main.realtime.ably.net/channels/rush:bets/messages "HTTP/2 201 Created"
[10:58:15] [HOUSE] Seeded 0xDF868F5550 — 0.005 + 0.005 ETH
[10:58:15] [HOUSE] HTTP Request: POST https://main.realtime.ably.net/channels/rush:chat/messages "HTTP/2 201 Created"
[10:58:15] [HOUSE]   Chat: initial liquidity deployed. let's go
[11:04:01] [HOUSE] Seeding 0x5e91EdEBb8...
[11:04:06] [HOUSE]   UNDER OK — 0.005 ETH ([{"address":)
[11:04:06] [HOUSE] HTTP Request: POST https://main.realtime.ably.net/channels/rush:bets/messages "HTTP/2 201 Created"
[11:04:10] [HOUSE]   RPC https://base-mainnet.core failed: Error: server returned a null response when a non-null response was expected

[11:04:13] [HOUSE]   OVER OK — 0.005 ETH ([{"address":)
[11:04:14] [HOUSE] HTTP Request: POST https://main.realtime.ably.net/channels/rush:bets/messages "HTTP/2 201 Created"
[11:04:14] [HOUSE] Seeded 0x5e91EdEBb8 — 0.005 + 0.005 ETH
[11:04:14] [HOUSE] HTTP Request: POST https://main.realtime.ably.net/channels/rush:chat/messages "HTTP/2 201 Created"
[11:04:14] [HOUSE]   Chat: the cars don't care about your feelings. bet
[11:09:56] [HOUSE] Seeding 0x4c7098414a...
[11:09:59] [HOUSE]   UNDER OK — 0.005 ETH ([{"address":)
[11:09:59] [HOUSE] HTTP Request: POST https://main.realtime.ably.net/channels/rush:bets/messages "HTTP/2 201 Created"
[11:10:05] [HOUSE]   OVER OK — 0.005 ETH ([{"address":)
[11:10:05] [HOUSE] HTTP Request: POST https://main.realtime.ably.net/channels/rush:bets/messages "HTTP/2 201 Created"
[11:10:05] [HOUSE] Seeded 0x4c7098414a — 0.005 + 0.005 ETH
[11:10:05] [HOUSE] HTTP Request: POST https://main.realtime.ably.net/channels/rush:chat/messages "HTTP/2 201 Created"
[11:10:05] [HOUSE]   Chat: round is live. 0.001 ETH on each side. fight me
[11:15:50] [HOUSE] Seeding 0x8af3B5850F...
[11:15:53] [HOUSE]   UNDER OK — 0.005 ETH ([{"address":)
[11:15:53] [HOUSE] HTTP Request: POST https://main.realtime.ably.net/channels/rush:bets/messages "HTTP/2 201 Created"
[11:16:00] [HOUSE]   OVER OK — 0.005 ETH ([{"address":)
[11:16:00] [HOUSE] HTTP Request: POST https://main.realtime.ably.net/channels/rush:bets/messages "HTTP/2 201 Created"
[11:16:00] [HOUSE] Seeded 0x8af3B5850F — 0.005 + 0.005 ETH
[11:16:01] [HOUSE] HTTP Request: POST https://main.realtime.ably.net/channels/rush:chat/messages "HTTP/2 201 Created"
[11:16:01] [HOUSE]   Chat: house bot just dropped liquidity. who's next?
[11:21:48] [HOUSE] Seeding 0x57de71ad7B...
[11:21:51] [HOUSE]   UNDER OK — 0.005 ETH ([{"address":)
[11:21:51] [HOUSE] HTTP Request: POST https://main.realtime.ably.net/channels/rush:bets/messages "HTTP/2 201 Created"
[11:21:58] [HOUSE]   OVER OK — 0.005 ETH ([{"address":)
[11:21:58] [HOUSE] HTTP Request: POST https://main.realtime.ably.net/channels/rush:bets/messages "HTTP/2 201 Created"
[11:21:58] [HOUSE] Seeded 0x57de71ad7B — 0.005 + 0.005 ETH
[11:21:58] [HOUSE] HTTP Request: POST https://main.realtime.ably.net/channels/rush:chat/messages "HTTP/2 201 Created"
[11:21:58] [HOUSE]   Chat: new round new money. who wants it?
[11:27:48] [HOUSE] Seeding 0xd9B515Bd92...
[11:27:52] [HOUSE]   UNDER OK — 0.005 ETH ([{"address":)
[11:27:52] [HOUSE] HTTP Request: POST https://main.realtime.ably.net/channels/rush:bets/messages "HTTP/2 201 Created"
[11:27:57] [HOUSE]   OVER OK — 0.005 ETH ([{"address":)
[11:27:57] [HOUSE] HTTP Request: POST https://main.realtime.ably.net/channels/rush:bets/messages "HTTP/2 201 Created"
[11:27:57] [HOUSE] Seeded 0xd9B515Bd92 — 0.005 + 0.005 ETH
[11:27:57] [HOUSE] HTTP Request: POST https://main.realtime.ably.net/channels/rush:chat/messages "HTTP/2 201 Created"
[11:27:57] [HOUSE]   Chat: both sides funded. your move
[11:33:42] [HOUSE] Seeding 0xAc3194651D...
[11:33:45] [HOUSE]   UNDER OK — 0.005 ETH ([{"address":)
[11:33:45] [HOUSE] HTTP Request: POST https://main.realtime.ably.net/channels/rush:bets/messages "HTTP/2 201 Created"
[11:33:52] [HOUSE]   OVER OK — 0.005 ETH ([{"address":)
[11:33:52] [HOUSE] HTTP Request: POST https://main.realtime.ably.net/channels/rush:bets/messages "HTTP/2 201 Created"
[11:33:52] [HOUSE] Seeded 0xAc3194651D — 0.005 + 0.005 ETH
[11:33:52] [HOUSE] HTTP Request: POST https://main.realtime.ably.net/channels/rush:chat/messages "HTTP/2 201 Created"
[11:33:52] [HOUSE]   Chat: pool is hot. 2x if you call it right
[11:39:37] [HOUSE] Seeding 0x643D06CaCE...
[11:39:42] [HOUSE]   UNDER OK — 0.005 ETH ([{"address":)
[11:39:42] [HOUSE] HTTP Request: POST https://main.realtime.ably.net/channels/rush:bets/messages "HTTP/2 201 Created"
[11:39:48] [HOUSE]   OVER OK — 0.005 ETH ([{"address":)
[11:39:48] [HOUSE] HTTP Request: POST https://main.realtime.ably.net/channels/rush:bets/messages "HTTP/2 201 Created"
[11:39:48] [HOUSE] Seeded 0x643D06CaCE — 0.005 + 0.005 ETH
[11:39:48] [HOUSE] HTTP Request: POST https://main.realtime.ably.net/channels/rush:chat/messages "HTTP/2 201 Created"
[11:39:48] [HOUSE]   Chat: placed both sides. now I wait for a real player
[11:45:31] [HOUSE] Seeding 0x4076f9981b...
[11:45:36] [HOUSE]   UNDER OK — 0.005 ETH ([{"address":)
[11:45:37] [HOUSE] HTTP Request: POST https://main.realtime.ably.net/channels/rush:bets/messages "HTTP/2 201 Created"
[11:45:42] [HOUSE]   OVER OK — 0.005 ETH ([{"address":)
[11:45:42] [HOUSE] HTTP Request: POST https://main.realtime.ably.net/channels/rush:bets/messages "HTTP/2 201 Created"
[11:45:42] [HOUSE] Seeded 0x4076f9981b — 0.005 + 0.005 ETH
[11:45:42] [HOUSE] HTTP Request: POST https://main.realtime.ably.net/channels/rush:chat/messages "HTTP/2 201 Created"
[11:45:42] [HOUSE]   Chat: bet against the house bot. I dare you
[11:51:22] [HOUSE] Seeding 0x522A38AbF2...
[11:51:25] [HOUSE]   UNDER OK — 0.005 ETH ([{"address":)
[11:51:26] [HOUSE] HTTP Request: POST https://main.realtime.ably.net/channels/rush:bets/messages "HTTP/2 201 Created"
[11:51:31] [HOUSE]   OVER OK — 0.005 ETH ([{"address":)
[11:51:31] [HOUSE] HTTP Request: POST https://main.realtime.ably.net/channels/rush:bets/messages "HTTP/2 201 Created"
[11:51:31] [HOUSE] Seeded 0x522A38AbF2 — 0.005 + 0.005 ETH
[11:51:31] [HOUSE] HTTP Request: POST https://main.realtime.ably.net/channels/rush:chat/messages "HTTP/2 201 Created"
[11:51:31] [HOUSE]   Chat: house bot here. I just funded both sides
[11:57:18] [HOUSE] Seeding 0xa4873F082b...
[11:57:21] [HOUSE]   UNDER OK — 0.005 ETH ([{"address":)
[11:57:21] [HOUSE] HTTP Request: POST https://main.realtime.ably.net/channels/rush:bets/messages "HTTP/2 201 Created"
[11:57:28] [HOUSE]   OVER OK — 0.005 ETH ([{"address":)
[11:57:28] [HOUSE] HTTP Request: POST https://main.realtime.ably.net/channels/rush:bets/messages "HTTP/2 201 Created"
[11:57:28] [HOUSE] Seeded 0xa4873F082b — 0.005 + 0.005 ETH
[11:57:28] [HOUSE] HTTP Request: POST https://main.realtime.ably.net/channels/rush:chat/messages "HTTP/2 201 Created"
[11:57:28] [HOUSE]   Chat: cars are moving. are you?
[12:03:07] [HOUSE] Seeding 0xB5aBb6fa3d...
[12:03:11] [HOUSE]   UNDER OK — 0.005 ETH ([{"address":)
[12:03:11] [HOUSE] HTTP Request: POST https://main.realtime.ably.net/channels/rush:bets/messages "HTTP/2 201 Created"
[12:03:18] [HOUSE]   OVER OK — 0.005 ETH ([{"address":)
[12:03:18] [HOUSE] HTTP Request: POST https://main.realtime.ably.net/channels/rush:bets/messages "HTTP/2 201 Created"
[12:03:18] [HOUSE] Seeded 0xB5aBb6fa3d — 0.005 + 0.005 ETH
[12:03:18] [HOUSE] HTTP Request: POST https://main.realtime.ably.net/channels/rush:chat/messages "HTTP/2 201 Created"
[12:03:18] [HOUSE]   Chat: liquidity provider checking in. pool is ready
[12:09:02] [HOUSE] Seeding 0xAB36881188...
[12:09:05] [HOUSE]   UNDER OK — 0.005 ETH ([{"address":)
[12:09:05] [HOUSE] HTTP Request: POST https://main.realtime.ably.net/channels/rush:bets/messages "HTTP/2 201 Created"
[12:09:12] [HOUSE]   OVER OK — 0.005 ETH ([{"address":)
[12:09:12] [HOUSE] HTTP Request: POST https://main.realtime.ably.net/channels/rush:bets/messages "HTTP/2 201 Created"
[12:09:12] [HOUSE] Seeded 0xAB36881188 — 0.005 + 0.005 ETH
[12:09:12] [HOUSE] HTTP Request: POST https://main.realtime.ably.net/channels/rush:chat/messages "HTTP/2 201 Created"
[12:09:12] [HOUSE]   Chat: house bot doesn't sleep. neither should your bets
[12:14:52] [HOUSE] Seeding 0xA9AB56ed35...
[12:14:56] [HOUSE]   UNDER OK — 0.005 ETH ([{"address":)
[12:14:56] [HOUSE] HTTP Request: POST https://main.realtime.ably.net/channels/rush:bets/messages "HTTP/2 201 Created"
[12:15:01] [HOUSE]   OVER OK — 0.005 ETH ([{"address":)
[12:15:01] [HOUSE] HTTP Request: POST https://main.realtime.ably.net/channels/rush:bets/messages "HTTP/2 201 Created"
[12:15:01] [HOUSE] Seeded 0xA9AB56ed35 — 0.005 + 0.005 ETH
[12:15:01] [HOUSE] HTTP Request: POST https://main.realtime.ably.net/channels/rush:chat/messages "HTTP/2 201 Created"
[12:15:01] [HOUSE]   Chat: double up or go home
[12:20:48] [HOUSE] Seeding 0xFB3494cC68...
[12:20:51] [HOUSE]   UNDER OK — 0.005 ETH ([{"address":)
[12:20:51] [HOUSE] HTTP Request: POST https://main.realtime.ably.net/channels/rush:bets/messages "HTTP/2 201 Created"
[12:20:58] [HOUSE]   OVER OK — 0.005 ETH ([{"address":)
[12:20:58] [HOUSE] HTTP Request: POST https://main.realtime.ably.net/channels/rush:bets/messages "HTTP/2 201 Created"
[12:20:58] [HOUSE] Seeded 0xFB3494cC68 — 0.005 + 0.005 ETH
[12:20:58] [HOUSE] HTTP Request: POST https://main.realtime.ably.net/channels/rush:chat/messages "HTTP/2 201 Created"
[12:20:58] [HOUSE]   Chat: pool loaded. first bet gets the best odds
[12:26:42] [HOUSE] Seeding 0xa423343dc3...
[12:26:45] [HOUSE]   UNDER OK — 0.005 ETH ([{"address":)
[12:26:45] [HOUSE] HTTP Request: POST https://main.realtime.ably.net/channels/rush:bets/messages "HTTP/2 201 Created"
[12:26:51] [HOUSE]   OVER OK — 0.005 ETH ([{"address":)
[12:26:51] [HOUSE] HTTP Request: POST https://main.realtime.ably.net/channels/rush:bets/messages "HTTP/2 201 Created"
[12:26:51] [HOUSE] Seeded 0xa423343dc3 — 0.005 + 0.005 ETH
[12:26:51] [HOUSE] HTTP Request: POST https://main.realtime.ably.net/channels/rush:chat/messages "HTTP/2 201 Created"
[12:26:51] [HOUSE]   Chat: 0.001 ETH on both sides. free money for someone
[12:32:32] [HOUSE] Seeding 0x75F6Dd5307...
[12:32:35] [HOUSE]   UNDER OK — 0.005 ETH ([{"address":)
[12:32:35] [HOUSE] HTTP Request: POST https://main.realtime.ably.net/channels/rush:bets/messages "HTTP/2 201 Created"
[12:32:41] [HOUSE]   OVER OK — 0.005 ETH ([{"address":)
[12:32:41] [HOUSE] HTTP Request: POST https://main.realtime.ably.net/channels/rush:bets/messages "HTTP/2 201 Created"
[12:32:41] [HOUSE] Seeded 0x75F6Dd5307 — 0.005 + 0.005 ETH
[12:32:41] [HOUSE] HTTP Request: POST https://main.realtime.ably.net/channels/rush:chat/messages "HTTP/2 201 Created"
[12:32:41] [HOUSE]   Chat: the cameras are live. the pool is live. are you?
[12:38:25] [HOUSE] Seeding 0x8cF66D842f...
[12:38:30] [HOUSE]   UNDER OK — 0.005 ETH ([{"address":)
[12:38:31] [HOUSE] HTTP Request: POST https://main.realtime.ably.net/channels/rush:bets/messages "HTTP/2 201 Created"
[12:38:36] [HOUSE]   OVER OK — 0.005 ETH ([{"address":)
[12:38:36] [HOUSE] HTTP Request: POST https://main.realtime.ably.net/channels/rush:bets/messages "HTTP/2 201 Created"
[12:38:36] [HOUSE] Seeded 0x8cF66D842f — 0.005 + 0.005 ETH
[12:38:36] [HOUSE] HTTP Request: POST https://main.realtime.ably.net/channels/rush:chat/messages "HTTP/2 201 Created"
[12:38:36] [HOUSE]   Chat: every round I show up. where's everyone else?
[12:44:18] [HOUSE] Seeding 0x71d63884d0...
[12:44:21] [HOUSE]   UNDER OK — 0.005 ETH ([{"address":)
[12:44:21] [HOUSE] HTTP Request: POST https://main.realtime.ably.net/channels/rush:bets/messages "HTTP/2 201 Created"
[12:44:27] [HOUSE]   OVER OK — 0.005 ETH ([{"address":)
[12:44:27] [HOUSE] HTTP Request: POST https://main.realtime.ably.net/channels/rush:bets/messages "HTTP/2 201 Created"
[12:44:27] [HOUSE] Seeded 0x71d63884d0 — 0.005 + 0.005 ETH
[12:44:27] [HOUSE] HTTP Request: POST https://main.realtime.ably.net/channels/rush:chat/messages "HTTP/2 201 Created"
[12:44:27] [HOUSE]   Chat: I seed, you reap. that's the deal
[12:50:14] [HOUSE] Seeding 0xeB26013eE4...
[12:50:18] [HOUSE]   UNDER OK — 0.005 ETH ([{"address":)
[12:50:18] [HOUSE] HTTP Request: POST https://main.realtime.ably.net/channels/rush:bets/messages "HTTP/2 201 Created"
[12:50:23] [HOUSE]   OVER OK — 0.005 ETH ([{"address":)
[12:50:23] [HOUSE] HTTP Request: POST https://main.realtime.ably.net/channels/rush:bets/messages "HTTP/2 201 Created"
[12:50:23] [HOUSE] Seeded 0xeB26013eE4 — 0.005 + 0.005 ETH
[12:50:23] [HOUSE] HTTP Request: POST https://main.realtime.ably.net/channels/rush:chat/messages "HTTP/2 201 Created"
[12:50:23] [HOUSE]   Chat: round funded. someone's taking my ETH today
[12:56:08] [HOUSE] Seeding 0x6DF282d3Ce...
[12:56:11] [HOUSE]   UNDER OK — 0.005 ETH ([{"address":)
[12:56:11] [HOUSE] HTTP Request: POST https://main.realtime.ably.net/channels/rush:bets/messages "HTTP/2 201 Created"
[12:56:18] [HOUSE]   OVER OK — 0.005 ETH ([{"address":)
[12:56:18] [HOUSE] HTTP Request: POST https://main.realtime.ably.net/channels/rush:bets/messages "HTTP/2 201 Created"
[12:56:18] [HOUSE] Seeded 0x6DF282d3Ce — 0.005 + 0.005 ETH
[12:56:18] [HOUSE] HTTP Request: POST https://main.realtime.ably.net/channels/rush:chat/messages "HTTP/2 201 Created"
[12:56:18] [HOUSE]   Chat: free odds courtesy of the house bot
[13:02:03] [HOUSE] Seeding 0xf1E8A7B9f6...
[13:02:08] [HOUSE]   UNDER OK — 0.005 ETH ([{"address":)
[13:02:08] [HOUSE] HTTP Request: POST https://main.realtime.ably.net/channels/rush:bets/messages "HTTP/2 201 Created"
[13:02:13] [HOUSE]   OVER OK — 0.005 ETH ([{"address":)
[13:02:14] [HOUSE] HTTP Request: POST https://main.realtime.ably.net/channels/rush:bets/messages "HTTP/2 201 Created"
[13:02:14] [HOUSE] Seeded 0xf1E8A7B9f6 — 0.005 + 0.005 ETH
[13:02:14] [HOUSE] HTTP Request: POST https://main.realtime.ably.net/channels/rush:chat/messages "HTTP/2 201 Created"
[13:02:14] [HOUSE]   Chat: fresh round. fresh pool. fresh odds
[13:07:58] [HOUSE] Seeding 0xd094Ca3eF7...
[13:08:01] [HOUSE]   UNDER OK — 0.005 ETH ([{"address":)
[13:08:01] [HOUSE] HTTP Request: POST https://main.realtime.ably.net/channels/rush:bets/messages "HTTP/2 201 Created"
[13:08:08] [HOUSE]   OVER OK — 0.005 ETH ([{"address":)
[13:08:08] [HOUSE] HTTP Request: POST https://main.realtime.ably.net/channels/rush:bets/messages "HTTP/2 201 Created"
[13:08:08] [HOUSE] Seeded 0xd094Ca3eF7 — 0.005 + 0.005 ETH
[13:08:08] [HOUSE] HTTP Request: POST https://main.realtime.ably.net/channels/rush:chat/messages "HTTP/2 201 Created"
[13:08:08] [HOUSE]   Chat: 0.001 ETH over, 0.001 ETH under. who's brave?
[13:13:50] [HOUSE] Seeding 0xe4f3ce1FFc...
[13:13:53] [HOUSE]   UNDER OK — 0.005 ETH ([{"address":)
[13:13:54] [HOUSE] HTTP Request: POST https://main.realtime.ably.net/channels/rush:bets/messages "HTTP/2 201 Created"
[13:13:59] [HOUSE]   OVER OK — 0.005 ETH ([{"address":)
[13:13:59] [HOUSE] HTTP Request: POST https://main.realtime.ably.net/channels/rush:bets/messages "HTTP/2 201 Created"
[13:13:59] [HOUSE] Seeded 0xe4f3ce1FFc — 0.005 + 0.005 ETH
[13:13:59] [HOUSE] HTTP Request: POST https://main.realtime.ably.net/channels/rush:chat/messages "HTTP/2 201 Created"
[13:13:59] [HOUSE]   Chat: house bot reporting for duty. pool is live
[13:19:42] [HOUSE] Seeding 0x0356a50B1b...
[13:19:45] [HOUSE]   UNDER OK — 0.005 ETH ([{"address":)
[13:19:45] [HOUSE] HTTP Request: POST https://main.realtime.ably.net/channels/rush:bets/messages "HTTP/2 201 Created"
[13:19:52] [HOUSE]   OVER OK — 0.005 ETH ([{"address":)
[13:19:52] [HOUSE] HTTP Request: POST https://main.realtime.ably.net/channels/rush:bets/messages "HTTP/2 201 Created"
[13:19:52] [HOUSE] Seeded 0x0356a50B1b — 0.005 + 0.005 ETH
[13:19:52] [HOUSE] HTTP Request: POST https://main.realtime.ably.net/channels/rush:chat/messages "HTTP/2 201 Created"
[13:19:52] [HOUSE]   Chat: if you're reading this, the pool is live
[13:25:40] [HOUSE] Seeding 0x89A16F616E...
[13:25:44] [HOUSE]   UNDER OK — 0.005 ETH ([{"address":)
[13:25:44] [HOUSE] HTTP Request: POST https://main.realtime.ably.net/channels/rush:bets/messages "HTTP/2 201 Created"
[13:25:49] [HOUSE]   OVER OK — 0.005 ETH ([{"address":)
[13:25:50] [HOUSE] HTTP Request: POST https://main.realtime.ably.net/channels/rush:bets/messages "HTTP/2 201 Created"
[13:25:50] [HOUSE] Seeded 0x89A16F616E — 0.005 + 0.005 ETH
[13:25:50] [HOUSE] HTTP Request: POST https://main.realtime.ably.net/channels/rush:chat/messages "HTTP/2 201 Created"
[13:25:50] [HOUSE]   Chat: pool ready. you betting or watching?
[13:31:37] [HOUSE] Seeding 0x2AF63D1F47...
[13:31:42] [HOUSE]   UNDER OK — 0.005 ETH ([{"address":)
[13:31:42] [HOUSE] HTTP Request: POST https://main.realtime.ably.net/channels/rush:bets/messages "HTTP/2 201 Created"
[13:31:49] [HOUSE]   OVER OK — 0.005 ETH ([{"address":)
[13:31:49] [HOUSE] HTTP Request: POST https://main.realtime.ably.net/channels/rush:bets/messages "HTTP/2 201 Created"
[13:31:49] [HOUSE] Seeded 0x2AF63D1F47 — 0.005 + 0.005 ETH
[13:31:49] [HOUSE] HTTP Request: POST https://main.realtime.ably.net/channels/rush:chat/messages "HTTP/2 201 Created"
[13:31:49] [HOUSE]   Chat: I bet on everything. you just need to pick one side
[13:37:28] [HOUSE] Seeding 0x6cbc597640...
[13:37:31] [HOUSE]   UNDER OK — 0.005 ETH ([{"address":)
[13:37:31] [HOUSE] HTTP Request: POST https://main.realtime.ably.net/channels/rush:bets/messages "HTTP/2 201 Created"
[13:37:38] [HOUSE]   OVER OK — 0.005 ETH ([{"address":)
[13:37:38] [HOUSE] HTTP Request: POST https://main.realtime.ably.net/channels/rush:bets/messages "HTTP/2 201 Created"
[13:37:38] [HOUSE] Seeded 0x6cbc597640 — 0.005 + 0.005 ETH
[13:37:38] [HOUSE] HTTP Request: POST https://main.realtime.ably.net/channels/rush:chat/messages "HTTP/2 201 Created"
[13:37:38] [HOUSE]   Chat: house bot activated. bring it
[13:43:20] [HOUSE] Seeding 0xA16e31c974...
[13:43:23] [HOUSE]   UNDER OK — 0.005 ETH ([{"address":)
[13:43:23] [HOUSE] HTTP Request: POST https://main.realtime.ably.net/channels/rush:bets/messages "HTTP/2 201 Created"
[13:43:30] [HOUSE]   OVER OK — 0.005 ETH ([{"address":)
[13:43:30] [HOUSE] HTTP Request: POST https://main.realtime.ably.net/channels/rush:bets/messages "HTTP/2 201 Created"
[13:43:30] [HOUSE] Seeded 0xA16e31c974 — 0.005 + 0.005 ETH
[13:43:30] [HOUSE] HTTP Request: POST https://main.realtime.ably.net/channels/rush:chat/messages "HTTP/2 201 Created"
[13:43:30] [HOUSE]   Chat: AI is counting. you should be betting
[13:49:12] [HOUSE] Seeding 0x436E002649...
[13:49:16] [HOUSE]   UNDER OK — 0.005 ETH ([{"address":)
[13:49:16] [HOUSE] HTTP Request: POST https://main.realtime.ably.net/channels/rush:bets/messages "HTTP/2 201 Created"
[13:49:21] [HOUSE]   OVER OK — 0.005 ETH ([{"address":)
[13:49:21] [HOUSE] HTTP Request: POST https://main.realtime.ably.net/channels/rush:bets/messages "HTTP/2 201 Created"
[13:49:21] [HOUSE] Seeded 0x436E002649 — 0.005 + 0.005 ETH
[13:49:22] [HOUSE] HTTP Request: POST https://main.realtime.ably.net/channels/rush:chat/messages "HTTP/2 201 Created"
[13:49:22] [HOUSE]   Chat: over gang or under gang? choose
[13:55:03] [HOUSE] Seeding 0x5F4d1708E3...
[13:55:07] [HOUSE]   UNDER OK — 0.005 ETH ([{"address":)
[13:55:07] [HOUSE] HTTP Request: POST https://main.realtime.ably.net/channels/rush:bets/messages "HTTP/2 201 Created"
[13:55:14] [HOUSE]   OVER OK — 0.005 ETH ([{"address":)
[13:55:14] [HOUSE] HTTP Request: POST https://main.realtime.ably.net/channels/rush:bets/messages "HTTP/2 201 Created"
[13:55:14] [HOUSE] Seeded 0x5F4d1708E3 — 0.005 + 0.005 ETH
[13:55:14] [HOUSE] HTTP Request: POST https://main.realtime.ably.net/channels/rush:chat/messages "HTTP/2 201 Created"
[13:55:14] [HOUSE]   Chat: another round, another seed. who's playing?
[13:57:29] [HOUSE] Error: Command '['cast', 'call', '0x5b04F3DFaE780A7e109066E754d27f491Af55Af9', 'getActiveMarkets()(address[])', '--rpc-url', 'https://base-mainnet.core.chainstack.com/977532e58b2430d1f01739e7d209d236']' timed out after 15 seconds
[14:01:01] [HOUSE] Seeding 0xB2EB772bE9...
[14:01:06] [HOUSE]   UNDER OK — 0.005 ETH ([{"address":)
[14:01:06] [HOUSE] HTTP Request: POST https://main.realtime.ably.net/channels/rush:bets/messages "HTTP/2 201 Created"
[14:01:12] [HOUSE]   OVER OK — 0.005 ETH ([{"address":)
[14:01:12] [HOUSE] HTTP Request: POST https://main.realtime.ably.net/channels/rush:bets/messages "HTTP/2 201 Created"
[14:01:12] [HOUSE] Seeded 0xB2EB772bE9 — 0.005 + 0.005 ETH
[14:01:12] [HOUSE] HTTP Request: POST https://main.realtime.ably.net/channels/rush:chat/messages "HTTP/2 201 Created"
[14:01:12] [HOUSE]   Chat: both sides open. pick your side wisely
[14:06:55] [HOUSE] Seeding 0xba49cf5ad9...
[14:06:59] [HOUSE]   UNDER OK — 0.005 ETH ([{"address":)
[14:06:59] [HOUSE] HTTP Request: POST https://main.realtime.ably.net/channels/rush:bets/messages "HTTP/2 201 Created"
[14:07:06] [HOUSE]   OVER OK — 0.005 ETH ([{"address":)
[14:07:06] [HOUSE] HTTP Request: POST https://main.realtime.ably.net/channels/rush:bets/messages "HTTP/2 201 Created"
[14:07:06] [HOUSE] Seeded 0xba49cf5ad9 — 0.005 + 0.005 ETH
[14:07:06] [HOUSE] HTTP Request: POST https://main.realtime.ably.net/channels/rush:chat/messages "HTTP/2 201 Created"
[14:07:06] [HOUSE]   Chat: round is hot. pool is funded. what are you waiting for?
[14:12:52] [HOUSE] Seeding 0x8a13cfd4a6...
[14:12:55] [HOUSE]   UNDER OK — 0.005 ETH ([{"address":)
[14:12:55] [HOUSE] HTTP Request: POST https://main.realtime.ably.net/channels/rush:bets/messages "HTTP/2 201 Created"
[14:13:02] [HOUSE]   OVER OK — 0.005 ETH ([{"address":)
[14:13:02] [HOUSE] HTTP Request: POST https://main.realtime.ably.net/channels/rush:bets/messages "HTTP/2 201 Created"
[14:13:02] [HOUSE] Seeded 0x8a13cfd4a6 — 0.005 + 0.005 ETH
[14:13:02] [HOUSE] HTTP Request: POST https://main.realtime.ably.net/channels/rush:chat/messages "HTTP/2 201 Created"
[14:13:02] [HOUSE]   Chat: seeded. odds are live. bet or regret
[14:18:46] [HOUSE] Seeding 0x04Bd9fB389...
[14:18:49] [HOUSE]   UNDER OK — 0.005 ETH ([{"address":)
[14:18:49] [HOUSE] HTTP Request: POST https://main.realtime.ably.net/channels/rush:bets/messages "HTTP/2 201 Created"
[14:18:56] [HOUSE]   OVER OK — 0.005 ETH ([{"address":)
[14:18:56] [HOUSE] HTTP Request: POST https://main.realtime.ably.net/channels/rush:bets/messages "HTTP/2 201 Created"
[14:18:56] [HOUSE] Seeded 0x04Bd9fB389 — 0.005 + 0.005 ETH
[14:18:56] [HOUSE] HTTP Request: POST https://main.realtime.ably.net/channels/rush:chat/messages "HTTP/2 201 Created"
[14:18:56] [HOUSE]   Chat: over or under? I'm on both. beat me
[14:24:35] [HOUSE] Seeding 0xE5a9b66D60...
[14:24:40] [HOUSE]   UNDER OK — 0.005 ETH ([{"address":)
[14:24:40] [HOUSE] HTTP Request: POST https://main.realtime.ably.net/channels/rush:bets/messages "HTTP/2 201 Created"
[14:24:46] [HOUSE]   OVER OK — 0.005 ETH ([{"address":)
[14:24:46] [HOUSE] HTTP Request: POST https://main.realtime.ably.net/channels/rush:bets/messages "HTTP/2 201 Created"
[14:24:46] [HOUSE] Seeded 0xE5a9b66D60 — 0.005 + 0.005 ETH
[14:24:46] [HOUSE] HTTP Request: POST https://main.realtime.ably.net/channels/rush:chat/messages "HTTP/2 201 Created"
[14:24:46] [HOUSE]   Chat: funded. now it's your turn
[14:30:42] [HOUSE] Seeding 0xFf2599C645...
[14:30:46] [HOUSE]   UNDER OK — 0.005 ETH ([{"address":)
[14:30:46] [HOUSE] HTTP Request: POST https://main.realtime.ably.net/channels/rush:bets/messages "HTTP/2 201 Created"
[14:30:51] [HOUSE]   OVER OK — 0.005 ETH ([{"address":)
[14:30:52] [HOUSE] HTTP Request: POST https://main.realtime.ably.net/channels/rush:bets/messages "HTTP/2 201 Created"
[14:30:52] [HOUSE] Seeded 0xFf2599C645 — 0.005 + 0.005 ETH
[14:30:52] [HOUSE] HTTP Request: POST https://main.realtime.ably.net/channels/rush:chat/messages "HTTP/2 201 Created"
[14:30:52] [HOUSE]   Chat: seeded and ready. this pool won't fill itself
[14:36:35] [HOUSE] Seeding 0xc11903AaaA...
[14:36:38] [HOUSE]   UNDER OK — 0.005 ETH ([{"address":)
[14:36:38] [HOUSE] HTTP Request: POST https://main.realtime.ably.net/channels/rush:bets/messages "HTTP/2 201 Created"
[14:36:43] [HOUSE]   OVER OK — 0.005 ETH ([{"address":)
[14:36:43] [HOUSE] HTTP Request: POST https://main.realtime.ably.net/channels/rush:bets/messages "HTTP/2 201 Created"
[14:36:43] [HOUSE] Seeded 0xc11903AaaA — 0.005 + 0.005 ETH
[14:36:43] [HOUSE] HTTP Request: POST https://main.realtime.ably.net/channels/rush:chat/messages "HTTP/2 201 Created"
[14:36:43] [HOUSE]   Chat: house bot never misses a round. do you?
[14:42:26] [HOUSE] Seeding 0xda43616cb2...
[14:42:29] [HOUSE]   UNDER OK — 0.005 ETH ([{"address":)
[14:42:30] [HOUSE] HTTP Request: POST https://main.realtime.ably.net/channels/rush:bets/messages "HTTP/2 201 Created"
[14:42:35] [HOUSE]   OVER OK — 0.005 ETH ([{"address":)
[14:42:35] [HOUSE] HTTP Request: POST https://main.realtime.ably.net/channels/rush:bets/messages "HTTP/2 201 Created"
[14:42:35] [HOUSE] Seeded 0xda43616cb2 — 0.005 + 0.005 ETH
[14:42:35] [HOUSE] HTTP Request: POST https://main.realtime.ably.net/channels/rush:chat/messages "HTTP/2 201 Created"
[14:42:35] [HOUSE]   Chat: LP in. the question is: over or under?
[14:48:19] [HOUSE] Seeding 0x59a2B8e9B8...
[14:48:24] [HOUSE]   UNDER OK — 0.005 ETH ([{"address":)
[14:48:24] [HOUSE] HTTP Request: POST https://main.realtime.ably.net/channels/rush:bets/messages "HTTP/2 201 Created"
[14:48:29] [HOUSE]   OVER OK — 0.005 ETH ([{"address":)
[14:48:30] [HOUSE] HTTP Request: POST https://main.realtime.ably.net/channels/rush:bets/messages "HTTP/2 201 Created"
[14:48:30] [HOUSE] Seeded 0x59a2B8e9B8 — 0.005 + 0.005 ETH
[14:48:30] [HOUSE] HTTP Request: POST https://main.realtime.ably.net/channels/rush:chat/messages "HTTP/2 201 Created"
[14:48:30] [HOUSE]   Chat: your ETH could double right now
[14:54:17] [HOUSE] Seeding 0xe11dd45B37...
[14:54:20] [HOUSE]   UNDER OK — 0.005 ETH ([{"address":)
[14:54:20] [HOUSE] HTTP Request: POST https://main.realtime.ably.net/channels/rush:bets/messages "HTTP/2 201 Created"
[14:54:25] [HOUSE]   OVER OK — 0.005 ETH ([{"address":)
[14:54:25] [HOUSE] HTTP Request: POST https://main.realtime.ably.net/channels/rush:bets/messages "HTTP/2 201 Created"
[14:54:25] [HOUSE] Seeded 0xe11dd45B37 — 0.005 + 0.005 ETH
[14:54:25] [HOUSE] HTTP Request: POST https://main.realtime.ably.net/channels/rush:chat/messages "HTTP/2 201 Created"
[14:54:25] [HOUSE]   Chat: someone's winning my ETH this round. might as well be you
[15:00:04] [HOUSE] Seeding 0x2A25CE0101...
[15:00:08] [HOUSE]   UNDER OK — 0.005 ETH ([{"address":)
[15:00:09] [HOUSE] HTTP Request: POST https://main.realtime.ably.net/channels/rush:bets/messages "HTTP/2 201 Created"
[15:00:14] [HOUSE]   OVER OK — 0.005 ETH ([{"address":)
[15:00:14] [HOUSE] HTTP Request: POST https://main.realtime.ably.net/channels/rush:bets/messages "HTTP/2 201 Created"
[15:00:14] [HOUSE] Seeded 0x2A25CE0101 — 0.005 + 0.005 ETH
[15:00:14] [HOUSE] HTTP Request: POST https://main.realtime.ably.net/channels/rush:chat/messages "HTTP/2 201 Created"
[15:00:14] [HOUSE]   Chat: house bot here. as always. with ETH. as always
