[11:18:07] [HOUSE] Ably connected for bet broadcasting
[11:18:07] [HOUSE] House bot started (ETH mode)
[11:18:07] [HOUSE] Bet: 0.005 ETH per side | Factory: 0x5b04F3DFaE
[11:18:07] [HOUSE] Polling every 2s for new markets...
[11:18:08] [HOUSE] Seeding 0x50c97c9a68...
[11:18:09] [HOUSE]   RPC https://base-mainnet.core failed: Error: Failed to estimate gas: server returned an error response: error code -32000: insufficient funds for transfer

[11:18:10] [HOUSE]   RPC https://base.drpc.org failed: Error: Failed to estimate gas: server returned an error response: error code -32003: insufficient funds for gas * price 
[11:18:12] [HOUSE]   RPC https://base-rpc.publicno failed: Error: Failed to estimate gas: server returned an error response: error code -32000: insufficient funds for transfer

[11:18:13] [HOUSE]   Send empty (attempt 1)
[11:18:15] [HOUSE]   RPC https://base-mainnet.core failed: Error: Failed to estimate gas: server returned an error response: error code -32000: insufficient funds for transfer

[11:18:16] [HOUSE]   RPC https://base.drpc.org failed: Error: Failed to estimate gas: server returned an error response: error code -32003: insufficient funds for gas * price 
[11:18:17] [HOUSE]   RPC https://base-rpc.publicno failed: Error: Failed to estimate gas: server returned an error response: error code -32000: insufficient funds for transfer

[11:18:18] [HOUSE]   Send empty (attempt 2)
[11:18:20] [HOUSE]   RPC https://base-mainnet.core failed: Error: Failed to estimate gas: server returned an error response: error code -32000: insufficient funds for transfer

[11:18:21] [HOUSE]   RPC https://base.drpc.org failed: Error: Failed to estimate gas: server returned an error response: error code -32003: insufficient funds for gas * price 
[11:18:23] [HOUSE]   RPC https://base-rpc.publicno failed: Error: Failed to estimate gas: server returned an error response: error code -32000: insufficient funds for transfer

[11:18:23] [HOUSE]   Send empty (attempt 3)
[11:18:24] [HOUSE]   UNDER FAILED
[11:19:26] [HOUSE] Skip 0x50c97c9a68 — lockTime passed (2s ago)
[11:22:23] [HOUSE] Seeding 0x25dd4Ec840...
[11:22:24] [HOUSE]   RPC https://base-mainnet.core failed: Error: Failed to estimate gas: server returned an error response: error code -32000: insufficient funds for transfer

[11:22:25] [HOUSE]   RPC https://base.drpc.org failed: Error: Failed to estimate gas: server returned an error response: error code -32003: insufficient funds for gas * price 
[11:22:27] [HOUSE]   RPC https://base-rpc.publicno failed: Error: Failed to estimate gas: server returned an error response: error code -32000: insufficient funds for transfer

[11:22:27] [HOUSE]   Send empty (attempt 1)
[11:22:29] [HOUSE]   RPC https://base-mainnet.core failed: Error: Failed to estimate gas: server returned an error response: error code -32000: insufficient funds for transfer

[11:22:30] [HOUSE]   RPC https://base.drpc.org failed: Error: Failed to estimate gas: server returned an error response: error code -32003: insufficient funds for gas * price 
[11:22:32] [HOUSE]   RPC https://base-rpc.publicno failed: Error: Failed to estimate gas: server returned an error response: error code -32000: insufficient funds for transfer

[11:22:33] [HOUSE]   Send empty (attempt 2)
[11:22:35] [HOUSE]   RPC https://base-mainnet.core failed: Error: Failed to estimate gas: server returned an error response: error code -32000: insufficient funds for transfer

[11:22:36] [HOUSE]   RPC https://base.drpc.org failed: Error: Failed to estimate gas: server returned an error response: error code -32003: insufficient funds for gas * price 
[11:22:38] [HOUSE]   RPC https://base-rpc.publicno failed: Error: Failed to estimate gas: server returned an error response: error code -32000: insufficient funds for transfer

[11:22:38] [HOUSE]   Send empty (attempt 3)
[11:22:39] [HOUSE]   UNDER FAILED
[11:23:41] [HOUSE] Seeding 0x25dd4Ec840...
[11:23:43] [HOUSE]   RPC https://base-mainnet.core failed: Error: Failed to estimate gas: server returned an error response: error code -32000: insufficient funds for transfer

[11:23:43] [HOUSE]   RPC https://base.drpc.org failed: Error: Failed to estimate gas: server returned an error response: error code -32003: insufficient funds for gas * price 
[11:23:44] [HOUSE]   RPC https://base-rpc.publicno failed: Error: Failed to estimate gas: server returned an error response: error code -32000: insufficient funds for transfer

[11:23:45] [HOUSE]   Send empty (attempt 1)
[11:23:47] [HOUSE]   RPC https://base-mainnet.core failed: Error: Failed to estimate gas: server returned an error response: error code -32000: insufficient funds for transfer

[11:23:48] [HOUSE]   RPC https://base.drpc.org failed: Error: Failed to estimate gas: server returned an error response: error code -32003: insufficient funds for gas * price 
[11:23:50] [HOUSE]   RPC https://base-rpc.publicno failed: Error: Failed to estimate gas: server returned an error response: error code -32000: insufficient funds for transfer

[11:23:50] [HOUSE]   Send empty (attempt 2)
[11:23:52] [HOUSE]   RPC https://base-mainnet.core failed: Error: Failed to estimate gas: server returned an error response: error code -32000: insufficient funds for transfer

[11:23:53] [HOUSE]   RPC https://base.drpc.org failed: Error: Failed to estimate gas: server returned an error response: error code -32003: insufficient funds for gas * price 
[11:23:54] [HOUSE]   RPC https://base-rpc.publicno failed: Error: Failed to estimate gas: server returned an error response: error code -32000: insufficient funds for transfer

[11:23:55] [HOUSE]   Send empty (attempt 3)
[11:23:56] [HOUSE]   UNDER FAILED
[11:24:57] [HOUSE] Skip 0x25dd4Ec840 — lockTime passed (5s ago)
[11:28:20] [HOUSE] Seeding 0x6Ea1b2DF3E...
[11:28:21] [HOUSE]   RPC https://base-mainnet.core failed: Error: Failed to estimate gas: server returned an error response: error code -32000: insufficient funds for transfer

[11:28:22] [HOUSE]   RPC https://base.drpc.org failed: Error: Failed to estimate gas: server returned an error response: error code -32003: insufficient funds for gas * price 
[11:28:28] [HOUSE]   RPC https://base-rpc.publicno failed: Error: Failed to estimate gas: server returned an error response: error code -32000: insufficient funds for transfer

[11:28:29] [HOUSE]   Send empty (attempt 1)
[11:28:31] [HOUSE]   RPC https://base-mainnet.core failed: Error: Failed to estimate gas: server returned an error response: error code -32000: insufficient funds for transfer

[11:28:32] [HOUSE]   RPC https://base.drpc.org failed: Error: Failed to estimate gas: server returned an error response: error code -32003: insufficient funds for gas * price 
[11:28:34] [HOUSE]   RPC https://base-rpc.publicno failed: Error: Failed to estimate gas: server returned an error response: error code -32000: insufficient funds for transfer

[11:28:34] [HOUSE]   Send empty (attempt 2)
[11:28:36] [HOUSE]   RPC https://base-mainnet.core failed: Error: Failed to estimate gas: server returned an error response: error code -32000: insufficient funds for transfer

[11:28:37] [HOUSE]   RPC https://base.drpc.org failed: Error: Failed to estimate gas: server returned an error response: error code -32003: insufficient funds for gas * price 
[11:28:39] [HOUSE]   RPC https://base-rpc.publicno failed: Error: Failed to estimate gas: server returned an error response: error code -32000: insufficient funds for transfer

[11:28:39] [HOUSE]   Send empty (attempt 3)
[11:28:40] [HOUSE]   UNDER FAILED
[11:29:43] [HOUSE] Seeding 0x6Ea1b2DF3E...
[11:29:45] [HOUSE]   RPC https://base-mainnet.core failed: Error: Failed to estimate gas: server returned an error response: error code -32000: insufficient funds for transfer

[11:29:45] [HOUSE]   RPC https://base.drpc.org failed: Error: Failed to estimate gas: server returned an error response: error code -32003: insufficient funds for gas * price 
[11:29:47] [HOUSE]   RPC https://base-rpc.publicno failed: Error: Failed to estimate gas: server returned an error response: error code -32000: insufficient funds for transfer

[11:29:47] [HOUSE]   Send empty (attempt 1)
[11:29:49] [HOUSE]   RPC https://base-mainnet.core failed: Error: Failed to estimate gas: server returned an error response: error code -32000: insufficient funds for transfer

[11:29:50] [HOUSE]   RPC https://base.drpc.org failed: Error: Failed to estimate gas: server returned an error response: error code -32003: insufficient funds for gas * price 
[11:29:54] [HOUSE]   RPC https://base-rpc.publicno failed: Error: Failed to estimate gas: server returned an error response: error code -32000: insufficient funds for transfer

[11:29:54] [HOUSE]   Send empty (attempt 2)
[11:29:57] [HOUSE]   RPC https://base-mainnet.core failed: Error: Failed to estimate gas: server returned an error response: error code -32000: insufficient funds for transfer

[11:29:58] [HOUSE]   RPC https://base.drpc.org failed: Error: Failed to estimate gas: server returned an error response: error code -32003: insufficient funds for gas * price 
[11:29:59] [HOUSE]   RPC https://base-rpc.publicno failed: Error: Failed to estimate gas: server returned an error response: error code -32000: insufficient funds for transfer

[11:29:59] [HOUSE]   Send empty (attempt 3)
[11:30:00] [HOUSE]   UNDER FAILED
[11:31:03] [HOUSE] Skip 0x6Ea1b2DF3E — lockTime passed (16s ago)
[11:34:12] [HOUSE] Seeding 0x9e1a83b9A3...
[11:34:13] [HOUSE]   RPC https://base-mainnet.core failed: Error: Failed to estimate gas: server returned an error response: error code -32000: insufficient funds for transfer

[11:34:13] [HOUSE]   RPC https://base.drpc.org failed: Error: Failed to estimate gas: server returned an error response: error code -32003: insufficient funds for gas * price 
[11:34:15] [HOUSE]   RPC https://base-rpc.publicno failed: Error: Failed to estimate gas: server returned an error response: error code -32000: insufficient funds for transfer

[11:34:15] [HOUSE]   Send empty (attempt 1)
[11:34:18] [HOUSE]   RPC https://base-mainnet.core failed: Error: Failed to estimate gas: server returned an error response: error code -32000: insufficient funds for transfer

[11:34:19] [HOUSE]   RPC https://base.drpc.org failed: Error: Failed to estimate gas: server returned an error response: error code -32003: insufficient funds for gas * price 
[11:34:20] [HOUSE]   RPC https://base-rpc.publicno failed: Error: Failed to estimate gas: server returned an error response: error code -32000: insufficient funds for transfer

[11:34:20] [HOUSE]   Send empty (attempt 2)
[11:34:23] [HOUSE]   RPC https://base-mainnet.core failed: Error: Failed to estimate gas: server returned an error response: error code -32000: insufficient funds for transfer

[11:34:23] [HOUSE]   RPC https://base.drpc.org failed: Error: Failed to estimate gas: server returned an error response: error code -32003: insufficient funds for gas * price 
[11:34:24] [HOUSE]   RPC https://base-rpc.publicno failed: Error: Failed to estimate gas: server returned an error response: error code -32000: insufficient funds for transfer

[11:34:24] [HOUSE]   Send empty (attempt 3)
[11:34:25] [HOUSE]   UNDER FAILED
[11:35:28] [HOUSE] Seeding 0x9e1a83b9A3...
[11:35:29] [HOUSE]   RPC https://base-mainnet.core failed: Error: Failed to estimate gas: server returned an error response: error code -32000: insufficient funds for transfer

[11:35:30] [HOUSE]   RPC https://base.drpc.org failed: Error: Failed to estimate gas: server returned an error response: error code -32003: insufficient funds for gas * price 
[11:35:32] [HOUSE]   RPC https://base-rpc.publicno failed: Error: Failed to estimate gas: server returned an error response: error code -32000: insufficient funds for transfer

[11:35:33] [HOUSE]   Send empty (attempt 1)
[11:35:35] [HOUSE]   RPC https://base-mainnet.core failed: Error: Failed to estimate gas: server returned an error response: error code -32000: insufficient funds for transfer

[11:35:36] [HOUSE]   RPC https://base.drpc.org failed: Error: Failed to estimate gas: server returned an error response: error code -32003: insufficient funds for gas * price 
[11:35:37] [HOUSE]   RPC https://base-rpc.publicno failed: Error: Failed to estimate gas: server returned an error response: error code -32000: insufficient funds for transfer

[11:35:38] [HOUSE]   Send empty (attempt 2)
[11:35:40] [HOUSE]   RPC https://base-mainnet.core failed: Error: Failed to estimate gas: server returned an error response: error code -32000: insufficient funds for transfer

[11:35:41] [HOUSE]   RPC https://base.drpc.org failed: Error: Failed to estimate gas: server returned an error response: error code -32003: insufficient funds for gas * price 
[11:35:42] [HOUSE]   RPC https://base-rpc.publicno failed: Error: Failed to estimate gas: server returned an error response: error code -32000: insufficient funds for transfer

[11:35:43] [HOUSE]   Send empty (attempt 3)
[11:35:44] [HOUSE]   UNDER FAILED
[11:36:47] [HOUSE] Skip 0x9e1a83b9A3 — lockTime passed (6s ago)
[11:40:09] [HOUSE] Seeding 0x8b1aD558F3...
[11:40:11] [HOUSE]   RPC https://base-mainnet.core failed: Error: Failed to estimate gas: server returned an error response: error code -32000: insufficient funds for transfer

[11:40:12] [HOUSE]   RPC https://base.drpc.org failed: Error: Failed to estimate gas: server returned an error response: error code -32003: insufficient funds for gas * price 
[11:40:14] [HOUSE]   RPC https://base-rpc.publicno failed: Error: Failed to estimate gas: server returned an error response: error code -32000: insufficient funds for transfer

[11:40:14] [HOUSE]   Send empty (attempt 1)
[11:40:17] [HOUSE]   RPC https://base-mainnet.core failed: Error: Failed to estimate gas: server returned an error response: error code -32000: insufficient funds for transfer

[11:40:17] [HOUSE]   RPC https://base.drpc.org failed: Error: Failed to estimate gas: server returned an error response: error code -32003: insufficient funds for gas * price 
[11:40:18] [HOUSE]   RPC https://base-rpc.publicno failed: Error: Failed to estimate gas: server returned an error response: error code -32000: insufficient funds for transfer

[11:40:19] [HOUSE]   Send empty (attempt 2)
[11:40:21] [HOUSE]   RPC https://base-mainnet.core failed: Error: Failed to estimate gas: server returned an error response: error code -32000: insufficient funds for transfer

[11:40:22] [HOUSE]   RPC https://base.drpc.org failed: Error: Failed to estimate gas: server returned an error response: error code -32003: insufficient funds for gas * price 
[11:40:23] [HOUSE]   RPC https://base-rpc.publicno failed: Error: Failed to estimate gas: server returned an error response: error code -32000: insufficient funds for transfer

[11:40:24] [HOUSE]   Send empty (attempt 3)
[11:40:25] [HOUSE]   UNDER FAILED
[11:41:26] [HOUSE] Seeding 0x8b1aD558F3...
[11:41:28] [HOUSE]   RPC https://base-mainnet.core failed: Error: Failed to estimate gas: server returned an error response: error code -32000: insufficient funds for transfer

[11:41:29] [HOUSE]   RPC https://base.drpc.org failed: Error: Failed to estimate gas: server returned an error response: error code -32003: insufficient funds for gas * price 
[11:41:49] [HOUSE]   RPC https://base-rpc.publicno timeout
[11:41:49] [HOUSE]   Send empty (attempt 1)
[11:41:52] [HOUSE]   RPC https://base-mainnet.core failed: Error: Failed to estimate gas: server returned an error response: error code -32000: insufficient funds for transfer

[11:41:52] [HOUSE]   RPC https://base.drpc.org failed: Error: Failed to estimate gas: server returned an error response: error code -32003: insufficient funds for gas * price 
[11:41:58] [HOUSE]   RPC https://base-rpc.publicno failed: Error: Failed to estimate gas: server returned an error response: error code -32000: insufficient funds for transfer

[11:41:59] [HOUSE]   Send empty (attempt 2)
[11:42:01] [HOUSE]   RPC https://base-mainnet.core failed: Error: Failed to estimate gas: server returned an error response: error code -32000: insufficient funds for transfer

[11:42:02] [HOUSE]   RPC https://base.drpc.org failed: Error: Failed to estimate gas: server returned an error response: error code -32003: insufficient funds for gas * price 
[11:42:08] [HOUSE]   RPC https://base-rpc.publicno failed: Error: Failed to estimate gas: server returned an error response: error code -32000: insufficient funds for transfer

[11:42:08] [HOUSE]   Send empty (attempt 3)
[11:42:09] [HOUSE]   UNDER FAILED
[11:43:10] [HOUSE] Skip 0x8b1aD558F3 — lockTime passed (35s ago)
[11:46:02] [HOUSE] Seeding 0x20D6C7fC3a...
[11:46:03] [HOUSE]   RPC https://base-mainnet.core failed: Error: Failed to estimate gas: server returned an error response: error code -32000: insufficient funds for transfer

[11:46:04] [HOUSE]   RPC https://base.drpc.org failed: Error: Failed to estimate gas: server returned an error response: error code -32003: insufficient funds for gas * price 
[11:46:07] [HOUSE]   RPC https://base-rpc.publicno failed: Error: Failed to estimate gas: server returned an error response: error code -32000: insufficient funds for transfer

[11:46:07] [HOUSE]   Send empty (attempt 1)
[11:46:10] [HOUSE]   RPC https://base-mainnet.core failed: Error: Failed to estimate gas: server returned an error response: error code -32000: insufficient funds for transfer

[11:46:10] [HOUSE]   RPC https://base.drpc.org failed: Error: Failed to estimate gas: server returned an error response: error code -32003: insufficient funds for gas * price 
[11:46:13] [HOUSE]   RPC https://base-rpc.publicno failed: Error: Failed to estimate gas: server returned an error response: error code -32000: insufficient funds for transfer

[11:46:14] [HOUSE]   Send empty (attempt 2)
[11:46:16] [HOUSE]   RPC https://base-mainnet.core failed: Error: Failed to estimate gas: server returned an error response: error code -32000: insufficient funds for transfer

[11:46:17] [HOUSE]   RPC https://base.drpc.org failed: Error: Failed to estimate gas: server returned an error response: error code -32003: insufficient funds for gas * price 
[11:46:20] [HOUSE]   RPC https://base-rpc.publicno failed: Error: Failed to estimate gas: server returned an error response: error code -32000: insufficient funds for transfer

[11:46:21] [HOUSE]   Send empty (attempt 3)
[11:46:22] [HOUSE]   UNDER FAILED
[11:47:22] [HOUSE] Seeding 0x20D6C7fC3a...
[11:47:24] [HOUSE]   RPC https://base-mainnet.core failed: Error: Failed to estimate gas: server returned an error response: error code -32000: insufficient funds for transfer

[11:47:25] [HOUSE]   RPC https://base.drpc.org failed: Error: Failed to estimate gas: server returned an error response: error code -32003: insufficient funds for gas * price 
[11:47:26] [HOUSE]   RPC https://base-rpc.publicno failed: Error: Failed to estimate gas: server returned an error response: error code -32000: insufficient funds for transfer

[11:47:27] [HOUSE]   Send empty (attempt 1)
[11:47:29] [HOUSE]   RPC https://base-mainnet.core failed: Error: Failed to estimate gas: server returned an error response: error code -32000: insufficient funds for transfer

[11:47:30] [HOUSE]   RPC https://base.drpc.org failed: Error: Failed to estimate gas: server returned an error response: error code -32003: insufficient funds for gas * price 
[11:47:31] [HOUSE]   RPC https://base-rpc.publicno failed: Error: Failed to estimate gas: server returned an error response: error code -32000: insufficient funds for transfer

[11:47:32] [HOUSE]   Send empty (attempt 2)
[11:47:34] [HOUSE]   RPC https://base-mainnet.core failed: Error: Failed to estimate gas: server returned an error response: error code -32000: insufficient funds for transfer

[11:47:35] [HOUSE]   RPC https://base.drpc.org failed: Error: Failed to estimate gas: server returned an error response: error code -32003: insufficient funds for gas * price 
[11:47:39] [HOUSE]   RPC https://base-rpc.publicno failed: Error: Failed to estimate gas: server returned an error response: error code -32000: insufficient funds for transfer

[11:47:40] [HOUSE]   Send empty (attempt 3)
[11:47:41] [HOUSE]   UNDER FAILED
[11:48:43] [HOUSE] Skip 0x20D6C7fC3a — lockTime passed (15s ago)
[11:51:54] [HOUSE] Seeding 0x1dadBe5346...
[11:51:55] [HOUSE]   RPC https://base-mainnet.core failed: Error: Failed to estimate gas: server returned an error response: error code -32000: insufficient funds for transfer

[11:51:56] [HOUSE]   RPC https://base.drpc.org failed: Error: Failed to estimate gas: server returned an error response: error code -32003: insufficient funds for gas * price 
[11:52:00] [HOUSE]   RPC https://base-rpc.publicno failed: Error: Failed to estimate gas: server returned an error response: error code -32000: insufficient funds for transfer

[11:52:00] [HOUSE]   Send empty (attempt 1)
[11:52:03] [HOUSE]   RPC https://base-mainnet.core failed: Error: Failed to estimate gas: server returned an error response: error code -32000: insufficient funds for transfer

[11:52:03] [HOUSE]   RPC https://base.drpc.org failed: Error: Failed to estimate gas: server returned an error response: error code -32003: insufficient funds for gas * price 
[11:52:05] [HOUSE]   RPC https://base-rpc.publicno failed: Error: Failed to estimate gas: server returned an error response: error code -32000: insufficient funds for transfer

[11:52:05] [HOUSE]   Send empty (attempt 2)
[11:52:08] [HOUSE]   RPC https://base-mainnet.core failed: Error: Failed to estimate gas: server returned an error response: error code -32000: insufficient funds for transfer

[11:52:08] [HOUSE]   RPC https://base.drpc.org failed: Error: Failed to estimate gas: server returned an error response: error code -32003: insufficient funds for gas * price 
[11:52:09] [HOUSE]   RPC https://base-rpc.publicno failed: Error: Failed to estimate gas: server returned an error response: error code -32000: insufficient funds for transfer

[11:52:10] [HOUSE]   Send empty (attempt 3)
[11:52:11] [HOUSE]   UNDER FAILED
[11:53:13] [HOUSE] Seeding 0x1dadBe5346...
[11:53:14] [HOUSE]   RPC https://base-mainnet.core failed: Error: Failed to estimate gas: server returned an error response: error code -32000: insufficient funds for transfer

[11:53:15] [HOUSE]   RPC https://base.drpc.org failed: Error: Failed to estimate gas: server returned an error response: error code -32003: insufficient funds for gas * price 
[11:53:17] [HOUSE]   RPC https://base-rpc.publicno failed: Error: Failed to estimate gas: server returned an error response: error code -32000: insufficient funds for transfer

[11:53:17] [HOUSE]   Send empty (attempt 1)
[11:53:19] [HOUSE]   RPC https://base-mainnet.core failed: Error: Failed to estimate gas: server returned an error response: error code -32000: insufficient funds for transfer

[11:53:20] [HOUSE]   RPC https://base.drpc.org failed: Error: Failed to estimate gas: server returned an error response: error code -32003: insufficient funds for gas * price 
[11:53:21] [HOUSE]   RPC https://base-rpc.publicno failed: Error: Failed to estimate gas: server returned an error response: error code -32000: insufficient funds for transfer

[11:53:22] [HOUSE]   Send empty (attempt 2)
[11:53:24] [HOUSE]   RPC https://base-mainnet.core failed: Error: Failed to estimate gas: server returned an error response: error code -32000: insufficient funds for transfer

[11:53:25] [HOUSE]   RPC https://base.drpc.org failed: Error: Failed to estimate gas: server returned an error response: error code -32003: insufficient funds for gas * price 
[11:53:26] [HOUSE]   RPC https://base-rpc.publicno failed: Error: Failed to estimate gas: server returned an error response: error code -32000: insufficient funds for transfer

[11:53:26] [HOUSE]   Send empty (attempt 3)
[11:53:27] [HOUSE]   UNDER FAILED
[11:54:29] [HOUSE] Skip 0x1dadBe5346 — lockTime passed (6s ago)
[11:57:46] [HOUSE] Seeding 0x4a8BBEfe70...
[11:57:47] [HOUSE]   RPC https://base-mainnet.core failed: Error: Failed to estimate gas: server returned an error response: error code -32000: insufficient funds for transfer

[11:57:48] [HOUSE]   RPC https://base.drpc.org failed: Error: Failed to estimate gas: server returned an error response: error code -32003: insufficient funds for gas * price 
[11:57:49] [HOUSE]   RPC https://base-rpc.publicno failed: Error: Failed to estimate gas: server returned an error response: error code -32000: insufficient funds for transfer

[11:57:49] [HOUSE]   Send empty (attempt 1)
[11:57:51] [HOUSE]   RPC https://base-mainnet.core failed: Error: Failed to estimate gas: server returned an error response: error code -32000: insufficient funds for transfer

[11:57:52] [HOUSE]   RPC https://base.drpc.org failed: Error: Failed to estimate gas: server returned an error response: error code -32003: insufficient funds for gas * price 
[11:57:54] [HOUSE]   RPC https://base-rpc.publicno failed: Error: Failed to estimate gas: server returned an error response: error code -32000: insufficient funds for transfer

[11:57:54] [HOUSE]   Send empty (attempt 2)
[11:57:56] [HOUSE]   RPC https://base-mainnet.core failed: Error: Failed to estimate gas: server returned an error response: error code -32000: insufficient funds for transfer

[11:57:57] [HOUSE]   RPC https://base.drpc.org failed: Error: Failed to estimate gas: server returned an error response: error code -32003: insufficient funds for gas * price 
[11:57:59] [HOUSE]   RPC https://base-rpc.publicno failed: Error: Failed to estimate gas: server returned an error response: error code -32000: insufficient funds for transfer

[11:57:59] [HOUSE]   Send empty (attempt 3)
[11:58:00] [HOUSE]   UNDER FAILED
[11:59:01] [HOUSE] Seeding 0x4a8BBEfe70...
[11:59:02] [HOUSE]   RPC https://base-mainnet.core failed: Error: Failed to estimate gas: server returned an error response: error code -32000: insufficient funds for transfer

[11:59:03] [HOUSE]   RPC https://base.drpc.org failed: Error: Failed to estimate gas: server returned an error response: error code -32003: insufficient funds for gas * price 
[11:59:06] [HOUSE]   RPC https://base-rpc.publicno failed: Error: Failed to estimate gas: server returned an error response: error code -32000: insufficient funds for transfer

[11:59:06] [HOUSE]   Send empty (attempt 1)
[11:59:08] [HOUSE]   RPC https://base-mainnet.core failed: Error: Failed to estimate gas: server returned an error response: error code -32000: insufficient funds for transfer

[11:59:09] [HOUSE]   RPC https://base.drpc.org failed: Error: Failed to estimate gas: server returned an error response: error code -32003: insufficient funds for gas * price 
[11:59:20] [HOUSE]   RPC https://base-rpc.publicno failed: Error: Failed to estimate gas: server returned an error response: error code -32000: insufficient funds for transfer

[11:59:20] [HOUSE]   Send empty (attempt 2)
[11:59:22] [HOUSE]   RPC https://base-mainnet.core failed: Error: Failed to estimate gas: server returned an error response: error code -32000: insufficient funds for transfer

[11:59:23] [HOUSE]   RPC https://base.drpc.org failed: Error: Failed to estimate gas: server returned an error response: error code -32003: insufficient funds for gas * price 
[11:59:25] [HOUSE]   RPC https://base-rpc.publicno failed: Error: Failed to estimate gas: server returned an error response: error code -32000: insufficient funds for transfer

[11:59:25] [HOUSE]   Send empty (attempt 3)
[11:59:26] [HOUSE]   UNDER FAILED
[12:00:27] [HOUSE] Skip 0x4a8BBEfe70 — lockTime passed (13s ago)
[12:03:42] [HOUSE] Seeding 0x4CD157112c...
[12:03:43] [HOUSE]   RPC https://base-mainnet.core failed: Error: Failed to estimate gas: server returned an error response: error code -32000: insufficient funds for transfer

[12:03:44] [HOUSE]   RPC https://base.drpc.org failed: Error: Failed to estimate gas: server returned an error response: error code -32003: insufficient funds for gas * price 
[12:03:45] [HOUSE]   RPC https://base-rpc.publicno failed: Error: Failed to estimate gas: server returned an error response: error code -32000: insufficient funds for transfer

[12:03:46] [HOUSE]   Send empty (attempt 1)
[12:03:48] [HOUSE]   RPC https://base-mainnet.core failed: Error: Failed to estimate gas: server returned an error response: error code -32000: insufficient funds for transfer

[12:03:49] [HOUSE]   RPC https://base.drpc.org failed: Error: Failed to estimate gas: server returned an error response: error code -32003: insufficient funds for gas * price 
[12:03:50] [HOUSE]   RPC https://base-rpc.publicno failed: Error: Failed to estimate gas: server returned an error response: error code -32000: insufficient funds for transfer

[12:03:51] [HOUSE]   Send empty (attempt 2)
[12:03:53] [HOUSE]   RPC https://base-mainnet.core failed: Error: Failed to estimate gas: server returned an error response: error code -32000: insufficient funds for transfer

[12:03:54] [HOUSE]   RPC https://base.drpc.org failed: Error: Failed to estimate gas: server returned an error response: error code -32003: insufficient funds for gas * price 
[12:03:55] [HOUSE]   RPC https://base-rpc.publicno failed: Error: Failed to estimate gas: server returned an error response: error code -32000: insufficient funds for transfer

[12:03:56] [HOUSE]   Send empty (attempt 3)
[12:03:57] [HOUSE]   UNDER FAILED
[12:04:58] [HOUSE] Seeding 0x4CD157112c...
[12:04:59] [HOUSE]   RPC https://base-mainnet.core failed: Error: Failed to estimate gas: server returned an error response: error code -32000: insufficient funds for transfer

[12:05:01] [HOUSE]   RPC https://base.drpc.org failed: Error: Failed to estimate gas: server returned an error response: error code -32003: insufficient funds for gas * price 
[12:05:03] [HOUSE]   RPC https://base-rpc.publicno failed: Error: Failed to estimate gas: server returned an error response: error code -32000: insufficient funds for transfer

[12:05:03] [HOUSE]   Send empty (attempt 1)
[12:05:06] [HOUSE]   RPC https://base-mainnet.core failed: Error: Failed to estimate gas: server returned an error response: error code -32000: insufficient funds for transfer

[12:05:06] [HOUSE]   RPC https://base.drpc.org failed: Error: Failed to estimate gas: server returned an error response: error code -32003: insufficient funds for gas * price 
[12:05:08] [HOUSE]   RPC https://base-rpc.publicno failed: Error: Failed to estimate gas: server returned an error response: error code -32000: insufficient funds for transfer

[12:05:08] [HOUSE]   Send empty (attempt 2)
[12:05:10] [HOUSE]   RPC https://base-mainnet.core failed: Error: Failed to estimate gas: server returned an error response: error code -32000: insufficient funds for transfer

[12:05:11] [HOUSE]   RPC https://base.drpc.org failed: Error: Failed to estimate gas: server returned an error response: error code -32003: insufficient funds for gas * price 
[12:05:18] [HOUSE]   RPC https://base-rpc.publicno failed: Error: Failed to estimate gas: server returned an error response: error code -32000: insufficient funds for transfer

[12:05:18] [HOUSE]   Send empty (attempt 3)
[12:05:19] [HOUSE]   UNDER FAILED
[12:06:20] [HOUSE] Skip 0x4CD157112c — lockTime passed (9s ago)
[12:09:36] [HOUSE] Seeding 0x0AE1b9Ca01...
[12:09:38] [HOUSE]   RPC https://base-mainnet.core failed: Error: Failed to estimate gas: server returned an error response: error code -32000: insufficient funds for transfer

[12:09:38] [HOUSE]   RPC https://base.drpc.org failed: Error: Failed to estimate gas: server returned an error response: error code -32003: insufficient funds for gas * price 
[12:09:41] [HOUSE]   RPC https://base-rpc.publicno failed: Error: Failed to estimate gas: server returned an error response: error code -32000: insufficient funds for transfer

[12:09:42] [HOUSE]   Send empty (attempt 1)
[12:09:44] [HOUSE]   RPC https://base-mainnet.core failed: Error: Failed to estimate gas: server returned an error response: error code -32000: insufficient funds for transfer

[12:09:45] [HOUSE]   RPC https://base.drpc.org failed: Error: Failed to estimate gas: server returned an error response: error code -32003: insufficient funds for gas * price 
[12:09:46] [HOUSE]   RPC https://base-rpc.publicno failed: Error: Failed to estimate gas: server returned an error response: error code -32000: insufficient funds for transfer

[12:09:46] [HOUSE]   Send empty (attempt 2)
[12:09:48] [HOUSE]   RPC https://base-mainnet.core failed: Error: Failed to estimate gas: server returned an error response: error code -32000: insufficient funds for transfer

[12:09:49] [HOUSE]   RPC https://base.drpc.org failed: Error: Failed to estimate gas: server returned an error response: error code -32003: insufficient funds for gas * price 
[12:09:51] [HOUSE]   RPC https://base-rpc.publicno failed: Error: Failed to estimate gas: server returned an error response: error code -32000: insufficient funds for transfer

[12:09:51] [HOUSE]   Send empty (attempt 3)
[12:09:52] [HOUSE]   UNDER FAILED
[12:10:56] [HOUSE] Seeding 0x0AE1b9Ca01...
[12:10:57] [HOUSE]   RPC https://base-mainnet.core failed: Error: Failed to estimate gas: server returned an error response: error code -32000: insufficient funds for transfer

[12:10:58] [HOUSE]   RPC https://base.drpc.org failed: Error: Failed to estimate gas: server returned an error response: error code -32003: insufficient funds for gas * price 
[12:10:59] [HOUSE]   RPC https://base-rpc.publicno failed: Error: Failed to estimate gas: server returned an error response: error code -32000: insufficient funds for transfer

[12:11:00] [HOUSE]   Send empty (attempt 1)
[12:11:02] [HOUSE]   RPC https://base-mainnet.core failed: Error: Failed to estimate gas: server returned an error response: error code -32000: insufficient funds for transfer

[12:11:03] [HOUSE]   RPC https://base.drpc.org failed: Error: Failed to estimate gas: server returned an error response: error code -32003: insufficient funds for gas * price 
[12:11:05] [HOUSE]   RPC https://base-rpc.publicno failed: Error: Failed to estimate gas: server returned an error response: error code -32000: insufficient funds for transfer

[12:11:06] [HOUSE]   Send empty (attempt 2)
[12:11:08] [HOUSE]   RPC https://base-mainnet.core failed: Error: Failed to estimate gas: server returned an error response: error code -32000: insufficient funds for transfer

[12:11:09] [HOUSE]   RPC https://base.drpc.org failed: Error: Failed to estimate gas: server returned an error response: error code -32003: insufficient funds for gas * price 
[12:11:10] [HOUSE]   RPC https://base-rpc.publicno failed: Error: Failed to estimate gas: server returned an error response: error code -32000: insufficient funds for transfer

[12:11:10] [HOUSE]   Send empty (attempt 3)
[12:11:11] [HOUSE]   UNDER FAILED
[12:12:14] [HOUSE] Skip 0x0AE1b9Ca01 — lockTime passed (9s ago)
[12:15:30] [HOUSE] Seeding 0xF47Ea742FE...
[12:15:31] [HOUSE]   RPC https://base-mainnet.core failed: Error: Failed to estimate gas: server returned an error response: error code -32000: insufficient funds for transfer

[12:15:32] [HOUSE]   RPC https://base.drpc.org failed: Error: Failed to estimate gas: server returned an error response: error code -32003: insufficient funds for gas * price 
[12:15:33] [HOUSE]   RPC https://base-rpc.publicno failed: Error: Failed to estimate gas: server returned an error response: error code -32000: insufficient funds for transfer

[12:15:34] [HOUSE]   Send empty (attempt 1)
[12:15:36] [HOUSE]   RPC https://base-mainnet.core failed: Error: Failed to estimate gas: server returned an error response: error code -32000: insufficient funds for transfer

[12:15:36] [HOUSE]   RPC https://base.drpc.org failed: Error: Failed to estimate gas: server returned an error response: error code -32003: insufficient funds for gas * price 
[12:15:37] [HOUSE]   RPC https://base-rpc.publicno failed: Error: Failed to estimate gas: server returned an error response: error code -32000: insufficient funds for transfer

[12:15:38] [HOUSE]   Send empty (attempt 2)
[12:15:40] [HOUSE]   RPC https://base-mainnet.core failed: Error: Failed to estimate gas: server returned an error response: error code -32000: insufficient funds for transfer

[12:15:41] [HOUSE]   RPC https://base.drpc.org failed: Error: Failed to estimate gas: server returned an error response: error code -32003: insufficient funds for gas * price 
[12:15:42] [HOUSE]   RPC https://base-rpc.publicno failed: Error: Failed to estimate gas: server returned an error response: error code -32000: insufficient funds for transfer

[12:15:43] [HOUSE]   Send empty (attempt 3)
[12:15:44] [HOUSE]   UNDER FAILED
[12:16:48] [HOUSE] Seeding 0xF47Ea742FE...
[12:16:49] [HOUSE]   RPC https://base-mainnet.core failed: Error: Failed to estimate gas: server returned an error response: error code -32000: insufficient funds for transfer

[12:16:50] [HOUSE]   RPC https://base.drpc.org failed: Error: Failed to estimate gas: server returned an error response: error code -32003: insufficient funds for gas * price 
[12:16:51] [HOUSE]   RPC https://base-rpc.publicno failed: Error: Failed to estimate gas: server returned an error response: error code -32000: insufficient funds for transfer

[12:16:52] [HOUSE]   Send empty (attempt 1)
[12:16:54] [HOUSE]   RPC https://base-mainnet.core failed: Error: Failed to estimate gas: server returned an error response: error code -32000: insufficient funds for transfer

[12:16:55] [HOUSE]   RPC https://base.drpc.org failed: Error: Failed to estimate gas: server returned an error response: error code -32003: insufficient funds for gas * price 
[12:17:00] [HOUSE]   RPC https://base-rpc.publicno failed: Error: Failed to estimate gas: server returned an error response: error code -32000: insufficient funds for transfer

[12:17:00] [HOUSE]   Send empty (attempt 2)
[12:17:02] [HOUSE]   RPC https://base-mainnet.core failed: Error: Failed to estimate gas: server returned an error response: error code -32000: insufficient funds for transfer

[12:17:03] [HOUSE]   RPC https://base.drpc.org failed: Error: Failed to estimate gas: server returned an error response: error code -32003: insufficient funds for gas * price 
[12:17:04] [HOUSE]   RPC https://base-rpc.publicno failed: Error: Failed to estimate gas: server returned an error response: error code -32000: insufficient funds for transfer

[12:17:04] [HOUSE]   Send empty (attempt 3)
[12:17:05] [HOUSE]   UNDER FAILED
[12:18:08] [HOUSE] Skip 0xF47Ea742FE — lockTime passed (9s ago)
[12:21:25] [HOUSE] Seeding 0x3B393A5679...
[12:21:26] [HOUSE]   RPC https://base-mainnet.core failed: Error: Failed to estimate gas: server returned an error response: error code -32000: insufficient funds for transfer

[12:21:27] [HOUSE]   RPC https://base.drpc.org failed: Error: Failed to estimate gas: server returned an error response: error code -32003: insufficient funds for gas * price 
[12:21:28] [HOUSE]   RPC https://base-rpc.publicno failed: Error: Failed to estimate gas: server returned an error response: error code -32000: insufficient funds for transfer

[12:21:29] [HOUSE]   Send empty (attempt 1)
[12:21:31] [HOUSE]   RPC https://base-mainnet.core failed: Error: Failed to estimate gas: server returned an error response: error code -32000: insufficient funds for transfer

[12:21:32] [HOUSE]   RPC https://base.drpc.org failed: Error: Failed to estimate gas: server returned an error response: error code -32003: insufficient funds for gas * price 
[12:21:35] [HOUSE]   RPC https://base-rpc.publicno failed: Error: Failed to estimate gas: server returned an error response: error code -32000: insufficient funds for transfer

[12:21:35] [HOUSE]   Send empty (attempt 2)
[12:21:37] [HOUSE]   RPC https://base-mainnet.core failed: Error: Failed to estimate gas: server returned an error response: error code -32000: insufficient funds for transfer

[12:21:38] [HOUSE]   RPC https://base.drpc.org failed: Error: Failed to estimate gas: server returned an error response: error code -32003: insufficient funds for gas * price 
[12:21:39] [HOUSE]   RPC https://base-rpc.publicno failed: Error: Failed to estimate gas: server returned an error response: error code -32000: insufficient funds for transfer

[12:21:40] [HOUSE]   Send empty (attempt 3)
[12:21:41] [HOUSE]   UNDER FAILED
[12:22:43] [HOUSE] Seeding 0x3B393A5679...
[12:22:44] [HOUSE]   RPC https://base-mainnet.core failed: Error: Failed to estimate gas: server returned an error response: error code -32000: insufficient funds for transfer

[12:22:45] [HOUSE]   RPC https://base.drpc.org failed: Error: Failed to estimate gas: server returned an error response: error code -32003: insufficient funds for gas * price 
[12:22:47] [HOUSE]   RPC https://base-rpc.publicno failed: Error: Failed to estimate gas: server returned an error response: error code -32000: insufficient funds for transfer

[12:22:47] [HOUSE]   Send empty (attempt 1)
[12:22:49] [HOUSE]   RPC https://base-mainnet.core failed: Error: Failed to estimate gas: server returned an error response: error code -32000: insufficient funds for transfer

[12:22:50] [HOUSE]   RPC https://base.drpc.org failed: Error: Failed to estimate gas: server returned an error response: error code -32003: insufficient funds for gas * price 
[12:22:52] [HOUSE]   RPC https://base-rpc.publicno failed: Error: Failed to estimate gas: server returned an error response: error code -32000: insufficient funds for transfer

[12:22:52] [HOUSE]   Send empty (attempt 2)
[12:22:54] [HOUSE]   RPC https://base-mainnet.core failed: Error: Failed to estimate gas: server returned an error response: error code -32000: insufficient funds for transfer

[12:22:55] [HOUSE]   RPC https://base.drpc.org failed: Error: Failed to estimate gas: server returned an error response: error code -32003: insufficient funds for gas * price 
[12:23:02] [HOUSE]   RPC https://base-rpc.publicno failed: Error: Failed to estimate gas: server returned an error response: error code -32000: insufficient funds for transfer

[12:23:02] [HOUSE]   Send empty (attempt 3)
[12:23:03] [HOUSE]   UNDER FAILED
[12:24:04] [HOUSE] Skip 0x3B393A5679 — lockTime passed (11s ago)
[12:27:18] [HOUSE] Seeding 0x88f1Fabace...
[12:27:19] [HOUSE]   RPC https://base-mainnet.core failed: Error: Failed to estimate gas: server returned an error response: error code -32000: insufficient funds for transfer

[12:27:20] [HOUSE]   RPC https://base.drpc.org failed: Error: Failed to estimate gas: server returned an error response: error code -32003: insufficient funds for gas * price 
[12:27:21] [HOUSE]   RPC https://base-rpc.publicno failed: Error: Failed to estimate gas: server returned an error response: error code -32000: insufficient funds for transfer

[12:27:22] [HOUSE]   Send empty (attempt 1)
[12:27:24] [HOUSE]   RPC https://base-mainnet.core failed: Error: Failed to estimate gas: server returned an error response: error code -32000: insufficient funds for transfer

[12:27:25] [HOUSE]   RPC https://base.drpc.org failed: Error: Failed to estimate gas: server returned an error response: error code -32003: insufficient funds for gas * price 
[12:27:26] [HOUSE]   RPC https://base-rpc.publicno failed: Error: Failed to estimate gas: server returned an error response: error code -32000: insufficient funds for transfer

[12:27:27] [HOUSE]   Send empty (attempt 2)
[12:27:29] [HOUSE]   RPC https://base-mainnet.core failed: Error: Failed to estimate gas: server returned an error response: error code -32000: insufficient funds for transfer

[12:27:30] [HOUSE]   RPC https://base.drpc.org failed: Error: Failed to estimate gas: server returned an error response: error code -32003: insufficient funds for gas * price 
[12:27:34] [HOUSE]   RPC https://base-rpc.publicno failed: Error: Failed to estimate gas: server returned an error response: error code -32000: insufficient funds for transfer

[12:27:35] [HOUSE]   Send empty (attempt 3)
[12:27:36] [HOUSE]   UNDER FAILED
[12:28:37] [HOUSE] Seeding 0x88f1Fabace...
[12:28:38] [HOUSE]   RPC https://base-mainnet.core failed: Error: Failed to estimate gas: server returned an error response: error code -32000: insufficient funds for transfer

[12:28:39] [HOUSE]   RPC https://base.drpc.org failed: Error: Failed to estimate gas: server returned an error response: error code -32003: insufficient funds for gas * price 
[12:28:41] [HOUSE]   RPC https://base-rpc.publicno failed: Error: Failed to estimate gas: server returned an error response: error code -32000: insufficient funds for transfer

[12:28:41] [HOUSE]   Send empty (attempt 1)
[12:28:44] [HOUSE]   RPC https://base-mainnet.core failed: Error: Failed to estimate gas: server returned an error response: error code -32000: insufficient funds for transfer

[12:28:45] [HOUSE]   RPC https://base.drpc.org failed: Error: Failed to estimate gas: server returned an error response: error code -32003: insufficient funds for gas * price 
[12:28:46] [HOUSE]   RPC https://base-rpc.publicno failed: Error: Failed to estimate gas: server returned an error response: error code -32000: insufficient funds for transfer

[12:28:46] [HOUSE]   Send empty (attempt 2)
[12:28:48] [HOUSE]   RPC https://base-mainnet.core failed: Error: Failed to estimate gas: server returned an error response: error code -32000: insufficient funds for transfer

[12:28:49] [HOUSE]   RPC https://base.drpc.org failed: Error: Failed to estimate gas: server returned an error response: error code -32003: insufficient funds for gas * price 
[12:28:51] [HOUSE]   RPC https://base-rpc.publicno failed: Error: Failed to estimate gas: server returned an error response: error code -32000: insufficient funds for transfer

[12:28:51] [HOUSE]   Send empty (attempt 3)
[12:28:52] [HOUSE]   UNDER FAILED
[12:29:55] [HOUSE] Skip 0x88f1Fabace — lockTime passed (9s ago)
[12:33:16] [HOUSE] Seeding 0x2a0eB4c0b7...
[12:33:18] [HOUSE]   RPC https://base-mainnet.core failed: Error: Failed to estimate gas: server returned an error response: error code -32000: insufficient funds for transfer

[12:33:18] [HOUSE]   RPC https://base.drpc.org failed: Error: Failed to estimate gas: server returned an error response: error code -32003: insufficient funds for gas * price 
[12:33:20] [HOUSE]   RPC https://base-rpc.publicno failed: Error: Failed to estimate gas: server returned an error response: error code -32000: insufficient funds for transfer

[12:33:20] [HOUSE]   Send empty (attempt 1)
[12:33:22] [HOUSE]   RPC https://base-mainnet.core failed: Error: Failed to estimate gas: server returned an error response: error code -32000: insufficient funds for transfer

[12:33:23] [HOUSE]   RPC https://base.drpc.org failed: Error: Failed to estimate gas: server returned an error response: error code -32003: insufficient funds for gas * price 
[12:33:24] [HOUSE]   RPC https://base-rpc.publicno failed: Error: Failed to estimate gas: server returned an error response: error code -32000: insufficient funds for transfer

[12:33:25] [HOUSE]   Send empty (attempt 2)
[12:33:27] [HOUSE]   RPC https://base-mainnet.core failed: Error: Failed to estimate gas: server returned an error response: error code -32000: insufficient funds for transfer

[12:33:28] [HOUSE]   RPC https://base.drpc.org failed: Error: Failed to estimate gas: server returned an error response: error code -32003: insufficient funds for gas * price 
[12:33:30] [HOUSE]   RPC https://base-rpc.publicno failed: Error: Failed to estimate gas: server returned an error response: error code -32000: insufficient funds for transfer

[12:33:30] [HOUSE]   Send empty (attempt 3)
[12:33:31] [HOUSE]   UNDER FAILED
[12:34:33] [HOUSE] Seeding 0x2a0eB4c0b7...
[12:34:34] [HOUSE]   RPC https://base-mainnet.core failed: Error: Failed to estimate gas: server returned an error response: error code -32000: insufficient funds for transfer

[12:34:35] [HOUSE]   RPC https://base.drpc.org failed: Error: Failed to estimate gas: server returned an error response: error code -32003: insufficient funds for gas * price 
[12:34:36] [HOUSE]   RPC https://base-rpc.publicno failed: Error: Failed to estimate gas: server returned an error response: error code -32000: insufficient funds for transfer

[12:34:36] [HOUSE]   Send empty (attempt 1)
[12:34:39] [HOUSE]   RPC https://base-mainnet.core failed: Error: Failed to estimate gas: server returned an error response: error code -32000: insufficient funds for transfer

[12:34:39] [HOUSE]   RPC https://base.drpc.org failed: Error: Failed to estimate gas: server returned an error response: error code -32003: insufficient funds for gas * price 
[12:34:41] [HOUSE]   RPC https://base-rpc.publicno failed: Error: Failed to estimate gas: server returned an error response: error code -32000: insufficient funds for transfer

[12:34:42] [HOUSE]   Send empty (attempt 2)
[12:34:44] [HOUSE]   RPC https://base-mainnet.core failed: Error: Failed to estimate gas: server returned an error response: error code -32000: insufficient funds for transfer

[12:34:45] [HOUSE]   RPC https://base.drpc.org failed: Error: Failed to estimate gas: server returned an error response: error code -32003: insufficient funds for gas * price 
[12:34:46] [HOUSE]   RPC https://base-rpc.publicno failed: Error: Failed to estimate gas: server returned an error response: error code -32000: insufficient funds for transfer

[12:34:47] [HOUSE]   Send empty (attempt 3)
[12:34:48] [HOUSE]   UNDER FAILED
[12:35:49] [HOUSE] Skip 0x2a0eB4c0b7 — lockTime passed (5s ago)
[12:39:13] [HOUSE] Seeding 0x1827Be2207...
[12:39:14] [HOUSE]   RPC https://base-mainnet.core failed: Error: Failed to estimate gas: server returned an error response: error code -32000: insufficient funds for transfer

[12:39:16] [HOUSE]   RPC https://base.drpc.org failed: Error: Failed to estimate gas: server returned an error response: error code -32003: insufficient funds for gas * price 
[12:39:17] [HOUSE]   RPC https://base-rpc.publicno failed: Error: Failed to estimate gas: server returned an error response: error code -32000: insufficient funds for transfer

[12:39:18] [HOUSE]   Send empty (attempt 1)
[12:39:20] [HOUSE]   RPC https://base-mainnet.core failed: Error: Failed to estimate gas: server returned an error response: error code -32000: insufficient funds for transfer

[12:39:20] [HOUSE]   RPC https://base.drpc.org failed: Error: Failed to estimate gas: server returned an error response: error code -32003: insufficient funds for gas * price 
[12:39:22] [HOUSE]   RPC https://base-rpc.publicno failed: Error: Failed to estimate gas: server returned an error response: error code -32000: insufficient funds for transfer

[12:39:23] [HOUSE]   Send empty (attempt 2)
[12:39:25] [HOUSE]   RPC https://base-mainnet.core failed: Error: Failed to estimate gas: server returned an error response: error code -32000: insufficient funds for transfer

[12:39:26] [HOUSE]   RPC https://base.drpc.org failed: Error: Failed to estimate gas: server returned an error response: error code -32003: insufficient funds for gas * price 
[12:39:27] [HOUSE]   RPC https://base-rpc.publicno failed: Error: Failed to estimate gas: server returned an error response: error code -32000: insufficient funds for transfer

[12:39:28] [HOUSE]   Send empty (attempt 3)
[12:39:29] [HOUSE]   UNDER FAILED
[12:40:31] [HOUSE] Seeding 0x1827Be2207...
[12:40:32] [HOUSE]   RPC https://base-mainnet.core failed: Error: Failed to estimate gas: server returned an error response: error code -32000: insufficient funds for transfer

[12:40:33] [HOUSE]   RPC https://base.drpc.org failed: Error: Failed to estimate gas: server returned an error response: error code -32003: insufficient funds for gas * price 
[12:40:35] [HOUSE]   RPC https://base-rpc.publicno failed: Error: Failed to estimate gas: server returned an error response: error code -32000: insufficient funds for transfer

[12:40:35] [HOUSE]   Send empty (attempt 1)
[12:40:38] [HOUSE]   RPC https://base-mainnet.core failed: Error: Failed to estimate gas: server returned an error response: error code -32000: insufficient funds for transfer

[12:40:39] [HOUSE]   RPC https://base.drpc.org failed: Error: Failed to estimate gas: server returned an error response: error code -32003: insufficient funds for gas * price 
[12:40:40] [HOUSE]   RPC https://base-rpc.publicno failed: Error: Failed to estimate gas: server returned an error response: error code -32000: insufficient funds for transfer

[12:40:41] [HOUSE]   Send empty (attempt 2)
[12:40:43] [HOUSE]   RPC https://base-mainnet.core failed: Error: Failed to estimate gas: server returned an error response: error code -32000: insufficient funds for transfer

[12:40:45] [HOUSE]   RPC https://base.drpc.org failed: Error: Failed to estimate gas: HTTP error 500 with body: {"id":3,"jsonrpc":"2.0","error":{"message":"Temporary internal 
[12:40:46] [HOUSE]   RPC https://base-rpc.publicno failed: Error: Failed to estimate gas: server returned an error response: error code -32000: insufficient funds for transfer

[12:40:47] [HOUSE]   Send empty (attempt 3)
[12:40:48] [HOUSE]   UNDER FAILED
[12:41:50] [HOUSE] Skip 0x1827Be2207 — lockTime passed (10s ago)
[12:45:06] [HOUSE] Seeding 0x347FCC1CC7...
[12:45:07] [HOUSE]   RPC https://base-mainnet.core failed: Error: Failed to estimate gas: server returned an error response: error code -32000: insufficient funds for transfer

[12:45:08] [HOUSE]   RPC https://base.drpc.org failed: Error: Failed to estimate gas: server returned an error response: error code -32003: insufficient funds for gas * price 
[12:45:12] [HOUSE]   RPC https://base-rpc.publicno failed: Error: Failed to estimate gas: server returned an error response: error code -32000: insufficient funds for transfer

[12:45:13] [HOUSE]   Send empty (attempt 1)
[12:45:15] [HOUSE]   RPC https://base-mainnet.core failed: Error: Failed to estimate gas: server returned an error response: error code -32000: insufficient funds for transfer

[12:45:16] [HOUSE]   RPC https://base.drpc.org failed: Error: Failed to estimate gas: server returned an error response: error code -32003: insufficient funds for gas * price 
[12:45:17] [HOUSE]   RPC https://base-rpc.publicno failed: Error: Failed to estimate gas: server returned an error response: error code -32000: insufficient funds for transfer

[12:45:18] [HOUSE]   Send empty (attempt 2)
[12:45:20] [HOUSE]   RPC https://base-mainnet.core failed: Error: Failed to estimate gas: server returned an error response: error code -32000: insufficient funds for transfer

[12:45:21] [HOUSE]   RPC https://base.drpc.org failed: Error: Failed to estimate gas: server returned an error response: error code -32003: insufficient funds for gas * price 
[12:45:24] [HOUSE]   RPC https://base-rpc.publicno failed: Error: Failed to estimate gas: server returned an error response: error code -32000: insufficient funds for transfer

[12:45:25] [HOUSE]   Send empty (attempt 3)
[12:45:26] [HOUSE]   UNDER FAILED
[12:46:29] [HOUSE] Seeding 0x347FCC1CC7...
[12:46:30] [HOUSE]   RPC https://base-mainnet.core failed: Error: Failed to estimate gas: server returned an error response: error code -32000: insufficient funds for transfer

[12:46:31] [HOUSE]   RPC https://base.drpc.org failed: Error: Failed to estimate gas: server returned an error response: error code -32003: insufficient funds for gas * price 
[12:46:33] [HOUSE]   RPC https://base-rpc.publicno failed: Error: Failed to estimate gas: server returned an error response: error code -32000: insufficient funds for transfer

[12:46:33] [HOUSE]   Send empty (attempt 1)
[12:46:36] [HOUSE]   RPC https://base-mainnet.core failed: Error: Failed to estimate gas: server returned an error response: error code -32000: insufficient funds for transfer

[12:46:36] [HOUSE]   RPC https://base.drpc.org failed: Error: Failed to estimate gas: server returned an error response: error code -32003: insufficient funds for gas * price 
[12:46:39] [HOUSE]   RPC https://base-rpc.publicno failed: Error: Failed to estimate gas: server returned an error response: error code -32000: insufficient funds for transfer

[12:46:39] [HOUSE]   Send empty (attempt 2)
[12:46:42] [HOUSE]   RPC https://base-mainnet.core failed: Error: Failed to estimate gas: server returned an error response: error code -32000: insufficient funds for transfer

[12:46:43] [HOUSE]   RPC https://base.drpc.org failed: Error: Failed to estimate gas: server returned an error response: error code -32003: insufficient funds for gas * price 
[12:46:45] [HOUSE]   RPC https://base-rpc.publicno failed: Error: Failed to estimate gas: server returned an error response: error code -32000: insufficient funds for transfer

[12:46:45] [HOUSE]   Send empty (attempt 3)
[12:46:46] [HOUSE]   UNDER FAILED
[12:47:48] [HOUSE] Skip 0x347FCC1CC7 — lockTime passed (13s ago)
[12:51:02] [HOUSE] Seeding 0xE92d254857...
[12:51:03] [HOUSE]   RPC https://base-mainnet.core failed: Error: Failed to estimate gas: server returned an error response: error code -32000: insufficient funds for transfer

[12:51:04] [HOUSE]   RPC https://base.drpc.org failed: Error: Failed to estimate gas: server returned an error response: error code -32003: insufficient funds for gas * price 
[12:51:08] [HOUSE]   RPC https://base-rpc.publicno failed: Error: Failed to estimate gas: server returned an error response: error code -32000: insufficient funds for transfer

[12:51:08] [HOUSE]   Send empty (attempt 1)
[12:51:11] [HOUSE]   RPC https://base-mainnet.core failed: Error: Failed to estimate gas: server returned an error response: error code -32000: insufficient funds for transfer

[12:51:11] [HOUSE]   RPC https://base.drpc.org failed: Error: Failed to estimate gas: server returned an error response: error code -32003: insufficient funds for gas * price 
[12:51:16] [HOUSE]   RPC https://base-rpc.publicno failed: Error: Failed to estimate gas: server returned an error response: error code -32000: insufficient funds for transfer

[12:51:17] [HOUSE]   Send empty (attempt 2)
[12:51:19] [HOUSE]   RPC https://base-mainnet.core failed: Error: Failed to estimate gas: server returned an error response: error code -32000: insufficient funds for transfer

[12:51:20] [HOUSE]   RPC https://base.drpc.org failed: Error: Failed to estimate gas: server returned an error response: error code -32003: insufficient funds for gas * price 
[12:51:28] [HOUSE]   RPC https://base-rpc.publicno failed: Error: Failed to estimate gas: server returned an error response: error code -32000: insufficient funds for transfer

[12:51:28] [HOUSE]   Send empty (attempt 3)
[12:51:29] [HOUSE]   UNDER FAILED
[12:52:32] [HOUSE] Seeding 0xE92d254857...
[12:52:33] [HOUSE]   RPC https://base-mainnet.core failed: Error: Failed to estimate gas: server returned an error response: error code -32000: insufficient funds for transfer

[12:52:34] [HOUSE]   RPC https://base.drpc.org failed: Error: Failed to estimate gas: server returned an error response: error code -32003: insufficient funds for gas * price 
[12:52:36] [HOUSE]   RPC https://base-rpc.publicno failed: Error: Failed to estimate gas: server returned an error response: error code -32000: insufficient funds for transfer

[12:52:37] [HOUSE]   Send empty (attempt 1)
[12:52:39] [HOUSE]   RPC https://base-mainnet.core failed: Error: Failed to estimate gas: server returned an error response: error code -32000: insufficient funds for transfer

[12:52:40] [HOUSE]   RPC https://base.drpc.org failed: Error: Failed to estimate gas: server returned an error response: error code -32003: insufficient funds for gas * price 
[12:52:41] [HOUSE]   RPC https://base-rpc.publicno failed: Error: Failed to estimate gas: server returned an error response: error code -32000: insufficient funds for transfer

[12:52:42] [HOUSE]   Send empty (attempt 2)
[12:52:44] [HOUSE]   RPC https://base-mainnet.core failed: Error: Failed to estimate gas: server returned an error response: error code -32000: insufficient funds for transfer

[12:52:45] [HOUSE]   RPC https://base.drpc.org failed: Error: Failed to estimate gas: server returned an error response: error code -32003: insufficient funds for gas * price 
[12:52:46] [HOUSE]   RPC https://base-rpc.publicno failed: Error: Failed to estimate gas: server returned an error response: error code -32000: insufficient funds for transfer

[12:52:47] [HOUSE]   Send empty (attempt 3)
[12:52:48] [HOUSE]   UNDER FAILED
[12:53:50] [HOUSE] Skip 0xE92d254857 — lockTime passed (22s ago)
[12:56:56] [HOUSE] Seeding 0xA0e6980F03...
[12:56:57] [HOUSE]   RPC https://base-mainnet.core failed: Error: Failed to estimate gas: server returned an error response: error code -32000: insufficient funds for transfer

[12:56:58] [HOUSE]   RPC https://base.drpc.org failed: Error: Failed to estimate gas: server returned an error response: error code -32003: insufficient funds for gas * price 
[12:57:00] [HOUSE]   RPC https://base-rpc.publicno failed: Error: Failed to estimate gas: server returned an error response: error code -32000: insufficient funds for transfer

[12:57:01] [HOUSE]   Send empty (attempt 1)
[12:57:03] [HOUSE]   RPC https://base-mainnet.core failed: Error: Failed to estimate gas: server returned an error response: error code -32000: insufficient funds for transfer

[12:57:04] [HOUSE]   RPC https://base.drpc.org failed: Error: Failed to estimate gas: server returned an error response: error code -32003: insufficient funds for gas * price 
[12:57:06] [HOUSE]   RPC https://base-rpc.publicno failed: Error: Failed to estimate gas: server returned an error response: error code -32000: insufficient funds for transfer

[12:57:06] [HOUSE]   Send empty (attempt 2)
[12:57:09] [HOUSE]   RPC https://base-mainnet.core failed: Error: Failed to estimate gas: server returned an error response: error code -32000: insufficient funds for transfer

[12:57:09] [HOUSE]   RPC https://base.drpc.org failed: Error: Failed to estimate gas: server returned an error response: error code -32003: insufficient funds for gas * price 
[12:57:11] [HOUSE]   RPC https://base-rpc.publicno failed: Error: Failed to estimate gas: server returned an error response: error code -32000: insufficient funds for transfer

[12:57:12] [HOUSE]   Send empty (attempt 3)
[12:57:13] [HOUSE]   UNDER FAILED
[12:58:14] [HOUSE] Seeding 0xA0e6980F03...
[12:58:16] [HOUSE]   RPC https://base-mainnet.core failed: Error: Failed to estimate gas: server returned an error response: error code -32000: insufficient funds for transfer

[12:58:17] [HOUSE]   RPC https://base.drpc.org failed: Error: Failed to estimate gas: server returned an error response: error code -32003: insufficient funds for gas * price 
[12:58:19] [HOUSE]   RPC https://base-rpc.publicno failed: Error: Failed to estimate gas: server returned an error response: error code -32000: insufficient funds for transfer

[12:58:19] [HOUSE]   Send empty (attempt 1)
[12:58:22] [HOUSE]   RPC https://base-mainnet.core failed: Error: Failed to estimate gas: server returned an error response: error code -32000: insufficient funds for transfer

[12:58:23] [HOUSE]   RPC https://base.drpc.org failed: Error: Failed to estimate gas: server returned an error response: error code -32003: insufficient funds for gas * price 
[12:58:24] [HOUSE]   RPC https://base-rpc.publicno failed: Error: Failed to estimate gas: server returned an error response: error code -32000: insufficient funds for transfer

[12:58:25] [HOUSE]   Send empty (attempt 2)
[12:58:27] [HOUSE]   RPC https://base-mainnet.core failed: Error: Failed to estimate gas: server returned an error response: error code -32000: insufficient funds for transfer

[12:58:28] [HOUSE]   RPC https://base.drpc.org failed: Error: HTTP error 500 with body: {"id":1,"jsonrpc":"2.0","error":{"message":"Temporary internal error. Please retry, tra
[12:58:29] [HOUSE]   RPC https://base-rpc.publicno failed: Error: Failed to estimate gas: server returned an error response: error code -32000: insufficient funds for transfer

[12:58:30] [HOUSE]   Send empty (attempt 3)
[12:58:31] [HOUSE]   UNDER FAILED
[12:59:35] [HOUSE] Skip 0xA0e6980F03 — lockTime passed (12s ago)
[13:02:50] [HOUSE] Seeding 0x2eDf762BAf...
[13:02:51] [HOUSE]   RPC https://base-mainnet.core failed: Error: Failed to estimate gas: server returned an error response: error code -32000: insufficient funds for transfer

[13:02:52] [HOUSE]   RPC https://base.drpc.org failed: Error: Failed to estimate gas: server returned an error response: error code -32003: insufficient funds for gas * price 
[13:02:53] [HOUSE]   RPC https://base-rpc.publicno failed: Error: Failed to estimate gas: server returned an error response: error code -32000: insufficient funds for transfer

[13:02:53] [HOUSE]   Send empty (attempt 1)
[13:02:56] [HOUSE]   RPC https://base-mainnet.core failed: Error: Failed to estimate gas: server returned an error response: error code -32000: insufficient funds for transfer

[13:02:57] [HOUSE]   RPC https://base.drpc.org failed: Error: Failed to estimate gas: server returned an error response: error code -32003: insufficient funds for gas * price 
[13:02:58] [HOUSE]   RPC https://base-rpc.publicno failed: Error: Failed to estimate gas: server returned an error response: error code -32000: insufficient funds for transfer

[13:02:59] [HOUSE]   Send empty (attempt 2)
[13:03:01] [HOUSE]   RPC https://base-mainnet.core failed: Error: Failed to estimate gas: server returned an error response: error code -32000: insufficient funds for transfer

[13:03:01] [HOUSE]   RPC https://base.drpc.org failed: Error: Failed to estimate gas: server returned an error response: error code -32003: insufficient funds for gas * price 
[13:03:03] [HOUSE]   RPC https://base-rpc.publicno failed: Error: Failed to estimate gas: server returned an error response: error code -32000: insufficient funds for transfer

[13:03:03] [HOUSE]   Send empty (attempt 3)
[13:03:04] [HOUSE]   UNDER FAILED
[13:04:05] [HOUSE] Seeding 0x2eDf762BAf...
[13:04:06] [HOUSE]   RPC https://base-mainnet.core failed: Error: Failed to estimate gas: server returned an error response: error code -32000: insufficient funds for transfer

[13:04:08] [HOUSE]   RPC https://base.drpc.org failed: Error: Failed to estimate gas: server returned an error response: error code -32003: insufficient funds for gas * price 
[13:04:09] [HOUSE]   RPC https://base-rpc.publicno failed: Error: Failed to estimate gas: server returned an error response: error code -32000: insufficient funds for transfer

[13:04:10] [HOUSE]   Send empty (attempt 1)
[13:04:12] [HOUSE]   RPC https://base-mainnet.core failed: Error: Failed to estimate gas: server returned an error response: error code -32000: insufficient funds for transfer

[13:04:13] [HOUSE]   RPC https://base.drpc.org failed: Error: Failed to estimate gas: server returned an error response: error code -32003: insufficient funds for gas * price 
[13:04:17] [HOUSE]   RPC https://base-rpc.publicno failed: Error: Failed to estimate gas: server returned an error response: error code -32000: insufficient funds for transfer

[13:04:17] [HOUSE]   Send empty (attempt 2)
[13:04:19] [HOUSE]   RPC https://base-mainnet.core failed: Error: Failed to estimate gas: server returned an error response: error code -32000: insufficient funds for transfer

[13:04:20] [HOUSE]   RPC https://base.drpc.org failed: Error: Failed to estimate gas: server returned an error response: error code -32003: insufficient funds for gas * price 
[13:04:23] [HOUSE]   RPC https://base-rpc.publicno failed: Error: Failed to estimate gas: server returned an error response: error code -32000: insufficient funds for transfer

[13:04:23] [HOUSE]   Send empty (attempt 3)
[13:04:24] [HOUSE]   UNDER FAILED
[13:05:27] [HOUSE] Skip 0x2eDf762BAf — lockTime passed (9s ago)
[13:08:44] [HOUSE] Seeding 0x40dEf6d18f...
[13:08:45] [HOUSE]   RPC https://base-mainnet.core failed: Error: Failed to estimate gas: server returned an error response: error code -32000: insufficient funds for transfer

[13:08:46] [HOUSE]   RPC https://base.drpc.org failed: Error: Failed to estimate gas: server returned an error response: error code -32003: insufficient funds for gas * price 
[13:08:48] [HOUSE]   RPC https://base-rpc.publicno failed: Error: Failed to estimate gas: server returned an error response: error code -32000: insufficient funds for transfer

[13:08:48] [HOUSE]   Send empty (attempt 1)
[13:08:51] [HOUSE]   RPC https://base-mainnet.core failed: Error: Failed to estimate gas: server returned an error response: error code -32000: insufficient funds for transfer

[13:08:51] [HOUSE]   RPC https://base.drpc.org failed: Error: Failed to estimate gas: server returned an error response: error code -32003: insufficient funds for gas * price 
[13:08:54] [HOUSE]   RPC https://base-rpc.publicno failed: Error: Failed to estimate gas: server returned an error response: error code -32000: insufficient funds for transfer

[13:08:54] [HOUSE]   Send empty (attempt 2)
[13:08:57] [HOUSE]   RPC https://base-mainnet.core failed: Error: Failed to estimate gas: server returned an error response: error code -32000: insufficient funds for transfer

[13:08:58] [HOUSE]   RPC https://base.drpc.org failed: Error: Failed to estimate gas: server returned an error response: error code -32003: insufficient funds for gas * price 
[13:08:59] [HOUSE]   RPC https://base-rpc.publicno failed: Error: Failed to estimate gas: server returned an error response: error code -32000: insufficient funds for transfer

[13:09:00] [HOUSE]   Send empty (attempt 3)
[13:09:01] [HOUSE]   UNDER FAILED
[13:10:02] [HOUSE] Seeding 0x40dEf6d18f...
[13:10:04] [HOUSE]   RPC https://base-mainnet.core failed: Error: Failed to estimate gas: server returned an error response: error code -32000: insufficient funds for transfer

[13:10:05] [HOUSE]   RPC https://base.drpc.org failed: Error: Failed to estimate gas: server returned an error response: error code -32003: insufficient funds for gas * price 
[13:10:09] [HOUSE]   RPC https://base-rpc.publicno failed: Error: Failed to estimate gas: server returned an error response: error code -32000: insufficient funds for transfer

[13:10:10] [HOUSE]   Send empty (attempt 1)
[13:10:12] [HOUSE]   RPC https://base-mainnet.core failed: Error: Failed to estimate gas: server returned an error response: error code -32000: insufficient funds for transfer

[13:10:13] [HOUSE]   RPC https://base.drpc.org failed: Error: Failed to estimate gas: server returned an error response: error code -32003: insufficient funds for gas * price 
[13:10:14] [HOUSE]   RPC https://base-rpc.publicno failed: Error: Failed to estimate gas: server returned an error response: error code -32000: insufficient funds for transfer

[13:10:15] [HOUSE]   Send empty (attempt 2)
[13:10:17] [HOUSE]   RPC https://base-mainnet.core failed: Error: Failed to estimate gas: server returned an error response: error code -32000: insufficient funds for transfer

[13:10:18] [HOUSE]   RPC https://base.drpc.org failed: Error: Failed to estimate gas: server returned an error response: error code -32003: insufficient funds for gas * price 
[13:10:19] [HOUSE]   RPC https://base-rpc.publicno failed: Error: Failed to estimate gas: server returned an error response: error code -32000: insufficient funds for transfer

[13:10:20] [HOUSE]   Send empty (attempt 3)
[13:10:21] [HOUSE]   UNDER FAILED
[13:11:22] [HOUSE] Skip 0x40dEf6d18f — lockTime passed (10s ago)
[13:14:37] [HOUSE] Seeding 0xf7d984f1c5...
[13:14:38] [HOUSE]   RPC https://base-mainnet.core failed: Error: Failed to estimate gas: server returned an error response: error code -32000: insufficient funds for transfer

[13:14:39] [HOUSE]   RPC https://base.drpc.org failed: Error: Failed to estimate gas: server returned an error response: error code -32003: insufficient funds for gas * price 
[13:14:41] [HOUSE]   RPC https://base-rpc.publicno failed: Error: Failed to estimate gas: server returned an error response: error code -32000: insufficient funds for transfer

[13:14:42] [HOUSE]   Send empty (attempt 1)
[13:14:44] [HOUSE]   RPC https://base-mainnet.core failed: Error: Failed to estimate gas: server returned an error response: error code -32000: insufficient funds for transfer

[13:14:45] [HOUSE]   RPC https://base.drpc.org failed: Error: Failed to estimate gas: server returned an error response: error code -32003: insufficient funds for gas * price 
[13:14:47] [HOUSE]   RPC https://base-rpc.publicno failed: Error: Failed to estimate gas: server returned an error response: error code -32000: insufficient funds for transfer

[13:14:47] [HOUSE]   Send empty (attempt 2)
[13:14:49] [HOUSE]   RPC https://base-mainnet.core failed: Error: Failed to estimate gas: server returned an error response: error code -32000: insufficient funds for transfer

[13:14:50] [HOUSE]   RPC https://base.drpc.org failed: Error: Failed to estimate gas: server returned an error response: error code -32003: insufficient funds for gas * price 
[13:14:52] [HOUSE]   RPC https://base-rpc.publicno failed: Error: Failed to estimate gas: server returned an error response: error code -32000: insufficient funds for transfer

[13:14:52] [HOUSE]   Send empty (attempt 3)
[13:14:53] [HOUSE]   UNDER FAILED
[13:15:54] [HOUSE] Seeding 0xf7d984f1c5...
[13:15:55] [HOUSE]   RPC https://base-mainnet.core failed: Error: Failed to estimate gas: server returned an error response: error code -32000: insufficient funds for transfer

[13:15:56] [HOUSE]   RPC https://base.drpc.org failed: Error: Failed to estimate gas: server returned an error response: error code -32003: insufficient funds for gas * price 
[13:16:00] [HOUSE]   RPC https://base-rpc.publicno failed: Error: Failed to estimate gas: server returned an error response: error code -32000: insufficient funds for transfer

[13:16:01] [HOUSE]   Send empty (attempt 1)
[13:16:03] [HOUSE]   RPC https://base-mainnet.core failed: Error: Failed to estimate gas: server returned an error response: error code -32000: insufficient funds for transfer

[13:16:04] [HOUSE]   RPC https://base.drpc.org failed: Error: Failed to estimate gas: server returned an error response: error code -32003: insufficient funds for gas * price 
[13:16:05] [HOUSE]   RPC https://base-rpc.publicno failed: Error: Failed to estimate gas: server returned an error response: error code -32000: insufficient funds for transfer

[13:16:06] [HOUSE]   Send empty (attempt 2)
[13:16:08] [HOUSE]   RPC https://base-mainnet.core failed: Error: Failed to estimate gas: server returned an error response: error code -32000: insufficient funds for transfer

[13:16:09] [HOUSE]   RPC https://base.drpc.org failed: Error: Failed to estimate gas: server returned an error response: error code -32003: insufficient funds for gas * price 
[13:16:13] [HOUSE]   RPC https://base-rpc.publicno failed: Error: Failed to estimate gas: server returned an error response: error code -32000: insufficient funds for transfer

[13:16:13] [HOUSE]   Send empty (attempt 3)
[13:16:14] [HOUSE]   UNDER FAILED
[13:17:15] [HOUSE] Skip 0xf7d984f1c5 — lockTime passed (11s ago)
[13:20:30] [HOUSE] Seeding 0x7cFD913c53...
[13:20:31] [HOUSE]   RPC https://base-mainnet.core failed: Error: Failed to estimate gas: server returned an error response: error code -32000: insufficient funds for transfer

[13:20:32] [HOUSE]   RPC https://base.drpc.org failed: Error: Failed to estimate gas: server returned an error response: error code -32003: insufficient funds for gas * price 
[13:20:52] [HOUSE]   RPC https://base-rpc.publicno timeout
[13:20:52] [HOUSE]   Send empty (attempt 1)
[13:20:55] [HOUSE]   RPC https://base-mainnet.core failed: Error: Failed to estimate gas: server returned an error response: error code -32000: insufficient funds for transfer

[13:20:56] [HOUSE]   RPC https://base.drpc.org failed: Error: Failed to estimate gas: server returned an error response: error code -32003: insufficient funds for gas * price 
[13:21:00] [HOUSE]   RPC https://base-rpc.publicno failed: Error: Failed to estimate gas: server returned an error response: error code -32000: insufficient funds for transfer

[13:21:01] [HOUSE]   Send empty (attempt 2)
[13:21:03] [HOUSE]   RPC https://base-mainnet.core failed: Error: Failed to estimate gas: server returned an error response: error code -32000: insufficient funds for transfer

[13:21:04] [HOUSE]   RPC https://base.drpc.org failed: Error: Failed to estimate gas: server returned an error response: error code -32003: insufficient funds for gas * price 
[13:21:07] [HOUSE]   RPC https://base-rpc.publicno failed: Error: Failed to estimate gas: server returned an error response: error code -32000: insufficient funds for transfer

[13:21:07] [HOUSE]   Send empty (attempt 3)
[13:21:08] [HOUSE]   UNDER FAILED
[13:22:11] [HOUSE] Seeding 0x7cFD913c53...
[13:22:12] [HOUSE]   RPC https://base-mainnet.core failed: Error: Failed to estimate gas: server returned an error response: error code -32000: insufficient funds for transfer

[13:22:13] [HOUSE]   RPC https://base.drpc.org failed: Error: Failed to estimate gas: server returned an error response: error code -32003: insufficient funds for gas * price 
[13:22:15] [HOUSE]   RPC https://base-rpc.publicno failed: Error: Failed to estimate gas: server returned an error response: error code -32000: insufficient funds for transfer

[13:22:16] [HOUSE]   Send empty (attempt 1)
[13:22:18] [HOUSE]   RPC https://base-mainnet.core failed: Error: Failed to estimate gas: server returned an error response: error code -32000: insufficient funds for transfer

[13:22:19] [HOUSE]   RPC https://base.drpc.org failed: Error: Failed to estimate gas: server returned an error response: error code -32003: insufficient funds for gas * price 
[13:22:20] [HOUSE]   RPC https://base-rpc.publicno failed: Error: Failed to estimate gas: server returned an error response: error code -32000: insufficient funds for transfer

[13:22:21] [HOUSE]   Send empty (attempt 2)
[13:22:23] [HOUSE]   RPC https://base-mainnet.core failed: Error: Failed to estimate gas: server returned an error response: error code -32000: insufficient funds for transfer

[13:22:24] [HOUSE]   RPC https://base.drpc.org failed: Error: Failed to estimate gas: server returned an error response: error code -32003: insufficient funds for gas * price 
[13:22:28] [HOUSE]   RPC https://base-rpc.publicno failed: Error: Failed to estimate gas: server returned an error response: error code -32000: insufficient funds for transfer

[13:22:29] [HOUSE]   Send empty (attempt 3)
[13:22:30] [HOUSE]   UNDER FAILED
[13:23:33] [HOUSE] Skip 0x7cFD913c53 — lockTime passed (34s ago)
[13:26:23] [HOUSE] Seeding 0x60cA93b974...
[13:26:24] [HOUSE]   RPC https://base-mainnet.core failed: Error: Failed to estimate gas: server returned an error response: error code -32000: insufficient funds for transfer

[13:26:25] [HOUSE]   RPC https://base.drpc.org failed: Error: Failed to estimate gas: server returned an error response: error code -32003: insufficient funds for gas * price 
[13:26:30] [HOUSE]   RPC https://base-rpc.publicno failed: Error: Failed to estimate gas: server returned an error response: error code -32000: insufficient funds for transfer

[13:26:30] [HOUSE]   Send empty (attempt 1)
[13:26:33] [HOUSE]   RPC https://base-mainnet.core failed: Error: Failed to estimate gas: server returned an error response: error code -32000: insufficient funds for transfer

[13:26:33] [HOUSE]   RPC https://base.drpc.org failed: Error: Failed to estimate gas: server returned an error response: error code -32003: insufficient funds for gas * price 
[13:26:40] [HOUSE]   RPC https://base-rpc.publicno failed: Error: Failed to estimate gas: server returned an error response: error code -32000: insufficient funds for transfer

[13:26:41] [HOUSE]   Send empty (attempt 2)
[13:26:43] [HOUSE]   RPC https://base-mainnet.core failed: Error: Failed to estimate gas: server returned an error response: error code -32000: insufficient funds for transfer

[13:26:44] [HOUSE]   RPC https://base.drpc.org failed: Error: Failed to estimate gas: server returned an error response: error code -32003: insufficient funds for gas * price 
[13:26:47] [HOUSE]   RPC https://base-rpc.publicno failed: Error: Failed to estimate gas: server returned an error response: error code -32000: insufficient funds for transfer

[13:26:48] [HOUSE]   Send empty (attempt 3)
[13:26:49] [HOUSE]   UNDER FAILED
[13:27:51] [HOUSE] Seeding 0x60cA93b974...
[13:27:52] [HOUSE]   RPC https://base-mainnet.core failed: Error: Failed to estimate gas: server returned an error response: error code -32000: insufficient funds for transfer

[13:27:53] [HOUSE]   RPC https://base.drpc.org failed: Error: Failed to estimate gas: server returned an error response: error code -32003: insufficient funds for gas * price 
[13:27:55] [HOUSE]   RPC https://base-rpc.publicno failed: Error: Failed to estimate gas: server returned an error response: error code -32000: insufficient funds for transfer

[13:27:56] [HOUSE]   Send empty (attempt 1)
[13:27:58] [HOUSE]   RPC https://base-mainnet.core failed: Error: Failed to estimate gas: server returned an error response: error code -32000: insufficient funds for transfer

[13:27:59] [HOUSE]   RPC https://base.drpc.org failed: Error: Failed to estimate gas: server returned an error response: error code -32003: insufficient funds for gas * price 
[13:28:00] [HOUSE]   RPC https://base-rpc.publicno failed: Error: Failed to estimate gas: server returned an error response: error code -32000: insufficient funds for transfer

[13:28:01] [HOUSE]   Send empty (attempt 2)
[13:28:03] [HOUSE]   RPC https://base-mainnet.core failed: Error: Failed to estimate gas: server returned an error response: error code -32000: insufficient funds for transfer

[13:28:04] [HOUSE]   RPC https://base.drpc.org failed: Error: Failed to estimate gas: server returned an error response: error code -32003: insufficient funds for gas * price 
[13:28:05] [HOUSE]   RPC https://base-rpc.publicno failed: Error: Failed to estimate gas: server returned an error response: error code -32000: insufficient funds for transfer

[13:28:06] [HOUSE]   Send empty (attempt 3)
[13:28:07] [HOUSE]   UNDER FAILED
[13:29:08] [HOUSE] Skip 0x60cA93b974 — lockTime passed (18s ago)
[13:32:17] [HOUSE] Seeding 0xAF51E4cAfA...
[13:32:19] [HOUSE]   RPC https://base-mainnet.core failed: Error: Failed to estimate gas: server returned an error response: error code -32000: insufficient funds for transfer

[13:32:20] [HOUSE]   RPC https://base.drpc.org failed: Error: Failed to estimate gas: server returned an error response: error code -32003: insufficient funds for gas * price 
[13:32:23] [HOUSE]   RPC https://base-rpc.publicno failed: Error: Failed to estimate gas: server returned an error response: error code -32000: insufficient funds for transfer

[13:32:23] [HOUSE]   Send empty (attempt 1)
[13:32:25] [HOUSE]   RPC https://base-mainnet.core failed: Error: Failed to estimate gas: server returned an error response: error code -32000: insufficient funds for transfer

[13:32:27] [HOUSE]   RPC https://base.drpc.org failed: Error: Failed to estimate gas: server returned an error response: error code -32003: insufficient funds for gas * price 
[13:32:28] [HOUSE]   RPC https://base-rpc.publicno failed: Error: Failed to estimate gas: server returned an error response: error code -32000: insufficient funds for transfer

[13:32:28] [HOUSE]   Send empty (attempt 2)
[13:32:30] [HOUSE]   RPC https://base-mainnet.core failed: Error: Failed to estimate gas: server returned an error response: error code -32000: insufficient funds for transfer

[13:32:31] [HOUSE]   RPC https://base.drpc.org failed: Error: Failed to estimate gas: server returned an error response: error code -32003: insufficient funds for gas * price 
[13:32:33] [HOUSE]   RPC https://base-rpc.publicno failed: Error: Failed to estimate gas: server returned an error response: error code -32000: insufficient funds for transfer

[13:32:33] [HOUSE]   Send empty (attempt 3)
[13:32:34] [HOUSE]   UNDER FAILED
[13:33:37] [HOUSE] Seeding 0xAF51E4cAfA...
[13:33:38] [HOUSE]   RPC https://base-mainnet.core failed: Error: Failed to estimate gas: server returned an error response: error code -32000: insufficient funds for transfer

[13:33:39] [HOUSE]   RPC https://base.drpc.org failed: Error: Failed to estimate gas: server returned an error response: error code -32003: insufficient funds for gas * price 
[13:33:40] [HOUSE]   RPC https://base-rpc.publicno failed: Error: Failed to estimate gas: server returned an error response: error code -32000: insufficient funds for transfer

[13:33:41] [HOUSE]   Send empty (attempt 1)
[13:33:43] [HOUSE]   RPC https://base-mainnet.core failed: Error: Failed to estimate gas: server returned an error response: error code -32000: insufficient funds for transfer

[13:33:44] [HOUSE]   RPC https://base.drpc.org failed: Error: Failed to estimate gas: server returned an error response: error code -32003: insufficient funds for gas * price 
[13:33:45] [HOUSE]   RPC https://base-rpc.publicno failed: Error: Failed to estimate gas: server returned an error response: error code -32000: insufficient funds for transfer

[13:33:46] [HOUSE]   Send empty (attempt 2)
[13:33:48] [HOUSE]   RPC https://base-mainnet.core failed: Error: Failed to estimate gas: server returned an error response: error code -32000: insufficient funds for transfer

[13:33:49] [HOUSE]   RPC https://base.drpc.org failed: Error: Failed to estimate gas: server returned an error response: error code -32003: insufficient funds for gas * price 
[13:33:51] [HOUSE]   RPC https://base-rpc.publicno failed: Error: Failed to estimate gas: server returned an error response: error code -32000: insufficient funds for transfer

[13:33:52] [HOUSE]   Send empty (attempt 3)
[13:33:53] [HOUSE]   UNDER FAILED
[13:34:56] [HOUSE] Skip 0xAF51E4cAfA — lockTime passed (11s ago)
[13:38:11] [HOUSE] Seeding 0x1e5fbF3413...
[13:38:12] [HOUSE]   RPC https://base-mainnet.core failed: Error: Failed to estimate gas: server returned an error response: error code -32000: insufficient funds for transfer

[13:38:13] [HOUSE]   RPC https://base.drpc.org failed: Error: Failed to estimate gas: server returned an error response: error code -32003: insufficient funds for gas * price 
[13:38:17] [HOUSE]   RPC https://base-rpc.publicno failed: Error: Failed to estimate gas: server returned an error response: error code -32000: insufficient funds for transfer

[13:38:17] [HOUSE]   Send empty (attempt 1)
[13:38:20] [HOUSE]   RPC https://base-mainnet.core failed: Error: Failed to estimate gas: server returned an error response: error code -32000: insufficient funds for transfer

[13:38:20] [HOUSE]   RPC https://base.drpc.org failed: Error: Failed to estimate gas: server returned an error response: error code -32003: insufficient funds for gas * price 
[13:38:23] [HOUSE]   RPC https://base-rpc.publicno failed: Error: Failed to estimate gas: server returned an error response: error code -32000: insufficient funds for transfer

[13:38:23] [HOUSE]   Send empty (attempt 2)
[13:38:25] [HOUSE]   RPC https://base-mainnet.core failed: Error: Failed to estimate gas: server returned an error response: error code -32000: insufficient funds for transfer

[13:38:26] [HOUSE]   RPC https://base.drpc.org failed: Error: Failed to estimate gas: server returned an error response: error code -32003: insufficient funds for gas * price 
[13:38:28] [HOUSE]   RPC https://base-rpc.publicno failed: Error: Failed to estimate gas: server returned an error response: error code -32000: insufficient funds for transfer

[13:38:28] [HOUSE]   Send empty (attempt 3)
[13:38:29] [HOUSE]   UNDER FAILED
[13:39:32] [HOUSE] Seeding 0x1e5fbF3413...
[13:39:33] [HOUSE]   RPC https://base-mainnet.core failed: Error: Failed to estimate gas: server returned an error response: error code -32000: insufficient funds for transfer

[13:39:34] [HOUSE]   RPC https://base.drpc.org failed: Error: Failed to estimate gas: server returned an error response: error code -32003: insufficient funds for gas * price 
[13:39:37] [HOUSE]   RPC https://base-rpc.publicno failed: Error: Failed to estimate gas: server returned an error response: error code -32000: insufficient funds for transfer

[13:39:37] [HOUSE]   Send empty (attempt 1)
[13:39:39] [HOUSE]   RPC https://base-mainnet.core failed: Error: Failed to estimate gas: server returned an error response: error code -32000: insufficient funds for transfer

[13:39:40] [HOUSE]   RPC https://base.drpc.org failed: Error: Failed to estimate gas: server returned an error response: error code -32003: insufficient funds for gas * price 
[13:39:43] [HOUSE]   RPC https://base-rpc.publicno failed: Error: Failed to estimate gas: server returned an error response: error code -32000: insufficient funds for transfer

[13:39:44] [HOUSE]   Send empty (attempt 2)
[13:39:46] [HOUSE]   RPC https://base-mainnet.core failed: Error: Failed to estimate gas: server returned an error response: error code -32000: insufficient funds for transfer

[13:39:47] [HOUSE]   RPC https://base.drpc.org failed: Error: Failed to estimate gas: server returned an error response: error code -32003: insufficient funds for gas * price 
[13:39:48] [HOUSE]   RPC https://base-rpc.publicno failed: Error: Failed to estimate gas: server returned an error response: error code -32000: insufficient funds for transfer

[13:39:49] [HOUSE]   Send empty (attempt 3)
[13:39:50] [HOUSE]   UNDER FAILED
[13:40:51] [HOUSE] Skip 0x1e5fbF3413 — lockTime passed (13s ago)
[13:44:05] [HOUSE] Seeding 0x8AD2eDC3d6...
[13:44:06] [HOUSE]   RPC https://base-mainnet.core failed: Error: Failed to estimate gas: server returned an error response: error code -32000: insufficient funds for transfer

[13:44:07] [HOUSE]   RPC https://base.drpc.org failed: Error: Failed to estimate gas: server returned an error response: error code -32003: insufficient funds for gas * price 
[13:44:10] [HOUSE]   RPC https://base-rpc.publicno failed: Error: Failed to estimate gas: server returned an error response: error code -32000: insufficient funds for transfer

[13:44:10] [HOUSE]   Send empty (attempt 1)
[13:44:12] [HOUSE]   RPC https://base-mainnet.core failed: Error: Failed to estimate gas: server returned an error response: error code -32000: insufficient funds for transfer

[13:44:14] [HOUSE]   RPC https://base.drpc.org failed: Error: Failed to estimate gas: server returned an error response: error code -32003: insufficient funds for gas * price 
[13:44:15] [HOUSE]   RPC https://base-rpc.publicno failed: Error: Failed to estimate gas: server returned an error response: error code -32000: insufficient funds for transfer

[13:44:16] [HOUSE]   Send empty (attempt 2)
[13:44:18] [HOUSE]   RPC https://base-mainnet.core failed: Error: Failed to estimate gas: server returned an error response: error code -32000: insufficient funds for transfer

[13:44:19] [HOUSE]   RPC https://base.drpc.org failed: Error: Failed to estimate gas: server returned an error response: error code -32003: insufficient funds for gas * price 
[13:44:22] [HOUSE]   RPC https://base-rpc.publicno failed: Error: Failed to estimate gas: server returned an error response: error code -32000: insufficient funds for transfer

[13:44:23] [HOUSE]   Send empty (attempt 3)
[13:44:24] [HOUSE]   UNDER FAILED
[13:45:26] [HOUSE] Seeding 0x8AD2eDC3d6...
[13:45:27] [HOUSE]   RPC https://base-mainnet.core failed: Error: Failed to estimate gas: server returned an error response: error code -32000: insufficient funds for transfer

[13:45:28] [HOUSE]   RPC https://base.drpc.org failed: Error: Failed to estimate gas: server returned an error response: error code -32003: insufficient funds for gas * price 
[13:45:30] [HOUSE]   RPC https://base-rpc.publicno failed: Error: Failed to estimate gas: server returned an error response: error code -32000: insufficient funds for transfer

[13:45:30] [HOUSE]   Send empty (attempt 1)
[13:45:33] [HOUSE]   RPC https://base-mainnet.core failed: Error: Failed to estimate gas: server returned an error response: error code -32000: insufficient funds for transfer

[13:45:33] [HOUSE]   RPC https://base.drpc.org failed: Error: Failed to estimate gas: server returned an error response: error code -32003: insufficient funds for gas * price 
[13:45:35] [HOUSE]   RPC https://base-rpc.publicno failed: Error: Failed to estimate gas: server returned an error response: error code -32000: insufficient funds for transfer

[13:45:35] [HOUSE]   Send empty (attempt 2)
[13:45:38] [HOUSE]   RPC https://base-mainnet.core failed: Error: Failed to estimate gas: server returned an error response: error code -32000: insufficient funds for transfer

[13:45:39] [HOUSE]   RPC https://base.drpc.org failed: Error: Failed to estimate gas: server returned an error response: error code -32003: insufficient funds for gas * price 
[13:45:40] [HOUSE]   RPC https://base-rpc.publicno failed: Error: Failed to estimate gas: server returned an error response: error code -32000: insufficient funds for transfer

[13:45:41] [HOUSE]   Send empty (attempt 3)
[13:45:42] [HOUSE]   UNDER FAILED
[13:46:45] [HOUSE] Skip 0x8AD2eDC3d6 — lockTime passed (12s ago)
[13:50:02] [HOUSE] Seeding 0xaE33E9E0D6...
[13:50:03] [HOUSE]   RPC https://base-mainnet.core failed: Error: Failed to estimate gas: server returned an error response: error code -32000: insufficient funds for transfer

[13:50:04] [HOUSE]   RPC https://base.drpc.org failed: Error: Failed to estimate gas: server returned an error response: error code -32003: insufficient funds for gas * price 
[13:50:05] [HOUSE]   RPC https://base-rpc.publicno failed: Error: Failed to estimate gas: server returned an error response: error code -32000: insufficient funds for transfer

[13:50:06] [HOUSE]   Send empty (attempt 1)
[13:50:08] [HOUSE]   RPC https://base-mainnet.core failed: Error: Failed to estimate gas: server returned an error response: error code -32000: insufficient funds for transfer

[13:50:10] [HOUSE]   RPC https://base.drpc.org failed: Error: Failed to estimate gas: server returned an error response: error code -32003: insufficient funds for gas * price 
[13:50:30] [HOUSE]   RPC https://base-rpc.publicno timeout
[13:50:30] [HOUSE]   Send empty (attempt 2)
[13:50:32] [HOUSE]   RPC https://base-mainnet.core failed: Error: Failed to estimate gas: server returned an error response: error code -32000: insufficient funds for transfer

[13:50:34] [HOUSE]   RPC https://base.drpc.org failed: Error: Failed to estimate gas: server returned an error response: error code -32003: insufficient funds for gas * price 
[13:50:35] [HOUSE]   RPC https://base-rpc.publicno failed: Error: Failed to estimate gas: server returned an error response: error code -32000: insufficient funds for transfer

[13:50:36] [HOUSE]   Send empty (attempt 3)
[13:50:37] [HOUSE]   UNDER FAILED
[13:51:38] [HOUSE] Seeding 0xaE33E9E0D6...
[13:51:39] [HOUSE]   RPC https://base-mainnet.core failed: Error: Failed to estimate gas: server returned an error response: error code -32000: insufficient funds for transfer

[13:51:40] [HOUSE]   RPC https://base.drpc.org failed: Error: Failed to estimate gas: server returned an error response: error code -32003: insufficient funds for gas * price 
[13:51:41] [HOUSE]   RPC https://base-rpc.publicno failed: Error: Failed to estimate gas: server returned an error response: error code -32000: insufficient funds for transfer

[13:51:42] [HOUSE]   Send empty (attempt 1)
[13:51:44] [HOUSE]   RPC https://base-mainnet.core failed: Error: Failed to estimate gas: server returned an error response: error code -32000: insufficient funds for transfer

[13:51:44] [HOUSE]   RPC https://base.drpc.org failed: Error: Failed to estimate gas: server returned an error response: error code -32003: insufficient funds for gas * price 
[13:51:45] [HOUSE]   RPC https://base-rpc.publicno failed: Error: Failed to estimate gas: server returned an error response: error code -32000: insufficient funds for transfer

[13:51:46] [HOUSE]   Send empty (attempt 2)
[13:51:48] [HOUSE]   RPC https://base-mainnet.core failed: Error: Failed to estimate gas: server returned an error response: error code -32000: insufficient funds for transfer

[13:51:49] [HOUSE]   RPC https://base.drpc.org failed: Error: Failed to estimate gas: server returned an error response: error code -32003: insufficient funds for gas * price 
[13:51:50] [HOUSE]   RPC https://base-rpc.publicno failed: Error: Failed to estimate gas: server returned an error response: error code -32000: insufficient funds for transfer

[13:51:51] [HOUSE]   Send empty (attempt 3)
[13:51:52] [HOUSE]   UNDER FAILED
[13:52:53] [HOUSE] Skip 0xaE33E9E0D6 — lockTime passed (24s ago)
[13:56:00] [HOUSE] Seeding 0x0a1a136AC6...
[13:56:01] [HOUSE]   RPC https://base-mainnet.core failed: Error: Failed to estimate gas: server returned an error response: error code -32000: insufficient funds for transfer

[13:56:02] [HOUSE]   RPC https://base.drpc.org failed: Error: Failed to estimate gas: server returned an error response: error code -32003: insufficient funds for gas * price 
[13:56:03] [HOUSE]   RPC https://base-rpc.publicno failed: Error: Failed to estimate gas: server returned an error response: error code -32000: insufficient funds for transfer

[13:56:04] [HOUSE]   Send empty (attempt 1)
[13:56:06] [HOUSE]   RPC https://base-mainnet.core failed: Error: Failed to estimate gas: server returned an error response: error code -32000: insufficient funds for transfer

[13:56:07] [HOUSE]   RPC https://base.drpc.org failed: Error: Failed to estimate gas: server returned an error response: error code -32003: insufficient funds for gas * price 
[13:56:09] [HOUSE]   RPC https://base-rpc.publicno failed: Error: Failed to estimate gas: server returned an error response: error code -32000: insufficient funds for transfer

[13:56:09] [HOUSE]   Send empty (attempt 2)
[13:56:11] [HOUSE]   RPC https://base-mainnet.core failed: Error: Failed to estimate gas: server returned an error response: error code -32000: insufficient funds for transfer

[13:56:13] [HOUSE]   RPC https://base.drpc.org failed: Error: Failed to estimate gas: server returned an error response: error code -32003: insufficient funds for gas * price 
[13:56:14] [HOUSE]   RPC https://base-rpc.publicno failed: Error: Failed to estimate gas: server returned an error response: error code -32000: insufficient funds for transfer

[13:56:14] [HOUSE]   Send empty (attempt 3)
[13:56:15] [HOUSE]   UNDER FAILED
[13:57:19] [HOUSE] Seeding 0x0a1a136AC6...
[13:57:20] [HOUSE]   RPC https://base-mainnet.core failed: Error: Failed to estimate gas: server returned an error response: error code -32000: insufficient funds for transfer

[13:57:21] [HOUSE]   RPC https://base.drpc.org failed: Error: Failed to estimate gas: server returned an error response: error code -32003: insufficient funds for gas * price 
[13:57:23] [HOUSE]   RPC https://base-rpc.publicno failed: Error: Failed to estimate gas: server returned an error response: error code -32000: insufficient funds for transfer

[13:57:23] [HOUSE]   Send empty (attempt 1)
[13:57:25] [HOUSE]   RPC https://base-mainnet.core failed: Error: Failed to estimate gas: server returned an error response: error code -32000: insufficient funds for transfer

[13:57:26] [HOUSE]   RPC https://base.drpc.org failed: Error: Failed to estimate gas: server returned an error response: error code -32003: insufficient funds for gas * price 
[13:57:27] [HOUSE]   RPC https://base-rpc.publicno failed: Error: Failed to estimate gas: server returned an error response: error code -32000: insufficient funds for transfer

[13:57:28] [HOUSE]   Send empty (attempt 2)
[13:57:30] [HOUSE]   RPC https://base-mainnet.core failed: Error: Failed to estimate gas: server returned an error response: error code -32000: insufficient funds for transfer

[13:57:31] [HOUSE]   RPC https://base.drpc.org failed: Error: Failed to estimate gas: server returned an error response: error code -32003: insufficient funds for gas * price 
[13:57:32] [HOUSE]   RPC https://base-rpc.publicno failed: Error: Failed to estimate gas: server returned an error response: error code -32000: insufficient funds for transfer

[13:57:33] [HOUSE]   Send empty (attempt 3)
[13:57:34] [HOUSE]   UNDER FAILED
[13:58:35] [HOUSE] Skip 0x0a1a136AC6 — lockTime passed (9s ago)
[14:01:54] [HOUSE] Seeding 0xE3557F29F1...
[14:01:56] [HOUSE]   RPC https://base-mainnet.core failed: Error: Failed to estimate gas: server returned an error response: error code -32000: insufficient funds for transfer

[14:01:56] [HOUSE]   RPC https://base.drpc.org failed: Error: Failed to estimate gas: server returned an error response: error code -32003: insufficient funds for gas * price 
[14:01:59] [HOUSE]   RPC https://base-rpc.publicno failed: Error: Failed to estimate gas: server returned an error response: error code -32000: insufficient funds for transfer

[14:02:00] [HOUSE]   Send empty (attempt 1)
[14:02:02] [HOUSE]   RPC https://base-mainnet.core failed: Error: Failed to estimate gas: server returned an error response: error code -32000: insufficient funds for transfer

[14:02:03] [HOUSE]   RPC https://base.drpc.org failed: Error: Failed to estimate gas: server returned an error response: error code -32003: insufficient funds for gas * price 
[14:02:05] [HOUSE]   RPC https://base-rpc.publicno failed: Error: Failed to estimate gas: server returned an error response: error code -32000: insufficient funds for transfer

[14:02:06] [HOUSE]   Send empty (attempt 2)
[14:02:08] [HOUSE]   RPC https://base-mainnet.core failed: Error: Failed to estimate gas: server returned an error response: error code -32000: insufficient funds for transfer

[14:02:09] [HOUSE]   RPC https://base.drpc.org failed: Error: Failed to estimate gas: server returned an error response: error code -32003: insufficient funds for gas * price 
[14:02:10] [HOUSE]   RPC https://base-rpc.publicno failed: Error: Failed to estimate gas: server returned an error response: error code -32000: insufficient funds for transfer

[14:02:11] [HOUSE]   Send empty (attempt 3)
[14:02:12] [HOUSE]   UNDER FAILED
[14:03:13] [HOUSE] Seeding 0xE3557F29F1...
[14:03:14] [HOUSE]   RPC https://base-mainnet.core failed: Error: Failed to estimate gas: server returned an error response: error code -32000: insufficient funds for transfer

[14:03:15] [HOUSE]   RPC https://base.drpc.org failed: Error: Failed to estimate gas: server returned an error response: error code -32003: insufficient funds for gas * price 
[14:03:17] [HOUSE]   RPC https://base-rpc.publicno failed: Error: Failed to estimate gas: server returned an error response: error code -32000: insufficient funds for transfer

[14:03:17] [HOUSE]   Send empty (attempt 1)
[14:03:19] [HOUSE]   RPC https://base-mainnet.core failed: Error: Failed to estimate gas: server returned an error response: error code -32000: insufficient funds for transfer

[14:03:20] [HOUSE]   RPC https://base.drpc.org failed: Error: Failed to estimate gas: server returned an error response: error code -32003: insufficient funds for gas * price 
[14:03:23] [HOUSE]   RPC https://base-rpc.publicno failed: Error: Failed to estimate gas: server returned an error response: error code -32000: insufficient funds for transfer

[14:03:23] [HOUSE]   Send empty (attempt 2)
[14:03:26] [HOUSE]   RPC https://base-mainnet.core failed: Error: Failed to estimate gas: server returned an error response: error code -32000: insufficient funds for transfer

[14:03:26] [HOUSE]   RPC https://base.drpc.org failed: Error: Failed to estimate gas: server returned an error response: error code -32003: insufficient funds for gas * price 
[14:03:28] [HOUSE]   RPC https://base-rpc.publicno failed: Error: Failed to estimate gas: server returned an error response: error code -32000: insufficient funds for transfer

[14:03:29] [HOUSE]   Send empty (attempt 3)
[14:03:30] [HOUSE]   UNDER FAILED
[14:04:32] [HOUSE] Skip 0xE3557F29F1 — lockTime passed (10s ago)
[14:07:46] [HOUSE] Seeding 0x889B3056bD...
[14:07:47] [HOUSE]   RPC https://base-mainnet.core failed: Error: Failed to estimate gas: server returned an error response: error code -32000: insufficient funds for transfer

[14:07:47] [HOUSE]   RPC https://base.drpc.org failed: Error: Failed to estimate gas: server returned an error response: error code -32003: insufficient funds for gas * price 
[14:07:54] [HOUSE]   RPC https://base-rpc.publicno failed: Error: Failed to estimate gas: server returned an error response: error code -32000: insufficient funds for transfer

[14:07:55] [HOUSE]   Send empty (attempt 1)
[14:07:57] [HOUSE]   RPC https://base-mainnet.core failed: Error: Failed to estimate gas: server returned an error response: error code -32000: insufficient funds for transfer

[14:07:58] [HOUSE]   RPC https://base.drpc.org failed: Error: Failed to estimate gas: server returned an error response: error code -32003: insufficient funds for gas * price 
[14:08:00] [HOUSE]   RPC https://base-rpc.publicno failed: Error: Failed to estimate gas: server returned an error response: error code -32000: insufficient funds for transfer

[14:08:00] [HOUSE]   Send empty (attempt 2)
[14:08:02] [HOUSE]   RPC https://base-mainnet.core failed: Error: Failed to estimate gas: server returned an error response: error code -32000: insufficient funds for transfer

[14:08:03] [HOUSE]   RPC https://base.drpc.org failed: Error: Failed to estimate gas: server returned an error response: error code -32003: insufficient funds for gas * price 
[14:08:23] [HOUSE]   RPC https://base-rpc.publicno timeout
[14:08:24] [HOUSE]   Send empty (attempt 3)
[14:08:25] [HOUSE]   UNDER FAILED
[14:09:26] [HOUSE] Seeding 0x889B3056bD...
[14:09:27] [HOUSE]   RPC https://base-mainnet.core failed: Error: Failed to estimate gas: server returned an error response: error code -32000: insufficient funds for transfer

[14:09:28] [HOUSE]   RPC https://base.drpc.org failed: Error: Failed to estimate gas: server returned an error response: error code -32003: insufficient funds for gas * price 
[14:09:29] [HOUSE]   RPC https://base-rpc.publicno failed: Error: Failed to estimate gas: server returned an error response: error code -32000: insufficient funds for transfer

[14:09:30] [HOUSE]   Send empty (attempt 1)
[14:09:33] [HOUSE]   RPC https://base-mainnet.core failed: Error: Failed to estimate gas: server returned an error response: error code -32000: insufficient funds for transfer

[14:09:34] [HOUSE]   RPC https://base.drpc.org failed: Error: Failed to estimate gas: server returned an error response: error code -32003: insufficient funds for gas * price 
[14:09:36] [HOUSE]   RPC https://base-rpc.publicno failed: Error: Failed to estimate gas: server returned an error response: error code -32000: insufficient funds for transfer

[14:09:36] [HOUSE]   Send empty (attempt 2)
[14:09:38] [HOUSE]   RPC https://base-mainnet.core failed: Error: Failed to estimate gas: server returned an error response: error code -32000: insufficient funds for transfer

[14:09:39] [HOUSE]   RPC https://base.drpc.org failed: Error: Failed to estimate gas: server returned an error response: error code -32003: insufficient funds for gas * price 
[14:09:43] [HOUSE]   RPC https://base-rpc.publicno failed: Error: Failed to estimate gas: server returned an error response: error code -32000: insufficient funds for transfer

[14:09:43] [HOUSE]   Send empty (attempt 3)
[14:09:44] [HOUSE]   UNDER FAILED
[14:10:45] [HOUSE] Skip 0x889B3056bD — lockTime passed (31s ago)
[14:13:40] [HOUSE] Seeding 0xC847a104Bc...
[14:13:41] [HOUSE]   RPC https://base-mainnet.core failed: Error: Failed to estimate gas: server returned an error response: error code -32000: insufficient funds for transfer

[14:13:42] [HOUSE]   RPC https://base.drpc.org failed: Error: Failed to estimate gas: server returned an error response: error code -32003: insufficient funds for gas * price 
[14:13:43] [HOUSE]   RPC https://base-rpc.publicno failed: Error: Failed to estimate gas: server returned an error response: error code -32000: insufficient funds for transfer

[14:13:44] [HOUSE]   Send empty (attempt 1)
[14:13:46] [HOUSE]   RPC https://base-mainnet.core failed: Error: Failed to estimate gas: server returned an error response: error code -32000: insufficient funds for transfer

[14:13:47] [HOUSE]   RPC https://base.drpc.org failed: Error: Failed to estimate gas: server returned an error response: error code -32003: insufficient funds for gas * price 
[14:13:49] [HOUSE]   RPC https://base-rpc.publicno failed: Error: Failed to estimate gas: server returned an error response: error code -32000: insufficient funds for transfer

[14:13:49] [HOUSE]   Send empty (attempt 2)
[14:13:52] [HOUSE]   RPC https://base-mainnet.core failed: Error: Failed to estimate gas: server returned an error response: error code -32000: insufficient funds for transfer

[14:13:52] [HOUSE]   RPC https://base.drpc.org failed: Error: Failed to estimate gas: server returned an error response: error code -32003: insufficient funds for gas * price 
[14:13:54] [HOUSE]   RPC https://base-rpc.publicno failed: Error: Failed to estimate gas: server returned an error response: error code -32000: insufficient funds for transfer

[14:13:54] [HOUSE]   Send empty (attempt 3)
[14:13:55] [HOUSE]   UNDER FAILED
[14:14:58] [HOUSE] Seeding 0xC847a104Bc...
[14:14:59] [HOUSE]   RPC https://base-mainnet.core failed: Error: Failed to estimate gas: server returned an error response: error code -32000: insufficient funds for transfer

[14:15:01] [HOUSE]   RPC https://base.drpc.org failed: Error: Failed to estimate gas: server returned an error response: error code -32003: insufficient funds for gas * price 
[14:15:03] [HOUSE]   RPC https://base-rpc.publicno failed: Error: Failed to estimate gas: server returned an error response: error code -32000: insufficient funds for transfer

[14:15:04] [HOUSE]   Send empty (attempt 1)
[14:15:06] [HOUSE]   RPC https://base-mainnet.core failed: Error: Failed to estimate gas: server returned an error response: error code -32000: insufficient funds for transfer

[14:15:07] [HOUSE]   RPC https://base.drpc.org failed: Error: Failed to estimate gas: server returned an error response: error code -32003: insufficient funds for gas * price 
[14:15:08] [HOUSE]   RPC https://base-rpc.publicno failed: Error: Failed to estimate gas: server returned an error response: error code -32000: insufficient funds for transfer

[14:15:09] [HOUSE]   Send empty (attempt 2)
[14:15:11] [HOUSE]   RPC https://base-mainnet.core failed: Error: Failed to estimate gas: server returned an error response: error code -32000: insufficient funds for transfer

[14:15:12] [HOUSE]   RPC https://base.drpc.org failed: Error: Failed to estimate gas: server returned an error response: error code -32003: insufficient funds for gas * price 
[14:15:14] [HOUSE]   RPC https://base-rpc.publicno failed: Error: Failed to estimate gas: server returned an error response: error code -32000: insufficient funds for transfer

[14:15:14] [HOUSE]   Send empty (attempt 3)
[14:15:15] [HOUSE]   UNDER FAILED
[14:15:34] [HOUSE] Seeding 0xcC0f0FBEAD...
[14:15:35] [HOUSE]   RPC https://base-mainnet.core failed: Error: Failed to estimate gas: server returned an error response: error code -32000: insufficient funds for transfer

[14:15:36] [HOUSE]   RPC https://base.drpc.org failed: Error: Failed to estimate gas: server returned an error response: error code -32003: insufficient funds for gas * price 
[14:15:38] [HOUSE]   RPC https://base-rpc.publicno failed: Error: Failed to estimate gas: server returned an error response: error code -32000: insufficient funds for transfer

[14:15:38] [HOUSE]   Send empty (attempt 1)
[14:15:41] [HOUSE]   RPC https://base-mainnet.core failed: Error: Failed to estimate gas: server returned an error response: error code -32000: insufficient funds for transfer

[14:15:42] [HOUSE]   RPC https://base.drpc.org failed: Error: Failed to estimate gas: server returned an error response: error code -32003: insufficient funds for gas * price 
[14:15:43] [HOUSE]   RPC https://base-rpc.publicno failed: Error: Failed to estimate gas: server returned an error response: error code -32000: insufficient funds for transfer

[14:15:44] [HOUSE]   Send empty (attempt 2)
[14:15:46] [HOUSE]   RPC https://base-mainnet.core failed: Error: Failed to estimate gas: server returned an error response: error code -32000: insufficient funds for transfer

[14:15:47] [HOUSE]   RPC https://base.drpc.org failed: Error: Failed to estimate gas: server returned an error response: error code -32003: insufficient funds for gas * price 
[14:15:48] [HOUSE]   RPC https://base-rpc.publicno failed: Error: Failed to estimate gas: server returned an error response: error code -32000: insufficient funds for transfer

[14:15:48] [HOUSE]   Send empty (attempt 3)
[14:15:49] [HOUSE]   UNDER FAILED
[14:16:40] [HOUSE] Seeding 0x2308d160d8...
[14:16:41] [HOUSE]   RPC https://base-mainnet.core failed: Error: Failed to estimate gas: server returned an error response: error code -32000: insufficient funds for transfer

[14:16:41] [HOUSE]   RPC https://base.drpc.org failed: Error: Failed to estimate gas: server returned an error response: error code -32003: insufficient funds for gas * price 
[14:16:45] [HOUSE]   RPC https://base-rpc.publicno failed: Error: Failed to estimate gas: server returned an error response: error code -32000: insufficient funds for transfer

[14:16:46] [HOUSE]   Send empty (attempt 1)
[14:16:48] [HOUSE]   RPC https://base-mainnet.core failed: Error: Failed to estimate gas: server returned an error response: error code -32000: insufficient funds for transfer

[14:16:49] [HOUSE]   RPC https://base.drpc.org failed: Error: Failed to estimate gas: server returned an error response: error code -32003: insufficient funds for gas * price 
[14:16:50] [HOUSE]   RPC https://base-rpc.publicno failed: Error: Failed to estimate gas: server returned an error response: error code -32000: insufficient funds for transfer

[14:16:50] [HOUSE]   Send empty (attempt 2)
[14:16:53] [HOUSE]   RPC https://base-mainnet.core failed: Error: Failed to estimate gas: server returned an error response: error code -32000: insufficient funds for transfer

[14:16:54] [HOUSE]   RPC https://base.drpc.org failed: Error: Failed to estimate gas: server returned an error response: error code -32003: insufficient funds for gas * price 
[14:16:56] [HOUSE]   RPC https://base-rpc.publicno failed: Error: Failed to estimate gas: server returned an error response: error code -32000: insufficient funds for transfer

[14:16:56] [HOUSE]   Send empty (attempt 3)
[14:16:57] [HOUSE]   UNDER FAILED
[14:17:00] [HOUSE] Seeding 0x2EB7FB0ADE...
[14:17:01] [HOUSE]   RPC https://base-mainnet.core failed: Error: Failed to estimate gas: server returned an error response: error code -32000: insufficient funds for transfer

[14:17:02] [HOUSE]   RPC https://base.drpc.org failed: Error: Failed to estimate gas: server returned an error response: error code -32003: insufficient funds for gas * price 
[14:17:07] [HOUSE]   RPC https://base-rpc.publicno failed: Error: Failed to estimate gas: server returned an error response: error code -32000: insufficient funds for transfer

[14:17:08] [HOUSE]   Send empty (attempt 1)
[14:17:10] [HOUSE]   RPC https://base-mainnet.core failed: Error: Failed to estimate gas: server returned an error response: error code -32000: insufficient funds for transfer

[14:17:11] [HOUSE]   RPC https://base.drpc.org failed: Error: Failed to estimate gas: server returned an error response: error code -32003: insufficient funds for gas * price 
[14:17:20] [HOUSE]   RPC https://base-rpc.publicno failed: Error: Failed to estimate gas: server returned an error response: error code -32000: insufficient funds for transfer

[14:17:20] [HOUSE]   Send empty (attempt 2)
[14:17:22] [HOUSE]   RPC https://base-mainnet.core failed: Error: Failed to estimate gas: server returned an error response: error code -32000: insufficient funds for transfer

[14:17:23] [HOUSE]   RPC https://base.drpc.org failed: Error: Failed to estimate gas: server returned an error response: error code -32003: insufficient funds for gas * price 
[14:17:25] [HOUSE]   RPC https://base-rpc.publicno failed: Error: Failed to estimate gas: server returned an error response: error code -32000: insufficient funds for transfer

[14:17:26] [HOUSE]   Send empty (attempt 3)
[14:17:27] [HOUSE]   UNDER FAILED
[14:17:58] [HOUSE] Seeding 0x2308d160d8...
[14:18:00] [HOUSE]   RPC https://base-mainnet.core failed: Error: Failed to estimate gas: server returned an error response: error code -32000: insufficient funds for transfer

[14:18:00] [HOUSE]   RPC https://base.drpc.org failed: Error: Failed to estimate gas: server returned an error response: error code -32003: insufficient funds for gas * price 
[14:18:03] [HOUSE]   RPC https://base-rpc.publicno failed: Error: Failed to estimate gas: server returned an error response: error code -32000: insufficient funds for transfer

[14:18:04] [HOUSE]   Send empty (attempt 1)
[14:18:06] [HOUSE]   RPC https://base-mainnet.core failed: Error: Failed to estimate gas: server returned an error response: error code -32000: insufficient funds for transfer

[14:18:07] [HOUSE]   RPC https://base.drpc.org failed: Error: Failed to estimate gas: server returned an error response: error code -32003: insufficient funds for gas * price 
[14:18:08] [HOUSE]   RPC https://base-rpc.publicno failed: Error: Failed to estimate gas: server returned an error response: error code -32000: insufficient funds for transfer

[14:18:09] [HOUSE]   Send empty (attempt 2)
[14:18:11] [HOUSE]   RPC https://base-mainnet.core failed: Error: Failed to estimate gas: server returned an error response: error code -32000: insufficient funds for transfer

[14:18:12] [HOUSE]   RPC https://base.drpc.org failed: Error: Failed to estimate gas: server returned an error response: error code -32003: insufficient funds for gas * price 
[14:18:14] [HOUSE]   RPC https://base-rpc.publicno failed: Error: Failed to estimate gas: server returned an error response: error code -32000: insufficient funds for transfer

[14:18:15] [HOUSE]   Send empty (attempt 3)
[14:18:16] [HOUSE]   UNDER FAILED
[14:18:29] [HOUSE] Seeding 0x2EB7FB0ADE...
[14:18:31] [HOUSE]   RPC https://base-mainnet.core failed: Error: Failed to estimate gas: server returned an error response: error code -32000: insufficient funds for transfer

[14:18:31] [HOUSE]   RPC https://base.drpc.org failed: Error: Failed to estimate gas: server returned an error response: error code -32003: insufficient funds for gas * price 
[14:18:35] [HOUSE]   RPC https://base-rpc.publicno failed: Error: Failed to estimate gas: server returned an error response: error code -32000: insufficient funds for transfer

[14:18:35] [HOUSE]   Send empty (attempt 1)
[14:18:38] [HOUSE]   RPC https://base-mainnet.core failed: Error: Failed to estimate gas: server returned an error response: error code -32000: insufficient funds for transfer

[14:18:39] [HOUSE]   RPC https://base.drpc.org failed: Error: Failed to estimate gas: server returned an error response: error code -32003: insufficient funds for gas * price 
[14:18:40] [HOUSE]   RPC https://base-rpc.publicno failed: Error: Failed to estimate gas: server returned an error response: error code -32000: insufficient funds for transfer

[14:18:41] [HOUSE]   Send empty (attempt 2)
[14:18:43] [HOUSE]   RPC https://base-mainnet.core failed: Error: Failed to estimate gas: server returned an error response: error code -32000: insufficient funds for transfer

[14:18:44] [HOUSE]   RPC https://base.drpc.org failed: Error: Failed to estimate gas: server returned an error response: error code -32003: insufficient funds for gas * price 
[14:18:50] [HOUSE]   RPC https://base-rpc.publicno failed: Error: Failed to estimate gas: server returned an error response: error code -32000: insufficient funds for transfer

[14:18:51] [HOUSE]   Send empty (attempt 3)
[14:18:52] [HOUSE]   UNDER FAILED
[14:19:18] [HOUSE] Skip 0x2308d160d8 — lockTime passed (9s ago)
[14:19:53] [HOUSE] Skip 0x2EB7FB0ADE — lockTime passed (42s ago)
[14:22:10] [HOUSE] Seeding 0x18bB721E7F...
[14:22:12] [HOUSE]   RPC https://base-mainnet.core failed: Error: Failed to estimate gas: server returned an error response: error code -32000: insufficient funds for transfer

[14:22:13] [HOUSE]   RPC https://base.drpc.org failed: Error: Failed to estimate gas: server returned an error response: error code -32003: insufficient funds for gas * price 
[14:22:18] [HOUSE]   RPC https://base-rpc.publicno failed: Error: Failed to estimate gas: server returned an error response: error code -32000: insufficient funds for transfer

[14:22:18] [HOUSE]   Send empty (attempt 1)
[14:22:20] [HOUSE]   RPC https://base-mainnet.core failed: Error: Failed to estimate gas: server returned an error response: error code -32000: insufficient funds for transfer

[14:22:21] [HOUSE]   RPC https://base.drpc.org failed: Error: Failed to estimate gas: server returned an error response: error code -32003: insufficient funds for gas * price 
[14:22:25] [HOUSE]   RPC https://base-rpc.publicno failed: Error: Failed to estimate gas: server returned an error response: error code -32000: insufficient funds for transfer

[14:22:25] [HOUSE]   Send empty (attempt 2)
[14:22:27] [HOUSE]   RPC https://base-mainnet.core failed: Error: Failed to estimate gas: server returned an error response: error code -32000: insufficient funds for transfer

[14:22:28] [HOUSE]   RPC https://base.drpc.org failed: Error: Failed to estimate gas: server returned an error response: error code -32003: insufficient funds for gas * price 
[14:22:30] [HOUSE]   RPC https://base-rpc.publicno failed: Error: Failed to estimate gas: server returned an error response: error code -32000: insufficient funds for transfer

[14:22:31] [HOUSE]   Send empty (attempt 3)
[14:22:32] [HOUSE]   UNDER FAILED
[14:23:33] [HOUSE] Seeding 0x18bB721E7F...
[14:23:35] [HOUSE]   RPC https://base-mainnet.core failed: Error: Failed to estimate gas: server returned an error response: error code -32000: insufficient funds for transfer

[14:23:35] [HOUSE]   RPC https://base.drpc.org failed: Error: Failed to estimate gas: server returned an error response: error code -32003: insufficient funds for gas * price 
[14:23:38] [HOUSE]   RPC https://base-rpc.publicno failed: Error: Failed to estimate gas: server returned an error response: error code -32000: insufficient funds for transfer

[14:23:38] [HOUSE]   Send empty (attempt 1)
[14:23:40] [HOUSE]   RPC https://base-mainnet.core failed: Error: Failed to estimate gas: server returned an error response: error code -32000: insufficient funds for transfer

[14:23:42] [HOUSE]   RPC https://base.drpc.org failed: Error: Failed to estimate gas: server returned an error response: error code -32003: insufficient funds for gas * price 
[14:23:46] [HOUSE]   RPC https://base-rpc.publicno failed: Error: Failed to estimate gas: server returned an error response: error code -32000: insufficient funds for transfer

[14:23:46] [HOUSE]   Send empty (attempt 2)
[14:23:48] [HOUSE]   RPC https://base-mainnet.core failed: Error: Failed to estimate gas: server returned an error response: error code -32000: insufficient funds for transfer

[14:23:49] [HOUSE]   RPC https://base.drpc.org failed: Error: Failed to estimate gas: server returned an error response: error code -32003: insufficient funds for gas * price 
[14:23:51] [HOUSE]   RPC https://base-rpc.publicno failed: Error: Failed to estimate gas: server returned an error response: error code -32000: insufficient funds for transfer

[14:23:51] [HOUSE]   Send empty (attempt 3)
[14:23:52] [HOUSE]   UNDER FAILED
[14:24:53] [HOUSE] Skip 0x18bB721E7F — lockTime passed (15s ago)
[14:28:00] [HOUSE] Seeding 0xf495cF7CDA...
[14:28:01] [HOUSE]   RPC https://base-mainnet.core failed: Error: Failed to estimate gas: server returned an error response: error code -32000: insufficient funds for transfer

[14:28:02] [HOUSE]   RPC https://base.drpc.org failed: Error: Failed to estimate gas: server returned an error response: error code -32003: insufficient funds for gas * price 
[14:28:04] [HOUSE]   RPC https://base-rpc.publicno failed: Error: Failed to estimate gas: server returned an error response: error code -32000: insufficient funds for transfer

[14:28:04] [HOUSE]   Send empty (attempt 1)
[14:28:07] [HOUSE]   RPC https://base-mainnet.core failed: Error: Failed to estimate gas: server returned an error response: error code -32000: insufficient funds for transfer

[14:28:07] [HOUSE]   RPC https://base.drpc.org failed: Error: Failed to estimate gas: server returned an error response: error code -32003: insufficient funds for gas * price 
[14:28:09] [HOUSE]   RPC https://base-rpc.publicno failed: Error: Failed to estimate gas: server returned an error response: error code -32000: insufficient funds for transfer

[14:28:09] [HOUSE]   Send empty (attempt 2)
[14:28:11] [HOUSE]   RPC https://base-mainnet.core failed: Error: Failed to estimate gas: server returned an error response: error code -32000: insufficient funds for transfer

[14:28:12] [HOUSE]   RPC https://base.drpc.org failed: Error: Failed to estimate gas: server returned an error response: error code -32003: insufficient funds for gas * price 
[14:28:14] [HOUSE]   RPC https://base-rpc.publicno failed: Error: Failed to estimate gas: server returned an error response: error code -32000: insufficient funds for transfer

[14:28:14] [HOUSE]   Send empty (attempt 3)
[14:28:15] [HOUSE]   UNDER FAILED
[14:28:18] [HOUSE] Seeding 0x796d69501a...
[14:28:20] [HOUSE]   RPC https://base-mainnet.core failed: Error: Failed to estimate gas: server returned an error response: error code -32000: insufficient funds for transfer

[14:28:21] [HOUSE]   RPC https://base.drpc.org failed: Error: Failed to estimate gas: server returned an error response: error code -32003: insufficient funds for gas * price 
[14:28:22] [HOUSE]   RPC https://base-rpc.publicno failed: Error: Failed to estimate gas: server returned an error response: error code -32000: insufficient funds for transfer

[14:28:23] [HOUSE]   Send empty (attempt 1)
[14:28:25] [HOUSE]   RPC https://base-mainnet.core failed: Error: Failed to estimate gas: server returned an error response: error code -32000: insufficient funds for transfer

[14:28:25] [HOUSE]   RPC https://base.drpc.org failed: Error: Failed to estimate gas: server returned an error response: error code -32003: insufficient funds for gas * price 
[14:28:26] [HOUSE]   RPC https://base-rpc.publicno failed: Error: Failed to estimate gas: server returned an error response: error code -32000: insufficient funds for transfer

[14:28:27] [HOUSE]   Send empty (attempt 2)
[14:28:29] [HOUSE]   RPC https://base-mainnet.core failed: Error: Failed to estimate gas: server returned an error response: error code -32000: insufficient funds for transfer

[14:28:31] [HOUSE]   RPC https://base.drpc.org failed: Error: Failed to estimate gas: server returned an error response: error code -32003: insufficient funds for gas * price 
[14:28:33] [HOUSE]   RPC https://base-rpc.publicno failed: Error: Failed to estimate gas: server returned an error response: error code -32000: insufficient funds for transfer

[14:28:33] [HOUSE]   Send empty (attempt 3)
[14:28:34] [HOUSE]   UNDER FAILED
[14:29:16] [HOUSE] Seeding 0xf495cF7CDA...
[14:29:18] [HOUSE]   RPC https://base-mainnet.core failed: Error: Failed to estimate gas: server returned an error response: error code -32000: insufficient funds for transfer

[14:29:18] [HOUSE]   RPC https://base.drpc.org failed: Error: Failed to estimate gas: server returned an error response: error code -32003: insufficient funds for gas * price 
[14:29:21] [HOUSE]   RPC https://base-rpc.publicno failed: Error: Failed to estimate gas: server returned an error response: error code -32000: insufficient funds for transfer

[14:29:21] [HOUSE]   Send empty (attempt 1)
[14:29:24] [HOUSE]   RPC https://base-mainnet.core failed: Error: Failed to estimate gas: server returned an error response: error code -32000: insufficient funds for transfer

[14:29:25] [HOUSE]   RPC https://base.drpc.org failed: Error: Failed to estimate gas: server returned an error response: error code -32003: insufficient funds for gas * price 
[14:29:27] [HOUSE]   RPC https://base-rpc.publicno failed: Error: Failed to estimate gas: server returned an error response: error code -32000: insufficient funds for transfer

[14:29:27] [HOUSE]   Send empty (attempt 2)
[14:29:30] [HOUSE]   RPC https://base-mainnet.core failed: Error: Failed to estimate gas: server returned an error response: error code -32000: insufficient funds for transfer

[14:29:30] [HOUSE]   RPC https://base.drpc.org failed: Error: Failed to estimate gas: server returned an error response: error code -32003: insufficient funds for gas * price 
[14:29:32] [HOUSE]   RPC https://base-rpc.publicno failed: Error: Failed to estimate gas: server returned an error response: error code -32000: insufficient funds for transfer

[14:29:32] [HOUSE]   Send empty (attempt 3)
[14:29:33] [HOUSE]   UNDER FAILED
[14:29:37] [HOUSE] Seeding 0x796d69501a...
[14:29:38] [HOUSE]   RPC https://base-mainnet.core failed: Error: Failed to estimate gas: server returned an error response: error code -32000: insufficient funds for transfer

[14:29:38] [HOUSE]   RPC https://base.drpc.org failed: Error: Failed to estimate gas: server returned an error response: error code -32003: insufficient funds for gas * price 
[14:29:40] [HOUSE]   RPC https://base-rpc.publicno failed: Error: Failed to estimate gas: server returned an error response: error code -32000: insufficient funds for transfer

[14:29:40] [HOUSE]   Send empty (attempt 1)
[14:29:42] [HOUSE]   RPC https://base-mainnet.core failed: Error: Failed to estimate gas: server returned an error response: error code -32000: insufficient funds for transfer

[14:29:43] [HOUSE]   RPC https://base.drpc.org failed: Error: Failed to estimate gas: server returned an error response: error code -32003: insufficient funds for gas * price 
[14:29:47] [HOUSE]   RPC https://base-rpc.publicno failed: Error: Failed to estimate gas: server returned an error response: error code -32000: insufficient funds for transfer

[14:29:47] [HOUSE]   Send empty (attempt 2)
[14:29:49] [HOUSE]   RPC https://base-mainnet.core failed: Error: Failed to estimate gas: server returned an error response: error code -32000: insufficient funds for transfer

[14:29:50] [HOUSE]   RPC https://base.drpc.org failed: Error: Failed to estimate gas: server returned an error response: error code -32003: insufficient funds for gas * price 
[14:29:56] [HOUSE]   RPC https://base-rpc.publicno failed: Error: Failed to estimate gas: server returned an error response: error code -32000: insufficient funds for transfer

[14:29:57] [HOUSE]   Send empty (attempt 3)
[14:29:58] [HOUSE]   UNDER FAILED
[14:30:35] [HOUSE] Skip 0xf495cF7CDA — lockTime passed (6s ago)
[14:31:00] [HOUSE] Skip 0x796d69501a — lockTime passed (29s ago)
[14:33:51] [HOUSE] Seeding 0xE4E134EEB6...
[14:33:52] [HOUSE]   RPC https://base-mainnet.core failed: Error: Failed to estimate gas: server returned an error response: error code -32000: insufficient funds for transfer

[14:33:53] [HOUSE]   RPC https://base.drpc.org failed: Error: Failed to estimate gas: server returned an error response: error code -32003: insufficient funds for gas * price 
[14:33:59] [HOUSE]   RPC https://base-rpc.publicno failed: Error: Failed to estimate gas: server returned an error response: error code -32000: insufficient funds for transfer

[14:33:59] [HOUSE]   Market no longer OPEN (state=3)
[14:33:59] [HOUSE]   UNDER FAILED
[14:34:02] [HOUSE] Seeding 0xd78907eFc7...
[14:34:04] [HOUSE]   RPC https://base-mainnet.core failed: Error: Failed to estimate gas: server returned an error response: error code -32000: insufficient funds for transfer

[14:34:05] [HOUSE]   RPC https://base.drpc.org failed: Error: Failed to estimate gas: server returned an error response: error code -32003: insufficient funds for gas * price 
[14:34:06] [HOUSE]   RPC https://base-rpc.publicno failed: Error: Failed to estimate gas: server returned an error response: error code -32000: insufficient funds for transfer

[14:34:07] [HOUSE]   Send empty (attempt 1)
[14:34:09] [HOUSE]   RPC https://base-mainnet.core failed: Error: Failed to estimate gas: server returned an error response: error code -32000: insufficient funds for transfer

[14:34:10] [HOUSE]   RPC https://base.drpc.org failed: Error: Failed to estimate gas: server returned an error response: error code -32003: insufficient funds for gas * price 
[14:34:11] [HOUSE]   RPC https://base-rpc.publicno failed: Error: Failed to estimate gas: server returned an error response: error code -32000: insufficient funds for transfer

[14:34:12] [HOUSE]   Send empty (attempt 2)
[14:34:14] [HOUSE]   RPC https://base-mainnet.core failed: Error: Failed to estimate gas: server returned an error response: error code -32000: insufficient funds for transfer

[14:34:15] [HOUSE]   RPC https://base.drpc.org failed: Error: Failed to estimate gas: server returned an error response: error code -32003: insufficient funds for gas * price 
[14:34:16] [HOUSE]   RPC https://base-rpc.publicno failed: Error: Failed to estimate gas: server returned an error response: error code -32000: insufficient funds for transfer

[14:34:17] [HOUSE]   Send empty (attempt 3)
[14:34:18] [HOUSE]   UNDER FAILED
[14:35:20] [HOUSE] Seeding 0xd78907eFc7...
[14:35:21] [HOUSE]   RPC https://base-mainnet.core failed: Error: Failed to estimate gas: server returned an error response: error code -32000: insufficient funds for transfer

[14:35:22] [HOUSE]   RPC https://base.drpc.org failed: Error: Failed to estimate gas: server returned an error response: error code -32003: insufficient funds for gas * price 
[14:35:23] [HOUSE]   RPC https://base-rpc.publicno failed: Error: Failed to estimate gas: server returned an error response: error code -32000: insufficient funds for transfer

[14:35:24] [HOUSE]   Send empty (attempt 1)
[14:35:26] [HOUSE]   RPC https://base-mainnet.core failed: Error: Failed to estimate gas: server returned an error response: error code -32000: insufficient funds for transfer

[14:35:27] [HOUSE]   RPC https://base.drpc.org failed: Error: Failed to estimate gas: server returned an error response: error code -32003: insufficient funds for gas * price 
[14:35:28] [HOUSE]   RPC https://base-rpc.publicno failed: Error: Failed to estimate gas: server returned an error response: error code -32000: insufficient funds for transfer

[14:35:28] [HOUSE]   Send empty (attempt 2)
[14:35:31] [HOUSE]   RPC https://base-mainnet.core failed: Error: Failed to estimate gas: server returned an error response: error code -32000: insufficient funds for transfer

[14:35:32] [HOUSE]   RPC https://base.drpc.org failed: Error: Failed to estimate gas: server returned an error response: error code -32003: insufficient funds for gas * price 
[14:35:33] [HOUSE]   RPC https://base-rpc.publicno failed: Error: Failed to estimate gas: server returned an error response: error code -32000: insufficient funds for transfer

[14:35:34] [HOUSE]   Send empty (attempt 3)
[14:35:35] [HOUSE]   UNDER FAILED
[14:36:36] [HOUSE] Skip 0xd78907eFc7 — lockTime passed (8s ago)
[14:39:47] [HOUSE] Seeding 0x221922617D...
[14:39:48] [HOUSE]   RPC https://base-mainnet.core failed: Error: Failed to estimate gas: server returned an error response: error code -32000: insufficient funds for transfer

[14:39:50] [HOUSE]   RPC https://base.drpc.org failed: Error: Failed to estimate gas: server returned an error response: error code -32003: insufficient funds for gas * price 
[14:39:54] [HOUSE]   RPC https://base-rpc.publicno failed: Error: Failed to estimate gas: server returned an error response: error code -32000: insufficient funds for transfer

[14:39:54] [HOUSE]   Send empty (attempt 1)
[14:39:56] [HOUSE]   RPC https://base-mainnet.core failed: Error: Failed to estimate gas: server returned an error response: error code -32000: insufficient funds for transfer

[14:39:58] [HOUSE]   RPC https://base.drpc.org failed: Error: Failed to estimate gas: server returned an error response: error code -32003: insufficient funds for gas * price 
[14:39:59] [HOUSE]   RPC https://base-rpc.publicno failed: Error: Failed to estimate gas: server returned an error response: error code -32000: insufficient funds for transfer

[14:40:00] [HOUSE]   Market no longer OPEN (state=3)
[14:40:00] [HOUSE]   UNDER FAILED
[14:40:03] [HOUSE] Seeding 0x2DDa2d7D80...
[14:40:04] [HOUSE]   RPC https://base-mainnet.core failed: Error: Failed to estimate gas: server returned an error response: error code -32000: insufficient funds for transfer

[14:40:05] [HOUSE]   RPC https://base.drpc.org failed: Error: Failed to estimate gas: server returned an error response: error code -32003: insufficient funds for gas * price 
[14:40:10] [HOUSE]   RPC https://base-rpc.publicno failed: Error: Failed to estimate gas: server returned an error response: error code -32000: insufficient funds for transfer

[14:40:10] [HOUSE]   Send empty (attempt 1)
[14:40:13] [HOUSE]   RPC https://base-mainnet.core failed: Error: Failed to estimate gas: server returned an error response: error code -32000: insufficient funds for transfer

[14:40:13] [HOUSE]   RPC https://base.drpc.org failed: Error: Failed to estimate gas: server returned an error response: error code -32003: insufficient funds for gas * price 
[14:40:18] [HOUSE]   RPC https://base-rpc.publicno failed: Error: Failed to estimate gas: server returned an error response: error code -32000: insufficient funds for transfer

[14:40:18] [HOUSE]   Send empty (attempt 2)
[14:40:20] [HOUSE]   RPC https://base-mainnet.core failed: Error: Failed to estimate gas: server returned an error response: error code -32000: insufficient funds for transfer

[14:40:21] [HOUSE]   RPC https://base.drpc.org failed: Error: Failed to estimate gas: server returned an error response: error code -32003: insufficient funds for gas * price 
[14:40:23] [HOUSE]   RPC https://base-rpc.publicno failed: Error: Failed to estimate gas: server returned an error response: error code -32000: insufficient funds for transfer

[14:40:24] [HOUSE]   Send empty (attempt 3)
[14:40:25] [HOUSE]   UNDER FAILED
[14:41:27] [HOUSE] Seeding 0x2DDa2d7D80...
[14:41:28] [HOUSE]   RPC https://base-mainnet.core failed: Error: Failed to estimate gas: server returned an error response: error code -32000: insufficient funds for transfer

[14:41:29] [HOUSE]   RPC https://base.drpc.org failed: Error: Failed to estimate gas: server returned an error response: error code -32003: insufficient funds for gas * price 
[14:41:31] [HOUSE]   RPC https://base-rpc.publicno failed: Error: Failed to estimate gas: server returned an error response: error code -32000: insufficient funds for transfer

[14:41:31] [HOUSE]   Send empty (attempt 1)
[14:41:33] [HOUSE]   RPC https://base-mainnet.core failed: Error: Failed to estimate gas: server returned an error response: error code -32000: insufficient funds for transfer

[14:41:35] [HOUSE]   RPC https://base.drpc.org failed: Error: Failed to estimate gas: server returned an error response: error code -32003: insufficient funds for gas * price 
[14:41:36] [HOUSE]   RPC https://base-rpc.publicno failed: Error: Failed to estimate gas: server returned an error response: error code -32000: insufficient funds for transfer

[14:41:37] [HOUSE]   Send empty (attempt 2)
[14:41:39] [HOUSE]   RPC https://base-mainnet.core failed: Error: Failed to estimate gas: server returned an error response: error code -32000: insufficient funds for transfer

[14:41:40] [HOUSE]   RPC https://base.drpc.org failed: Error: Failed to estimate gas: server returned an error response: error code -32003: insufficient funds for gas * price 
[14:41:43] [HOUSE]   RPC https://base-rpc.publicno failed: Error: Failed to estimate gas: server returned an error response: error code -32000: insufficient funds for transfer

[14:41:43] [HOUSE]   Send empty (attempt 3)
[14:41:44] [HOUSE]   UNDER FAILED
[14:42:47] [HOUSE] Skip 0x2DDa2d7D80 — lockTime passed (16s ago)
[14:45:40] [HOUSE] Seeding 0xe5a3FbD9cD...
[14:45:41] [HOUSE]   RPC https://base-mainnet.core failed: Error: Failed to estimate gas: server returned an error response: error code -32000: insufficient funds for transfer

[14:45:42] [HOUSE]   RPC https://base.drpc.org failed: Error: Failed to estimate gas: server returned an error response: error code -32003: insufficient funds for gas * price 
[14:45:47] [HOUSE]   RPC https://base-rpc.publicno failed: Error: Failed to estimate gas: server returned an error response: error code -32000: insufficient funds for transfer

[14:45:47] [HOUSE]   Send empty (attempt 1)
[14:45:49] [HOUSE]   RPC https://base-mainnet.core failed: Error: Failed to estimate gas: server returned an error response: error code -32000: insufficient funds for transfer

[14:45:50] [HOUSE]   RPC https://base.drpc.org failed: Error: Failed to estimate gas: server returned an error response: error code -32003: insufficient funds for gas * price 
[14:45:53] [HOUSE]   RPC https://base-rpc.publicno failed: Error: Failed to estimate gas: server returned an error response: error code -32000: insufficient funds for transfer

[14:45:53] [HOUSE]   Market no longer OPEN (state=3)
[14:45:53] [HOUSE]   UNDER FAILED
[14:45:59] [HOUSE] Seeding 0xD2EeEf4001...
[14:46:01] [HOUSE]   RPC https://base-mainnet.core failed: Error: Failed to estimate gas: server returned an error response: error code -32000: insufficient funds for transfer

[14:46:01] [HOUSE]   RPC https://base.drpc.org failed: Error: Failed to estimate gas: server returned an error response: error code -32003: insufficient funds for gas * price 
[14:46:03] [HOUSE]   RPC https://base-rpc.publicno failed: Error: Failed to estimate gas: server returned an error response: error code -32000: insufficient funds for transfer

[14:46:03] [HOUSE]   Send empty (attempt 1)
[14:46:06] [HOUSE]   RPC https://base-mainnet.core failed: Error: Failed to estimate gas: server returned an error response: error code -32000: insufficient funds for transfer

[14:46:06] [HOUSE]   RPC https://base.drpc.org failed: Error: Failed to estimate gas: server returned an error response: error code -32003: insufficient funds for gas * price 
[14:46:08] [HOUSE]   RPC https://base-rpc.publicno failed: Error: Failed to estimate gas: server returned an error response: error code -32000: insufficient funds for transfer

[14:46:09] [HOUSE]   Send empty (attempt 2)
[14:46:11] [HOUSE]   RPC https://base-mainnet.core failed: Error: Failed to estimate gas: server returned an error response: error code -32000: insufficient funds for transfer

[14:46:12] [HOUSE]   RPC https://base.drpc.org failed: Error: Failed to estimate gas: server returned an error response: error code -32003: insufficient funds for gas * price 
[14:46:13] [HOUSE]   RPC https://base-rpc.publicno failed: Error: Failed to estimate gas: server returned an error response: error code -32000: insufficient funds for transfer

[14:46:14] [HOUSE]   Send empty (attempt 3)
[14:46:15] [HOUSE]   UNDER FAILED
[14:47:17] [HOUSE] Seeding 0xD2EeEf4001...
[14:47:19] [HOUSE]   RPC https://base-mainnet.core failed: Error: Failed to estimate gas: server returned an error response: error code -32000: insufficient funds for transfer

[14:47:19] [HOUSE]   RPC https://base.drpc.org failed: Error: Failed to estimate gas: server returned an error response: error code -32003: insufficient funds for gas * price 
[14:47:23] [HOUSE]   RPC https://base-rpc.publicno failed: Error: Failed to estimate gas: server returned an error response: error code -32000: insufficient funds for transfer

[14:47:24] [HOUSE]   Send empty (attempt 1)
[14:47:26] [HOUSE]   RPC https://base-mainnet.core failed: Error: Failed to estimate gas: server returned an error response: error code -32000: insufficient funds for transfer

[14:47:26] [HOUSE]   RPC https://base.drpc.org failed: Error: Failed to estimate gas: server returned an error response: error code -32003: insufficient funds for gas * price 
[14:47:28] [HOUSE]   RPC https://base-rpc.publicno failed: Error: Failed to estimate gas: server returned an error response: error code -32000: insufficient funds for transfer

[14:47:28] [HOUSE]   Send empty (attempt 2)
[14:47:31] [HOUSE]   RPC https://base-mainnet.core failed: Error: Failed to estimate gas: server returned an error response: error code -32000: insufficient funds for transfer

[14:47:32] [HOUSE]   RPC https://base.drpc.org failed: Error: Failed to estimate gas: server returned an error response: error code -32003: insufficient funds for gas * price 
[14:47:33] [HOUSE]   RPC https://base-rpc.publicno failed: Error: Failed to estimate gas: server returned an error response: error code -32000: insufficient funds for transfer

[14:47:34] [HOUSE]   Send empty (attempt 3)
[14:47:35] [HOUSE]   UNDER FAILED
[14:48:35] [HOUSE] Skip 0xD2EeEf4001 — lockTime passed (7s ago)
[14:51:40] [HOUSE] Seeding 0x6bB4335948...
[14:51:41] [HOUSE]   RPC https://base-mainnet.core failed: Error: Failed to estimate gas: server returned an error response: error code -32000: insufficient funds for transfer

[14:51:42] [HOUSE]   RPC https://base.drpc.org failed: Error: Failed to estimate gas: server returned an error response: error code -32003: insufficient funds for gas * price 
[14:51:44] [HOUSE]   RPC https://base-rpc.publicno failed: Error: Failed to estimate gas: server returned an error response: error code -32000: insufficient funds for transfer

[14:51:45] [HOUSE]   Send empty (attempt 1)
[14:51:47] [HOUSE]   RPC https://base-mainnet.core failed: Error: Failed to estimate gas: server returned an error response: error code -32000: insufficient funds for transfer

[14:51:47] [HOUSE]   RPC https://base.drpc.org failed: Error: Failed to estimate gas: server returned an error response: error code -32003: insufficient funds for gas * price 
[14:51:49] [HOUSE]   RPC https://base-rpc.publicno failed: Error: Failed to estimate gas: server returned an error response: error code -32000: insufficient funds for transfer

[14:51:49] [HOUSE]   Send empty (attempt 2)
[14:51:51] [HOUSE]   RPC https://base-mainnet.core failed: Error: Failed to estimate gas: server returned an error response: error code -32000: insufficient funds for transfer

[14:51:52] [HOUSE]   RPC https://base.drpc.org failed: Error: Failed to estimate gas: server returned an error response: error code -32003: insufficient funds for gas * price 
[14:51:54] [HOUSE]   RPC https://base-rpc.publicno failed: Error: Failed to estimate gas: server returned an error response: error code -32000: insufficient funds for transfer

[14:51:54] [HOUSE]   Market no longer OPEN (state=3)
[14:51:54] [HOUSE]   UNDER FAILED
[14:51:57] [HOUSE] Seeding 0x73Bf1513d1...
[14:51:59] [HOUSE]   RPC https://base-mainnet.core failed: Error: Failed to estimate gas: server returned an error response: error code -32000: insufficient funds for transfer

[14:51:59] [HOUSE]   RPC https://base.drpc.org failed: Error: Failed to estimate gas: server returned an error response: error code -32003: insufficient funds for gas * price 
[14:52:01] [HOUSE]   RPC https://base-rpc.publicno failed: Error: Failed to estimate gas: server returned an error response: error code -32000: insufficient funds for transfer

[14:52:02] [HOUSE]   Send empty (attempt 1)
[14:52:04] [HOUSE]   RPC https://base-mainnet.core failed: Error: Failed to estimate gas: server returned an error response: error code -32000: insufficient funds for transfer

[14:52:04] [HOUSE]   RPC https://base.drpc.org failed: Error: Failed to estimate gas: server returned an error response: error code -32003: insufficient funds for gas * price 
[14:52:05] [HOUSE]   RPC https://base-rpc.publicno failed: Error: Failed to estimate gas: server returned an error response: error code -32000: insufficient funds for transfer

[14:52:06] [HOUSE]   Send empty (attempt 2)
[14:52:08] [HOUSE]   RPC https://base-mainnet.core failed: Error: Failed to estimate gas: server returned an error response: error code -32000: insufficient funds for transfer

[14:52:09] [HOUSE]   RPC https://base.drpc.org failed: Error: Failed to estimate gas: server returned an error response: error code -32003: insufficient funds for gas * price 
[14:52:10] [HOUSE]   RPC https://base-rpc.publicno failed: Error: Failed to estimate gas: server returned an error response: error code -32000: insufficient funds for transfer

[14:52:11] [HOUSE]   Send empty (attempt 3)
[14:52:12] [HOUSE]   UNDER FAILED
[14:53:14] [HOUSE] Seeding 0x73Bf1513d1...
[14:53:15] [HOUSE]   RPC https://base-mainnet.core failed: Error: Failed to estimate gas: server returned an error response: error code -32000: insufficient funds for transfer

[14:53:16] [HOUSE]   RPC https://base.drpc.org failed: Error: Failed to estimate gas: server returned an error response: error code -32003: insufficient funds for gas * price 
[14:53:18] [HOUSE]   RPC https://base-rpc.publicno failed: Error: Failed to estimate gas: server returned an error response: error code -32000: insufficient funds for transfer

[14:53:19] [HOUSE]   Send empty (attempt 1)
[14:53:21] [HOUSE]   RPC https://base-mainnet.core failed: Error: Failed to estimate gas: server returned an error response: error code -32000: insufficient funds for transfer

[14:53:22] [HOUSE]   RPC https://base.drpc.org failed: Error: Failed to estimate gas: server returned an error response: error code -32003: insufficient funds for gas * price 
[14:53:25] [HOUSE]   RPC https://base-rpc.publicno failed: Error: Failed to estimate gas: server returned an error response: error code -32000: insufficient funds for transfer

[14:53:26] [HOUSE]   Send empty (attempt 2)
[14:53:28] [HOUSE]   RPC https://base-mainnet.core failed: Error: Failed to estimate gas: server returned an error response: error code -32000: insufficient funds for transfer

[14:53:29] [HOUSE]   RPC https://base.drpc.org failed: Error: Failed to estimate gas: server returned an error response: error code -32003: insufficient funds for gas * price 
[14:53:30] [HOUSE]   RPC https://base-rpc.publicno failed: Error: Failed to estimate gas: server returned an error response: error code -32000: insufficient funds for transfer

[14:53:31] [HOUSE]   Send empty (attempt 3)
[14:53:32] [HOUSE]   UNDER FAILED
[14:54:34] [HOUSE] Skip 0x73Bf1513d1 — lockTime passed (12s ago)
[14:57:39] [HOUSE] Seeding 0x705eaA656a...
[14:57:40] [HOUSE]   RPC https://base-mainnet.core failed: Error: Failed to estimate gas: server returned an error response: error code -32000: insufficient funds for transfer

[14:57:41] [HOUSE]   RPC https://base.drpc.org failed: Error: Failed to estimate gas: server returned an error response: error code -32003: insufficient funds for gas * price 
[14:57:42] [HOUSE]   RPC https://base-rpc.publicno failed: Error: Failed to estimate gas: server returned an error response: error code -32000: insufficient funds for transfer

[14:57:43] [HOUSE]   Send empty (attempt 1)
[14:57:45] [HOUSE]   RPC https://base-mainnet.core failed: Error: Failed to estimate gas: server returned an error response: error code -32000: insufficient funds for transfer

[14:57:45] [HOUSE]   RPC https://base.drpc.org failed: Error: Failed to estimate gas: server returned an error response: error code -32003: insufficient funds for gas * price 
[14:57:47] [HOUSE]   RPC https://base-rpc.publicno failed: Error: Failed to estimate gas: server returned an error response: error code -32000: insufficient funds for transfer

[14:57:47] [HOUSE]   Market no longer OPEN (state=3)
[14:57:47] [HOUSE]   UNDER FAILED
[14:57:53] [HOUSE] Seeding 0xb7E7db05cD...
[14:57:54] [HOUSE]   RPC https://base-mainnet.core failed: Error: Failed to estimate gas: server returned an error response: error code -32000: insufficient funds for transfer

[14:57:55] [HOUSE]   RPC https://base.drpc.org failed: Error: Failed to estimate gas: server returned an error response: error code -32003: insufficient funds for gas * price 
[14:57:57] [HOUSE]   RPC https://base-rpc.publicno failed: Error: Failed to estimate gas: server returned an error response: error code -32000: insufficient funds for transfer

[14:57:57] [HOUSE]   Send empty (attempt 1)
[14:57:59] [HOUSE]   RPC https://base-mainnet.core failed: Error: Failed to estimate gas: server returned an error response: error code -32000: insufficient funds for transfer

[14:58:00] [HOUSE]   RPC https://base.drpc.org failed: Error: Failed to estimate gas: server returned an error response: error code -32003: insufficient funds for gas * price 
[14:58:02] [HOUSE]   RPC https://base-rpc.publicno failed: Error: Failed to estimate gas: server returned an error response: error code -32000: insufficient funds for transfer

[14:58:03] [HOUSE]   Send empty (attempt 2)
[14:58:05] [HOUSE]   RPC https://base-mainnet.core failed: Error: Failed to estimate gas: server returned an error response: error code -32000: insufficient funds for transfer

[14:58:06] [HOUSE]   RPC https://base.drpc.org failed: Error: Failed to estimate gas: server returned an error response: error code -32003: insufficient funds for gas * price 
[14:58:08] [HOUSE]   RPC https://base-rpc.publicno failed: Error: Failed to estimate gas: server returned an error response: error code -32000: insufficient funds for transfer

[14:58:09] [HOUSE]   Send empty (attempt 3)
[14:58:10] [HOUSE]   UNDER FAILED
[14:59:13] [HOUSE] Seeding 0xb7E7db05cD...
[14:59:14] [HOUSE]   RPC https://base-mainnet.core failed: Error: Failed to estimate gas: server returned an error response: error code -32000: insufficient funds for transfer

[14:59:14] [HOUSE]   RPC https://base.drpc.org failed: Error: Failed to estimate gas: server returned an error response: error code -32003: insufficient funds for gas * price 
[14:59:16] [HOUSE]   RPC https://base-rpc.publicno failed: Error: Failed to estimate gas: server returned an error response: error code -32000: insufficient funds for transfer

[14:59:17] [HOUSE]   Send empty (attempt 1)
[14:59:19] [HOUSE]   RPC https://base-mainnet.core failed: Error: Failed to estimate gas: server returned an error response: error code -32000: insufficient funds for transfer

[14:59:20] [HOUSE]   RPC https://base.drpc.org failed: Error: Failed to estimate gas: server returned an error response: error code -32003: insufficient funds for gas * price 
[14:59:23] [HOUSE]   RPC https://base-rpc.publicno failed: Error: Failed to estimate gas: server returned an error response: error code -32000: insufficient funds for transfer

[14:59:24] [HOUSE]   Send empty (attempt 2)
[14:59:26] [HOUSE]   RPC https://base-mainnet.core failed: Error: Failed to estimate gas: server returned an error response: error code -32000: insufficient funds for transfer

[14:59:27] [HOUSE]   RPC https://base.drpc.org failed: Error: Failed to estimate gas: server returned an error response: error code -32003: insufficient funds for gas * price 
[14:59:30] [HOUSE]   RPC https://base-rpc.publicno failed: Error: Failed to estimate gas: server returned an error response: error code -32000: insufficient funds for transfer

[14:59:31] [HOUSE]   Send empty (attempt 3)
[14:59:32] [HOUSE]   UNDER FAILED
[15:00:34] [HOUSE] Skip 0xb7E7db05cD — lockTime passed (13s ago)
[15:03:32] [HOUSE] Seeding 0x7e2521F237...
[15:03:33] [HOUSE]   RPC https://base-mainnet.core failed: Error: Failed to estimate gas: server returned an error response: error code -32000: insufficient funds for transfer

[15:03:34] [HOUSE]   RPC https://base.drpc.org failed: Error: Failed to estimate gas: server returned an error response: error code -32003: insufficient funds for gas * price 
[15:03:38] [HOUSE]   RPC https://base-rpc.publicno failed: Error: Failed to estimate gas: server returned an error response: error code -32000: insufficient funds for transfer

[15:03:38] [HOUSE]   Send empty (attempt 1)
[15:03:40] [HOUSE]   RPC https://base-mainnet.core failed: Error: Failed to estimate gas: server returned an error response: error code -32000: insufficient funds for transfer

[15:03:41] [HOUSE]   RPC https://base.drpc.org failed: Error: Failed to estimate gas: server returned an error response: error code -32003: insufficient funds for gas * price 
[15:03:43] [HOUSE]   RPC https://base-rpc.publicno failed: Error: Failed to estimate gas: server returned an error response: error code -32000: insufficient funds for transfer

[15:03:43] [HOUSE]   Send empty (attempt 2)
[15:03:45] [HOUSE]   RPC https://base-mainnet.core failed: Error: Failed to estimate gas: server returned an error response: error code -32000: insufficient funds for transfer

[15:03:46] [HOUSE]   RPC https://base.drpc.org failed: Error: Failed to estimate gas: server returned an error response: error code -32003: insufficient funds for gas * price 
[15:03:51] [HOUSE]   RPC https://base-rpc.publicno failed: Error: Failed to estimate gas: server returned an error response: error code -32000: insufficient funds for transfer

[15:03:52] [HOUSE]   Market no longer OPEN (state=3)
[15:03:52] [HOUSE]   UNDER FAILED
[15:03:55] [HOUSE] Seeding 0xB3e80c103e...
[15:03:56] [HOUSE]   RPC https://base-mainnet.core failed: Error: Failed to estimate gas: server returned an error response: error code -32000: insufficient funds for transfer

[15:03:57] [HOUSE]   RPC https://base.drpc.org failed: Error: Failed to estimate gas: server returned an error response: error code -32003: insufficient funds for gas * price 
[15:03:58] [HOUSE]   RPC https://base-rpc.publicno failed: Error: Failed to estimate gas: server returned an error response: error code -32000: insufficient funds for transfer

[15:03:59] [HOUSE]   Send empty (attempt 1)
[15:04:01] [HOUSE]   RPC https://base-mainnet.core failed: Error: Failed to estimate gas: server returned an error response: error code -32000: insufficient funds for transfer

[15:04:02] [HOUSE]   RPC https://base.drpc.org failed: Error: Failed to estimate gas: server returned an error response: error code -32003: insufficient funds for gas * price 
[15:04:03] [HOUSE]   RPC https://base-rpc.publicno failed: Error: Failed to estimate gas: server returned an error response: error code -32000: insufficient funds for transfer

[15:04:04] [HOUSE]   Send empty (attempt 2)
[15:04:06] [HOUSE]   RPC https://base-mainnet.core failed: Error: Failed to estimate gas: server returned an error response: error code -32000: insufficient funds for transfer

[15:04:07] [HOUSE]   RPC https://base.drpc.org failed: Error: Failed to estimate gas: server returned an error response: error code -32003: insufficient funds for gas * price 
[15:04:16] [HOUSE]   RPC https://base-rpc.publicno failed: Error: Failed to estimate gas: server returned an error response: error code -32000: insufficient funds for transfer

[15:04:16] [HOUSE]   Send empty (attempt 3)
[15:04:17] [HOUSE]   UNDER FAILED
[15:05:18] [HOUSE] Seeding 0xB3e80c103e...
[15:05:19] [HOUSE]   RPC https://base-mainnet.core failed: Error: Failed to estimate gas: server returned an error response: error code -32000: insufficient funds for transfer

[15:05:20] [HOUSE]   RPC https://base.drpc.org failed: Error: Failed to estimate gas: server returned an error response: error code -32003: insufficient funds for gas * price 
[15:05:22] [HOUSE]   RPC https://base-rpc.publicno failed: Error: Failed to estimate gas: server returned an error response: error code -32000: insufficient funds for transfer

[15:05:22] [HOUSE]   Send empty (attempt 1)
[15:05:25] [HOUSE]   RPC https://base-mainnet.core failed: Error: Failed to estimate gas: server returned an error response: error code -32000: insufficient funds for transfer

[15:05:25] [HOUSE]   RPC https://base.drpc.org failed: Error: Failed to estimate gas: server returned an error response: error code -32003: insufficient funds for gas * price 
[15:05:27] [HOUSE]   RPC https://base-rpc.publicno failed: Error: Failed to estimate gas: server returned an error response: error code -32000: insufficient funds for transfer

[15:05:27] [HOUSE]   Send empty (attempt 2)
[15:05:29] [HOUSE]   RPC https://base-mainnet.core failed: Error: Failed to estimate gas: server returned an error response: error code -32000: insufficient funds for transfer

[15:05:30] [HOUSE]   RPC https://base.drpc.org failed: Error: Failed to estimate gas: server returned an error response: error code -32003: insufficient funds for gas * price 
[15:05:33] [HOUSE]   RPC https://base-rpc.publicno failed: Error: Failed to estimate gas: server returned an error response: error code -32000: insufficient funds for transfer

[15:05:33] [HOUSE]   Send empty (attempt 3)
[15:05:34] [HOUSE]   UNDER FAILED
[15:06:35] [HOUSE] Skip 0xB3e80c103e — lockTime passed (15s ago)
[15:09:33] [HOUSE] Seeding 0xBA3067705E...
[15:09:34] [HOUSE]   RPC https://base-mainnet.core failed: Error: Failed to estimate gas: server returned an error response: error code -32000: insufficient funds for transfer

[15:09:35] [HOUSE]   RPC https://base.drpc.org failed: Error: Failed to estimate gas: server returned an error response: error code -32003: insufficient funds for gas * price 
[15:09:39] [HOUSE]   RPC https://base-rpc.publicno failed: Error: Failed to estimate gas: server returned an error response: error code -32000: insufficient funds for transfer

[15:09:39] [HOUSE]   Send empty (attempt 1)
[15:09:41] [HOUSE]   RPC https://base-mainnet.core failed: Error: Failed to estimate gas: server returned an error response: error code -32000: insufficient funds for transfer

[15:09:42] [HOUSE]   RPC https://base.drpc.org failed: Error: Failed to estimate gas: server returned an error response: error code -32003: insufficient funds for gas * price 
[15:09:45] [HOUSE]   RPC https://base-rpc.publicno failed: Error: Failed to estimate gas: server returned an error response: error code -32000: insufficient funds for transfer

[15:09:45] [HOUSE]   Market no longer OPEN (state=3)
[15:09:45] [HOUSE]   UNDER FAILED
[15:09:52] [HOUSE] Seeding 0x3FC0087046...
[15:09:53] [HOUSE]   RPC https://base-mainnet.core failed: Error: Failed to estimate gas: server returned an error response: error code -32000: insufficient funds for transfer

[15:09:54] [HOUSE]   RPC https://base.drpc.org failed: Error: Failed to estimate gas: server returned an error response: error code -32003: insufficient funds for gas * price 
[15:09:55] [HOUSE]   RPC https://base-rpc.publicno failed: Error: Failed to estimate gas: server returned an error response: error code -32000: insufficient funds for transfer

[15:09:56] [HOUSE]   Send empty (attempt 1)
[15:09:58] [HOUSE]   RPC https://base-mainnet.core failed: Error: Failed to estimate gas: server returned an error response: error code -32000: insufficient funds for transfer

[15:09:58] [HOUSE]   RPC https://base.drpc.org failed: Error: Failed to estimate gas: server returned an error response: error code -32003: insufficient funds for gas * price 
[15:10:00] [HOUSE]   RPC https://base-rpc.publicno failed: Error: Failed to estimate gas: server returned an error response: error code -32000: insufficient funds for transfer

[15:10:01] [HOUSE]   Send empty (attempt 2)
[15:10:03] [HOUSE]   RPC https://base-mainnet.core failed: Error: Failed to estimate gas: server returned an error response: error code -32000: insufficient funds for transfer

[15:10:03] [HOUSE]   RPC https://base.drpc.org failed: Error: Failed to estimate gas: server returned an error response: error code -32003: insufficient funds for gas * price 
[15:10:05] [HOUSE]   RPC https://base-rpc.publicno failed: Error: Failed to estimate gas: server returned an error response: error code -32000: insufficient funds for transfer

[15:10:06] [HOUSE]   Send empty (attempt 3)
[15:10:07] [HOUSE]   UNDER FAILED
[15:11:09] [HOUSE] Seeding 0x3FC0087046...
[15:11:10] [HOUSE]   RPC https://base-mainnet.core failed: Error: Failed to estimate gas: server returned an error response: error code -32000: insufficient funds for transfer

[15:11:11] [HOUSE]   RPC https://base.drpc.org failed: Error: Failed to estimate gas: server returned an error response: error code -32003: insufficient funds for gas * price 
[15:11:13] [HOUSE]   RPC https://base-rpc.publicno failed: Error: Failed to estimate gas: server returned an error response: error code -32000: insufficient funds for transfer

[15:11:14] [HOUSE]   Send empty (attempt 1)
[15:11:16] [HOUSE]   RPC https://base-mainnet.core failed: Error: Failed to estimate gas: server returned an error response: error code -32000: insufficient funds for transfer

[15:11:17] [HOUSE]   RPC https://base.drpc.org failed: Error: Failed to estimate gas: server returned an error response: error code -32003: insufficient funds for gas * price 
[15:11:19] [HOUSE]   RPC https://base-rpc.publicno failed: Error: Failed to estimate gas: server returned an error response: error code -32000: insufficient funds for transfer

[15:11:20] [HOUSE]   Send empty (attempt 2)
[15:11:22] [HOUSE]   RPC https://base-mainnet.core failed: Error: Failed to estimate gas: server returned an error response: error code -32000: insufficient funds for transfer

[15:11:23] [HOUSE]   RPC https://base.drpc.org failed: Error: Failed to estimate gas: server returned an error response: error code -32003: insufficient funds for gas * price 
[15:11:24] [HOUSE]   RPC https://base-rpc.publicno failed: Error: Failed to estimate gas: server returned an error response: error code -32000: insufficient funds for transfer

[15:11:25] [HOUSE]   Send empty (attempt 3)
[15:11:26] [HOUSE]   UNDER FAILED
[15:12:28] [HOUSE] Skip 0x3FC0087046 — lockTime passed (10s ago)
[15:15:29] [HOUSE] Seeding 0xb914818D32...
[15:15:30] [HOUSE]   RPC https://base-mainnet.core failed: Error: Failed to estimate gas: server returned an error response: error code -32000: insufficient funds for transfer

[15:15:31] [HOUSE]   RPC https://base.drpc.org failed: Error: Failed to estimate gas: server returned an error response: error code -32003: insufficient funds for gas * price 
[15:15:33] [HOUSE]   RPC https://base-rpc.publicno failed: Error: Failed to estimate gas: server returned an error response: error code -32000: insufficient funds for transfer

[15:15:34] [HOUSE]   Send empty (attempt 1)
[15:15:36] [HOUSE]   RPC https://base-mainnet.core failed: Error: Failed to estimate gas: server returned an error response: error code -32000: insufficient funds for transfer

[15:15:37] [HOUSE]   RPC https://base.drpc.org failed: Error: Failed to estimate gas: server returned an error response: error code -32003: insufficient funds for gas * price 
[15:15:41] [HOUSE]   RPC https://base-rpc.publicno failed: Error: Failed to estimate gas: server returned an error response: error code -32000: insufficient funds for transfer

[15:15:41] [HOUSE]   Market no longer OPEN (state=3)
[15:15:41] [HOUSE]   UNDER FAILED
[15:15:48] [HOUSE] Seeding 0x5637425f0f...
[15:15:49] [HOUSE]   RPC https://base-mainnet.core failed: Error: Failed to estimate gas: server returned an error response: error code -32000: insufficient funds for transfer

[15:15:50] [HOUSE]   RPC https://base.drpc.org failed: Error: Failed to estimate gas: server returned an error response: error code -32003: insufficient funds for gas * price 
[15:15:55] [HOUSE]   RPC https://base-rpc.publicno failed: Error: Failed to estimate gas: server returned an error response: error code -32000: insufficient funds for transfer

[15:15:56] [HOUSE]   Send empty (attempt 1)
[15:15:58] [HOUSE]   RPC https://base-mainnet.core failed: Error: Failed to estimate gas: server returned an error response: error code -32000: insufficient funds for transfer

[15:15:59] [HOUSE]   RPC https://base.drpc.org failed: Error: Failed to estimate gas: server returned an error response: error code -32003: insufficient funds for gas * price 
[15:16:00] [HOUSE]   RPC https://base-rpc.publicno failed: Error: Failed to estimate gas: server returned an error response: error code -32000: insufficient funds for transfer

[15:16:01] [HOUSE]   Send empty (attempt 2)
[15:16:03] [HOUSE]   RPC https://base-mainnet.core failed: Error: Failed to estimate gas: server returned an error response: error code -32000: insufficient funds for transfer

[15:16:04] [HOUSE]   RPC https://base.drpc.org failed: Error: Failed to estimate gas: server returned an error response: error code -32003: insufficient funds for gas * price 
[15:16:05] [HOUSE]   RPC https://base-rpc.publicno failed: Error: Failed to estimate gas: server returned an error response: error code -32000: insufficient funds for transfer

[15:16:06] [HOUSE]   Send empty (attempt 3)
[15:16:07] [HOUSE]   UNDER FAILED
[15:17:10] [HOUSE] Seeding 0x5637425f0f...
[15:17:11] [HOUSE]   RPC https://base-mainnet.core failed: Error: Failed to estimate gas: server returned an error response: error code -32000: insufficient funds for transfer

[15:17:12] [HOUSE]   RPC https://base.drpc.org failed: Error: Failed to estimate gas: server returned an error response: error code -32003: insufficient funds for gas * price 
[15:17:13] [HOUSE]   RPC https://base-rpc.publicno failed: Error: Failed to estimate gas: server returned an error response: error code -32000: insufficient funds for transfer

[15:17:14] [HOUSE]   Send empty (attempt 1)
[15:17:16] [HOUSE]   RPC https://base-mainnet.core failed: Error: Failed to estimate gas: server returned an error response: error code -32000: insufficient funds for transfer

[15:17:17] [HOUSE]   RPC https://base.drpc.org failed: Error: Failed to estimate gas: server returned an error response: error code -32003: insufficient funds for gas * price 
[15:17:21] [HOUSE]   RPC https://base-rpc.publicno failed: Error: Failed to estimate gas: server returned an error response: error code -32000: insufficient funds for transfer

[15:17:22] [HOUSE]   Send empty (attempt 2)
[15:17:24] [HOUSE]   RPC https://base-mainnet.core failed: Error: Failed to estimate gas: server returned an error response: error code -32000: insufficient funds for transfer

[15:17:25] [HOUSE]   RPC https://base.drpc.org failed: Error: Failed to estimate gas: server returned an error response: error code -32003: insufficient funds for gas * price 
[15:17:26] [HOUSE]   RPC https://base-rpc.publicno failed: Error: Failed to estimate gas: server returned an error response: error code -32000: insufficient funds for transfer

[15:17:27] [HOUSE]   Send empty (attempt 3)
[15:17:28] [HOUSE]   UNDER FAILED
[15:18:31] [HOUSE] Skip 0x5637425f0f — lockTime passed (16s ago)
[15:21:26] [HOUSE] Seeding 0x1604df542E...
[15:21:27] [HOUSE]   RPC https://base-mainnet.core failed: Error: Failed to estimate gas: server returned an error response: error code -32000: insufficient funds for transfer

[15:21:28] [HOUSE]   RPC https://base.drpc.org failed: Error: Failed to estimate gas: server returned an error response: error code -32003: insufficient funds for gas * price 
[15:21:29] [HOUSE]   RPC https://base-rpc.publicno failed: Error: Failed to estimate gas: server returned an error response: error code -32000: insufficient funds for transfer

[15:21:30] [HOUSE]   Send empty (attempt 1)
[15:21:32] [HOUSE]   RPC https://base-mainnet.core failed: Error: Failed to estimate gas: server returned an error response: error code -32000: insufficient funds for transfer

[15:21:33] [HOUSE]   RPC https://base.drpc.org failed: Error: Failed to estimate gas: server returned an error response: error code -32003: insufficient funds for gas * price 
[15:21:34] [HOUSE]   RPC https://base-rpc.publicno failed: Error: Failed to estimate gas: server returned an error response: error code -32000: insufficient funds for transfer

[15:21:35] [HOUSE]   Send empty (attempt 2)
[15:21:37] [HOUSE]   RPC https://base-mainnet.core failed: Error: Failed to estimate gas: server returned an error response: error code -32000: insufficient funds for transfer

[15:21:38] [HOUSE]   RPC https://base.drpc.org failed: Error: Failed to estimate gas: server returned an error response: error code -32003: insufficient funds for gas * price 
[15:21:41] [HOUSE]   RPC https://base-rpc.publicno failed: Error: Failed to estimate gas: server returned an error response: error code -32000: insufficient funds for transfer

[15:21:42] [HOUSE]   Market no longer OPEN (state=3)
[15:21:42] [HOUSE]   UNDER FAILED
[15:21:45] [HOUSE] Seeding 0x51cDF1721e...
[15:21:46] [HOUSE]   RPC https://base-mainnet.core failed: Error: Failed to estimate gas: server returned an error response: error code -32000: insufficient funds for transfer

[15:21:47] [HOUSE]   RPC https://base.drpc.org failed: Error: Failed to estimate gas: server returned an error response: error code -32003: insufficient funds for gas * price 
[15:21:48] [HOUSE]   RPC https://base-rpc.publicno failed: Error: Failed to estimate gas: server returned an error response: error code -32000: insufficient funds for transfer

[15:21:49] [HOUSE]   Send empty (attempt 1)
[15:21:51] [HOUSE]   RPC https://base-mainnet.core failed: Error: Failed to estimate gas: server returned an error response: error code -32000: insufficient funds for transfer

[15:21:52] [HOUSE]   RPC https://base.drpc.org failed: Error: Failed to estimate gas: server returned an error response: error code -32003: insufficient funds for gas * price 
[15:21:55] [HOUSE]   RPC https://base-rpc.publicno failed: Error: Failed to estimate gas: server returned an error response: error code -32000: insufficient funds for transfer

[15:21:56] [HOUSE]   Send empty (attempt 2)
[15:21:58] [HOUSE]   RPC https://base-mainnet.core failed: Error: Failed to estimate gas: server returned an error response: error code -32000: insufficient funds for transfer

[15:21:58] [HOUSE]   RPC https://base.drpc.org failed: Error: Failed to estimate gas: server returned an error response: error code -32003: insufficient funds for gas * price 
[15:22:00] [HOUSE]   RPC https://base-rpc.publicno failed: Error: Failed to estimate gas: server returned an error response: error code -32000: insufficient funds for transfer

[15:22:01] [HOUSE]   Send empty (attempt 3)
[15:22:02] [HOUSE]   UNDER FAILED
[15:23:03] [HOUSE] Seeding 0x51cDF1721e...
[15:23:04] [HOUSE]   RPC https://base-mainnet.core failed: Error: Failed to estimate gas: server returned an error response: error code -32000: insufficient funds for transfer

[15:23:05] [HOUSE]   RPC https://base.drpc.org failed: Error: Failed to estimate gas: server returned an error response: error code -32003: insufficient funds for gas * price 
[15:23:06] [HOUSE]   RPC https://base-rpc.publicno failed: Error: Failed to estimate gas: server returned an error response: error code -32000: insufficient funds for transfer

[15:23:07] [HOUSE]   Send empty (attempt 1)
[15:23:09] [HOUSE]   RPC https://base-mainnet.core failed: Error: Failed to estimate gas: server returned an error response: error code -32000: insufficient funds for transfer

[15:23:10] [HOUSE]   RPC https://base.drpc.org failed: Error: Failed to estimate gas: server returned an error response: error code -32003: insufficient funds for gas * price 
[15:23:12] [HOUSE]   RPC https://base-rpc.publicno failed: Error: Failed to estimate gas: server returned an error response: error code -32000: insufficient funds for transfer

[15:23:12] [HOUSE]   Send empty (attempt 2)
[15:23:14] [HOUSE]   RPC https://base-mainnet.core failed: Error: Failed to estimate gas: server returned an error response: error code -32000: insufficient funds for transfer

[15:23:15] [HOUSE]   RPC https://base.drpc.org failed: Error: Failed to estimate gas: server returned an error response: error code -32003: insufficient funds for gas * price 
[15:23:19] [HOUSE]   RPC https://base-rpc.publicno failed: Error: Failed to estimate gas: server returned an error response: error code -32000: insufficient funds for transfer

[15:23:19] [HOUSE]   Send empty (attempt 3)
[15:23:20] [HOUSE]   UNDER FAILED
[15:24:21] [HOUSE] Skip 0x51cDF1721e — lockTime passed (11s ago)
[15:27:23] [HOUSE] Seeding 0x50B0bFC5a6...
[15:27:24] [HOUSE]   RPC https://base-mainnet.core failed: Error: Failed to estimate gas: server returned an error response: error code -32000: insufficient funds for transfer

[15:27:25] [HOUSE]   RPC https://base.drpc.org failed: Error: Failed to estimate gas: server returned an error response: error code -32003: insufficient funds for gas * price 
[15:27:28] [HOUSE]   RPC https://base-rpc.publicno failed: Error: Failed to estimate gas: server returned an error response: error code -32000: insufficient funds for transfer

[15:27:28] [HOUSE]   Send empty (attempt 1)
[15:27:31] [HOUSE]   RPC https://base-mainnet.core failed: Error: Failed to estimate gas: server returned an error response: error code -32000: insufficient funds for transfer

[15:27:32] [HOUSE]   RPC https://base.drpc.org failed: Error: Failed to estimate gas: server returned an error response: error code -32003: insufficient funds for gas * price 
[15:27:33] [HOUSE]   RPC https://base-rpc.publicno failed: Error: Failed to estimate gas: server returned an error response: error code -32000: insufficient funds for transfer

[15:27:34] [HOUSE]   Send empty (attempt 2)
[15:27:36] [HOUSE]   RPC https://base-mainnet.core failed: Error: Failed to estimate gas: server returned an error response: error code -32000: insufficient funds for transfer

[15:27:37] [HOUSE]   RPC https://base.drpc.org failed: Error: Failed to estimate gas: server returned an error response: error code -32003: insufficient funds for gas * price 
[15:27:38] [HOUSE]   RPC https://base-rpc.publicno failed: Error: Failed to estimate gas: server returned an error response: error code -32000: insufficient funds for transfer

[15:27:39] [HOUSE]   Market no longer OPEN (state=3)
[15:27:39] [HOUSE]   UNDER FAILED
[15:27:42] [HOUSE] Seeding 0x61556c7e07...
[15:27:43] [HOUSE]   RPC https://base-mainnet.core failed: Error: Failed to estimate gas: server returned an error response: error code -32000: insufficient funds for transfer

[15:27:43] [HOUSE]   RPC https://base.drpc.org failed: Error: Failed to estimate gas: server returned an error response: error code -32003: insufficient funds for gas * price 
[15:27:46] [HOUSE]   RPC https://base-rpc.publicno failed: Error: Failed to estimate gas: server returned an error response: error code -32000: insufficient funds for transfer

[15:27:47] [HOUSE]   Send empty (attempt 1)
[15:27:49] [HOUSE]   RPC https://base-mainnet.core failed: Error: Failed to estimate gas: server returned an error response: error code -32000: insufficient funds for transfer

[15:27:50] [HOUSE]   RPC https://base.drpc.org failed: Error: Failed to estimate gas: server returned an error response: error code -32003: insufficient funds for gas * price 
[15:27:54] [HOUSE]   RPC https://base-rpc.publicno failed: Error: Failed to estimate gas: server returned an error response: error code -32000: insufficient funds for transfer

[15:27:55] [HOUSE]   Send empty (attempt 2)
[15:27:57] [HOUSE]   RPC https://base-mainnet.core failed: Error: Failed to estimate gas: server returned an error response: error code -32000: insufficient funds for transfer

[15:27:57] [HOUSE]   RPC https://base.drpc.org failed: Error: Failed to estimate gas: server returned an error response: error code -32003: insufficient funds for gas * price 
[15:27:59] [HOUSE]   RPC https://base-rpc.publicno failed: Error: Failed to estimate gas: server returned an error response: error code -32000: insufficient funds for transfer

[15:28:00] [HOUSE]   Send empty (attempt 3)
[15:28:01] [HOUSE]   UNDER FAILED
[15:29:02] [HOUSE] Seeding 0x61556c7e07...
[15:29:03] [HOUSE]   RPC https://base-mainnet.core failed: Error: Failed to estimate gas: server returned an error response: error code -32000: insufficient funds for transfer

[15:29:04] [HOUSE]   RPC https://base.drpc.org failed: Error: Failed to estimate gas: server returned an error response: error code -32003: insufficient funds for gas * price 
[15:29:07] [HOUSE]   RPC https://base-rpc.publicno failed: Error: Failed to estimate gas: server returned an error response: error code -32000: insufficient funds for transfer

[15:29:08] [HOUSE]   Send empty (attempt 1)
[15:29:10] [HOUSE]   RPC https://base-mainnet.core failed: Error: Failed to estimate gas: server returned an error response: error code -32000: insufficient funds for transfer

[15:29:11] [HOUSE]   RPC https://base.drpc.org failed: Error: Failed to estimate gas: server returned an error response: error code -32003: insufficient funds for gas * price 
[15:29:13] [HOUSE]   RPC https://base-rpc.publicno failed: Error: Failed to estimate gas: server returned an error response: error code -32000: insufficient funds for transfer

[15:29:14] [HOUSE]   Send empty (attempt 2)
[15:29:16] [HOUSE]   RPC https://base-mainnet.core failed: Error: Failed to estimate gas: server returned an error response: error code -32000: insufficient funds for transfer

[15:29:17] [HOUSE]   RPC https://base.drpc.org failed: Error: Failed to estimate gas: server returned an error response: error code -32003: insufficient funds for gas * price 
[15:29:18] [HOUSE]   RPC https://base-rpc.publicno failed: Error: Failed to estimate gas: server returned an error response: error code -32000: insufficient funds for transfer

[15:29:19] [HOUSE]   Send empty (attempt 3)
[15:29:20] [HOUSE]   UNDER FAILED
[15:30:22] [HOUSE] Skip 0x61556c7e07 — lockTime passed (12s ago)
[15:33:16] [HOUSE] Seeding 0x038B66589b...
[15:33:17] [HOUSE]   RPC https://base-mainnet.core failed: Error: Failed to estimate gas: server returned an error response: error code -32000: insufficient funds for transfer

[15:33:18] [HOUSE]   RPC https://base.drpc.org failed: Error: Failed to estimate gas: server returned an error response: error code -32003: insufficient funds for gas * price 
[15:33:20] [HOUSE]   RPC https://base-rpc.publicno failed: Error: Failed to estimate gas: server returned an error response: error code -32000: insufficient funds for transfer

[15:33:20] [HOUSE]   Send empty (attempt 1)
[15:33:22] [HOUSE]   RPC https://base-mainnet.core failed: Error: Failed to estimate gas: server returned an error response: error code -32000: insufficient funds for transfer

[15:33:23] [HOUSE]   RPC https://base.drpc.org failed: Error: Failed to estimate gas: server returned an error response: error code -32003: insufficient funds for gas * price 
[15:33:25] [HOUSE]   RPC https://base-rpc.publicno failed: Error: Failed to estimate gas: server returned an error response: error code -32000: insufficient funds for transfer

[15:33:26] [HOUSE]   Send empty (attempt 2)
[15:33:28] [HOUSE]   RPC https://base-mainnet.core failed: Error: Failed to estimate gas: server returned an error response: error code -32000: insufficient funds for transfer

[15:33:29] [HOUSE]   RPC https://base.drpc.org failed: Error: Failed to estimate gas: server returned an error response: error code -32003: insufficient funds for gas * price 
[15:33:31] [HOUSE]   RPC https://base-rpc.publicno failed: Error: Failed to estimate gas: server returned an error response: error code -32000: insufficient funds for transfer

[15:33:31] [HOUSE]   Send empty (attempt 3)
[15:33:32] [HOUSE]   UNDER FAILED
[15:33:39] [HOUSE] Seeding 0xBbED61388b...
[15:33:40] [HOUSE]   RPC https://base-mainnet.core failed: Error: Failed to estimate gas: server returned an error response: error code -32000: insufficient funds for transfer

[15:33:41] [HOUSE]   RPC https://base.drpc.org failed: Error: Failed to estimate gas: server returned an error response: error code -32003: insufficient funds for gas * price 
[15:33:46] [HOUSE]   RPC https://base-rpc.publicno failed: Error: Failed to estimate gas: server returned an error response: error code -32000: insufficient funds for transfer

[15:33:47] [HOUSE]   Send empty (attempt 1)
[15:33:49] [HOUSE]   RPC https://base-mainnet.core failed: Error: Failed to estimate gas: server returned an error response: error code -32000: insufficient funds for transfer

[15:33:50] [HOUSE]   RPC https://base.drpc.org failed: Error: Failed to estimate gas: server returned an error response: error code -32003: insufficient funds for gas * price 
[15:33:52] [HOUSE]   RPC https://base-rpc.publicno failed: Error: Failed to estimate gas: server returned an error response: error code -32000: insufficient funds for transfer

[15:33:53] [HOUSE]   Send empty (attempt 2)
[15:33:55] [HOUSE]   RPC https://base-mainnet.core failed: Error: Failed to estimate gas: server returned an error response: error code -32000: insufficient funds for transfer

[15:33:56] [HOUSE]   RPC https://base.drpc.org failed: Error: Failed to estimate gas: server returned an error response: error code -32003: insufficient funds for gas * price 
[15:33:57] [HOUSE]   RPC https://base-rpc.publicno failed: Error: Failed to estimate gas: server returned an error response: error code -32000: insufficient funds for transfer

[15:33:57] [HOUSE]   Send empty (attempt 3)
[15:33:58] [HOUSE]   UNDER FAILED
[15:35:00] [HOUSE] Seeding 0xBbED61388b...
[15:35:01] [HOUSE]   RPC https://base-mainnet.core failed: Error: Failed to estimate gas: server returned an error response: error code -32000: insufficient funds for transfer

[15:35:02] [HOUSE]   RPC https://base.drpc.org failed: Error: Failed to estimate gas: server returned an error response: error code -32003: insufficient funds for gas * price 
[15:35:04] [HOUSE]   RPC https://base-rpc.publicno failed: Error: Failed to estimate gas: server returned an error response: error code -32000: insufficient funds for transfer

[15:35:05] [HOUSE]   Send empty (attempt 1)
[15:35:07] [HOUSE]   RPC https://base-mainnet.core failed: Error: Failed to estimate gas: server returned an error response: error code -32000: insufficient funds for transfer

[15:35:08] [HOUSE]   RPC https://base.drpc.org failed: Error: Failed to estimate gas: server returned an error response: error code -32003: insufficient funds for gas * price 
[15:35:12] [HOUSE]   RPC https://base-rpc.publicno failed: Error: Failed to estimate gas: server returned an error response: error code -32000: insufficient funds for transfer

[15:35:13] [HOUSE]   Send empty (attempt 2)
[15:35:15] [HOUSE]   RPC https://base-mainnet.core failed: Error: Failed to estimate gas: server returned an error response: error code -32000: insufficient funds for transfer

[15:35:16] [HOUSE]   RPC https://base.drpc.org failed: Error: Failed to estimate gas: server returned an error response: error code -32003: insufficient funds for gas * price 
[15:35:17] [HOUSE]   RPC https://base-rpc.publicno failed: Error: Failed to estimate gas: server returned an error response: error code -32000: insufficient funds for transfer

[15:35:17] [HOUSE]   Send empty (attempt 3)
[15:35:18] [HOUSE]   UNDER FAILED
[15:36:21] [HOUSE] Skip 0xBbED61388b — lockTime passed (14s ago)
[15:39:12] [HOUSE] Seeding 0xD7C69AE102...
[15:39:13] [HOUSE]   RPC https://base-mainnet.core failed: Error: Failed to estimate gas: server returned an error response: error code -32000: insufficient funds for transfer

[15:39:14] [HOUSE]   RPC https://base.drpc.org failed: Error: Failed to estimate gas: server returned an error response: error code -32003: insufficient funds for gas * price 
[15:39:19] [HOUSE]   RPC https://base-rpc.publicno failed: Error: Failed to estimate gas: server returned an error response: error code -32000: insufficient funds for transfer

[15:39:20] [HOUSE]   Send empty (attempt 1)
[15:39:22] [HOUSE]   RPC https://base-mainnet.core failed: Error: Failed to estimate gas: server returned an error response: error code -32000: insufficient funds for transfer

[15:39:23] [HOUSE]   RPC https://base.drpc.org failed: Error: Failed to estimate gas: server returned an error response: error code -32003: insufficient funds for gas * price 
[15:39:24] [HOUSE]   RPC https://base-rpc.publicno failed: Error: Failed to estimate gas: server returned an error response: error code -32000: insufficient funds for transfer

[15:39:25] [HOUSE]   Send empty (attempt 2)
[15:39:27] [HOUSE]   RPC https://base-mainnet.core failed: Error: Failed to estimate gas: server returned an error response: error code -32000: insufficient funds for transfer

[15:39:28] [HOUSE]   RPC https://base.drpc.org failed: Error: Failed to estimate gas: server returned an error response: error code -32003: insufficient funds for gas * price 
[15:39:30] [HOUSE]   RPC https://base-rpc.publicno failed: Error: Failed to estimate gas: server returned an error response: error code -32000: insufficient funds for transfer

[15:39:31] [HOUSE]   Market no longer OPEN (state=3)
[15:39:31] [HOUSE]   UNDER FAILED
[15:39:34] [HOUSE] Seeding 0x9a1e95aa1C...
[15:39:35] [HOUSE]   RPC https://base-mainnet.core failed: Error: Failed to estimate gas: server returned an error response: error code -32000: insufficient funds for transfer

[15:39:36] [HOUSE]   RPC https://base.drpc.org failed: Error: Failed to estimate gas: server returned an error response: error code -32003: insufficient funds for gas * price 
[15:39:41] [HOUSE]   RPC https://base-rpc.publicno failed: Error: Failed to estimate gas: server returned an error response: error code -32000: insufficient funds for transfer

[15:39:42] [HOUSE]   Send empty (attempt 1)
[15:39:44] [HOUSE]   RPC https://base-mainnet.core failed: Error: Failed to estimate gas: server returned an error response: error code -32000: insufficient funds for transfer

[15:39:45] [HOUSE]   RPC https://base.drpc.org failed: Error: Failed to estimate gas: server returned an error response: error code -32003: insufficient funds for gas * price 
[15:39:47] [HOUSE]   RPC https://base-rpc.publicno failed: Error: Failed to estimate gas: server returned an error response: error code -32000: insufficient funds for transfer

[15:39:47] [HOUSE]   Send empty (attempt 2)
[15:39:49] [HOUSE]   RPC https://base-mainnet.core failed: Error: Failed to estimate gas: server returned an error response: error code -32000: insufficient funds for transfer

[15:39:50] [HOUSE]   RPC https://base.drpc.org failed: Error: Failed to estimate gas: server returned an error response: error code -32003: insufficient funds for gas * price 
[15:39:51] [HOUSE]   RPC https://base-rpc.publicno failed: Error: Failed to estimate gas: server returned an error response: error code -32000: insufficient funds for transfer

[15:39:52] [HOUSE]   Send empty (attempt 3)
[15:39:53] [HOUSE]   UNDER FAILED
[15:40:54] [HOUSE] Seeding 0x9a1e95aa1C...
[15:40:55] [HOUSE]   RPC https://base-mainnet.core failed: Error: Failed to estimate gas: server returned an error response: error code -32000: insufficient funds for transfer

[15:40:57] [HOUSE]   RPC https://base.drpc.org failed: Error: HTTP error 500 with body: {"id":1,"jsonrpc":"2.0","error":{"message":"Temporary internal error. Please retry, tra
[15:40:58] [HOUSE]   RPC https://base-rpc.publicno failed: Error: Failed to estimate gas: server returned an error response: error code -32000: insufficient funds for transfer

[15:40:59] [HOUSE]   Send empty (attempt 1)
[15:41:01] [HOUSE]   RPC https://base-mainnet.core failed: Error: Failed to estimate gas: server returned an error response: error code -32000: insufficient funds for transfer

[15:41:02] [HOUSE]   RPC https://base.drpc.org failed: Error: Failed to estimate gas: server returned an error response: error code -32003: insufficient funds for gas * price 
[15:41:04] [HOUSE]   RPC https://base-rpc.publicno failed: Error: Failed to estimate gas: server returned an error response: error code -32000: insufficient funds for transfer

[15:41:04] [HOUSE]   Send empty (attempt 2)
[15:41:07] [HOUSE]   RPC https://base-mainnet.core failed: Error: Failed to estimate gas: server returned an error response: error code -32000: insufficient funds for transfer

[15:41:08] [HOUSE]   RPC https://base.drpc.org failed: Error: HTTP error 500 with body: {"id":2,"jsonrpc":"2.0","error":{"message":"Temporary internal error. Please retry, tra
[15:41:10] [HOUSE]   RPC https://base-rpc.publicno failed: Error: Failed to estimate gas: server returned an error response: error code -32000: insufficient funds for transfer

[15:41:11] [HOUSE]   Send empty (attempt 3)
[15:41:12] [HOUSE]   UNDER FAILED
[15:42:13] [HOUSE] Skip 0x9a1e95aa1C — lockTime passed (11s ago)
[15:45:12] [HOUSE] Seeding 0x626Dce719c...
[15:45:13] [HOUSE]   RPC https://base-mainnet.core failed: Error: Failed to estimate gas: server returned an error response: error code -32000: insufficient funds for transfer

[15:45:14] [HOUSE]   RPC https://base.drpc.org failed: Error: Failed to estimate gas: server returned an error response: error code -32003: insufficient funds for gas * price 
[15:45:17] [HOUSE]   RPC https://base-rpc.publicno failed: Error: Failed to estimate gas: server returned an error response: error code -32000: insufficient funds for transfer

[15:45:18] [HOUSE]   Send empty (attempt 1)
[15:45:20] [HOUSE]   RPC https://base-mainnet.core failed: Error: Failed to estimate gas: server returned an error response: error code -32000: insufficient funds for transfer

[15:45:21] [HOUSE]   RPC https://base.drpc.org failed: Error: Failed to estimate gas: server returned an error response: error code -32003: insufficient funds for gas * price 
[15:45:23] [HOUSE]   RPC https://base-rpc.publicno failed: Error: Failed to estimate gas: server returned an error response: error code -32000: insufficient funds for transfer

[15:45:24] [HOUSE]   Send empty (attempt 2)
[15:45:26] [HOUSE]   RPC https://base-mainnet.core failed: Error: Failed to estimate gas: server returned an error response: error code -32000: insufficient funds for transfer

[15:45:27] [HOUSE]   RPC https://base.drpc.org failed: Error: Failed to estimate gas: server returned an error response: error code -32003: insufficient funds for gas * price 
[15:45:28] [HOUSE]   RPC https://base-rpc.publicno failed: Error: Failed to estimate gas: server returned an error response: error code -32000: insufficient funds for transfer

[15:45:29] [HOUSE]   Market no longer OPEN (state=3)
[15:45:29] [HOUSE]   UNDER FAILED
[15:45:34] [HOUSE] Seeding 0x29371C2169...
[15:45:36] [HOUSE]   RPC https://base-mainnet.core failed: Error: Failed to estimate gas: server returned an error response: error code -32000: insufficient funds for transfer

[15:45:37] [HOUSE]   RPC https://base.drpc.org failed: Error: Failed to estimate gas: server returned an error response: error code -32003: insufficient funds for gas * price 
[15:45:38] [HOUSE]   RPC https://base-rpc.publicno failed: Error: Failed to estimate gas: server returned an error response: error code -32000: insufficient funds for transfer

[15:45:38] [HOUSE]   Send empty (attempt 1)
[15:45:40] [HOUSE]   RPC https://base-mainnet.core failed: Error: Failed to estimate gas: server returned an error response: error code -32000: insufficient funds for transfer

[15:45:41] [HOUSE]   RPC https://base.drpc.org failed: Error: Failed to estimate gas: server returned an error response: error code -32003: insufficient funds for gas * price 
[15:45:42] [HOUSE]   RPC https://base-rpc.publicno failed: Error: Failed to estimate gas: server returned an error response: error code -32000: insufficient funds for transfer

[15:45:43] [HOUSE]   Send empty (attempt 2)
[15:45:45] [HOUSE]   RPC https://base-mainnet.core failed: Error: Failed to estimate gas: server returned an error response: error code -32000: insufficient funds for transfer

[15:45:46] [HOUSE]   RPC https://base.drpc.org failed: Error: Failed to estimate gas: server returned an error response: error code -32003: insufficient funds for gas * price 
[15:45:46] [HOUSE]   RPC https://base-rpc.publicno failed: Error: Failed to estimate gas: server returned an error response: error code -32000: insufficient funds for transfer

[15:45:47] [HOUSE]   Send empty (attempt 3)
[15:45:48] [HOUSE]   UNDER FAILED
[15:46:51] [HOUSE] Seeding 0x29371C2169...
[15:46:52] [HOUSE]   RPC https://base-mainnet.core failed: Error: Failed to estimate gas: server returned an error response: error code -32000: insufficient funds for transfer

[15:46:54] [HOUSE]   RPC https://base.drpc.org failed: Error: Failed to estimate gas: server returned an error response: error code -32003: insufficient funds for gas * price 
[15:46:55] [HOUSE]   RPC https://base-rpc.publicno failed: Error: Failed to estimate gas: server returned an error response: error code -32000: insufficient funds for transfer

[15:46:55] [HOUSE]   Send empty (attempt 1)
[15:46:58] [HOUSE]   RPC https://base-mainnet.core failed: Error: Failed to estimate gas: server returned an error response: error code -32000: insufficient funds for transfer

[15:46:58] [HOUSE]   RPC https://base.drpc.org failed: Error: Failed to estimate gas: server returned an error response: error code -32003: insufficient funds for gas * price 
[15:46:59] [HOUSE]   RPC https://base-rpc.publicno failed: Error: Failed to estimate gas: server returned an error response: error code -32000: insufficient funds for transfer

[15:47:00] [HOUSE]   Send empty (attempt 2)
[15:47:02] [HOUSE]   RPC https://base-mainnet.core failed: Error: Failed to estimate gas: server returned an error response: error code -32000: insufficient funds for transfer

[15:47:03] [HOUSE]   RPC https://base.drpc.org failed: Error: Failed to estimate gas: server returned an error response: error code -32003: insufficient funds for gas * price 
[15:47:04] [HOUSE]   RPC https://base-rpc.publicno failed: Error: Failed to estimate gas: server returned an error response: error code -32000: insufficient funds for transfer

[15:47:05] [HOUSE]   Send empty (attempt 3)
[15:47:06] [HOUSE]   UNDER FAILED
[15:48:06] [HOUSE] Skip 0x29371C2169 — lockTime passed (4s ago)
[15:51:08] [HOUSE] Seeding 0xC986306b27...
[15:51:09] [HOUSE]   RPC https://base-mainnet.core failed: Error: Failed to estimate gas: server returned an error response: error code -32000: insufficient funds for transfer

[15:51:10] [HOUSE]   RPC https://base.drpc.org failed: Error: Failed to estimate gas: server returned an error response: error code -32003: insufficient funds for gas * price 
[15:51:13] [HOUSE]   RPC https://base-rpc.publicno failed: Error: Failed to estimate gas: server returned an error response: error code -32000: insufficient funds for transfer

[15:51:14] [HOUSE]   Send empty (attempt 1)
[15:51:16] [HOUSE]   RPC https://base-mainnet.core failed: Error: Failed to estimate gas: server returned an error response: error code -32000: insufficient funds for transfer

[15:51:17] [HOUSE]   RPC https://base.drpc.org failed: Error: Failed to estimate gas: server returned an error response: error code -32003: insufficient funds for gas * price 
[15:51:19] [HOUSE]   RPC https://base-rpc.publicno failed: Error: Failed to estimate gas: server returned an error response: error code -32000: insufficient funds for transfer

[15:51:19] [HOUSE]   Send empty (attempt 2)
[15:51:22] [HOUSE]   RPC https://base-mainnet.core failed: Error: Failed to estimate gas: server returned an error response: error code -32000: insufficient funds for transfer

[15:51:23] [HOUSE]   RPC https://base.drpc.org failed: Error: Failed to estimate gas: server returned an error response: error code -32003: insufficient funds for gas * price 
[15:51:25] [HOUSE]   RPC https://base-rpc.publicno failed: Error: Failed to estimate gas: server returned an error response: error code -32000: insufficient funds for transfer

[15:51:25] [HOUSE]   Market no longer OPEN (state=3)
[15:51:25] [HOUSE]   UNDER FAILED
[15:51:31] [HOUSE] Seeding 0x51d3cF0F85...
[15:51:32] [HOUSE]   RPC https://base-mainnet.core failed: Error: Failed to estimate gas: server returned an error response: error code -32000: insufficient funds for transfer

[15:51:33] [HOUSE]   RPC https://base.drpc.org failed: Error: Failed to estimate gas: server returned an error response: error code -32003: insufficient funds for gas * price 
[15:51:35] [HOUSE]   RPC https://base-rpc.publicno failed: Error: Failed to estimate gas: server returned an error response: error code -32000: insufficient funds for transfer

[15:51:35] [HOUSE]   Send empty (attempt 1)
[15:51:38] [HOUSE]   RPC https://base-mainnet.core failed: Error: Failed to estimate gas: server returned an error response: error code -32000: insufficient funds for transfer

[15:51:38] [HOUSE]   RPC https://base.drpc.org failed: Error: Failed to estimate gas: server returned an error response: error code -32003: insufficient funds for gas * price 
[15:51:44] [HOUSE]   RPC https://base-rpc.publicno failed: Error: Failed to estimate gas: server returned an error response: error code -32000: insufficient funds for transfer

[15:51:44] [HOUSE]   Send empty (attempt 2)
[15:51:47] [HOUSE]   RPC https://base-mainnet.core failed: Error: Failed to estimate gas: server returned an error response: error code -32000: insufficient funds for transfer

[15:51:47] [HOUSE]   RPC https://base.drpc.org failed: Error: Failed to estimate gas: server returned an error response: error code -32003: insufficient funds for gas * price 
[15:51:49] [HOUSE]   RPC https://base-rpc.publicno failed: Error: Failed to estimate gas: server returned an error response: error code -32000: insufficient funds for transfer

[15:51:49] [HOUSE]   Send empty (attempt 3)
[15:51:50] [HOUSE]   UNDER FAILED
[15:52:53] [HOUSE] Seeding 0x51d3cF0F85...
[15:52:54] [HOUSE]   RPC https://base-mainnet.core failed: Error: Failed to estimate gas: server returned an error response: error code -32000: insufficient funds for transfer

[15:52:55] [HOUSE]   RPC https://base.drpc.org failed: Error: Failed to estimate gas: server returned an error response: error code -32003: insufficient funds for gas * price 
[15:52:56] [HOUSE]   RPC https://base-rpc.publicno failed: Error: Failed to estimate gas: server returned an error response: error code -32000: insufficient funds for transfer

[15:52:57] [HOUSE]   Send empty (attempt 1)
[15:52:59] [HOUSE]   RPC https://base-mainnet.core failed: Error: Failed to estimate gas: server returned an error response: error code -32000: insufficient funds for transfer

[15:53:00] [HOUSE]   RPC https://base.drpc.org failed: Error: Failed to estimate gas: server returned an error response: error code -32003: insufficient funds for gas * price 
[15:53:03] [HOUSE]   RPC https://base-rpc.publicno failed: Error: Failed to estimate gas: server returned an error response: error code -32000: insufficient funds for transfer

[15:53:03] [HOUSE]   Send empty (attempt 2)
[15:53:06] [HOUSE]   RPC https://base-mainnet.core failed: Error: Failed to estimate gas: server returned an error response: error code -32000: insufficient funds for transfer

[15:53:06] [HOUSE]   RPC https://base.drpc.org failed: Error: Failed to estimate gas: server returned an error response: error code -32003: insufficient funds for gas * price 
[15:53:08] [HOUSE]   RPC https://base-rpc.publicno failed: Error: Failed to estimate gas: server returned an error response: error code -32000: insufficient funds for transfer

[15:53:08] [HOUSE]   Send empty (attempt 3)
[15:53:09] [HOUSE]   UNDER FAILED
[15:54:10] [HOUSE] Skip 0x51d3cF0F85 — lockTime passed (12s ago)
[15:57:07] [HOUSE] Seeding 0xE0089738C7...
[15:57:09] [HOUSE]   RPC https://base-mainnet.core failed: Error: Failed to estimate gas: server returned an error response: error code -32000: insufficient funds for transfer

[15:57:09] [HOUSE]   RPC https://base.drpc.org failed: Error: Failed to estimate gas: server returned an error response: error code -32003: insufficient funds for gas * price 
[15:57:11] [HOUSE]   RPC https://base-rpc.publicno failed: Error: Failed to estimate gas: server returned an error response: error code -32000: insufficient funds for transfer

[15:57:12] [HOUSE]   Send empty (attempt 1)
[15:57:14] [HOUSE]   RPC https://base-mainnet.core failed: Error: Failed to estimate gas: server returned an error response: error code -32000: insufficient funds for transfer

[15:57:15] [HOUSE]   RPC https://base.drpc.org failed: Error: Failed to estimate gas: server returned an error response: error code -32003: insufficient funds for gas * price 
[15:57:16] [HOUSE]   RPC https://base-rpc.publicno failed: Error: Failed to estimate gas: server returned an error response: error code -32000: insufficient funds for transfer

[15:57:17] [HOUSE]   Send empty (attempt 2)
[15:57:19] [HOUSE]   RPC https://base-mainnet.core failed: Error: Failed to estimate gas: server returned an error response: error code -32000: insufficient funds for transfer

[15:57:20] [HOUSE]   RPC https://base.drpc.org failed: Error: Failed to estimate gas: server returned an error response: error code -32003: insufficient funds for gas * price 
[15:57:23] [HOUSE]   RPC https://base-rpc.publicno failed: Error: Failed to estimate gas: server returned an error response: error code -32000: insufficient funds for transfer

[15:57:24] [HOUSE]   Market no longer OPEN (state=3)
[15:57:24] [HOUSE]   UNDER FAILED
[15:57:27] [HOUSE] Seeding 0x3a4c3155bD...
[15:57:28] [HOUSE]   RPC https://base-mainnet.core failed: Error: Failed to estimate gas: server returned an error response: error code -32000: insufficient funds for transfer

[15:57:29] [HOUSE]   RPC https://base.drpc.org failed: Error: Failed to estimate gas: server returned an error response: error code -32003: insufficient funds for gas * price 
[15:57:33] [HOUSE]   RPC https://base-rpc.publicno failed: Error: Failed to estimate gas: server returned an error response: error code -32000: insufficient funds for transfer

[15:57:34] [HOUSE]   Send empty (attempt 1)
[15:57:36] [HOUSE]   RPC https://base-mainnet.core failed: Error: Failed to estimate gas: server returned an error response: error code -32000: insufficient funds for transfer

[15:57:37] [HOUSE]   RPC https://base.drpc.org failed: Error: Failed to estimate gas: server returned an error response: error code -32003: insufficient funds for gas * price 
[15:57:42] [HOUSE]   RPC https://base-rpc.publicno failed: Error: Failed to estimate gas: server returned an error response: error code -32000: insufficient funds for transfer

[15:57:42] [HOUSE]   Send empty (attempt 2)
[15:57:45] [HOUSE]   RPC https://base-mainnet.core failed: Error: Failed to estimate gas: server returned an error response: error code -32000: insufficient funds for transfer

[15:57:45] [HOUSE]   RPC https://base.drpc.org failed: Error: Failed to estimate gas: server returned an error response: error code -32003: insufficient funds for gas * price 
[15:57:46] [HOUSE]   RPC https://base-rpc.publicno failed: Error: Failed to estimate gas: server returned an error response: error code -32000: insufficient funds for transfer

[15:57:47] [HOUSE]   Send empty (attempt 3)
[15:57:48] [HOUSE]   UNDER FAILED
[15:58:50] [HOUSE] Seeding 0x3a4c3155bD...
[15:58:51] [HOUSE]   RPC https://base-mainnet.core failed: Error: Failed to estimate gas: server returned an error response: error code -32000: insufficient funds for transfer

[15:58:52] [HOUSE]   RPC https://base.drpc.org failed: Error: Failed to estimate gas: server returned an error response: error code -32003: insufficient funds for gas * price 
[15:58:53] [HOUSE]   RPC https://base-rpc.publicno failed: Error: Failed to estimate gas: server returned an error response: error code -32000: insufficient funds for transfer

[15:58:53] [HOUSE]   Send empty (attempt 1)
[15:58:56] [HOUSE]   RPC https://base-mainnet.core failed: Error: Failed to estimate gas: server returned an error response: error code -32000: insufficient funds for transfer

[15:58:56] [HOUSE]   RPC https://base.drpc.org failed: Error: Failed to estimate gas: server returned an error response: error code -32003: insufficient funds for gas * price 
[15:58:58] [HOUSE]   RPC https://base-rpc.publicno failed: Error: Failed to estimate gas: server returned an error response: error code -32000: insufficient funds for transfer

[15:58:58] [HOUSE]   Send empty (attempt 2)
[15:59:00] [HOUSE]   RPC https://base-mainnet.core failed: Error: Failed to estimate gas: server returned an error response: error code -32000: insufficient funds for transfer

[15:59:01] [HOUSE]   RPC https://base.drpc.org failed: Error: Failed to estimate gas: server returned an error response: error code -32003: insufficient funds for gas * price 
[15:59:02] [HOUSE]   RPC https://base-rpc.publicno failed: Error: Failed to estimate gas: server returned an error response: error code -32000: insufficient funds for transfer

[15:59:03] [HOUSE]   Send empty (attempt 3)
[15:59:04] [HOUSE]   UNDER FAILED
[16:00:06] [HOUSE] Skip 0x3a4c3155bD — lockTime passed (16s ago)
[16:03:05] [HOUSE] Seeding 0x49fBE79eDe...
[16:03:07] [HOUSE]   RPC https://base-mainnet.core failed: Error: Failed to estimate gas: server returned an error response: error code -32000: insufficient funds for transfer

[16:03:08] [HOUSE]   RPC https://base.drpc.org failed: Error: Failed to estimate gas: server returned an error response: error code -32003: insufficient funds for gas * price 
[16:03:09] [HOUSE]   RPC https://base-rpc.publicno failed: Error: Failed to estimate gas: server returned an error response: error code -32000: insufficient funds for transfer

[16:03:10] [HOUSE]   Send empty (attempt 1)
[16:03:12] [HOUSE]   RPC https://base-mainnet.core failed: Error: Failed to estimate gas: server returned an error response: error code -32000: insufficient funds for transfer

[16:03:13] [HOUSE]   RPC https://base.drpc.org failed: Error: Failed to estimate gas: server returned an error response: error code -32003: insufficient funds for gas * price 
[16:03:15] [HOUSE]   RPC https://base-rpc.publicno failed: Error: Failed to estimate gas: server returned an error response: error code -32000: insufficient funds for transfer

[16:03:16] [HOUSE]   Send empty (attempt 2)
[16:03:18] [HOUSE]   RPC https://base-mainnet.core failed: Error: Failed to estimate gas: server returned an error response: error code -32000: insufficient funds for transfer

[16:03:19] [HOUSE]   RPC https://base.drpc.org failed: Error: Failed to estimate gas: server returned an error response: error code -32003: insufficient funds for gas * price 
[16:03:21] [HOUSE]   RPC https://base-rpc.publicno failed: Error: Failed to estimate gas: server returned an error response: error code -32000: insufficient funds for transfer

[16:03:21] [HOUSE]   Market no longer OPEN (state=3)
[16:03:21] [HOUSE]   UNDER FAILED
[16:03:25] [HOUSE] Seeding 0x069887709B...
[16:03:26] [HOUSE]   RPC https://base-mainnet.core failed: Error: Failed to estimate gas: server returned an error response: error code -32000: insufficient funds for transfer

[16:03:27] [HOUSE]   RPC https://base.drpc.org failed: Error: Failed to estimate gas: server returned an error response: error code -32003: insufficient funds for gas * price 
[16:03:28] [HOUSE]   RPC https://base-rpc.publicno failed: Error: Failed to estimate gas: server returned an error response: error code -32000: insufficient funds for transfer

[16:03:29] [HOUSE]   Send empty (attempt 1)
[16:03:31] [HOUSE]   RPC https://base-mainnet.core failed: Error: Failed to estimate gas: server returned an error response: error code -32000: insufficient funds for transfer

[16:03:31] [HOUSE]   RPC https://base.drpc.org failed: Error: Failed to estimate gas: server returned an error response: error code -32003: insufficient funds for gas * price 
[16:03:35] [HOUSE]   RPC https://base-rpc.publicno failed: Error: Failed to estimate gas: server returned an error response: error code -32000: insufficient funds for transfer

[16:03:35] [HOUSE]   Send empty (attempt 2)
[16:03:37] [HOUSE]   RPC https://base-mainnet.core failed: Error: Failed to estimate gas: server returned an error response: error code -32000: insufficient funds for transfer

[16:03:38] [HOUSE]   RPC https://base.drpc.org failed: Error: Failed to estimate gas: server returned an error response: error code -32003: insufficient funds for gas * price 
[16:03:41] [HOUSE]   RPC https://base-rpc.publicno failed: Error: Failed to estimate gas: server returned an error response: error code -32000: insufficient funds for transfer

[16:03:42] [HOUSE]   Send empty (attempt 3)
[16:03:43] [HOUSE]   UNDER FAILED
[16:04:45] [HOUSE] Seeding 0x069887709B...
[16:04:47] [HOUSE]   RPC https://base-mainnet.core failed: Error: Failed to estimate gas: server returned an error response: error code -32000: insufficient funds for transfer

[16:04:48] [HOUSE]   RPC https://base.drpc.org failed: Error: Failed to estimate gas: server returned an error response: error code -32003: insufficient funds for gas * price 
[16:04:49] [HOUSE]   RPC https://base-rpc.publicno failed: Error: Failed to estimate gas: server returned an error response: error code -32000: insufficient funds for transfer

[16:04:49] [HOUSE]   Send empty (attempt 1)
[16:04:52] [HOUSE]   RPC https://base-mainnet.core failed: Error: Failed to estimate gas: server returned an error response: error code -32000: insufficient funds for transfer

[16:04:52] [HOUSE]   RPC https://base.drpc.org failed: Error: Failed to estimate gas: server returned an error response: error code -32003: insufficient funds for gas * price 
[16:04:54] [HOUSE]   RPC https://base-rpc.publicno failed: Error: Failed to estimate gas: server returned an error response: error code -32000: insufficient funds for transfer

[16:04:55] [HOUSE]   Send empty (attempt 2)
[16:04:57] [HOUSE]   RPC https://base-mainnet.core failed: Error: Failed to estimate gas: server returned an error response: error code -32000: insufficient funds for transfer

[16:04:58] [HOUSE]   RPC https://base.drpc.org failed: Error: Failed to estimate gas: server returned an error response: error code -32003: insufficient funds for gas * price 
[16:04:59] [HOUSE]   RPC https://base-rpc.publicno failed: Error: Failed to estimate gas: server returned an error response: error code -32000: insufficient funds for transfer

[16:05:00] [HOUSE]   Send empty (attempt 3)
[16:05:01] [HOUSE]   UNDER FAILED
[16:06:03] [HOUSE] Skip 0x069887709B — lockTime passed (11s ago)
[16:09:08] [HOUSE] Seeding 0x4EA6d9176B...
[16:09:10] [HOUSE]   RPC https://base-mainnet.core failed: Error: Failed to estimate gas: server returned an error response: error code -32000: insufficient funds for transfer

[16:09:10] [HOUSE]   RPC https://base.drpc.org failed: Error: Failed to estimate gas: server returned an error response: error code -32003: insufficient funds for gas * price 
[16:09:13] [HOUSE]   RPC https://base-rpc.publicno failed: Error: Failed to estimate gas: server returned an error response: error code -32000: insufficient funds for transfer

[16:09:13] [HOUSE]   Send empty (attempt 1)
[16:09:15] [HOUSE]   RPC https://base-mainnet.core failed: Error: Failed to estimate gas: server returned an error response: error code -32000: insufficient funds for transfer

[16:09:16] [HOUSE]   RPC https://base.drpc.org failed: Error: Failed to estimate gas: server returned an error response: error code -32003: insufficient funds for gas * price 
[16:09:18] [HOUSE]   RPC https://base-rpc.publicno failed: Error: Failed to estimate gas: server returned an error response: error code -32000: insufficient funds for transfer

[16:09:19] [HOUSE]   Market no longer OPEN (state=3)
[16:09:19] [HOUSE]   UNDER FAILED
[16:09:22] [HOUSE] Seeding 0xe5be99Fb70...
[16:09:23] [HOUSE]   RPC https://base-mainnet.core failed: Error: Failed to estimate gas: server returned an error response: error code -32000: insufficient funds for transfer

[16:09:24] [HOUSE]   RPC https://base.drpc.org failed: Error: Failed to estimate gas: server returned an error response: error code -32003: insufficient funds for gas * price 
[16:09:26] [HOUSE]   RPC https://base-rpc.publicno failed: Error: Failed to estimate gas: server returned an error response: error code -32000: insufficient funds for transfer

[16:09:26] [HOUSE]   Send empty (attempt 1)
[16:09:29] [HOUSE]   RPC https://base-mainnet.core failed: Error: Failed to estimate gas: server returned an error response: error code -32000: insufficient funds for transfer

[16:09:29] [HOUSE]   RPC https://base.drpc.org failed: Error: Failed to estimate gas: server returned an error response: error code -32003: insufficient funds for gas * price 
[16:09:33] [HOUSE]   RPC https://base-rpc.publicno failed: Error: Failed to estimate gas: server returned an error response: error code -32000: insufficient funds for transfer

[16:09:34] [HOUSE]   Send empty (attempt 2)
[16:09:36] [HOUSE]   RPC https://base-mainnet.core failed: Error: Failed to estimate gas: server returned an error response: error code -32000: insufficient funds for transfer

[16:09:37] [HOUSE]   RPC https://base.drpc.org failed: Error: Failed to estimate gas: server returned an error response: error code -32003: insufficient funds for gas * price 
[16:09:38] [HOUSE]   RPC https://base-rpc.publicno failed: Error: Failed to estimate gas: server returned an error response: error code -32000: insufficient funds for transfer

[16:09:39] [HOUSE]   Send empty (attempt 3)
[16:09:40] [HOUSE]   UNDER FAILED
[16:10:40] [HOUSE] Seeding 0xe5be99Fb70...
[16:10:41] [HOUSE]   RPC https://base-mainnet.core failed: Error: Failed to estimate gas: server returned an error response: error code -32000: insufficient funds for transfer

[16:10:43] [HOUSE]   RPC https://base.drpc.org failed: Error: HTTP error 500 with body: {"id":1,"jsonrpc":"2.0","error":{"message":"Temporary internal error. Please retry, tra
[16:10:44] [HOUSE]   RPC https://base-rpc.publicno failed: Error: Failed to estimate gas: server returned an error response: error code -32000: insufficient funds for transfer

[16:10:44] [HOUSE]   Send empty (attempt 1)
[16:10:47] [HOUSE]   RPC https://base-mainnet.core failed: Error: Failed to estimate gas: server returned an error response: error code -32000: insufficient funds for transfer

[16:10:48] [HOUSE]   RPC https://base.drpc.org failed: Error: HTTP error 500 with body: {"id":1,"jsonrpc":"2.0","error":{"message":"Temporary internal error. Please retry, tra
[16:10:49] [HOUSE]   RPC https://base-rpc.publicno failed: Error: Failed to estimate gas: server returned an error response: error code -32000: insufficient funds for transfer

[16:10:50] [HOUSE]   Send empty (attempt 2)
[16:10:52] [HOUSE]   RPC https://base-mainnet.core failed: Error: Failed to estimate gas: server returned an error response: error code -32000: insufficient funds for transfer

[16:10:54] [HOUSE]   RPC https://base.drpc.org failed: Error: Failed to estimate gas: HTTP error 500 with body: {"id":3,"jsonrpc":"2.0","error":{"message":"Temporary internal 
[16:10:55] [HOUSE]   RPC https://base-rpc.publicno failed: Error: Failed to estimate gas: server returned an error response: error code -32000: insufficient funds for transfer

[16:10:56] [HOUSE]   Send empty (attempt 3)
[16:10:57] [HOUSE]   UNDER FAILED
[16:11:58] [HOUSE] Skip 0xe5be99Fb70 — lockTime passed (7s ago)
[16:15:03] [HOUSE] Seeding 0xd775687F8c...
[16:15:05] [HOUSE]   RPC https://base-mainnet.core failed: Error: Failed to estimate gas: server returned an error response: error code -32000: insufficient funds for transfer

[16:15:05] [HOUSE]   RPC https://base.drpc.org failed: Error: Failed to estimate gas: server returned an error response: error code -32003: insufficient funds for gas * price 
[16:15:08] [HOUSE]   RPC https://base-rpc.publicno failed: Error: Failed to estimate gas: server returned an error response: error code -32000: insufficient funds for transfer

[16:15:09] [HOUSE]   Send empty (attempt 1)
[16:15:11] [HOUSE]   RPC https://base-mainnet.core failed: Error: Failed to estimate gas: server returned an error response: error code -32000: insufficient funds for transfer

[16:15:12] [HOUSE]   RPC https://base.drpc.org failed: Error: Failed to estimate gas: server returned an error response: error code -32003: insufficient funds for gas * price 
[16:15:13] [HOUSE]   RPC https://base-rpc.publicno failed: Error: Failed to estimate gas: server returned an error response: error code -32000: insufficient funds for transfer

[16:15:14] [HOUSE]   Send empty (attempt 2)
[16:15:16] [HOUSE]   RPC https://base-mainnet.core failed: Error: Failed to estimate gas: server returned an error response: error code -32000: insufficient funds for transfer

[16:15:17] [HOUSE]   RPC https://base.drpc.org failed: Error: Failed to estimate gas: server returned an error response: error code -32003: insufficient funds for gas * price 
[16:15:18] [HOUSE]   RPC https://base-rpc.publicno failed: Error: Failed to estimate gas: server returned an error response: error code -32000: insufficient funds for transfer

[16:15:18] [HOUSE]   Market no longer OPEN (state=3)
[16:15:18] [HOUSE]   UNDER FAILED
[16:15:22] [HOUSE] Seeding 0xc12C3372F7...
[16:15:23] [HOUSE]   RPC https://base-mainnet.core failed: Error: Failed to estimate gas: server returned an error response: error code -32000: insufficient funds for transfer

[16:15:23] [HOUSE]   RPC https://base.drpc.org failed: Error: Failed to estimate gas: server returned an error response: error code -32003: insufficient funds for gas * price 
[16:15:26] [HOUSE]   RPC https://base-rpc.publicno failed: Error: Failed to estimate gas: server returned an error response: error code -32000: insufficient funds for transfer

[16:15:27] [HOUSE]   Send empty (attempt 1)
[16:15:29] [HOUSE]   RPC https://base-mainnet.core failed: Error: Failed to estimate gas: server returned an error response: error code -32000: insufficient funds for transfer

[16:15:29] [HOUSE]   RPC https://base.drpc.org failed: Error: Failed to estimate gas: server returned an error response: error code -32003: insufficient funds for gas * price 
[16:15:31] [HOUSE]   RPC https://base-rpc.publicno failed: Error: Failed to estimate gas: server returned an error response: error code -32000: insufficient funds for transfer

[16:15:31] [HOUSE]   Send empty (attempt 2)
[16:15:33] [HOUSE]   RPC https://base-mainnet.core failed: Error: Failed to estimate gas: server returned an error response: error code -32000: insufficient funds for transfer

[16:15:34] [HOUSE]   RPC https://base.drpc.org failed: Error: Failed to estimate gas: server returned an error response: error code -32003: insufficient funds for gas * price 
[16:15:39] [HOUSE]   RPC https://base-rpc.publicno failed: Error: Failed to estimate gas: server returned an error response: error code -32000: insufficient funds for transfer

[16:15:39] [HOUSE]   Send empty (attempt 3)
[16:15:40] [HOUSE]   UNDER FAILED
[16:16:41] [HOUSE] Seeding 0xc12C3372F7...
[16:16:42] [HOUSE]   RPC https://base-mainnet.core failed: Error: Failed to estimate gas: server returned an error response: error code -32000: insufficient funds for transfer

[16:16:43] [HOUSE]   RPC https://base.drpc.org failed: Error: Failed to estimate gas: server returned an error response: error code -32003: insufficient funds for gas * price 
[16:16:47] [HOUSE]   RPC https://base-rpc.publicno failed: Error: Failed to estimate gas: server returned an error response: error code -32000: insufficient funds for transfer

[16:16:48] [HOUSE]   Send empty (attempt 1)
[16:16:50] [HOUSE]   RPC https://base-mainnet.core failed: Error: Failed to estimate gas: server returned an error response: error code -32000: insufficient funds for transfer

[16:16:51] [HOUSE]   RPC https://base.drpc.org failed: Error: Failed to estimate gas: server returned an error response: error code -32003: insufficient funds for gas * price 
[16:16:56] [HOUSE]   RPC https://base-rpc.publicno failed: Error: Failed to estimate gas: server returned an error response: error code -32000: insufficient funds for transfer

[16:16:57] [HOUSE]   Send empty (attempt 2)
[16:16:59] [HOUSE]   RPC https://base-mainnet.core failed: Error: Failed to estimate gas: server returned an error response: error code -32000: insufficient funds for transfer

[16:17:00] [HOUSE]   RPC https://base.drpc.org failed: Error: Failed to estimate gas: server returned an error response: error code -32003: insufficient funds for gas * price 
[16:17:01] [HOUSE]   RPC https://base-rpc.publicno failed: Error: Failed to estimate gas: server returned an error response: error code -32000: insufficient funds for transfer

[16:17:02] [HOUSE]   Send empty (attempt 3)
[16:17:03] [HOUSE]   UNDER FAILED
[16:18:04] [HOUSE] Skip 0xc12C3372F7 — lockTime passed (14s ago)
[16:20:58] [HOUSE] Seeding 0xB02E385322...
[16:20:59] [HOUSE]   RPC https://base-mainnet.core failed: Error: Failed to estimate gas: server returned an error response: error code -32000: insufficient funds for transfer

[16:21:00] [HOUSE]   RPC https://base.drpc.org failed: Error: Failed to estimate gas: server returned an error response: error code -32003: insufficient funds for gas * price 
[16:21:01] [HOUSE]   RPC https://base-rpc.publicno failed: Error: Failed to estimate gas: server returned an error response: error code -32000: insufficient funds for transfer

[16:21:01] [HOUSE]   Send empty (attempt 1)
[16:21:04] [HOUSE]   RPC https://base-mainnet.core failed: Error: Failed to estimate gas: server returned an error response: error code -32000: insufficient funds for transfer

[16:21:05] [HOUSE]   RPC https://base.drpc.org failed: Error: Failed to estimate gas: server returned an error response: error code -32003: insufficient funds for gas * price 
[16:21:08] [HOUSE]   RPC https://base-rpc.publicno failed: Error: Failed to estimate gas: server returned an error response: error code -32000: insufficient funds for transfer

[16:21:08] [HOUSE]   Send empty (attempt 2)
[16:21:10] [HOUSE]   RPC https://base-mainnet.core failed: Error: Failed to estimate gas: server returned an error response: error code -32000: insufficient funds for transfer

[16:21:11] [HOUSE]   RPC https://base.drpc.org failed: Error: Failed to estimate gas: server returned an error response: error code -32003: insufficient funds for gas * price 
[16:21:12] [HOUSE]   RPC https://base-rpc.publicno failed: Error: Failed to estimate gas: server returned an error response: error code -32000: insufficient funds for transfer

[16:21:13] [HOUSE]   Send empty (attempt 3)
[16:21:14] [HOUSE]   UNDER FAILED
[16:21:19] [HOUSE] Seeding 0x510dc04c28...
[16:21:21] [HOUSE]   RPC https://base-mainnet.core failed: Error: Failed to estimate gas: server returned an error response: error code -32000: insufficient funds for transfer

[16:21:22] [HOUSE]   RPC https://base.drpc.org failed: Error: Failed to estimate gas: server returned an error response: error code -32003: insufficient funds for gas * price 
[16:21:25] [HOUSE]   RPC https://base-rpc.publicno failed: Error: Failed to estimate gas: server returned an error response: error code -32000: insufficient funds for transfer

[16:21:25] [HOUSE]   Send empty (attempt 1)
[16:21:27] [HOUSE]   RPC https://base-mainnet.core failed: Error: Failed to estimate gas: server returned an error response: error code -32000: insufficient funds for transfer

[16:21:28] [HOUSE]   RPC https://base.drpc.org failed: Error: Failed to estimate gas: server returned an error response: error code -32003: insufficient funds for gas * price 
[16:21:29] [HOUSE]   RPC https://base-rpc.publicno failed: Error: Failed to estimate gas: server returned an error response: error code -32000: insufficient funds for transfer

[16:21:30] [HOUSE]   Send empty (attempt 2)
[16:21:32] [HOUSE]   RPC https://base-mainnet.core failed: Error: Failed to estimate gas: server returned an error response: error code -32000: insufficient funds for transfer

[16:21:33] [HOUSE]   RPC https://base.drpc.org failed: Error: Failed to estimate gas: server returned an error response: error code -32003: insufficient funds for gas * price 
[16:21:34] [HOUSE]   RPC https://base-rpc.publicno failed: Error: Failed to estimate gas: server returned an error response: error code -32000: insufficient funds for transfer

[16:21:35] [HOUSE]   Send empty (attempt 3)
[16:21:36] [HOUSE]   UNDER FAILED
[16:22:39] [HOUSE] Seeding 0x510dc04c28...
[16:22:40] [HOUSE]   RPC https://base-mainnet.core failed: Error: Failed to estimate gas: server returned an error response: error code -32000: insufficient funds for transfer

[16:22:40] [HOUSE]   RPC https://base.drpc.org failed: Error: Failed to estimate gas: server returned an error response: error code -32003: insufficient funds for gas * price 
[16:22:42] [HOUSE]   RPC https://base-rpc.publicno failed: Error: Failed to estimate gas: server returned an error response: error code -32000: insufficient funds for transfer

[16:22:43] [HOUSE]   Send empty (attempt 1)
[16:22:45] [HOUSE]   RPC https://base-mainnet.core failed: Error: Failed to estimate gas: server returned an error response: error code -32000: insufficient funds for transfer

[16:22:46] [HOUSE]   RPC https://base.drpc.org failed: Error: Failed to estimate gas: server returned an error response: error code -32003: insufficient funds for gas * price 
[16:22:47] [HOUSE]   RPC https://base-rpc.publicno failed: Error: Failed to estimate gas: server returned an error response: error code -32000: insufficient funds for transfer

[16:22:47] [HOUSE]   Send empty (attempt 2)
[16:22:52] [HOUSE]   RPC https://base-mainnet.core failed: Error: Failed to estimate gas: server returned an error response: error code -32000: insufficient funds for transfer

[16:22:53] [HOUSE]   RPC https://base.drpc.org failed: Error: Failed to estimate gas: server returned an error response: error code -32003: insufficient funds for gas * price 
[16:22:55] [HOUSE]   RPC https://base-rpc.publicno failed: Error: Failed to estimate gas: server returned an error response: error code -32000: insufficient funds for transfer

[16:22:56] [HOUSE]   Send empty (attempt 3)
[16:22:57] [HOUSE]   UNDER FAILED
[16:23:59] [HOUSE] Skip 0x510dc04c28 — lockTime passed (10s ago)
[16:26:56] [HOUSE] Seeding 0x704C4b1771...
[16:26:58] [HOUSE]   RPC https://base-mainnet.core failed: Error: Failed to estimate gas: server returned an error response: error code -32000: insufficient funds for transfer

[16:26:58] [HOUSE]   RPC https://base.drpc.org failed: Error: Failed to estimate gas: server returned an error response: error code -32003: insufficient funds for gas * price 
[16:27:00] [HOUSE]   RPC https://base-rpc.publicno failed: Error: Failed to estimate gas: server returned an error response: error code -32000: insufficient funds for transfer

[16:27:00] [HOUSE]   Send empty (attempt 1)
[16:27:03] [HOUSE]   RPC https://base-mainnet.core failed: Error: Failed to estimate gas: server returned an error response: error code -32000: insufficient funds for transfer

[16:27:03] [HOUSE]   RPC https://base.drpc.org failed: Error: Failed to estimate gas: server returned an error response: error code -32003: insufficient funds for gas * price 
[16:27:06] [HOUSE]   RPC https://base-rpc.publicno failed: Error: Failed to estimate gas: server returned an error response: error code -32000: insufficient funds for transfer

[16:27:06] [HOUSE]   Send empty (attempt 2)
[16:27:11] [HOUSE]   RPC https://base-mainnet.core failed: Error: Failed to estimate gas: server returned an error response: error code -32000: insufficient funds for transfer

[16:27:12] [HOUSE]   RPC https://base.drpc.org failed: Error: Failed to estimate gas: server returned an error response: error code -32003: insufficient funds for gas * price 
[16:27:14] [HOUSE]   RPC https://base-rpc.publicno failed: Error: Failed to estimate gas: server returned an error response: error code -32000: insufficient funds for transfer

[16:27:15] [HOUSE]   Market no longer OPEN (state=3)
[16:27:15] [HOUSE]   UNDER FAILED
[16:27:18] [HOUSE] Seeding 0x7c16E26e43...
[16:27:19] [HOUSE]   RPC https://base-mainnet.core failed: Error: Failed to estimate gas: server returned an error response: error code -32000: insufficient funds for transfer

[16:27:20] [HOUSE]   RPC https://base.drpc.org failed: Error: Failed to estimate gas: server returned an error response: error code -32003: insufficient funds for gas * price 
[16:27:21] [HOUSE]   RPC https://base-rpc.publicno failed: Error: Failed to estimate gas: server returned an error response: error code -32000: insufficient funds for transfer

[16:27:22] [HOUSE]   Send empty (attempt 1)
[16:27:24] [HOUSE]   RPC https://base-mainnet.core failed: Error: Failed to estimate gas: server returned an error response: error code -32000: insufficient funds for transfer

[16:27:25] [HOUSE]   RPC https://base.drpc.org failed: Error: Failed to estimate gas: server returned an error response: error code -32003: insufficient funds for gas * price 
[16:27:27] [HOUSE]   RPC https://base-rpc.publicno failed: Error: Failed to estimate gas: server returned an error response: error code -32000: insufficient funds for transfer

[16:27:28] [HOUSE]   Send empty (attempt 2)
[16:27:30] [HOUSE]   RPC https://base-mainnet.core failed: Error: Failed to estimate gas: server returned an error response: error code -32000: insufficient funds for transfer

[16:27:30] [HOUSE]   RPC https://base.drpc.org failed: Error: Failed to estimate gas: server returned an error response: error code -32003: insufficient funds for gas * price 
[16:27:34] [HOUSE]   RPC https://base-rpc.publicno failed: Error: Failed to estimate gas: server returned an error response: error code -32000: insufficient funds for transfer

[16:27:35] [HOUSE]   Send empty (attempt 3)
[16:27:36] [HOUSE]   UNDER FAILED
[16:28:36] [HOUSE] Seeding 0x7c16E26e43...
[16:28:38] [HOUSE]   RPC https://base-mainnet.core failed: Error: Failed to estimate gas: server returned an error response: error code -32000: insufficient funds for transfer

[16:28:38] [HOUSE]   RPC https://base.drpc.org failed: Error: Failed to estimate gas: server returned an error response: error code -32003: insufficient funds for gas * price 
[16:28:41] [HOUSE]   RPC https://base-rpc.publicno failed: Error: Failed to estimate gas: server returned an error response: error code -32000: insufficient funds for transfer

[16:28:41] [HOUSE]   Send empty (attempt 1)
[16:28:44] [HOUSE]   RPC https://base-mainnet.core failed: Error: Failed to estimate gas: server returned an error response: error code -32000: insufficient funds for transfer

[16:28:45] [HOUSE]   RPC https://base.drpc.org failed: Error: Failed to estimate gas: server returned an error response: error code -32003: insufficient funds for gas * price 
[16:28:46] [HOUSE]   RPC https://base-rpc.publicno failed: Error: Failed to estimate gas: server returned an error response: error code -32000: insufficient funds for transfer

[16:28:47] [HOUSE]   Send empty (attempt 2)
[16:28:49] [HOUSE]   RPC https://base-mainnet.core failed: Error: Failed to estimate gas: server returned an error response: error code -32000: insufficient funds for transfer

[16:28:50] [HOUSE]   RPC https://base.drpc.org failed: Error: Failed to estimate gas: server returned an error response: error code -32003: insufficient funds for gas * price 
[16:28:54] [HOUSE]   RPC https://base-rpc.publicno failed: Error: Failed to estimate gas: server returned an error response: error code -32000: insufficient funds for transfer

[16:28:54] [HOUSE]   Send empty (attempt 3)
[16:28:55] [HOUSE]   UNDER FAILED
[16:29:58] [HOUSE] Skip 0x7c16E26e43 — lockTime passed (11s ago)
[16:32:55] [HOUSE] Seeding 0x8B632fE926...
[16:32:56] [HOUSE]   RPC https://base-mainnet.core failed: Error: Failed to estimate gas: server returned an error response: error code -32000: insufficient funds for transfer

[16:32:57] [HOUSE]   RPC https://base.drpc.org failed: Error: Failed to estimate gas: server returned an error response: error code -32003: insufficient funds for gas * price 
[16:32:58] [HOUSE]   RPC https://base-rpc.publicno failed: Error: Failed to estimate gas: server returned an error response: error code -32000: insufficient funds for transfer

[16:32:59] [HOUSE]   Send empty (attempt 1)
[16:33:01] [HOUSE]   RPC https://base-mainnet.core failed: Error: Failed to estimate gas: server returned an error response: error code -32000: insufficient funds for transfer

[16:33:02] [HOUSE]   RPC https://base.drpc.org failed: Error: Failed to estimate gas: server returned an error response: error code -32003: insufficient funds for gas * price 
[16:33:03] [HOUSE]   RPC https://base-rpc.publicno failed: Error: Failed to estimate gas: server returned an error response: error code -32000: insufficient funds for transfer

[16:33:04] [HOUSE]   Send empty (attempt 2)
[16:33:07] [HOUSE]   RPC https://base-mainnet.core failed: Error: Failed to estimate gas: server returned an error response: error code -32000: insufficient funds for transfer

[16:33:07] [HOUSE]   RPC https://base.drpc.org failed: Error: Failed to estimate gas: server returned an error response: error code -32003: insufficient funds for gas * price 
[16:33:09] [HOUSE]   RPC https://base-rpc.publicno failed: Error: Failed to estimate gas: server returned an error response: error code -32000: insufficient funds for transfer

[16:33:10] [HOUSE]   Send empty (attempt 3)
[16:33:11] [HOUSE]   UNDER FAILED
[16:33:19] [HOUSE] Seeding 0x54520ac2fd...
[16:33:20] [HOUSE]   RPC https://base-mainnet.core failed: Error: Failed to estimate gas: server returned an error response: error code -32000: insufficient funds for transfer

[16:33:21] [HOUSE]   RPC https://base.drpc.org failed: Error: Failed to estimate gas: server returned an error response: error code -32003: insufficient funds for gas * price 
[16:33:22] [HOUSE]   RPC https://base-rpc.publicno failed: Error: Failed to estimate gas: server returned an error response: error code -32000: insufficient funds for transfer

[16:33:23] [HOUSE]   Send empty (attempt 1)
[16:33:25] [HOUSE]   RPC https://base-mainnet.core failed: Error: Failed to estimate gas: server returned an error response: error code -32000: insufficient funds for transfer

[16:33:26] [HOUSE]   RPC https://base.drpc.org failed: Error: Failed to estimate gas: server returned an error response: error code -32003: insufficient funds for gas * price 
[16:33:30] [HOUSE]   RPC https://base-rpc.publicno failed: Error: Failed to estimate gas: server returned an error response: error code -32000: insufficient funds for transfer

[16:33:30] [HOUSE]   Send empty (attempt 2)
[16:33:33] [HOUSE]   RPC https://base-mainnet.core failed: Error: Failed to estimate gas: server returned an error response: error code -32000: insufficient funds for transfer

[16:33:33] [HOUSE]   RPC https://base.drpc.org failed: Error: Failed to estimate gas: server returned an error response: error code -32003: insufficient funds for gas * price 
[16:33:36] [HOUSE]   RPC https://base-rpc.publicno failed: Error: Failed to estimate gas: server returned an error response: error code -32000: insufficient funds for transfer

[16:33:36] [HOUSE]   Send empty (attempt 3)
[16:33:37] [HOUSE]   UNDER FAILED
[16:34:38] [HOUSE] Seeding 0x54520ac2fd...
[16:34:39] [HOUSE]   RPC https://base-mainnet.core failed: Error: Failed to estimate gas: server returned an error response: error code -32000: insufficient funds for transfer

[16:34:40] [HOUSE]   RPC https://base.drpc.org failed: Error: Failed to estimate gas: server returned an error response: error code -32003: insufficient funds for gas * price 
[16:34:41] [HOUSE]   RPC https://base-rpc.publicno failed: Error: Failed to estimate gas: server returned an error response: error code -32000: insufficient funds for transfer

[16:34:42] [HOUSE]   Send empty (attempt 1)
[16:34:44] [HOUSE]   RPC https://base-mainnet.core failed: Error: Failed to estimate gas: server returned an error response: error code -32000: insufficient funds for transfer

[16:34:45] [HOUSE]   RPC https://base.drpc.org failed: Error: Failed to estimate gas: server returned an error response: error code -32003: insufficient funds for gas * price 
[16:34:47] [HOUSE]   RPC https://base-rpc.publicno failed: Error: Failed to estimate gas: server returned an error response: error code -32000: insufficient funds for transfer

[16:34:48] [HOUSE]   Send empty (attempt 2)
[16:34:50] [HOUSE]   RPC https://base-mainnet.core failed: Error: Failed to estimate gas: server returned an error response: error code -32000: insufficient funds for transfer

[16:34:51] [HOUSE]   RPC https://base.drpc.org failed: Error: Failed to estimate gas: server returned an error response: error code -32003: insufficient funds for gas * price 
[16:34:54] [HOUSE]   RPC https://base-rpc.publicno failed: Error: Failed to estimate gas: server returned an error response: error code -32000: insufficient funds for transfer

[16:34:54] [HOUSE]   Send empty (attempt 3)
[16:34:55] [HOUSE]   UNDER FAILED
[16:35:57] [HOUSE] Skip 0x54520ac2fd — lockTime passed (10s ago)
[16:38:57] [HOUSE] Seeding 0x396b8eD77a...
[16:38:58] [HOUSE]   RPC https://base-mainnet.core failed: Error: Failed to estimate gas: server returned an error response: error code -32000: insufficient funds for transfer

[16:38:59] [HOUSE]   RPC https://base.drpc.org failed: Error: Failed to estimate gas: server returned an error response: error code -32003: insufficient funds for gas * price 
[16:39:02] [HOUSE]   RPC https://base-rpc.publicno failed: Error: Failed to estimate gas: server returned an error response: error code -32000: insufficient funds for transfer

[16:39:03] [HOUSE]   Send empty (attempt 1)
[16:39:05] [HOUSE]   RPC https://base-mainnet.core failed: Error: Failed to estimate gas: server returned an error response: error code -32000: insufficient funds for transfer

[16:39:06] [HOUSE]   RPC https://base.drpc.org failed: Error: Failed to estimate gas: server returned an error response: error code -32003: insufficient funds for gas * price 
[16:39:08] [HOUSE]   RPC https://base-rpc.publicno failed: Error: Failed to estimate gas: server returned an error response: error code -32000: insufficient funds for transfer

[16:39:09] [HOUSE]   Market no longer OPEN (state=3)
[16:39:09] [HOUSE]   UNDER FAILED
[16:39:15] [HOUSE] Seeding 0x423f3e1486...
[16:39:16] [HOUSE]   RPC https://base-mainnet.core failed: Error: Failed to estimate gas: server returned an error response: error code -32000: insufficient funds for transfer

[16:39:17] [HOUSE]   RPC https://base.drpc.org failed: Error: Failed to estimate gas: server returned an error response: error code -32003: insufficient funds for gas * price 
[16:39:19] [HOUSE]   RPC https://base-rpc.publicno failed: Error: Failed to estimate gas: server returned an error response: error code -32000: insufficient funds for transfer

[16:39:19] [HOUSE]   Send empty (attempt 1)
[16:39:21] [HOUSE]   RPC https://base-mainnet.core failed: Error: Failed to estimate gas: server returned an error response: error code -32000: insufficient funds for transfer

[16:39:22] [HOUSE]   RPC https://base.drpc.org failed: Error: Failed to estimate gas: server returned an error response: error code -32003: insufficient funds for gas * price 
[16:39:24] [HOUSE]   RPC https://base-rpc.publicno failed: Error: Failed to estimate gas: server returned an error response: error code -32000: insufficient funds for transfer

[16:39:24] [HOUSE]   Send empty (attempt 2)
[16:39:26] [HOUSE]   RPC https://base-mainnet.core failed: Error: Failed to estimate gas: server returned an error response: error code -32000: insufficient funds for transfer

[16:39:27] [HOUSE]   RPC https://base.drpc.org failed: Error: Failed to estimate gas: server returned an error response: error code -32003: insufficient funds for gas * price 
[16:39:28] [HOUSE]   RPC https://base-rpc.publicno failed: Error: Failed to estimate gas: server returned an error response: error code -32000: insufficient funds for transfer

[16:39:29] [HOUSE]   Send empty (attempt 3)
[16:39:30] [HOUSE]   UNDER FAILED
[16:40:32] [HOUSE] Seeding 0x423f3e1486...
[16:40:33] [HOUSE]   RPC https://base-mainnet.core failed: Error: Failed to estimate gas: server returned an error response: error code -32000: insufficient funds for transfer

[16:40:34] [HOUSE]   RPC https://base.drpc.org failed: Error: Failed to estimate gas: server returned an error response: error code -32003: insufficient funds for gas * price 
[16:40:37] [HOUSE]   RPC https://base-rpc.publicno failed: Error: Failed to estimate gas: server returned an error response: error code -32000: insufficient funds for transfer

[16:40:38] [HOUSE]   Send empty (attempt 1)
[16:40:40] [HOUSE]   RPC https://base-mainnet.core failed: Error: Failed to estimate gas: server returned an error response: error code -32000: insufficient funds for transfer

[16:40:42] [HOUSE]   RPC https://base.drpc.org failed: Error: Failed to estimate gas: HTTP error 500 with body: {"id":3,"jsonrpc":"2.0","error":{"message":"Temporary internal 
[16:40:45] [HOUSE]   RPC https://base-rpc.publicno failed: Error: Failed to estimate gas: server returned an error response: error code -32000: insufficient funds for transfer

[16:40:46] [HOUSE]   Send empty (attempt 2)
[16:40:48] [HOUSE]   RPC https://base-mainnet.core failed: Error: Failed to estimate gas: server returned an error response: error code -32000: insufficient funds for transfer

[16:40:50] [HOUSE]   RPC https://base.drpc.org failed: Error: Failed to estimate gas: HTTP error 500 with body: {"id":3,"jsonrpc":"2.0","error":{"message":"Temporary internal 
[16:40:51] [HOUSE]   RPC https://base-rpc.publicno failed: Error: Failed to estimate gas: server returned an error response: error code -32000: insufficient funds for transfer

[16:40:51] [HOUSE]   Send empty (attempt 3)
[16:40:52] [HOUSE]   UNDER FAILED
[16:41:54] [HOUSE] Skip 0x423f3e1486 — lockTime passed (12s ago)
[16:44:54] [HOUSE] Seeding 0xfE95BFB9e8...
[16:44:55] [HOUSE]   RPC https://base-mainnet.core failed: Error: Failed to estimate gas: server returned an error response: error code -32000: insufficient funds for transfer

[16:44:56] [HOUSE]   RPC https://base.drpc.org failed: Error: Failed to estimate gas: server returned an error response: error code -32003: insufficient funds for gas * price 
[16:44:57] [HOUSE]   RPC https://base-rpc.publicno failed: Error: Failed to estimate gas: server returned an error response: error code -32000: insufficient funds for transfer

[16:44:58] [HOUSE]   Send empty (attempt 1)
[16:45:00] [HOUSE]   RPC https://base-mainnet.core failed: Error: Failed to estimate gas: server returned an error response: error code -32000: insufficient funds for transfer

[16:45:01] [HOUSE]   RPC https://base.drpc.org failed: Error: Failed to estimate gas: server returned an error response: error code -32003: insufficient funds for gas * price 
[16:45:03] [HOUSE]   RPC https://base-rpc.publicno failed: Error: Failed to estimate gas: server returned an error response: error code -32000: insufficient funds for transfer

[16:45:03] [HOUSE]   Send empty (attempt 2)
[16:45:05] [HOUSE]   RPC https://base-mainnet.core failed: Error: Failed to estimate gas: server returned an error response: error code -32000: insufficient funds for transfer

[16:45:06] [HOUSE]   RPC https://base.drpc.org failed: Error: Failed to estimate gas: server returned an error response: error code -32003: insufficient funds for gas * price 
[16:45:08] [HOUSE]   RPC https://base-rpc.publicno failed: Error: Failed to estimate gas: server returned an error response: error code -32000: insufficient funds for transfer

[16:45:09] [HOUSE]   Market no longer OPEN (state=3)
[16:45:09] [HOUSE]   UNDER FAILED
[16:45:12] [HOUSE] Seeding 0x3B15A35386...
[16:45:13] [HOUSE]   RPC https://base-mainnet.core failed: Error: Failed to estimate gas: server returned an error response: error code -32000: insufficient funds for transfer

[16:45:14] [HOUSE]   RPC https://base.drpc.org failed: Error: Failed to estimate gas: server returned an error response: error code -32003: insufficient funds for gas * price 
[16:45:16] [HOUSE]   RPC https://base-rpc.publicno failed: Error: Failed to estimate gas: server returned an error response: error code -32000: insufficient funds for transfer

[16:45:17] [HOUSE]   Send empty (attempt 1)
[16:45:19] [HOUSE]   RPC https://base-mainnet.core failed: Error: Failed to estimate gas: server returned an error response: error code -32000: insufficient funds for transfer

[16:45:19] [HOUSE]   RPC https://base.drpc.org failed: Error: Failed to estimate gas: server returned an error response: error code -32003: insufficient funds for gas * price 
[16:45:20] [HOUSE]   RPC https://base-rpc.publicno failed: Error: Failed to estimate gas: server returned an error response: error code -32000: insufficient funds for transfer

[16:45:21] [HOUSE]   Send empty (attempt 2)
[16:45:23] [HOUSE]   RPC https://base-mainnet.core failed: Error: Failed to estimate gas: server returned an error response: error code -32000: insufficient funds for transfer

[16:45:23] [HOUSE]   RPC https://base.drpc.org failed: Error: Failed to estimate gas: server returned an error response: error code -32003: insufficient funds for gas * price 
[16:45:25] [HOUSE]   RPC https://base-rpc.publicno failed: Error: Failed to estimate gas: server returned an error response: error code -32000: insufficient funds for transfer

[16:45:26] [HOUSE]   Send empty (attempt 3)
[16:45:27] [HOUSE]   UNDER FAILED
[16:46:29] [HOUSE] Seeding 0x3B15A35386...
[16:46:30] [HOUSE]   RPC https://base-mainnet.core failed: Error: Failed to estimate gas: server returned an error response: error code -32000: insufficient funds for transfer

[16:46:31] [HOUSE]   RPC https://base.drpc.org failed: Error: Failed to estimate gas: server returned an error response: error code -32003: insufficient funds for gas * price 
[16:46:36] [HOUSE]   RPC https://base-rpc.publicno failed: Error: Failed to estimate gas: server returned an error response: error code -32000: insufficient funds for transfer

[16:46:36] [HOUSE]   Send empty (attempt 1)
[16:46:39] [HOUSE]   RPC https://base-mainnet.core failed: Error: Failed to estimate gas: server returned an error response: error code -32000: insufficient funds for transfer

[16:46:40] [HOUSE]   RPC https://base.drpc.org failed: Error: Failed to estimate gas: server returned an error response: error code -32003: insufficient funds for gas * price 
[16:46:41] [HOUSE]   RPC https://base-rpc.publicno failed: Error: Failed to estimate gas: server returned an error response: error code -32000: insufficient funds for transfer

[16:46:42] [HOUSE]   Send empty (attempt 2)
[16:46:44] [HOUSE]   RPC https://base-mainnet.core failed: Error: Failed to estimate gas: server returned an error response: error code -32000: insufficient funds for transfer

[16:46:45] [HOUSE]   RPC https://base.drpc.org failed: Error: Failed to estimate gas: server returned an error response: error code -32003: insufficient funds for gas * price 
[16:46:47] [HOUSE]   RPC https://base-rpc.publicno failed: Error: Failed to estimate gas: server returned an error response: error code -32000: insufficient funds for transfer

[16:46:47] [HOUSE]   Send empty (attempt 3)
[16:46:48] [HOUSE]   UNDER FAILED
[16:47:49] [HOUSE] Skip 0x3B15A35386 — lockTime passed (9s ago)
[16:50:50] [HOUSE] Seeding 0xcc49297083...
[16:50:52] [HOUSE]   RPC https://base-mainnet.core failed: Error: Failed to estimate gas: server returned an error response: error code -32000: insufficient funds for transfer

[16:50:54] [HOUSE]   RPC https://base.drpc.org failed: Error: Failed to estimate gas: HTTP error 500 with body: {"id":3,"jsonrpc":"2.0","error":{"message":"Temporary internal 
[16:50:57] [HOUSE]   RPC https://base-rpc.publicno failed: Error: Failed to estimate gas: server returned an error response: error code -32000: insufficient funds for transfer

[16:50:57] [HOUSE]   Send empty (attempt 1)
[16:50:59] [HOUSE]   RPC https://base-mainnet.core failed: Error: Failed to estimate gas: server returned an error response: error code -32000: insufficient funds for transfer

[16:51:01] [HOUSE]   RPC https://base.drpc.org failed: Error: Failed to estimate gas: server returned an error response: error code -32003: insufficient funds for gas * price 
[16:51:02] [HOUSE]   RPC https://base-rpc.publicno failed: Error: Failed to estimate gas: server returned an error response: error code -32000: insufficient funds for transfer

[16:51:02] [HOUSE]   Send empty (attempt 2)
[16:51:04] [HOUSE]   RPC https://base-mainnet.core failed: Error: Failed to estimate gas: server returned an error response: error code -32000: insufficient funds for transfer

[16:51:06] [HOUSE]   RPC https://base.drpc.org failed: Error: Failed to estimate gas: server returned an error response: error code -32003: insufficient funds for gas * price 
[16:51:09] [HOUSE]   RPC https://base-rpc.publicno failed: Error: Failed to estimate gas: server returned an error response: error code -32000: insufficient funds for transfer

[16:51:10] [HOUSE]   Market no longer OPEN (state=3)
[16:51:10] [HOUSE]   UNDER FAILED
[16:51:13] [HOUSE] Seeding 0x89CDd00aCD...
[16:51:14] [HOUSE]   RPC https://base-mainnet.core failed: Error: Failed to estimate gas: server returned an error response: error code -32000: insufficient funds for transfer

[16:51:15] [HOUSE]   RPC https://base.drpc.org failed: Error: Failed to estimate gas: server returned an error response: error code -32003: insufficient funds for gas * price 
[16:51:17] [HOUSE]   RPC https://base-rpc.publicno failed: Error: Failed to estimate gas: server returned an error response: error code -32000: insufficient funds for transfer

[16:51:17] [HOUSE]   Send empty (attempt 1)
[16:51:19] [HOUSE]   RPC https://base-mainnet.core failed: Error: Failed to estimate gas: server returned an error response: error code -32000: insufficient funds for transfer

[16:51:20] [HOUSE]   RPC https://base.drpc.org failed: Error: Failed to estimate gas: server returned an error response: error code -32003: insufficient funds for gas * price 
[16:51:21] [HOUSE]   RPC https://base-rpc.publicno failed: Error: Failed to estimate gas: server returned an error response: error code -32000: insufficient funds for transfer

[16:51:21] [HOUSE]   Send empty (attempt 2)
[16:51:24] [HOUSE]   RPC https://base-mainnet.core failed: Error: Failed to estimate gas: server returned an error response: error code -32000: insufficient funds for transfer

[16:51:24] [HOUSE]   RPC https://base.drpc.org failed: Error: Failed to estimate gas: server returned an error response: error code -32003: insufficient funds for gas * price 
[16:51:25] [HOUSE]   RPC https://base-rpc.publicno failed: Error: Failed to estimate gas: server returned an error response: error code -32000: insufficient funds for transfer

[16:51:26] [HOUSE]   Send empty (attempt 3)
[16:51:27] [HOUSE]   UNDER FAILED
[16:52:30] [HOUSE] Seeding 0x89CDd00aCD...
[16:52:31] [HOUSE]   RPC https://base-mainnet.core failed: Error: Failed to estimate gas: server returned an error response: error code -32000: insufficient funds for transfer

[16:52:32] [HOUSE]   RPC https://base.drpc.org failed: Error: Failed to estimate gas: server returned an error response: error code -32003: insufficient funds for gas * price 
[16:52:34] [HOUSE]   RPC https://base-rpc.publicno failed: Error: Failed to estimate gas: server returned an error response: error code -32000: insufficient funds for transfer

[16:52:35] [HOUSE]   Send empty (attempt 1)
[16:52:37] [HOUSE]   RPC https://base-mainnet.core failed: Error: Failed to estimate gas: server returned an error response: error code -32000: insufficient funds for transfer

[16:52:38] [HOUSE]   RPC https://base.drpc.org failed: Error: Failed to estimate gas: server returned an error response: error code -32003: insufficient funds for gas * price 
[16:52:42] [HOUSE]   RPC https://base-rpc.publicno failed: Error: Failed to estimate gas: server returned an error response: error code -32000: insufficient funds for transfer

[16:52:42] [HOUSE]   Send empty (attempt 2)
[16:52:44] [HOUSE]   RPC https://base-mainnet.core failed: Error: Failed to estimate gas: server returned an error response: error code -32000: insufficient funds for transfer

[16:52:45] [HOUSE]   RPC https://base.drpc.org failed: Error: Failed to estimate gas: server returned an error response: error code -32003: insufficient funds for gas * price 
[16:52:46] [HOUSE]   RPC https://base-rpc.publicno failed: Error: Failed to estimate gas: server returned an error response: error code -32000: insufficient funds for transfer

[16:52:47] [HOUSE]   Send empty (attempt 3)
[16:52:48] [HOUSE]   UNDER FAILED
[16:53:51] [HOUSE] Skip 0x89CDd00aCD — lockTime passed (15s ago)
[16:56:49] [HOUSE] Seeding 0xd23fa3a3ce...
[16:56:51] [HOUSE]   RPC https://base-mainnet.core failed: Error: Failed to estimate gas: server returned an error response: error code -32000: insufficient funds for transfer

[16:56:51] [HOUSE]   RPC https://base.drpc.org failed: Error: Failed to estimate gas: server returned an error response: error code -32003: insufficient funds for gas * price 
[16:56:55] [HOUSE]   RPC https://base-rpc.publicno failed: Error: Failed to estimate gas: server returned an error response: error code -32000: insufficient funds for transfer

[16:56:55] [HOUSE]   Send empty (attempt 1)
[16:56:57] [HOUSE]   RPC https://base-mainnet.core failed: Error: Failed to estimate gas: server returned an error response: error code -32000: insufficient funds for transfer

[16:56:58] [HOUSE]   RPC https://base.drpc.org failed: Error: Failed to estimate gas: server returned an error response: error code -32003: insufficient funds for gas * price 
[16:57:01] [HOUSE]   RPC https://base-rpc.publicno failed: Error: Failed to estimate gas: server returned an error response: error code -32000: insufficient funds for transfer

[16:57:02] [HOUSE]   Send empty (attempt 2)
[16:57:04] [HOUSE]   RPC https://base-mainnet.core failed: Error: Failed to estimate gas: server returned an error response: error code -32000: insufficient funds for transfer

[16:57:05] [HOUSE]   RPC https://base.drpc.org failed: Error: Failed to estimate gas: server returned an error response: error code -32003: insufficient funds for gas * price 
[16:57:06] [HOUSE]   RPC https://base-rpc.publicno failed: Error: Failed to estimate gas: server returned an error response: error code -32000: insufficient funds for transfer

[16:57:07] [HOUSE]   Market no longer OPEN (state=3)
[16:57:07] [HOUSE]   UNDER FAILED
[16:57:14] [HOUSE] Seeding 0xF93172CB1f...
[16:57:15] [HOUSE]   RPC https://base-mainnet.core failed: Error: Failed to estimate gas: server returned an error response: error code -32000: insufficient funds for transfer

[16:57:16] [HOUSE]   RPC https://base.drpc.org failed: Error: Failed to estimate gas: server returned an error response: error code -32003: insufficient funds for gas * price 
[16:57:18] [HOUSE]   RPC https://base-rpc.publicno failed: Error: Failed to estimate gas: server returned an error response: error code -32000: insufficient funds for transfer

[16:57:18] [HOUSE]   Send empty (attempt 1)
[16:57:20] [HOUSE]   RPC https://base-mainnet.core failed: Error: Failed to estimate gas: server returned an error response: error code -32000: insufficient funds for transfer

[16:57:21] [HOUSE]   RPC https://base.drpc.org failed: Error: Failed to estimate gas: server returned an error response: error code -32003: insufficient funds for gas * price 
[16:57:23] [HOUSE]   RPC https://base-rpc.publicno failed: Error: Failed to estimate gas: server returned an error response: error code -32000: insufficient funds for transfer

[16:57:23] [HOUSE]   Send empty (attempt 2)
[16:57:25] [HOUSE]   RPC https://base-mainnet.core failed: Error: Failed to estimate gas: server returned an error response: error code -32000: insufficient funds for transfer

[16:57:26] [HOUSE]   RPC https://base.drpc.org failed: Error: Failed to estimate gas: server returned an error response: error code -32003: insufficient funds for gas * price 
[16:57:28] [HOUSE]   RPC https://base-rpc.publicno failed: Error: Failed to estimate gas: server returned an error response: error code -32000: insufficient funds for transfer

[16:57:28] [HOUSE]   Send empty (attempt 3)
[16:57:29] [HOUSE]   UNDER FAILED
[16:58:32] [HOUSE] Seeding 0xF93172CB1f...
[16:58:33] [HOUSE]   RPC https://base-mainnet.core failed: Error: Failed to estimate gas: server returned an error response: error code -32000: insufficient funds for transfer

[16:58:34] [HOUSE]   RPC https://base.drpc.org failed: Error: Failed to estimate gas: server returned an error response: error code -32003: insufficient funds for gas * price 
[16:58:35] [HOUSE]   RPC https://base-rpc.publicno failed: Error: Failed to estimate gas: server returned an error response: error code -32000: insufficient funds for transfer

[16:58:36] [HOUSE]   Send empty (attempt 1)
[16:58:38] [HOUSE]   RPC https://base-mainnet.core failed: Error: Failed to estimate gas: server returned an error response: error code -32000: insufficient funds for transfer

[16:58:39] [HOUSE]   RPC https://base.drpc.org failed: Error: Failed to estimate gas: server returned an error response: error code -32003: insufficient funds for gas * price 
[16:58:40] [HOUSE]   RPC https://base-rpc.publicno failed: Error: Failed to estimate gas: server returned an error response: error code -32000: insufficient funds for transfer

[16:58:41] [HOUSE]   Send empty (attempt 2)
[16:58:43] [HOUSE]   RPC https://base-mainnet.core failed: Error: Failed to estimate gas: server returned an error response: error code -32000: insufficient funds for transfer

[16:58:44] [HOUSE]   RPC https://base.drpc.org failed: Error: Failed to estimate gas: server returned an error response: error code -32003: insufficient funds for gas * price 
[16:58:47] [HOUSE]   RPC https://base-rpc.publicno failed: Error: Failed to estimate gas: server returned an error response: error code -32000: insufficient funds for transfer

[16:58:48] [HOUSE]   Send empty (attempt 3)
[16:58:49] [HOUSE]   UNDER FAILED
[16:59:50] [HOUSE] Skip 0xF93172CB1f — lockTime passed (10s ago)
[17:02:40] [HOUSE] Seeding 0x1c57200dC6...
[17:02:41] [HOUSE]   RPC https://base-mainnet.core failed: Error: Failed to estimate gas: server returned an error response: error code -32000: insufficient funds for transfer

[17:02:42] [HOUSE]   RPC https://base.drpc.org failed: Error: Failed to estimate gas: server returned an error response: error code -32003: insufficient funds for gas * price 
[17:02:44] [HOUSE]   RPC https://base-rpc.publicno failed: Error: Failed to estimate gas: server returned an error response: error code -32000: insufficient funds for transfer

[17:02:44] [HOUSE]   Send empty (attempt 1)
[17:02:47] [HOUSE]   RPC https://base-mainnet.core failed: Error: Failed to estimate gas: server returned an error response: error code -32000: insufficient funds for transfer

[17:02:47] [HOUSE]   RPC https://base.drpc.org failed: Error: Failed to estimate gas: server returned an error response: error code -32003: insufficient funds for gas * price 
[17:02:51] [HOUSE]   RPC https://base-rpc.publicno failed: Error: Failed to estimate gas: server returned an error response: error code -32000: insufficient funds for transfer

[17:02:52] [HOUSE]   Send empty (attempt 2)
[17:02:54] [HOUSE]   RPC https://base-mainnet.core failed: Error: Failed to estimate gas: server returned an error response: error code -32000: insufficient funds for transfer

[17:02:55] [HOUSE]   RPC https://base.drpc.org failed: Error: Failed to estimate gas: server returned an error response: error code -32003: insufficient funds for gas * price 
[17:03:15] [HOUSE]   RPC https://base-rpc.publicno timeout
[17:03:15] [HOUSE]   Market no longer OPEN (state=3)
[17:03:15] [HOUSE]   UNDER FAILED
[17:03:18] [HOUSE] Seeding 0x6FD61A5836...
[17:03:20] [HOUSE]   RPC https://base-mainnet.core failed: Error: Failed to estimate gas: server returned an error response: error code -32000: insufficient funds for transfer

[17:03:20] [HOUSE]   RPC https://base.drpc.org failed: Error: Failed to estimate gas: server returned an error response: error code -32003: insufficient funds for gas * price 
[17:03:22] [HOUSE]   RPC https://base-rpc.publicno failed: Error: Failed to estimate gas: server returned an error response: error code -32000: insufficient funds for transfer

[17:03:23] [HOUSE]   Send empty (attempt 1)
[17:03:25] [HOUSE]   RPC https://base-mainnet.core failed: Error: Failed to estimate gas: server returned an error response: error code -32000: insufficient funds for transfer

[17:03:26] [HOUSE]   RPC https://base.drpc.org failed: Error: Failed to estimate gas: server returned an error response: error code -32003: insufficient funds for gas * price 
[17:03:28] [HOUSE]   RPC https://base-rpc.publicno failed: Error: Failed to estimate gas: server returned an error response: error code -32000: insufficient funds for transfer

[17:03:28] [HOUSE]   Send empty (attempt 2)
[17:03:30] [HOUSE]   RPC https://base-mainnet.core failed: Error: Failed to estimate gas: server returned an error response: error code -32000: insufficient funds for transfer

[17:03:31] [HOUSE]   RPC https://base.drpc.org failed: Error: Failed to estimate gas: server returned an error response: error code -32003: insufficient funds for gas * price 
[17:03:33] [HOUSE]   RPC https://base-rpc.publicno failed: Error: Failed to estimate gas: server returned an error response: error code -32000: insufficient funds for transfer

[17:03:34] [HOUSE]   Send empty (attempt 3)
[17:03:35] [HOUSE]   UNDER FAILED
[17:04:35] [HOUSE] Seeding 0x6FD61A5836...
[17:04:37] [HOUSE]   RPC https://base-mainnet.core failed: Error: Failed to estimate gas: server returned an error response: error code -32000: insufficient funds for transfer

[17:04:38] [HOUSE]   RPC https://base.drpc.org failed: Error: Failed to estimate gas: server returned an error response: error code -32003: insufficient funds for gas * price 
[17:04:45] [HOUSE]   RPC https://base-rpc.publicno failed: Error: Failed to estimate gas: server returned an error response: error code -32000: insufficient funds for transfer

[17:04:45] [HOUSE]   Send empty (attempt 1)
[17:04:48] [HOUSE]   RPC https://base-mainnet.core failed: Error: Failed to estimate gas: server returned an error response: error code -32000: insufficient funds for transfer

[17:04:48] [HOUSE]   RPC https://base.drpc.org failed: Error: Failed to estimate gas: server returned an error response: error code -32003: insufficient funds for gas * price 
[17:04:50] [HOUSE]   RPC https://base-rpc.publicno failed: Error: Failed to estimate gas: server returned an error response: error code -32000: insufficient funds for transfer

[17:04:50] [HOUSE]   Send empty (attempt 2)
[17:04:52] [HOUSE]   RPC https://base-mainnet.core failed: Error: Failed to estimate gas: server returned an error response: error code -32000: insufficient funds for transfer

[17:04:53] [HOUSE]   RPC https://base.drpc.org failed: Error: Failed to estimate gas: server returned an error response: error code -32003: insufficient funds for gas * price 
[17:04:56] [HOUSE]   RPC https://base-rpc.publicno failed: Error: Failed to estimate gas: server returned an error response: error code -32000: insufficient funds for transfer

[17:04:57] [HOUSE]   Send empty (attempt 3)
[17:04:58] [HOUSE]   UNDER FAILED
[17:05:59] [HOUSE] Skip 0x6FD61A5836 — lockTime passed (22s ago)
[17:08:38] [HOUSE] Seeding 0x392A223516...
[17:08:39] [HOUSE]   RPC https://base-mainnet.core failed: Error: Failed to estimate gas: server returned an error response: error code -32000: insufficient funds for transfer

[17:08:39] [HOUSE]   RPC https://base.drpc.org failed: Error: Failed to estimate gas: server returned an error response: error code -32003: insufficient funds for gas * price 
[17:08:44] [HOUSE]   RPC https://base-rpc.publicno failed: Error: Failed to estimate gas: server returned an error response: error code -32000: insufficient funds for transfer

[17:08:44] [HOUSE]   Send empty (attempt 1)
[17:08:47] [HOUSE]   RPC https://base-mainnet.core failed: Error: Failed to estimate gas: server returned an error response: error code -32000: insufficient funds for transfer

[17:08:47] [HOUSE]   RPC https://base.drpc.org failed: Error: Failed to estimate gas: server returned an error response: error code -32003: insufficient funds for gas * price 
[17:08:52] [HOUSE]   RPC https://base-rpc.publicno failed: Error: Failed to estimate gas: server returned an error response: error code -32000: insufficient funds for transfer

[17:08:52] [HOUSE]   Send empty (attempt 2)
[17:08:54] [HOUSE]   RPC https://base-mainnet.core failed: Error: Failed to estimate gas: server returned an error response: error code -32000: insufficient funds for transfer

[17:08:55] [HOUSE]   RPC https://base.drpc.org failed: Error: Failed to estimate gas: server returned an error response: error code -32003: insufficient funds for gas * price 
[17:09:01] [HOUSE]   RPC https://base-rpc.publicno failed: Error: Failed to estimate gas: server returned an error response: error code -32000: insufficient funds for transfer

[17:09:01] [HOUSE]   Market no longer OPEN (state=3)
[17:09:01] [HOUSE]   UNDER FAILED
[17:09:07] [HOUSE] Seeding 0x1596360817...
[17:09:08] [HOUSE]   RPC https://base-mainnet.core failed: Error: Failed to estimate gas: server returned an error response: error code -32000: insufficient funds for transfer

[17:09:09] [HOUSE]   RPC https://base.drpc.org failed: Error: Failed to estimate gas: server returned an error response: error code -32003: insufficient funds for gas * price 
[17:09:11] [HOUSE]   RPC https://base-rpc.publicno failed: Error: Failed to estimate gas: server returned an error response: error code -32000: insufficient funds for transfer

[17:09:12] [HOUSE]   Send empty (attempt 1)
[17:09:14] [HOUSE]   RPC https://base-mainnet.core failed: Error: Failed to estimate gas: server returned an error response: error code -32000: insufficient funds for transfer

[17:09:15] [HOUSE]   RPC https://base.drpc.org failed: Error: Failed to estimate gas: server returned an error response: error code -32003: insufficient funds for gas * price 
[17:09:17] [HOUSE]   RPC https://base-rpc.publicno failed: Error: Failed to estimate gas: server returned an error response: error code -32000: insufficient funds for transfer

[17:09:17] [HOUSE]   Send empty (attempt 2)
[17:09:20] [HOUSE]   RPC https://base-mainnet.core failed: Error: Failed to estimate gas: server returned an error response: error code -32000: insufficient funds for transfer

[17:09:20] [HOUSE]   RPC https://base.drpc.org failed: Error: Failed to estimate gas: server returned an error response: error code -32003: insufficient funds for gas * price 
[17:09:21] [HOUSE]   RPC https://base-rpc.publicno failed: Error: Failed to estimate gas: server returned an error response: error code -32000: insufficient funds for transfer

[17:09:22] [HOUSE]   Send empty (attempt 3)
[17:09:23] [HOUSE]   UNDER FAILED
[17:10:25] [HOUSE] Seeding 0x1596360817...
[17:10:26] [HOUSE]   RPC https://base-mainnet.core failed: Error: Failed to estimate gas: server returned an error response: error code -32000: insufficient funds for transfer

[17:10:27] [HOUSE]   RPC https://base.drpc.org failed: Error: Failed to estimate gas: server returned an error response: error code -32003: insufficient funds for gas * price 
[17:10:28] [HOUSE]   RPC https://base-rpc.publicno failed: Error: Failed to estimate gas: server returned an error response: error code -32000: insufficient funds for transfer

[17:10:29] [HOUSE]   Send empty (attempt 1)
[17:10:31] [HOUSE]   RPC https://base-mainnet.core failed: Error: Failed to estimate gas: server returned an error response: error code -32000: insufficient funds for transfer

[17:10:31] [HOUSE]   RPC https://base.drpc.org failed: Error: Failed to estimate gas: server returned an error response: error code -32003: insufficient funds for gas * price 
[17:10:35] [HOUSE]   RPC https://base-rpc.publicno failed: Error: Failed to estimate gas: server returned an error response: error code -32000: insufficient funds for transfer

[17:10:36] [HOUSE]   Send empty (attempt 2)
[17:10:38] [HOUSE]   RPC https://base-mainnet.core failed: Error: Failed to estimate gas: server returned an error response: error code -32000: insufficient funds for transfer

[17:10:39] [HOUSE]   RPC https://base.drpc.org failed: Error: Failed to estimate gas: server returned an error response: error code -32003: insufficient funds for gas * price 
[17:10:42] [HOUSE]   RPC https://base-rpc.publicno failed: Error: Failed to estimate gas: server returned an error response: error code -32000: insufficient funds for transfer

[17:10:42] [HOUSE]   Send empty (attempt 3)
[17:10:43] [HOUSE]   UNDER FAILED
[17:11:45] [HOUSE] Skip 0x1596360817 — lockTime passed (10s ago)
[17:14:38] [HOUSE] Seeding 0xf16b09bE7B...
[17:14:39] [HOUSE]   RPC https://base-mainnet.core failed: Error: Failed to estimate gas: server returned an error response: error code -32000: insufficient funds for transfer

[17:14:40] [HOUSE]   RPC https://base.drpc.org failed: Error: Failed to estimate gas: server returned an error response: error code -32003: insufficient funds for gas * price 
[17:14:42] [HOUSE]   RPC https://base-rpc.publicno failed: Error: Failed to estimate gas: server returned an error response: error code -32000: insufficient funds for transfer

[17:14:42] [HOUSE]   Send empty (attempt 1)
[17:14:44] [HOUSE]   RPC https://base-mainnet.core failed: Error: Failed to estimate gas: server returned an error response: error code -32000: insufficient funds for transfer

[17:14:45] [HOUSE]   RPC https://base.drpc.org failed: Error: Failed to estimate gas: server returned an error response: error code -32003: insufficient funds for gas * price 
[17:14:47] [HOUSE]   RPC https://base-rpc.publicno failed: Error: Failed to estimate gas: server returned an error response: error code -32000: insufficient funds for transfer

[17:14:47] [HOUSE]   Send empty (attempt 2)
[17:14:50] [HOUSE]   RPC https://base-mainnet.core failed: Error: Failed to estimate gas: server returned an error response: error code -32000: insufficient funds for transfer

[17:14:50] [HOUSE]   RPC https://base.drpc.org failed: Error: Failed to estimate gas: server returned an error response: error code -32003: insufficient funds for gas * price 
[17:14:57] [HOUSE]   RPC https://base-rpc.publicno failed: Error: Failed to estimate gas: server returned an error response: error code -32000: insufficient funds for transfer

[17:14:57] [HOUSE]   Send empty (attempt 3)
[17:14:58] [HOUSE]   UNDER FAILED
[17:15:07] [HOUSE] Seeding 0x3B7970e341...
[17:15:08] [HOUSE]   RPC https://base-mainnet.core failed: Error: Failed to estimate gas: server returned an error response: error code -32000: insufficient funds for transfer

[17:15:09] [HOUSE]   RPC https://base.drpc.org failed: Error: Failed to estimate gas: server returned an error response: error code -32003: insufficient funds for gas * price 
[17:15:10] [HOUSE]   RPC https://base-rpc.publicno failed: Error: Failed to estimate gas: server returned an error response: error code -32000: insufficient funds for transfer

[17:15:10] [HOUSE]   Send empty (attempt 1)
[17:15:12] [HOUSE]   RPC https://base-mainnet.core failed: Error: Failed to estimate gas: server returned an error response: error code -32000: insufficient funds for transfer

[17:15:13] [HOUSE]   RPC https://base.drpc.org failed: Error: Failed to estimate gas: server returned an error response: error code -32003: insufficient funds for gas * price 
[17:15:14] [HOUSE]   RPC https://base-rpc.publicno failed: Error: Failed to estimate gas: server returned an error response: error code -32000: insufficient funds for transfer

[17:15:15] [HOUSE]   Send empty (attempt 2)
[17:15:17] [HOUSE]   RPC https://base-mainnet.core failed: Error: Failed to estimate gas: server returned an error response: error code -32000: insufficient funds for transfer

[17:15:18] [HOUSE]   RPC https://base.drpc.org failed: Error: Failed to estimate gas: server returned an error response: error code -32003: insufficient funds for gas * price 
[17:15:20] [HOUSE]   RPC https://base-rpc.publicno failed: Error: Failed to estimate gas: server returned an error response: error code -32000: insufficient funds for transfer

[17:15:20] [HOUSE]   Send empty (attempt 3)
[17:15:21] [HOUSE]   UNDER FAILED
[17:16:24] [HOUSE] Seeding 0x3B7970e341...
[17:16:26] [HOUSE]   RPC https://base-mainnet.core failed: Error: Failed to estimate gas: server returned an error response: error code -32000: insufficient funds for transfer

[17:16:26] [HOUSE]   RPC https://base.drpc.org failed: Error: Failed to estimate gas: server returned an error response: error code -32003: insufficient funds for gas * price 
[17:16:29] [HOUSE]   RPC https://base-rpc.publicno failed: Error: Failed to estimate gas: server returned an error response: error code -32000: insufficient funds for transfer

[17:16:29] [HOUSE]   Send empty (attempt 1)
[17:16:31] [HOUSE]   RPC https://base-mainnet.core failed: Error: Failed to estimate gas: server returned an error response: error code -32000: insufficient funds for transfer

[17:16:32] [HOUSE]   RPC https://base.drpc.org failed: Error: Failed to estimate gas: server returned an error response: error code -32003: insufficient funds for gas * price 
[17:16:34] [HOUSE]   RPC https://base-rpc.publicno failed: Error: Failed to estimate gas: server returned an error response: error code -32000: insufficient funds for transfer

[17:16:34] [HOUSE]   Send empty (attempt 2)
[17:16:37] [HOUSE]   RPC https://base-mainnet.core failed: Error: Failed to estimate gas: server returned an error response: error code -32000: insufficient funds for transfer

[17:16:37] [HOUSE]   RPC https://base.drpc.org failed: Error: Failed to estimate gas: server returned an error response: error code -32003: insufficient funds for gas * price 
[17:16:39] [HOUSE]   RPC https://base-rpc.publicno failed: Error: Failed to estimate gas: server returned an error response: error code -32000: insufficient funds for transfer

[17:16:40] [HOUSE]   Send empty (attempt 3)
[17:16:41] [HOUSE]   UNDER FAILED
[17:17:44] [HOUSE] Skip 0x3B7970e341 — lockTime passed (9s ago)
[17:20:34] [HOUSE] Seeding 0xE7f629259b...
[17:20:35] [HOUSE]   RPC https://base-mainnet.core failed: Error: Failed to estimate gas: server returned an error response: error code -32000: insufficient funds for transfer

[17:20:36] [HOUSE]   RPC https://base.drpc.org failed: Error: Failed to estimate gas: server returned an error response: error code -32003: insufficient funds for gas * price 
[17:20:38] [HOUSE]   RPC https://base-rpc.publicno failed: Error: Failed to estimate gas: server returned an error response: error code -32000: insufficient funds for transfer

[17:20:39] [HOUSE]   Send empty (attempt 1)
[17:20:41] [HOUSE]   RPC https://base-mainnet.core failed: Error: Failed to estimate gas: server returned an error response: error code -32000: insufficient funds for transfer

[17:20:43] [HOUSE]   RPC https://base.drpc.org failed: Error: Failed to estimate gas: HTTP error 500 with body: {"id":3,"jsonrpc":"2.0","error":{"message":"Temporary internal 
[17:20:45] [HOUSE]   RPC https://base-rpc.publicno failed: Error: Failed to estimate gas: server returned an error response: error code -32000: insufficient funds for transfer

[17:20:46] [HOUSE]   Send empty (attempt 2)
[17:20:48] [HOUSE]   RPC https://base-mainnet.core failed: Error: Failed to estimate gas: server returned an error response: error code -32000: insufficient funds for transfer

[17:20:50] [HOUSE]   RPC https://base.drpc.org failed: Error: Failed to estimate gas: HTTP error 500 with body: {"id":3,"jsonrpc":"2.0","error":{"message":"Temporary internal 
[17:20:54] [HOUSE]   RPC https://base-rpc.publicno failed: Error: Failed to estimate gas: server returned an error response: error code -32000: insufficient funds for transfer

[17:20:54] [HOUSE]   Send empty (attempt 3)
[17:20:55] [HOUSE]   UNDER FAILED
[17:21:09] [HOUSE] Seeding 0x03FA636470...
[17:21:10] [HOUSE]   RPC https://base-mainnet.core failed: Error: Failed to estimate gas: server returned an error response: error code -32000: insufficient funds for transfer

[17:21:11] [HOUSE]   RPC https://base.drpc.org failed: Error: Failed to estimate gas: server returned an error response: error code -32003: insufficient funds for gas * price 
[17:21:12] [HOUSE]   RPC https://base-rpc.publicno failed: Error: Failed to estimate gas: server returned an error response: error code -32000: insufficient funds for transfer

[17:21:13] [HOUSE]   Send empty (attempt 1)
[17:21:15] [HOUSE]   RPC https://base-mainnet.core failed: Error: Failed to estimate gas: server returned an error response: error code -32000: insufficient funds for transfer

[17:21:16] [HOUSE]   RPC https://base.drpc.org failed: Error: Failed to estimate gas: server returned an error response: error code -32003: insufficient funds for gas * price 
[17:21:17] [HOUSE]   RPC https://base-rpc.publicno failed: Error: Failed to estimate gas: server returned an error response: error code -32000: insufficient funds for transfer

[17:21:18] [HOUSE]   Send empty (attempt 2)
[17:21:20] [HOUSE]   RPC https://base-mainnet.core failed: Error: Failed to estimate gas: server returned an error response: error code -32000: insufficient funds for transfer

[17:21:21] [HOUSE]   RPC https://base.drpc.org failed: Error: Failed to estimate gas: server returned an error response: error code -32003: insufficient funds for gas * price 
[17:21:22] [HOUSE]   RPC https://base-rpc.publicno failed: Error: Failed to estimate gas: server returned an error response: error code -32000: insufficient funds for transfer

[17:21:23] [HOUSE]   Send empty (attempt 3)
[17:21:24] [HOUSE]   UNDER FAILED
[17:22:26] [HOUSE] Seeding 0x03FA636470...
[17:22:27] [HOUSE]   RPC https://base-mainnet.core failed: Error: Failed to estimate gas: server returned an error response: error code -32000: insufficient funds for transfer

[17:22:28] [HOUSE]   RPC https://base.drpc.org failed: Error: Failed to estimate gas: server returned an error response: error code -32003: insufficient funds for gas * price 
[17:22:31] [HOUSE]   RPC https://base-rpc.publicno failed: Error: Failed to estimate gas: server returned an error response: error code -32000: insufficient funds for transfer

[17:22:32] [HOUSE]   Send empty (attempt 1)
[17:22:34] [HOUSE]   RPC https://base-mainnet.core failed: Error: Failed to estimate gas: server returned an error response: error code -32000: insufficient funds for transfer

[17:22:35] [HOUSE]   RPC https://base.drpc.org failed: Error: Failed to estimate gas: server returned an error response: error code -32003: insufficient funds for gas * price 
[17:22:41] [HOUSE]   RPC https://base-rpc.publicno failed: Error: Failed to estimate gas: server returned an error response: error code -32000: insufficient funds for transfer

[17:22:41] [HOUSE]   Send empty (attempt 2)
[17:22:44] [HOUSE]   RPC https://base-mainnet.core failed: Error: Failed to estimate gas: server returned an error response: error code -32000: insufficient funds for transfer

[17:22:45] [HOUSE]   RPC https://base.drpc.org failed: Error: Failed to estimate gas: server returned an error response: error code -32003: insufficient funds for gas * price 
[17:22:45] [HOUSE]   RPC https://base-rpc.publicno failed: Error: Failed to estimate gas: server returned an error response: error code -32000: insufficient funds for transfer

[17:22:46] [HOUSE]   Send empty (attempt 3)
[17:22:47] [HOUSE]   UNDER FAILED
[17:23:47] [HOUSE] Skip 0x03FA636470 — lockTime passed (11s ago)
[17:26:32] [HOUSE] Seeding 0xeCe6511E64...
[17:26:33] [HOUSE]   RPC https://base-mainnet.core failed: Error: Failed to estimate gas: server returned an error response: error code -32000: insufficient funds for transfer

[17:26:33] [HOUSE]   RPC https://base.drpc.org failed: Error: Failed to estimate gas: server returned an error response: error code -32003: insufficient funds for gas * price 
[17:26:35] [HOUSE]   RPC https://base-rpc.publicno failed: Error: Failed to estimate gas: server returned an error response: error code -32000: insufficient funds for transfer

[17:26:35] [HOUSE]   Send empty (attempt 1)
[17:26:37] [HOUSE]   RPC https://base-mainnet.core failed: Error: Failed to estimate gas: server returned an error response: error code -32000: insufficient funds for transfer

[17:26:38] [HOUSE]   RPC https://base.drpc.org failed: Error: Failed to estimate gas: server returned an error response: error code -32003: insufficient funds for gas * price 
[17:26:40] [HOUSE]   RPC https://base-rpc.publicno failed: Error: Failed to estimate gas: server returned an error response: error code -32000: insufficient funds for transfer

[17:26:40] [HOUSE]   Send empty (attempt 2)
[17:26:43] [HOUSE]   RPC https://base-mainnet.core failed: Error: Failed to estimate gas: server returned an error response: error code -32000: insufficient funds for transfer

[17:26:43] [HOUSE]   RPC https://base.drpc.org failed: Error: Failed to estimate gas: server returned an error response: error code -32003: insufficient funds for gas * price 
[17:26:45] [HOUSE]   RPC https://base-rpc.publicno failed: Error: Failed to estimate gas: server returned an error response: error code -32000: insufficient funds for transfer

[17:26:45] [HOUSE]   Send empty (attempt 3)
[17:26:46] [HOUSE]   UNDER FAILED
[17:27:12] [HOUSE] Seeding 0x7Fd0e3Cc9a...
[17:27:13] [HOUSE]   RPC https://base-mainnet.core failed: Error: Failed to estimate gas: server returned an error response: error code -32000: insufficient funds for transfer

[17:27:14] [HOUSE]   RPC https://base.drpc.org failed: Error: Failed to estimate gas: server returned an error response: error code -32003: insufficient funds for gas * price 
[17:27:16] [HOUSE]   RPC https://base-rpc.publicno failed: Error: Failed to estimate gas: server returned an error response: error code -32000: insufficient funds for transfer

[17:27:16] [HOUSE]   Send empty (attempt 1)
[17:27:18] [HOUSE]   RPC https://base-mainnet.core failed: Error: Failed to estimate gas: server returned an error response: error code -32000: insufficient funds for transfer

[17:27:19] [HOUSE]   RPC https://base.drpc.org failed: Error: Failed to estimate gas: server returned an error response: error code -32003: insufficient funds for gas * price 
[17:27:23] [HOUSE]   RPC https://base-rpc.publicno failed: Error: Failed to estimate gas: server returned an error response: error code -32000: insufficient funds for transfer

[17:27:23] [HOUSE]   Send empty (attempt 2)
[17:27:25] [HOUSE]   RPC https://base-mainnet.core failed: Error: Failed to estimate gas: server returned an error response: error code -32000: insufficient funds for transfer

[17:27:26] [HOUSE]   RPC https://base.drpc.org failed: Error: Failed to estimate gas: server returned an error response: error code -32003: insufficient funds for gas * price 
[17:27:28] [HOUSE]   RPC https://base-rpc.publicno failed: Error: Failed to estimate gas: server returned an error response: error code -32000: insufficient funds for transfer

[17:27:28] [HOUSE]   Send empty (attempt 3)
[17:27:29] [HOUSE]   UNDER FAILED
[17:28:32] [HOUSE] Seeding 0x7Fd0e3Cc9a...
[17:28:33] [HOUSE]   RPC https://base-mainnet.core failed: Error: Failed to estimate gas: server returned an error response: error code -32000: insufficient funds for transfer

[17:28:34] [HOUSE]   RPC https://base.drpc.org failed: Error: Failed to estimate gas: server returned an error response: error code -32003: insufficient funds for gas * price 
[17:28:38] [HOUSE]   RPC https://base-rpc.publicno failed: Error: Failed to estimate gas: server returned an error response: error code -32000: insufficient funds for transfer

[17:28:38] [HOUSE]   Send empty (attempt 1)
[17:28:40] [HOUSE]   RPC https://base-mainnet.core failed: Error: Failed to estimate gas: server returned an error response: error code -32000: insufficient funds for transfer

[17:28:41] [HOUSE]   RPC https://base.drpc.org failed: Error: Failed to estimate gas: server returned an error response: error code -32003: insufficient funds for gas * price 
[17:28:42] [HOUSE]   RPC https://base-rpc.publicno failed: Error: Failed to estimate gas: server returned an error response: error code -32000: insufficient funds for transfer

[17:28:43] [HOUSE]   Send empty (attempt 2)
[17:28:45] [HOUSE]   RPC https://base-mainnet.core failed: Error: Failed to estimate gas: server returned an error response: error code -32000: insufficient funds for transfer

[17:28:46] [HOUSE]   RPC https://base.drpc.org failed: Error: Failed to estimate gas: server returned an error response: error code -32003: insufficient funds for gas * price 
[17:28:47] [HOUSE]   RPC https://base-rpc.publicno failed: Error: Failed to estimate gas: server returned an error response: error code -32000: insufficient funds for transfer

[17:28:47] [HOUSE]   Send empty (attempt 3)
[17:28:48] [HOUSE]   UNDER FAILED
[17:29:49] [HOUSE] Skip 0x7Fd0e3Cc9a — lockTime passed (11s ago)
[17:32:27] [HOUSE] Seeding 0x8F54E2910d...
[17:32:28] [HOUSE]   RPC https://base-mainnet.core failed: Error: Failed to estimate gas: server returned an error response: error code -32000: insufficient funds for transfer

[17:32:28] [HOUSE]   RPC https://base.drpc.org failed: Error: Failed to estimate gas: server returned an error response: error code -32003: insufficient funds for gas * price 
[17:32:31] [HOUSE]   RPC https://base-rpc.publicno failed: Error: Failed to estimate gas: server returned an error response: error code -32000: insufficient funds for transfer

[17:32:31] [HOUSE]   Send empty (attempt 1)
[17:32:34] [HOUSE]   RPC https://base-mainnet.core failed: Error: Failed to estimate gas: server returned an error response: error code -32000: insufficient funds for transfer

[17:32:34] [HOUSE]   RPC https://base.drpc.org failed: Error: Failed to estimate gas: server returned an error response: error code -32003: insufficient funds for gas * price 
[17:32:36] [HOUSE]   RPC https://base-rpc.publicno failed: Error: Failed to estimate gas: server returned an error response: error code -32000: insufficient funds for transfer

[17:32:36] [HOUSE]   Send empty (attempt 2)
[17:32:38] [HOUSE]   RPC https://base-mainnet.core failed: Error: Failed to estimate gas: server returned an error response: error code -32000: insufficient funds for transfer

[17:32:40] [HOUSE]   RPC https://base.drpc.org failed: Error: Failed to estimate gas: server returned an error response: error code -32003: insufficient funds for gas * price 
[17:32:42] [HOUSE]   RPC https://base-rpc.publicno failed: Error: Failed to estimate gas: server returned an error response: error code -32000: insufficient funds for transfer

[17:32:42] [HOUSE]   Send empty (attempt 3)
[17:32:43] [HOUSE]   UNDER FAILED
[17:33:10] [HOUSE] Seeding 0x421F9ee801...
[17:33:11] [HOUSE]   RPC https://base-mainnet.core failed: Error: Failed to estimate gas: server returned an error response: error code -32000: insufficient funds for transfer

[17:33:12] [HOUSE]   RPC https://base.drpc.org failed: Error: Failed to estimate gas: server returned an error response: error code -32003: insufficient funds for gas * price 
[17:33:13] [HOUSE]   RPC https://base-rpc.publicno failed: Error: Failed to estimate gas: server returned an error response: error code -32000: insufficient funds for transfer

[17:33:14] [HOUSE]   Send empty (attempt 1)
[17:33:16] [HOUSE]   RPC https://base-mainnet.core failed: Error: Failed to estimate gas: server returned an error response: error code -32000: insufficient funds for transfer

[17:33:17] [HOUSE]   RPC https://base.drpc.org failed: Error: Failed to estimate gas: server returned an error response: error code -32003: insufficient funds for gas * price 
[17:33:19] [HOUSE]   RPC https://base-rpc.publicno failed: Error: Failed to estimate gas: server returned an error response: error code -32000: insufficient funds for transfer

[17:33:20] [HOUSE]   Send empty (attempt 2)
[17:33:22] [HOUSE]   RPC https://base-mainnet.core failed: Error: Failed to estimate gas: server returned an error response: error code -32000: insufficient funds for transfer

[17:33:23] [HOUSE]   RPC https://base.drpc.org failed: Error: Failed to estimate gas: server returned an error response: error code -32003: insufficient funds for gas * price 
[17:33:24] [HOUSE]   RPC https://base-rpc.publicno failed: Error: Failed to estimate gas: server returned an error response: error code -32000: insufficient funds for transfer

[17:33:24] [HOUSE]   Send empty (attempt 3)
[17:33:25] [HOUSE]   UNDER FAILED
[17:34:26] [HOUSE] Seeding 0x421F9ee801...
[17:34:27] [HOUSE]   RPC https://base-mainnet.core failed: Error: Failed to estimate gas: server returned an error response: error code -32000: insufficient funds for transfer

[17:34:28] [HOUSE]   RPC https://base.drpc.org failed: Error: Failed to estimate gas: server returned an error response: error code -32003: insufficient funds for gas * price 
[17:34:31] [HOUSE]   RPC https://base-rpc.publicno failed: Error: Failed to estimate gas: server returned an error response: error code -32000: insufficient funds for transfer

[17:34:31] [HOUSE]   Send empty (attempt 1)
[17:34:34] [HOUSE]   RPC https://base-mainnet.core failed: Error: Failed to estimate gas: server returned an error response: error code -32000: insufficient funds for transfer

[17:34:35] [HOUSE]   RPC https://base.drpc.org failed: Error: Failed to estimate gas: server returned an error response: error code -32003: insufficient funds for gas * price 
[17:34:37] [HOUSE]   RPC https://base-rpc.publicno failed: Error: Failed to estimate gas: server returned an error response: error code -32000: insufficient funds for transfer

[17:34:37] [HOUSE]   Send empty (attempt 2)
[17:34:39] [HOUSE]   RPC https://base-mainnet.core failed: Error: Failed to estimate gas: server returned an error response: error code -32000: insufficient funds for transfer

[17:34:40] [HOUSE]   RPC https://base.drpc.org failed: Error: Failed to estimate gas: server returned an error response: error code -32003: insufficient funds for gas * price 
[17:34:41] [HOUSE]   RPC https://base-rpc.publicno failed: Error: Failed to estimate gas: server returned an error response: error code -32000: insufficient funds for transfer

[17:34:42] [HOUSE]   Send empty (attempt 3)
[17:34:43] [HOUSE]   UNDER FAILED
[17:35:45] [HOUSE] Skip 0x421F9ee801 — lockTime passed (9s ago)
[17:38:25] [HOUSE] Seeding 0x099b299ed2...
[17:38:26] [HOUSE]   RPC https://base-mainnet.core failed: Error: Failed to estimate gas: server returned an error response: error code -32000: insufficient funds for transfer

[17:38:27] [HOUSE]   RPC https://base.drpc.org failed: Error: Failed to estimate gas: server returned an error response: error code -32003: insufficient funds for gas * price 
[17:38:28] [HOUSE]   RPC https://base-rpc.publicno failed: Error: Failed to estimate gas: server returned an error response: error code -32000: insufficient funds for transfer

[17:38:29] [HOUSE]   Send empty (attempt 1)
[17:38:31] [HOUSE]   RPC https://base-mainnet.core failed: Error: Failed to estimate gas: server returned an error response: error code -32000: insufficient funds for transfer

[17:38:32] [HOUSE]   RPC https://base.drpc.org failed: Error: Failed to estimate gas: server returned an error response: error code -32003: insufficient funds for gas * price 
[17:38:34] [HOUSE]   RPC https://base-rpc.publicno failed: Error: Failed to estimate gas: server returned an error response: error code -32000: insufficient funds for transfer

[17:38:34] [HOUSE]   Send empty (attempt 2)
[17:38:36] [HOUSE]   RPC https://base-mainnet.core failed: Error: Failed to estimate gas: server returned an error response: error code -32000: insufficient funds for transfer

[17:38:38] [HOUSE]   RPC https://base.drpc.org failed: Error: Failed to estimate gas: server returned an error response: error code -32003: insufficient funds for gas * price 
[17:38:39] [HOUSE]   RPC https://base-rpc.publicno failed: Error: Failed to estimate gas: server returned an error response: error code -32000: insufficient funds for transfer

[17:38:40] [HOUSE]   Send empty (attempt 3)
[17:38:41] [HOUSE]   UNDER FAILED
[17:39:05] [HOUSE] Seeding 0x965AcCC889...
[17:39:07] [HOUSE]   RPC https://base-mainnet.core failed: Error: Failed to estimate gas: server returned an error response: error code -32000: insufficient funds for transfer

[17:39:07] [HOUSE]   RPC https://base.drpc.org failed: Error: Failed to estimate gas: server returned an error response: error code -32003: insufficient funds for gas * price 
[17:39:09] [HOUSE]   RPC https://base-rpc.publicno failed: Error: Failed to estimate gas: server returned an error response: error code -32000: insufficient funds for transfer

[17:39:09] [HOUSE]   Send empty (attempt 1)
[17:39:12] [HOUSE]   RPC https://base-mainnet.core failed: Error: Failed to estimate gas: server returned an error response: error code -32000: insufficient funds for transfer

[17:39:12] [HOUSE]   RPC https://base.drpc.org failed: Error: Failed to estimate gas: server returned an error response: error code -32003: insufficient funds for gas * price 
[17:39:19] [HOUSE]   RPC https://base-rpc.publicno failed: Error: Failed to estimate gas: server returned an error response: error code -32000: insufficient funds for transfer

[17:39:20] [HOUSE]   Send empty (attempt 2)
[17:39:22] [HOUSE]   RPC https://base-mainnet.core failed: Error: Failed to estimate gas: server returned an error response: error code -32000: insufficient funds for transfer

[17:39:23] [HOUSE]   RPC https://base.drpc.org failed: Error: Failed to estimate gas: server returned an error response: error code -32003: insufficient funds for gas * price 
[17:39:24] [HOUSE]   RPC https://base-rpc.publicno failed: Error: Failed to estimate gas: server returned an error response: error code -32000: insufficient funds for transfer

[17:39:24] [HOUSE]   Send empty (attempt 3)
[17:39:25] [HOUSE]   UNDER FAILED
[17:40:28] [HOUSE] Seeding 0x965AcCC889...
[17:40:29] [HOUSE]   RPC https://base-mainnet.core failed: Error: Failed to estimate gas: server returned an error response: error code -32000: insufficient funds for transfer

[17:40:30] [HOUSE]   RPC https://base.drpc.org failed: Error: Failed to estimate gas: server returned an error response: error code -32003: insufficient funds for gas * price 
[17:40:33] [HOUSE]   RPC https://base-rpc.publicno failed: Error: Failed to estimate gas: server returned an error response: error code -32000: insufficient funds for transfer

[17:40:34] [HOUSE]   Send empty (attempt 1)
[17:40:36] [HOUSE]   RPC https://base-mainnet.core failed: Error: Failed to estimate gas: server returned an error response: error code -32000: insufficient funds for transfer

[17:40:37] [HOUSE]   RPC https://base.drpc.org failed: Error: Failed to estimate gas: server returned an error response: error code -32003: insufficient funds for gas * price 
[17:40:38] [HOUSE]   RPC https://base-rpc.publicno failed: Error: Failed to estimate gas: server returned an error response: error code -32000: insufficient funds for transfer

[17:40:39] [HOUSE]   Send empty (attempt 2)
[17:40:41] [HOUSE]   RPC https://base-mainnet.core failed: Error: Failed to estimate gas: server returned an error response: error code -32000: insufficient funds for transfer

[17:40:43] [HOUSE]   RPC https://base.drpc.org failed: Error: Failed to estimate gas: HTTP error 500 with body: {"id":3,"jsonrpc":"2.0","error":{"message":"Temporary internal 
[17:40:44] [HOUSE]   RPC https://base-rpc.publicno failed: Error: Failed to estimate gas: server returned an error response: error code -32000: insufficient funds for transfer

[17:40:45] [HOUSE]   Send empty (attempt 3)
[17:40:46] [HOUSE]   UNDER FAILED
[17:41:47] [HOUSE] Skip 0x965AcCC889 — lockTime passed (15s ago)
[17:44:21] [HOUSE] Seeding 0x20a077feE9...
[17:44:22] [HOUSE]   RPC https://base-mainnet.core failed: Error: Failed to estimate gas: server returned an error response: error code -32000: insufficient funds for transfer

[17:44:23] [HOUSE]   RPC https://base.drpc.org failed: Error: Failed to estimate gas: server returned an error response: error code -32003: insufficient funds for gas * price 
[17:44:24] [HOUSE]   RPC https://base-rpc.publicno failed: Error: Failed to estimate gas: server returned an error response: error code -32000: insufficient funds for transfer

[17:44:25] [HOUSE]   Send empty (attempt 1)
[17:44:27] [HOUSE]   RPC https://base-mainnet.core failed: Error: Failed to estimate gas: server returned an error response: error code -32000: insufficient funds for transfer

[17:44:28] [HOUSE]   RPC https://base.drpc.org failed: Error: Failed to estimate gas: server returned an error response: error code -32003: insufficient funds for gas * price 
[17:44:31] [HOUSE]   RPC https://base-rpc.publicno failed: Error: Failed to estimate gas: server returned an error response: error code -32000: insufficient funds for transfer

[17:44:32] [HOUSE]   Send empty (attempt 2)
[17:44:34] [HOUSE]   RPC https://base-mainnet.core failed: Error: Failed to estimate gas: server returned an error response: error code -32000: insufficient funds for transfer

[17:44:35] [HOUSE]   RPC https://base.drpc.org failed: Error: Failed to estimate gas: server returned an error response: error code -32003: insufficient funds for gas * price 
[17:44:37] [HOUSE]   RPC https://base-rpc.publicno failed: Error: Failed to estimate gas: server returned an error response: error code -32000: insufficient funds for transfer

[17:44:37] [HOUSE]   Send empty (attempt 3)
[17:44:38] [HOUSE]   UNDER FAILED
[17:45:01] [HOUSE] Seeding 0x35A592cb19...
[17:45:02] [HOUSE]   RPC https://base-mainnet.core failed: Error: Failed to estimate gas: server returned an error response: error code -32000: insufficient funds for transfer

[17:45:03] [HOUSE]   RPC https://base.drpc.org failed: Error: Failed to estimate gas: server returned an error response: error code -32003: insufficient funds for gas * price 
[17:45:05] [HOUSE]   RPC https://base-rpc.publicno failed: Error: Failed to estimate gas: server returned an error response: error code -32000: insufficient funds for transfer

[17:45:05] [HOUSE]   Send empty (attempt 1)
[17:45:07] [HOUSE]   RPC https://base-mainnet.core failed: Error: Failed to estimate gas: server returned an error response: error code -32000: insufficient funds for transfer

[17:45:08] [HOUSE]   RPC https://base.drpc.org failed: Error: Failed to estimate gas: server returned an error response: error code -32003: insufficient funds for gas * price 
[17:45:10] [HOUSE]   RPC https://base-rpc.publicno failed: Error: Failed to estimate gas: server returned an error response: error code -32000: insufficient funds for transfer

[17:45:11] [HOUSE]   Send empty (attempt 2)
[17:45:13] [HOUSE]   RPC https://base-mainnet.core failed: Error: Failed to estimate gas: server returned an error response: error code -32000: insufficient funds for transfer

[17:45:14] [HOUSE]   RPC https://base.drpc.org failed: Error: Failed to estimate gas: server returned an error response: error code -32003: insufficient funds for gas * price 
[17:45:15] [HOUSE]   RPC https://base-rpc.publicno failed: Error: Failed to estimate gas: server returned an error response: error code -32000: insufficient funds for transfer

[17:45:16] [HOUSE]   Send empty (attempt 3)
[17:45:17] [HOUSE]   UNDER FAILED
[17:46:20] [HOUSE] Seeding 0x35A592cb19...
[17:46:21] [HOUSE]   RPC https://base-mainnet.core failed: Error: Failed to estimate gas: server returned an error response: error code -32000: insufficient funds for transfer

[17:46:22] [HOUSE]   RPC https://base.drpc.org failed: Error: Failed to estimate gas: server returned an error response: error code -32003: insufficient funds for gas * price 
[17:46:26] [HOUSE]   RPC https://base-rpc.publicno failed: Error: Failed to estimate gas: server returned an error response: error code -32000: insufficient funds for transfer

[17:46:26] [HOUSE]   Send empty (attempt 1)
[17:46:29] [HOUSE]   RPC https://base-mainnet.core failed: Error: Failed to estimate gas: server returned an error response: error code -32000: insufficient funds for transfer

[17:46:29] [HOUSE]   RPC https://base.drpc.org failed: Error: Failed to estimate gas: server returned an error response: error code -32003: insufficient funds for gas * price 
[17:46:31] [HOUSE]   RPC https://base-rpc.publicno failed: Error: Failed to estimate gas: server returned an error response: error code -32000: insufficient funds for transfer

[17:46:31] [HOUSE]   Send empty (attempt 2)
[17:46:34] [HOUSE]   RPC https://base-mainnet.core failed: Error: Failed to estimate gas: server returned an error response: error code -32000: insufficient funds for transfer

[17:46:34] [HOUSE]   RPC https://base.drpc.org failed: Error: Failed to estimate gas: server returned an error response: error code -32003: insufficient funds for gas * price 
[17:46:36] [HOUSE]   RPC https://base-rpc.publicno failed: Error: Failed to estimate gas: server returned an error response: error code -32000: insufficient funds for transfer

[17:46:37] [HOUSE]   Send empty (attempt 3)
[17:46:38] [HOUSE]   UNDER FAILED
[17:47:39] [HOUSE] Skip 0x35A592cb19 — lockTime passed (11s ago)
[17:50:18] [HOUSE] Seeding 0x46F81aa2C0...
[17:50:20] [HOUSE]   RPC https://base-mainnet.core failed: Error: Failed to estimate gas: server returned an error response: error code -32000: insufficient funds for transfer

[17:50:20] [HOUSE]   RPC https://base.drpc.org failed: Error: Failed to estimate gas: server returned an error response: error code -32003: insufficient funds for gas * price 
[17:50:22] [HOUSE]   RPC https://base-rpc.publicno failed: Error: Failed to estimate gas: server returned an error response: error code -32000: insufficient funds for transfer

[17:50:23] [HOUSE]   Send empty (attempt 1)
[17:50:25] [HOUSE]   RPC https://base-mainnet.core failed: Error: Failed to estimate gas: server returned an error response: error code -32000: insufficient funds for transfer

[17:50:26] [HOUSE]   RPC https://base.drpc.org failed: Error: Failed to estimate gas: server returned an error response: error code -32003: insufficient funds for gas * price 
[17:50:29] [HOUSE]   RPC https://base-rpc.publicno failed: Error: Failed to estimate gas: server returned an error response: error code -32000: insufficient funds for transfer

[17:50:29] [HOUSE]   Send empty (attempt 2)
[17:50:32] [HOUSE]   RPC https://base-mainnet.core failed: Error: Failed to estimate gas: server returned an error response: error code -32000: insufficient funds for transfer

[17:50:32] [HOUSE]   RPC https://base.drpc.org failed: Error: Failed to estimate gas: server returned an error response: error code -32003: insufficient funds for gas * price 
[17:50:34] [HOUSE]   RPC https://base-rpc.publicno failed: Error: Failed to estimate gas: server returned an error response: error code -32000: insufficient funds for transfer

[17:50:34] [HOUSE]   Send empty (attempt 3)
[17:50:35] [HOUSE]   UNDER FAILED
[17:51:00] [HOUSE] Seeding 0xd4063049D7...
[17:51:01] [HOUSE]   RPC https://base-mainnet.core failed: Error: Failed to estimate gas: server returned an error response: error code -32000: insufficient funds for transfer

[17:51:02] [HOUSE]   RPC https://base.drpc.org failed: Error: Failed to estimate gas: server returned an error response: error code -32003: insufficient funds for gas * price 
[17:51:03] [HOUSE]   RPC https://base-rpc.publicno failed: Error: Failed to estimate gas: server returned an error response: error code -32000: insufficient funds for transfer

[17:51:04] [HOUSE]   Send empty (attempt 1)
[17:51:06] [HOUSE]   RPC https://base-mainnet.core failed: Error: Failed to estimate gas: server returned an error response: error code -32000: insufficient funds for transfer

[17:51:07] [HOUSE]   RPC https://base.drpc.org failed: Error: Failed to estimate gas: server returned an error response: error code -32003: insufficient funds for gas * price 
[17:51:09] [HOUSE]   RPC https://base-rpc.publicno failed: Error: Failed to estimate gas: server returned an error response: error code -32000: insufficient funds for transfer

[17:51:10] [HOUSE]   Send empty (attempt 2)
[17:51:12] [HOUSE]   RPC https://base-mainnet.core failed: Error: Failed to estimate gas: server returned an error response: error code -32000: insufficient funds for transfer

[17:51:13] [HOUSE]   RPC https://base.drpc.org failed: Error: Failed to estimate gas: server returned an error response: error code -32003: insufficient funds for gas * price 
[17:51:16] [HOUSE]   RPC https://base-rpc.publicno failed: Error: Failed to estimate gas: server returned an error response: error code -32000: insufficient funds for transfer

[17:51:17] [HOUSE]   Send empty (attempt 3)
[17:51:18] [HOUSE]   UNDER FAILED
[17:52:19] [HOUSE] Seeding 0xd4063049D7...
[17:52:21] [HOUSE]   RPC https://base-mainnet.core failed: Error: Failed to estimate gas: server returned an error response: error code -32000: insufficient funds for transfer

[17:52:22] [HOUSE]   RPC https://base.drpc.org failed: Error: Failed to estimate gas: server returned an error response: error code -32003: insufficient funds for gas * price 
[17:52:23] [HOUSE]   RPC https://base-rpc.publicno failed: Error: Failed to estimate gas: server returned an error response: error code -32000: insufficient funds for transfer

[17:52:23] [HOUSE]   Send empty (attempt 1)
[17:52:26] [HOUSE]   RPC https://base-mainnet.core failed: Error: Failed to estimate gas: server returned an error response: error code -32000: insufficient funds for transfer

[17:52:26] [HOUSE]   RPC https://base.drpc.org failed: Error: Failed to estimate gas: server returned an error response: error code -32003: insufficient funds for gas * price 
[17:52:27] [HOUSE]   RPC https://base-rpc.publicno failed: Error: Failed to estimate gas: server returned an error response: error code -32000: insufficient funds for transfer

[17:52:28] [HOUSE]   Send empty (attempt 2)
[17:52:30] [HOUSE]   RPC https://base-mainnet.core failed: Error: Failed to estimate gas: server returned an error response: error code -32000: insufficient funds for transfer

[17:52:31] [HOUSE]   RPC https://base.drpc.org failed: Error: Failed to estimate gas: server returned an error response: error code -32003: insufficient funds for gas * price 
[17:52:40] [HOUSE]   RPC https://base-rpc.publicno failed: Error: Failed to estimate gas: server returned an error response: error code -32000: insufficient funds for transfer

[17:52:41] [HOUSE]   Send empty (attempt 3)
[17:52:42] [HOUSE]   UNDER FAILED
[17:53:44] [HOUSE] Skip 0xd4063049D7 — lockTime passed (16s ago)
[17:56:09] [HOUSE] Seeding 0x4D13d4BA91...
[17:56:11] [HOUSE]   RPC https://base-mainnet.core failed: Error: Failed to estimate gas: server returned an error response: error code -32000: insufficient funds for transfer

[17:56:11] [HOUSE]   RPC https://base.drpc.org failed: Error: Failed to estimate gas: server returned an error response: error code -32003: insufficient funds for gas * price 
[17:56:13] [HOUSE]   RPC https://base-rpc.publicno failed: Error: Failed to estimate gas: server returned an error response: error code -32000: insufficient funds for transfer

[17:56:14] [HOUSE]   Send empty (attempt 1)
[17:56:16] [HOUSE]   RPC https://base-mainnet.core failed: Error: Failed to estimate gas: server returned an error response: error code -32000: insufficient funds for transfer

[17:56:17] [HOUSE]   RPC https://base.drpc.org failed: Error: Failed to estimate gas: server returned an error response: error code -32003: insufficient funds for gas * price 
[17:56:19] [HOUSE]   RPC https://base-rpc.publicno failed: Error: Failed to estimate gas: server returned an error response: error code -32000: insufficient funds for transfer

[17:56:19] [HOUSE]   Send empty (attempt 2)
[17:56:22] [HOUSE]   RPC https://base-mainnet.core failed: Error: Failed to estimate gas: server returned an error response: error code -32000: insufficient funds for transfer

[17:56:23] [HOUSE]   RPC https://base.drpc.org failed: Error: Failed to estimate gas: server returned an error response: error code -32003: insufficient funds for gas * price 
[17:56:24] [HOUSE]   RPC https://base-rpc.publicno failed: Error: Failed to estimate gas: server returned an error response: error code -32000: insufficient funds for transfer

[17:56:25] [HOUSE]   Send empty (attempt 3)
[17:56:26] [HOUSE]   UNDER FAILED
[17:56:57] [HOUSE] Seeding 0xff381A8c6C...
[17:56:58] [HOUSE]   RPC https://base-mainnet.core failed: Error: Failed to estimate gas: server returned an error response: error code -32000: insufficient funds for transfer

[17:56:59] [HOUSE]   RPC https://base.drpc.org failed: Error: Failed to estimate gas: server returned an error response: error code -32003: insufficient funds for gas * price 
[17:57:01] [HOUSE]   RPC https://base-rpc.publicno failed: Error: Failed to estimate gas: server returned an error response: error code -32000: insufficient funds for transfer

[17:57:01] [HOUSE]   Send empty (attempt 1)
[17:57:03] [HOUSE]   RPC https://base-mainnet.core failed: Error: Failed to estimate gas: server returned an error response: error code -32000: insufficient funds for transfer

[17:57:04] [HOUSE]   RPC https://base.drpc.org failed: Error: Failed to estimate gas: server returned an error response: error code -32003: insufficient funds for gas * price 
[17:57:05] [HOUSE]   RPC https://base-rpc.publicno failed: Error: Failed to estimate gas: server returned an error response: error code -32000: insufficient funds for transfer

[17:57:06] [HOUSE]   Send empty (attempt 2)
[17:57:08] [HOUSE]   RPC https://base-mainnet.core failed: Error: Failed to estimate gas: server returned an error response: error code -32000: insufficient funds for transfer

[17:57:09] [HOUSE]   RPC https://base.drpc.org failed: Error: Failed to estimate gas: server returned an error response: error code -32003: insufficient funds for gas * price 
[17:57:11] [HOUSE]   RPC https://base-rpc.publicno failed: Error: Failed to estimate gas: server returned an error response: error code -32000: insufficient funds for transfer

[17:57:12] [HOUSE]   Send empty (attempt 3)
[17:57:13] [HOUSE]   UNDER FAILED
[17:58:13] [HOUSE] Seeding 0xff381A8c6C...
[17:58:14] [HOUSE]   RPC https://base-mainnet.core failed: Error: Failed to estimate gas: server returned an error response: error code -32000: insufficient funds for transfer

[17:58:15] [HOUSE]   RPC https://base.drpc.org failed: Error: Failed to estimate gas: server returned an error response: error code -32003: insufficient funds for gas * price 
[17:58:17] [HOUSE]   RPC https://base-rpc.publicno failed: Error: Failed to estimate gas: server returned an error response: error code -32000: insufficient funds for transfer

[17:58:18] [HOUSE]   Send empty (attempt 1)
[17:58:20] [HOUSE]   RPC https://base-mainnet.core failed: Error: Failed to estimate gas: server returned an error response: error code -32000: insufficient funds for transfer

[17:58:21] [HOUSE]   RPC https://base.drpc.org failed: Error: Failed to estimate gas: server returned an error response: error code -32003: insufficient funds for gas * price 
[17:58:22] [HOUSE]   RPC https://base-rpc.publicno failed: Error: Failed to estimate gas: server returned an error response: error code -32000: insufficient funds for transfer

[17:58:23] [HOUSE]   Send empty (attempt 2)
[17:58:25] [HOUSE]   RPC https://base-mainnet.core failed: Error: Failed to estimate gas: server returned an error response: error code -32000: insufficient funds for transfer

[17:58:26] [HOUSE]   RPC https://base.drpc.org failed: Error: Failed to estimate gas: server returned an error response: error code -32003: insufficient funds for gas * price 
[17:58:27] [HOUSE]   RPC https://base-rpc.publicno failed: Error: Failed to estimate gas: server returned an error response: error code -32000: insufficient funds for transfer

[17:58:28] [HOUSE]   Send empty (attempt 3)
[17:58:29] [HOUSE]   UNDER FAILED
[17:59:30] [HOUSE] Skip 0xff381A8c6C — lockTime passed (5s ago)
[18:02:00] [HOUSE] Seeding 0x10eD2eD2f3...
[18:02:01] [HOUSE]   RPC https://base-mainnet.core failed: Error: Failed to estimate gas: server returned an error response: error code -32000: insufficient funds for transfer

[18:02:02] [HOUSE]   RPC https://base.drpc.org failed: Error: Failed to estimate gas: server returned an error response: error code -32003: insufficient funds for gas * price 
[18:02:04] [HOUSE]   RPC https://base-rpc.publicno failed: Error: Failed to estimate gas: server returned an error response: error code -32000: insufficient funds for transfer

[18:02:04] [HOUSE]   Send empty (attempt 1)
[18:02:07] [HOUSE]   RPC https://base-mainnet.core failed: Error: Failed to estimate gas: server returned an error response: error code -32000: insufficient funds for transfer

[18:02:07] [HOUSE]   RPC https://base.drpc.org failed: Error: Failed to estimate gas: server returned an error response: error code -32003: insufficient funds for gas * price 
[18:02:08] [HOUSE]   RPC https://base-rpc.publicno failed: Error: Failed to estimate gas: server returned an error response: error code -32000: insufficient funds for transfer

[18:02:09] [HOUSE]   Send empty (attempt 2)
[18:02:11] [HOUSE]   RPC https://base-mainnet.core failed: Error: Failed to estimate gas: server returned an error response: error code -32000: insufficient funds for transfer

[18:02:12] [HOUSE]   RPC https://base.drpc.org failed: Error: Failed to estimate gas: server returned an error response: error code -32003: insufficient funds for gas * price 
[18:02:31] [HOUSE]   RPC https://base-rpc.publicno failed: Error: Failed to estimate gas: server returned an error response: error code -32000: insufficient funds for transfer

[18:02:31] [HOUSE]   Send empty (attempt 3)
[18:02:32] [HOUSE]   UNDER FAILED
[18:03:01] [HOUSE] Seeding 0x1d050dB2F6...
[18:03:03] [HOUSE]   RPC https://base-mainnet.core failed: Error: Failed to estimate gas: server returned an error response: error code -32000: insufficient funds for transfer

[18:03:03] [HOUSE]   RPC https://base.drpc.org failed: Error: Failed to estimate gas: server returned an error response: error code -32003: insufficient funds for gas * price 
[18:03:05] [HOUSE]   RPC https://base-rpc.publicno failed: Error: Failed to estimate gas: server returned an error response: error code -32000: insufficient funds for transfer

[18:03:05] [HOUSE]   Send empty (attempt 1)
[18:03:07] [HOUSE]   RPC https://base-mainnet.core failed: Error: Failed to estimate gas: server returned an error response: error code -32000: insufficient funds for transfer

[18:03:08] [HOUSE]   RPC https://base.drpc.org failed: Error: Failed to estimate gas: server returned an error response: error code -32003: insufficient funds for gas * price 
[18:03:09] [HOUSE]   RPC https://base-rpc.publicno failed: Error: Failed to estimate gas: server returned an error response: error code -32000: insufficient funds for transfer

[18:03:10] [HOUSE]   Send empty (attempt 2)
[18:03:12] [HOUSE]   RPC https://base-mainnet.core failed: Error: Failed to estimate gas: server returned an error response: error code -32000: insufficient funds for transfer

[18:03:13] [HOUSE]   RPC https://base.drpc.org failed: Error: Failed to estimate gas: server returned an error response: error code -32003: insufficient funds for gas * price 
[18:03:17] [HOUSE]   RPC https://base-rpc.publicno failed: Error: Failed to estimate gas: server returned an error response: error code -32000: insufficient funds for transfer

[18:03:17] [HOUSE]   Send empty (attempt 3)
[18:03:18] [HOUSE]   UNDER FAILED
[18:04:19] [HOUSE] Seeding 0x1d050dB2F6...
[18:04:20] [HOUSE]   RPC https://base-mainnet.core failed: Error: Failed to estimate gas: server returned an error response: error code -32000: insufficient funds for transfer

[18:04:21] [HOUSE]   RPC https://base.drpc.org failed: Error: Failed to estimate gas: server returned an error response: error code -32003: insufficient funds for gas * price 
[18:04:22] [HOUSE]   RPC https://base-rpc.publicno failed: Error: Failed to estimate gas: server returned an error response: error code -32000: insufficient funds for transfer

[18:04:23] [HOUSE]   Send empty (attempt 1)
[18:04:25] [HOUSE]   RPC https://base-mainnet.core failed: Error: Failed to estimate gas: server returned an error response: error code -32000: insufficient funds for transfer

[18:04:26] [HOUSE]   RPC https://base.drpc.org failed: Error: Failed to estimate gas: server returned an error response: error code -32003: insufficient funds for gas * price 
[18:04:28] [HOUSE]   RPC https://base-rpc.publicno failed: Error: Failed to estimate gas: server returned an error response: error code -32000: insufficient funds for transfer

[18:04:28] [HOUSE]   Send empty (attempt 2)
[18:04:31] [HOUSE]   RPC https://base-mainnet.core failed: Error: Failed to estimate gas: server returned an error response: error code -32000: insufficient funds for transfer

[18:04:31] [HOUSE]   RPC https://base.drpc.org failed: Error: Failed to estimate gas: server returned an error response: error code -32003: insufficient funds for gas * price 
[18:04:34] [HOUSE]   RPC https://base-rpc.publicno failed: Error: Failed to estimate gas: server returned an error response: error code -32000: insufficient funds for transfer

[18:04:34] [HOUSE]   Send empty (attempt 3)
[18:04:35] [HOUSE]   UNDER FAILED
[18:05:38] [HOUSE] Skip 0x1d050dB2F6 — lockTime passed (11s ago)
[18:07:51] [HOUSE] Seeding 0x692dcd58B4...
[18:07:52] [HOUSE]   RPC https://base-mainnet.core failed: Error: Failed to estimate gas: server returned an error response: error code -32000: insufficient funds for transfer

[18:07:53] [HOUSE]   RPC https://base.drpc.org failed: Error: Failed to estimate gas: server returned an error response: error code -32003: insufficient funds for gas * price 
[18:07:54] [HOUSE]   RPC https://base-rpc.publicno failed: Error: Failed to estimate gas: server returned an error response: error code -32000: insufficient funds for transfer

[18:07:55] [HOUSE]   Send empty (attempt 1)
[18:07:57] [HOUSE]   RPC https://base-mainnet.core failed: Error: Failed to estimate gas: server returned an error response: error code -32000: insufficient funds for transfer

[18:07:57] [HOUSE]   RPC https://base.drpc.org failed: Error: Failed to estimate gas: server returned an error response: error code -32003: insufficient funds for gas * price 
[18:08:03] [HOUSE]   RPC https://base-rpc.publicno failed: Error: Failed to estimate gas: server returned an error response: error code -32000: insufficient funds for transfer

[18:08:03] [HOUSE]   Send empty (attempt 2)
[18:08:05] [HOUSE]   RPC https://base-mainnet.core failed: Error: Failed to estimate gas: server returned an error response: error code -32000: insufficient funds for transfer

[18:08:06] [HOUSE]   RPC https://base.drpc.org failed: Error: Failed to estimate gas: server returned an error response: error code -32003: insufficient funds for gas * price 
[18:08:07] [HOUSE]   RPC https://base-rpc.publicno failed: Error: Failed to estimate gas: server returned an error response: error code -32000: insufficient funds for transfer

[18:08:08] [HOUSE]   Send empty (attempt 3)
[18:08:09] [HOUSE]   UNDER FAILED
[18:08:54] [HOUSE] Seeding 0x3D64623ffd...
[18:08:55] [HOUSE]   RPC https://base-mainnet.core failed: Error: Failed to estimate gas: server returned an error response: error code -32000: insufficient funds for transfer

[18:08:56] [HOUSE]   RPC https://base.drpc.org failed: Error: Failed to estimate gas: server returned an error response: error code -32003: insufficient funds for gas * price 
[18:08:58] [HOUSE]   RPC https://base-rpc.publicno failed: Error: Failed to estimate gas: server returned an error response: error code -32000: insufficient funds for transfer

[18:08:58] [HOUSE]   Send empty (attempt 1)
[18:09:01] [HOUSE]   RPC https://base-mainnet.core failed: Error: Failed to estimate gas: server returned an error response: error code -32000: insufficient funds for transfer

[18:09:01] [HOUSE]   RPC https://base.drpc.org failed: Error: Failed to estimate gas: server returned an error response: error code -32003: insufficient funds for gas * price 
[18:09:02] [HOUSE]   RPC https://base-rpc.publicno failed: Error: Failed to estimate gas: server returned an error response: error code -32000: insufficient funds for transfer

[18:09:03] [HOUSE]   Send empty (attempt 2)
[18:09:05] [HOUSE]   RPC https://base-mainnet.core failed: Error: Failed to estimate gas: server returned an error response: error code -32000: insufficient funds for transfer

[18:09:06] [HOUSE]   RPC https://base.drpc.org failed: Error: Failed to estimate gas: server returned an error response: error code -32003: insufficient funds for gas * price 
[18:09:07] [HOUSE]   RPC https://base-rpc.publicno failed: Error: Failed to estimate gas: server returned an error response: error code -32000: insufficient funds for transfer

[18:09:07] [HOUSE]   Send empty (attempt 3)
[18:09:08] [HOUSE]   UNDER FAILED
[18:10:11] [HOUSE] Seeding 0x3D64623ffd...
[18:10:12] [HOUSE]   RPC https://base-mainnet.core failed: Error: Failed to estimate gas: server returned an error response: error code -32000: insufficient funds for transfer

[18:10:13] [HOUSE]   RPC https://base.drpc.org failed: Error: Failed to estimate gas: server returned an error response: error code -32003: insufficient funds for gas * price 
[18:10:21] [HOUSE]   RPC https://base-rpc.publicno failed: Error: Failed to estimate gas: server returned an error response: error code -32000: insufficient funds for transfer

[18:10:22] [HOUSE]   Send empty (attempt 1)
[18:10:24] [HOUSE]   RPC https://base-mainnet.core failed: Error: Failed to estimate gas: server returned an error response: error code -32000: insufficient funds for transfer

[18:10:25] [HOUSE]   RPC https://base.drpc.org failed: Error: Failed to estimate gas: server returned an error response: error code -32003: insufficient funds for gas * price 
[18:10:29] [HOUSE]   RPC https://base-rpc.publicno failed: Error: Failed to estimate gas: server returned an error response: error code -32000: insufficient funds for transfer

[18:10:29] [HOUSE]   Send empty (attempt 2)
[18:10:32] [HOUSE]   RPC https://base-mainnet.core failed: Error: Failed to estimate gas: server returned an error response: error code -32000: insufficient funds for transfer

[18:10:32] [HOUSE]   RPC https://base.drpc.org failed: Error: Failed to estimate gas: server returned an error response: error code -32003: insufficient funds for gas * price 
[18:10:37] [HOUSE]   RPC https://base-rpc.publicno failed: Error: Failed to estimate gas: server returned an error response: error code -32000: insufficient funds for transfer

[18:10:37] [HOUSE]   Send empty (attempt 3)
[18:10:38] [HOUSE]   UNDER FAILED
[18:11:39] [HOUSE] Skip 0x3D64623ffd — lockTime passed (17s ago)
[18:13:45] [HOUSE] Seeding 0xaF74FBa66B...
[18:13:46] [HOUSE]   RPC https://base-mainnet.core failed: Error: Failed to estimate gas: server returned an error response: error code -32000: insufficient funds for transfer

[18:13:47] [HOUSE]   RPC https://base.drpc.org failed: Error: Failed to estimate gas: server returned an error response: error code -32003: insufficient funds for gas * price 
[18:13:49] [HOUSE]   RPC https://base-rpc.publicno failed: Error: Failed to estimate gas: server returned an error response: error code -32000: insufficient funds for transfer

[18:13:50] [HOUSE]   Send empty (attempt 1)
[18:13:52] [HOUSE]   RPC https://base-mainnet.core failed: Error: Failed to estimate gas: server returned an error response: error code -32000: insufficient funds for transfer

[18:13:53] [HOUSE]   RPC https://base.drpc.org failed: Error: Failed to estimate gas: server returned an error response: error code -32003: insufficient funds for gas * price 
[18:13:55] [HOUSE]   RPC https://base-rpc.publicno failed: Error: Failed to estimate gas: server returned an error response: error code -32000: insufficient funds for transfer

[18:13:56] [HOUSE]   Send empty (attempt 2)
[18:13:58] [HOUSE]   RPC https://base-mainnet.core failed: Error: Failed to estimate gas: server returned an error response: error code -32000: insufficient funds for transfer

[18:13:59] [HOUSE]   RPC https://base.drpc.org failed: Error: Failed to estimate gas: server returned an error response: error code -32003: insufficient funds for gas * price 
[18:14:01] [HOUSE]   RPC https://base-rpc.publicno failed: Error: Failed to estimate gas: server returned an error response: error code -32000: insufficient funds for transfer

[18:14:02] [HOUSE]   Send empty (attempt 3)
[18:14:03] [HOUSE]   UNDER FAILED
[18:14:48] [HOUSE] Seeding 0xaF6B65531D...
[18:14:50] [HOUSE]   RPC https://base-mainnet.core failed: Error: Failed to estimate gas: server returned an error response: error code -32000: insufficient funds for transfer

[18:14:50] [HOUSE]   RPC https://base.drpc.org failed: Error: Failed to estimate gas: server returned an error response: error code -32003: insufficient funds for gas * price 
[18:14:54] [HOUSE]   RPC https://base-rpc.publicno failed: Error: Failed to estimate gas: server returned an error response: error code -32000: insufficient funds for transfer

[18:14:54] [HOUSE]   Send empty (attempt 1)
[18:14:57] [HOUSE]   RPC https://base-mainnet.core failed: Error: Failed to estimate gas: server returned an error response: error code -32000: insufficient funds for transfer

[18:14:58] [HOUSE]   RPC https://base.drpc.org failed: Error: Failed to estimate gas: server returned an error response: error code -32003: insufficient funds for gas * price 
[18:15:18] [HOUSE]   RPC https://base-rpc.publicno timeout
[18:15:18] [HOUSE]   Send empty (attempt 2)
[18:15:20] [HOUSE]   RPC https://base-mainnet.core failed: Error: Failed to estimate gas: server returned an error response: error code -32000: insufficient funds for transfer

[18:15:21] [HOUSE]   RPC https://base.drpc.org failed: Error: Failed to estimate gas: server returned an error response: error code -32003: insufficient funds for gas * price 
[18:15:25] [HOUSE]   RPC https://base-rpc.publicno failed: Error: Failed to estimate gas: server returned an error response: error code -32000: insufficient funds for transfer

[18:15:25] [HOUSE]   Send empty (attempt 3)
[18:15:26] [HOUSE]   UNDER FAILED
[18:16:27] [HOUSE] Seeding 0xaF6B65531D...
[18:16:28] [HOUSE]   RPC https://base-mainnet.core failed: Error: Failed to estimate gas: server returned an error response: error code -32000: insufficient funds for transfer

[18:16:29] [HOUSE]   RPC https://base.drpc.org failed: Error: Failed to estimate gas: server returned an error response: error code -32003: insufficient funds for gas * price 
[18:16:30] [HOUSE]   RPC https://base-rpc.publicno failed: Error: Failed to estimate gas: server returned an error response: error code -32000: insufficient funds for transfer

[18:16:31] [HOUSE]   Send empty (attempt 1)
[18:16:33] [HOUSE]   RPC https://base-mainnet.core failed: Error: Failed to estimate gas: server returned an error response: error code -32000: insufficient funds for transfer

[18:16:34] [HOUSE]   RPC https://base.drpc.org failed: Error: Failed to estimate gas: server returned an error response: error code -32003: insufficient funds for gas * price 
[18:16:36] [HOUSE]   RPC https://base-rpc.publicno failed: Error: Failed to estimate gas: server returned an error response: error code -32000: insufficient funds for transfer

[18:16:36] [HOUSE]   Send empty (attempt 2)
[18:16:38] [HOUSE]   RPC https://base-mainnet.core failed: Error: Failed to estimate gas: server returned an error response: error code -32000: insufficient funds for transfer

[18:16:39] [HOUSE]   RPC https://base.drpc.org failed: Error: Failed to estimate gas: server returned an error response: error code -32003: insufficient funds for gas * price 
[18:16:41] [HOUSE]   RPC https://base-rpc.publicno failed: Error: Failed to estimate gas: server returned an error response: error code -32000: insufficient funds for transfer

[18:16:42] [HOUSE]   Send empty (attempt 3)
[18:16:43] [HOUSE]   UNDER FAILED
[18:17:45] [HOUSE] Skip 0xaF6B65531D — lockTime passed (28s ago)
[18:19:40] [HOUSE] Seeding 0x63a020d865...
[18:19:42] [HOUSE]   RPC https://base-mainnet.core failed: Error: Failed to estimate gas: server returned an error response: error code -32000: insufficient funds for transfer

[18:19:42] [HOUSE]   RPC https://base.drpc.org failed: Error: Failed to estimate gas: server returned an error response: error code -32003: insufficient funds for gas * price 
[18:19:44] [HOUSE]   RPC https://base-rpc.publicno failed: Error: Failed to estimate gas: server returned an error response: error code -32000: insufficient funds for transfer

[18:19:45] [HOUSE]   Send empty (attempt 1)
[18:19:47] [HOUSE]   RPC https://base-mainnet.core failed: Error: Failed to estimate gas: server returned an error response: error code -32000: insufficient funds for transfer

[18:19:48] [HOUSE]   RPC https://base.drpc.org failed: Error: Failed to estimate gas: server returned an error response: error code -32003: insufficient funds for gas * price 
[18:19:50] [HOUSE]   RPC https://base-rpc.publicno failed: Error: Failed to estimate gas: server returned an error response: error code -32000: insufficient funds for transfer

[18:19:50] [HOUSE]   Send empty (attempt 2)
[18:19:52] [HOUSE]   RPC https://base-mainnet.core failed: Error: Failed to estimate gas: server returned an error response: error code -32000: insufficient funds for transfer

[18:19:53] [HOUSE]   RPC https://base.drpc.org failed: Error: Failed to estimate gas: server returned an error response: error code -32003: insufficient funds for gas * price 
[18:19:57] [HOUSE]   RPC https://base-rpc.publicno failed: Error: Failed to estimate gas: server returned an error response: error code -32000: insufficient funds for transfer

[18:19:58] [HOUSE]   Send empty (attempt 3)
[18:19:59] [HOUSE]   UNDER FAILED
[18:20:49] [HOUSE] Seeding 0x9e701cBE48...
[18:20:50] [HOUSE]   RPC https://base-mainnet.core failed: Error: Failed to estimate gas: server returned an error response: error code -32000: insufficient funds for transfer

[18:20:52] [HOUSE]   RPC https://base.drpc.org failed: Error: Failed to estimate gas: HTTP error 500 with body: {"id":3,"jsonrpc":"2.0","error":{"message":"Temporary internal 
[18:20:53] [HOUSE]   RPC https://base-rpc.publicno failed: Error: Failed to estimate gas: server returned an error response: error code -32000: insufficient funds for transfer

[18:20:54] [HOUSE]   Send empty (attempt 1)
[18:20:56] [HOUSE]   RPC https://base-mainnet.core failed: Error: Failed to estimate gas: server returned an error response: error code -32000: insufficient funds for transfer

[18:20:57] [HOUSE]   RPC https://base.drpc.org failed: Error: Failed to estimate gas: server returned an error response: error code -32003: insufficient funds for gas * price 
[18:21:04] [HOUSE]   RPC https://base-rpc.publicno failed: Error: Failed to estimate gas: server returned an error response: error code -32000: insufficient funds for transfer

[18:21:05] [HOUSE]   Send empty (attempt 2)
[18:21:07] [HOUSE]   RPC https://base-mainnet.core failed: Error: Failed to estimate gas: server returned an error response: error code -32000: insufficient funds for transfer

[18:21:08] [HOUSE]   RPC https://base.drpc.org failed: Error: Failed to estimate gas: server returned an error response: error code -32003: insufficient funds for gas * price 
[18:21:10] [HOUSE]   RPC https://base-rpc.publicno failed: Error: Failed to estimate gas: server returned an error response: error code -32000: insufficient funds for transfer

[18:21:10] [HOUSE]   Send empty (attempt 3)
[18:21:11] [HOUSE]   UNDER FAILED
[18:22:13] [HOUSE] Seeding 0x9e701cBE48...
[18:22:14] [HOUSE]   RPC https://base-mainnet.core failed: Error: Failed to estimate gas: server returned an error response: error code -32000: insufficient funds for transfer

[18:22:15] [HOUSE]   RPC https://base.drpc.org failed: Error: Failed to estimate gas: server returned an error response: error code -32003: insufficient funds for gas * price 
[18:22:18] [HOUSE]   RPC https://base-rpc.publicno failed: Error: Failed to estimate gas: server returned an error response: error code -32000: insufficient funds for transfer

[18:22:18] [HOUSE]   Send empty (attempt 1)
[18:22:20] [HOUSE]   RPC https://base-mainnet.core failed: Error: Failed to estimate gas: server returned an error response: error code -32000: insufficient funds for transfer

[18:22:21] [HOUSE]   RPC https://base.drpc.org failed: Error: Failed to estimate gas: server returned an error response: error code -32003: insufficient funds for gas * price 
[18:22:22] [HOUSE]   RPC https://base-rpc.publicno failed: Error: Failed to estimate gas: server returned an error response: error code -32000: insufficient funds for transfer

[18:22:22] [HOUSE]   Send empty (attempt 2)
[18:22:25] [HOUSE]   RPC https://base-mainnet.core failed: Error: Failed to estimate gas: server returned an error response: error code -32000: insufficient funds for transfer

[18:22:25] [HOUSE]   RPC https://base.drpc.org failed: Error: Failed to estimate gas: server returned an error response: error code -32003: insufficient funds for gas * price 
[18:22:27] [HOUSE]   RPC https://base-rpc.publicno failed: Error: Failed to estimate gas: server returned an error response: error code -32000: insufficient funds for transfer

[18:22:27] [HOUSE]   Send empty (attempt 3)
[18:22:28] [HOUSE]   UNDER FAILED
[18:23:29] [HOUSE] Skip 0x9e701cBE48 — lockTime passed (12s ago)
[18:25:34] [HOUSE] Seeding 0x8BbCE03FE3...
[18:25:36] [HOUSE]   RPC https://base-mainnet.core failed: Error: Failed to estimate gas: server returned an error response: error code -32000: insufficient funds for transfer

[18:25:36] [HOUSE]   RPC https://base.drpc.org failed: Error: Failed to estimate gas: server returned an error response: error code -32003: insufficient funds for gas * price 
[18:25:41] [HOUSE]   RPC https://base-rpc.publicno failed: Error: Failed to estimate gas: server returned an error response: error code -32000: insufficient funds for transfer

[18:25:42] [HOUSE]   Send empty (attempt 1)
[18:25:44] [HOUSE]   RPC https://base-mainnet.core failed: Error: Failed to estimate gas: server returned an error response: error code -32000: insufficient funds for transfer

[18:25:45] [HOUSE]   RPC https://base.drpc.org failed: Error: Failed to estimate gas: server returned an error response: error code -32003: insufficient funds for gas * price 
[18:25:50] [HOUSE]   RPC https://base-rpc.publicno failed: Error: Failed to estimate gas: server returned an error response: error code -32000: insufficient funds for transfer

[18:25:50] [HOUSE]   Send empty (attempt 2)
[18:25:52] [HOUSE]   RPC https://base-mainnet.core failed: Error: Failed to estimate gas: server returned an error response: error code -32000: insufficient funds for transfer

[18:25:53] [HOUSE]   RPC https://base.drpc.org failed: Error: Failed to estimate gas: server returned an error response: error code -32003: insufficient funds for gas * price 
[18:25:55] [HOUSE]   RPC https://base-rpc.publicno failed: Error: Failed to estimate gas: server returned an error response: error code -32000: insufficient funds for transfer

[18:25:55] [HOUSE]   Send empty (attempt 3)
[18:25:56] [HOUSE]   UNDER FAILED
[18:26:48] [HOUSE] Seeding 0xD24abB12D6...
[18:26:49] [HOUSE]   RPC https://base-mainnet.core failed: Error: Failed to estimate gas: server returned an error response: error code -32000: insufficient funds for transfer

[18:26:50] [HOUSE]   RPC https://base.drpc.org failed: Error: Failed to estimate gas: server returned an error response: error code -32003: insufficient funds for gas * price 
[18:26:52] [HOUSE]   RPC https://base-rpc.publicno failed: Error: Failed to estimate gas: server returned an error response: error code -32000: insufficient funds for transfer

[18:26:53] [HOUSE]   Send empty (attempt 1)
[18:26:55] [HOUSE]   RPC https://base-mainnet.core failed: Error: Failed to estimate gas: server returned an error response: error code -32000: insufficient funds for transfer

[18:26:56] [HOUSE]   RPC https://base.drpc.org failed: Error: Failed to estimate gas: server returned an error response: error code -32003: insufficient funds for gas * price 
[18:26:57] [HOUSE]   RPC https://base-rpc.publicno failed: Error: Failed to estimate gas: server returned an error response: error code -32000: insufficient funds for transfer

[18:26:58] [HOUSE]   Send empty (attempt 2)
[18:27:00] [HOUSE]   RPC https://base-mainnet.core failed: Error: Failed to estimate gas: server returned an error response: error code -32000: insufficient funds for transfer

[18:27:01] [HOUSE]   RPC https://base.drpc.org failed: Error: Failed to estimate gas: server returned an error response: error code -32003: insufficient funds for gas * price 
[18:27:02] [HOUSE]   RPC https://base-rpc.publicno failed: Error: Failed to estimate gas: server returned an error response: error code -32000: insufficient funds for transfer

[18:27:02] [HOUSE]   Send empty (attempt 3)
[18:27:03] [HOUSE]   UNDER FAILED
[18:28:04] [HOUSE] Seeding 0xD24abB12D6...
[18:28:05] [HOUSE]   RPC https://base-mainnet.core failed: Error: Failed to estimate gas: server returned an error response: error code -32000: insufficient funds for transfer

[18:28:06] [HOUSE]   RPC https://base.drpc.org failed: Error: Failed to estimate gas: server returned an error response: error code -32003: insufficient funds for gas * price 
[18:28:07] [HOUSE]   RPC https://base-rpc.publicno failed: Error: Failed to estimate gas: server returned an error response: error code -32000: insufficient funds for transfer

[18:28:08] [HOUSE]   Send empty (attempt 1)
[18:28:10] [HOUSE]   RPC https://base-mainnet.core failed: Error: Failed to estimate gas: server returned an error response: error code -32000: insufficient funds for transfer

[18:28:11] [HOUSE]   RPC https://base.drpc.org failed: Error: Failed to estimate gas: server returned an error response: error code -32003: insufficient funds for gas * price 
[18:28:14] [HOUSE]   RPC https://base-rpc.publicno failed: Error: Failed to estimate gas: server returned an error response: error code -32000: insufficient funds for transfer

[18:28:15] [HOUSE]   Send empty (attempt 2)
[18:28:17] [HOUSE]   RPC https://base-mainnet.core failed: Error: Failed to estimate gas: server returned an error response: error code -32000: insufficient funds for transfer

[18:28:18] [HOUSE]   RPC https://base.drpc.org failed: Error: Failed to estimate gas: server returned an error response: error code -32003: insufficient funds for gas * price 
[18:28:19] [HOUSE]   RPC https://base-rpc.publicno failed: Error: Failed to estimate gas: server returned an error response: error code -32000: insufficient funds for transfer

[18:28:19] [HOUSE]   Send empty (attempt 3)
[18:28:20] [HOUSE]   UNDER FAILED
[18:29:22] [HOUSE] Skip 0xD24abB12D6 — lockTime passed (5s ago)
[18:31:33] [HOUSE] Seeding 0x036027f7d6...
[18:31:34] [HOUSE]   RPC https://base-mainnet.core failed: Error: Failed to estimate gas: server returned an error response: error code -32000: insufficient funds for transfer

[18:31:35] [HOUSE]   RPC https://base.drpc.org failed: Error: Failed to estimate gas: server returned an error response: error code -32003: insufficient funds for gas * price 
[18:31:38] [HOUSE]   RPC https://base-rpc.publicno failed: Error: Failed to estimate gas: server returned an error response: error code -32000: insufficient funds for transfer

[18:31:39] [HOUSE]   Send empty (attempt 1)
[18:31:41] [HOUSE]   RPC https://base-mainnet.core failed: Error: Failed to estimate gas: server returned an error response: error code -32000: insufficient funds for transfer

[18:31:42] [HOUSE]   RPC https://base.drpc.org failed: Error: Failed to estimate gas: server returned an error response: error code -32003: insufficient funds for gas * price 
[18:31:45] [HOUSE]   RPC https://base-rpc.publicno failed: Error: Failed to estimate gas: server returned an error response: error code -32000: insufficient funds for transfer

[18:31:45] [HOUSE]   Send empty (attempt 2)
[18:31:47] [HOUSE]   RPC https://base-mainnet.core failed: Error: Failed to estimate gas: server returned an error response: error code -32000: insufficient funds for transfer

[18:31:48] [HOUSE]   RPC https://base.drpc.org failed: Error: Failed to estimate gas: server returned an error response: error code -32003: insufficient funds for gas * price 
[18:31:52] [HOUSE]   RPC https://base-rpc.publicno failed: Error: Failed to estimate gas: server returned an error response: error code -32000: insufficient funds for transfer

[18:31:52] [HOUSE]   Send empty (attempt 3)
[18:31:53] [HOUSE]   UNDER FAILED
[18:32:48] [HOUSE] Seeding 0x09cC2DE669...
[18:32:50] [HOUSE]   RPC https://base-mainnet.core failed: Error: Failed to estimate gas: server returned an error response: error code -32000: insufficient funds for transfer

[18:32:50] [HOUSE]   RPC https://base.drpc.org failed: Error: Failed to estimate gas: server returned an error response: error code -32003: insufficient funds for gas * price 
[18:32:54] [HOUSE]   RPC https://base-rpc.publicno failed: Error: Failed to estimate gas: server returned an error response: error code -32000: insufficient funds for transfer

[18:32:55] [HOUSE]   Send empty (attempt 1)
[18:32:57] [HOUSE]   RPC https://base-mainnet.core failed: Error: Failed to estimate gas: server returned an error response: error code -32000: insufficient funds for transfer

[18:32:58] [HOUSE]   RPC https://base.drpc.org failed: Error: Failed to estimate gas: server returned an error response: error code -32003: insufficient funds for gas * price 
[18:32:59] [HOUSE]   RPC https://base-rpc.publicno failed: Error: Failed to estimate gas: server returned an error response: error code -32000: insufficient funds for transfer

[18:33:00] [HOUSE]   Send empty (attempt 2)
[18:33:02] [HOUSE]   RPC https://base-mainnet.core failed: Error: Failed to estimate gas: server returned an error response: error code -32000: insufficient funds for transfer

[18:33:03] [HOUSE]   RPC https://base.drpc.org failed: Error: Failed to estimate gas: server returned an error response: error code -32003: insufficient funds for gas * price 
[18:33:05] [HOUSE]   RPC https://base-rpc.publicno failed: Error: Failed to estimate gas: server returned an error response: error code -32000: insufficient funds for transfer

[18:33:05] [HOUSE]   Send empty (attempt 3)
[18:33:06] [HOUSE]   UNDER FAILED
[18:34:09] [HOUSE] Seeding 0x09cC2DE669...
[18:34:10] [HOUSE]   RPC https://base-mainnet.core failed: Error: Failed to estimate gas: server returned an error response: error code -32000: insufficient funds for transfer

[18:34:11] [HOUSE]   RPC https://base.drpc.org failed: Error: Failed to estimate gas: server returned an error response: error code -32003: insufficient funds for gas * price 
[18:34:13] [HOUSE]   RPC https://base-rpc.publicno failed: Error: Failed to estimate gas: server returned an error response: error code -32000: insufficient funds for transfer

[18:34:13] [HOUSE]   Send empty (attempt 1)
[18:34:15] [HOUSE]   RPC https://base-mainnet.core failed: Error: Failed to estimate gas: server returned an error response: error code -32000: insufficient funds for transfer

[18:34:16] [HOUSE]   RPC https://base.drpc.org failed: Error: Failed to estimate gas: server returned an error response: error code -32003: insufficient funds for gas * price 
[18:34:18] [HOUSE]   RPC https://base-rpc.publicno failed: Error: Failed to estimate gas: server returned an error response: error code -32000: insufficient funds for transfer

[18:34:18] [HOUSE]   Send empty (attempt 2)
[18:34:21] [HOUSE]   RPC https://base-mainnet.core failed: Error: Failed to estimate gas: server returned an error response: error code -32000: insufficient funds for transfer

[18:34:22] [HOUSE]   RPC https://base.drpc.org failed: Error: Failed to estimate gas: server returned an error response: error code -32003: insufficient funds for gas * price 
[18:34:24] [HOUSE]   RPC https://base-rpc.publicno failed: Error: Failed to estimate gas: server returned an error response: error code -32000: insufficient funds for transfer

[18:34:24] [HOUSE]   Send empty (attempt 3)
[18:34:25] [HOUSE]   UNDER FAILED
[18:35:26] [HOUSE] Skip 0x09cC2DE669 — lockTime passed (12s ago)
[18:37:28] [HOUSE] Seeding 0xA6d0bD6837...
[18:37:29] [HOUSE]   RPC https://base-mainnet.core failed: Error: Failed to estimate gas: server returned an error response: error code -32000: insufficient funds for transfer

[18:37:30] [HOUSE]   RPC https://base.drpc.org failed: Error: Failed to estimate gas: server returned an error response: error code -32003: insufficient funds for gas * price 
[18:37:31] [HOUSE]   RPC https://base-rpc.publicno failed: Error: Failed to estimate gas: server returned an error response: error code -32000: insufficient funds for transfer

[18:37:32] [HOUSE]   Send empty (attempt 1)
[18:37:34] [HOUSE]   RPC https://base-mainnet.core failed: Error: Failed to estimate gas: server returned an error response: error code -32000: insufficient funds for transfer

[18:37:34] [HOUSE]   RPC https://base.drpc.org failed: Error: Failed to estimate gas: server returned an error response: error code -32003: insufficient funds for gas * price 
[18:37:36] [HOUSE]   RPC https://base-rpc.publicno failed: Error: Failed to estimate gas: server returned an error response: error code -32000: insufficient funds for transfer

[18:37:37] [HOUSE]   Send empty (attempt 2)
[18:37:39] [HOUSE]   RPC https://base-mainnet.core failed: Error: Failed to estimate gas: server returned an error response: error code -32000: insufficient funds for transfer

[18:37:40] [HOUSE]   RPC https://base.drpc.org failed: Error: Failed to estimate gas: server returned an error response: error code -32003: insufficient funds for gas * price 
[18:37:41] [HOUSE]   RPC https://base-rpc.publicno failed: Error: Failed to estimate gas: server returned an error response: error code -32000: insufficient funds for transfer

[18:37:41] [HOUSE]   Send empty (attempt 3)
[18:37:42] [HOUSE]   UNDER FAILED
[18:38:43] [HOUSE] Seeding 0xCfDf8a80Ea...
[18:38:45] [HOUSE]   RPC https://base-mainnet.core failed: Error: Failed to estimate gas: server returned an error response: error code -32000: insufficient funds for transfer

[18:38:45] [HOUSE]   RPC https://base.drpc.org failed: Error: Failed to estimate gas: server returned an error response: error code -32003: insufficient funds for gas * price 
[18:38:51] [HOUSE]   RPC https://base-rpc.publicno failed: Error: Failed to estimate gas: server returned an error response: error code -32000: insufficient funds for transfer

[18:38:52] [HOUSE]   Send empty (attempt 1)
[18:38:54] [HOUSE]   RPC https://base-mainnet.core failed: Error: Failed to estimate gas: server returned an error response: error code -32000: insufficient funds for transfer

[18:38:55] [HOUSE]   RPC https://base.drpc.org failed: Error: Failed to estimate gas: server returned an error response: error code -32003: insufficient funds for gas * price 
[18:38:58] [HOUSE]   RPC https://base-rpc.publicno failed: Error: Failed to estimate gas: server returned an error response: error code -32000: insufficient funds for transfer

[18:38:59] [HOUSE]   Send empty (attempt 2)
[18:39:01] [HOUSE]   RPC https://base-mainnet.core failed: Error: Failed to estimate gas: server returned an error response: error code -32000: insufficient funds for transfer

[18:39:02] [HOUSE]   RPC https://base.drpc.org failed: Error: Failed to estimate gas: server returned an error response: error code -32003: insufficient funds for gas * price 
[18:39:05] [HOUSE]   RPC https://base-rpc.publicno failed: Error: Failed to estimate gas: server returned an error response: error code -32000: insufficient funds for transfer

[18:39:05] [HOUSE]   Send empty (attempt 3)
[18:39:06] [HOUSE]   UNDER FAILED
[18:40:11] [HOUSE] Seeding 0xCfDf8a80Ea...
[18:40:12] [HOUSE]   RPC https://base-mainnet.core failed: Error: Failed to estimate gas: server returned an error response: error code -32000: insufficient funds for transfer

[18:40:13] [HOUSE]   RPC https://base.drpc.org failed: Error: Failed to estimate gas: server returned an error response: error code -32003: insufficient funds for gas * price 
[18:40:15] [HOUSE]   RPC https://base-rpc.publicno failed: Error: Failed to estimate gas: server returned an error response: error code -32000: insufficient funds for transfer

[18:40:16] [HOUSE]   Send empty (attempt 1)
[18:40:18] [HOUSE]   RPC https://base-mainnet.core failed: Error: Failed to estimate gas: server returned an error response: error code -32000: insufficient funds for transfer

[18:40:19] [HOUSE]   RPC https://base.drpc.org failed: Error: Failed to estimate gas: server returned an error response: error code -32003: insufficient funds for gas * price 
[18:40:20] [HOUSE]   RPC https://base-rpc.publicno failed: Error: Failed to estimate gas: server returned an error response: error code -32000: insufficient funds for transfer

[18:40:21] [HOUSE]   Send empty (attempt 2)
[18:40:23] [HOUSE]   RPC https://base-mainnet.core failed: Error: Failed to estimate gas: server returned an error response: error code -32000: insufficient funds for transfer

[18:40:24] [HOUSE]   RPC https://base.drpc.org failed: Error: Failed to estimate gas: server returned an error response: error code -32003: insufficient funds for gas * price 
[18:40:44] [HOUSE]   RPC https://base-rpc.publicno timeout
[18:40:44] [HOUSE]   Send empty (attempt 3)
[18:40:45] [HOUSE]   UNDER FAILED
[18:41:46] [HOUSE] Skip 0xCfDf8a80Ea — lockTime passed (36s ago)
[18:43:29] [HOUSE] Seeding 0x259be827a7...
[18:43:30] [HOUSE]   RPC https://base-mainnet.core failed: Error: Failed to estimate gas: server returned an error response: error code -32000: insufficient funds for transfer

[18:43:30] [HOUSE]   RPC https://base.drpc.org failed: Error: Failed to estimate gas: server returned an error response: error code -32003: insufficient funds for gas * price 
[18:43:32] [HOUSE]   RPC https://base-rpc.publicno failed: Error: Failed to estimate gas: server returned an error response: error code -32000: insufficient funds for transfer

[18:43:33] [HOUSE]   Send empty (attempt 1)
[18:43:35] [HOUSE]   RPC https://base-mainnet.core failed: Error: Failed to estimate gas: server returned an error response: error code -32000: insufficient funds for transfer

[18:43:36] [HOUSE]   RPC https://base.drpc.org failed: Error: Failed to estimate gas: server returned an error response: error code -32003: insufficient funds for gas * price 
[18:43:37] [HOUSE]   RPC https://base-rpc.publicno failed: Error: Failed to estimate gas: server returned an error response: error code -32000: insufficient funds for transfer

[18:43:37] [HOUSE]   Send empty (attempt 2)
[18:43:39] [HOUSE]   RPC https://base-mainnet.core failed: Error: Failed to estimate gas: server returned an error response: error code -32000: insufficient funds for transfer

[18:43:41] [HOUSE]   RPC https://base.drpc.org failed: Error: Failed to estimate gas: server returned an error response: error code -32003: insufficient funds for gas * price 
[18:43:42] [HOUSE]   RPC https://base-rpc.publicno failed: Error: Failed to estimate gas: server returned an error response: error code -32000: insufficient funds for transfer

[18:43:43] [HOUSE]   Send empty (attempt 3)
[18:43:44] [HOUSE]   UNDER FAILED
[18:44:40] [HOUSE] Seeding 0x989e5DB5CD...
[18:44:42] [HOUSE]   RPC https://base-mainnet.core failed: Error: Failed to estimate gas: server returned an error response: error code -32000: insufficient funds for transfer

[18:44:43] [HOUSE]   RPC https://base.drpc.org failed: Error: Failed to estimate gas: server returned an error response: error code -32003: insufficient funds for gas * price 
[18:44:45] [HOUSE]   RPC https://base-rpc.publicno failed: Error: Failed to estimate gas: server returned an error response: error code -32000: insufficient funds for transfer

[18:44:45] [HOUSE]   Send empty (attempt 1)
[18:44:48] [HOUSE]   RPC https://base-mainnet.core failed: Error: Failed to estimate gas: server returned an error response: error code -32000: insufficient funds for transfer

[18:44:49] [HOUSE]   RPC https://base.drpc.org failed: Error: Failed to estimate gas: server returned an error response: error code -32003: insufficient funds for gas * price 
[18:44:50] [HOUSE]   RPC https://base-rpc.publicno failed: Error: Failed to estimate gas: server returned an error response: error code -32000: insufficient funds for transfer

[18:44:51] [HOUSE]   Send empty (attempt 2)
[18:44:53] [HOUSE]   RPC https://base-mainnet.core failed: Error: Failed to estimate gas: server returned an error response: error code -32000: insufficient funds for transfer

[18:44:53] [HOUSE]   RPC https://base.drpc.org failed: Error: Failed to estimate gas: server returned an error response: error code -32003: insufficient funds for gas * price 
[18:44:56] [HOUSE]   RPC https://base-rpc.publicno failed: Error: Failed to estimate gas: server returned an error response: error code -32000: insufficient funds for transfer

[18:44:57] [HOUSE]   Send empty (attempt 3)
[18:44:58] [HOUSE]   UNDER FAILED
[18:45:59] [HOUSE] Seeding 0x989e5DB5CD...
[18:46:00] [HOUSE]   RPC https://base-mainnet.core failed: Error: Failed to estimate gas: server returned an error response: error code -32000: insufficient funds for transfer

[18:46:00] [HOUSE]   RPC https://base.drpc.org failed: Error: Failed to estimate gas: server returned an error response: error code -32003: insufficient funds for gas * price 
[18:46:02] [HOUSE]   RPC https://base-rpc.publicno failed: Error: Failed to estimate gas: server returned an error response: error code -32000: insufficient funds for transfer

[18:46:02] [HOUSE]   Send empty (attempt 1)
[18:46:05] [HOUSE]   RPC https://base-mainnet.core failed: Error: Failed to estimate gas: server returned an error response: error code -32000: insufficient funds for transfer

[18:46:05] [HOUSE]   RPC https://base.drpc.org failed: Error: Failed to estimate gas: server returned an error response: error code -32003: insufficient funds for gas * price 
[18:46:25] [HOUSE]   RPC https://base-rpc.publicno timeout
[18:46:26] [HOUSE]   Send empty (attempt 2)
[18:46:28] [HOUSE]   RPC https://base-mainnet.core failed: Error: Failed to estimate gas: server returned an error response: error code -32000: insufficient funds for transfer

[18:46:29] [HOUSE]   RPC https://base.drpc.org failed: Error: Failed to estimate gas: server returned an error response: error code -32003: insufficient funds for gas * price 
[18:46:32] [HOUSE]   RPC https://base-rpc.publicno failed: Error: Failed to estimate gas: server returned an error response: error code -32000: insufficient funds for transfer

[18:46:32] [HOUSE]   Send empty (attempt 3)
[18:46:33] [HOUSE]   UNDER FAILED
[18:47:34] [HOUSE] Skip 0x989e5DB5CD — lockTime passed (26s ago)
[18:49:24] [HOUSE] Seeding 0x64a87b4119...
[18:49:25] [HOUSE]   RPC https://base-mainnet.core failed: Error: Failed to estimate gas: server returned an error response: error code -32000: insufficient funds for transfer

[18:49:26] [HOUSE]   RPC https://base.drpc.org failed: Error: Failed to estimate gas: server returned an error response: error code -32003: insufficient funds for gas * price 
[18:49:30] [HOUSE]   RPC https://base-rpc.publicno failed: Error: Failed to estimate gas: server returned an error response: error code -32000: insufficient funds for transfer

[18:49:31] [HOUSE]   Send empty (attempt 1)
[18:49:33] [HOUSE]   RPC https://base-mainnet.core failed: Error: Failed to estimate gas: server returned an error response: error code -32000: insufficient funds for transfer

[18:49:34] [HOUSE]   RPC https://base.drpc.org failed: Error: Failed to estimate gas: server returned an error response: error code -32003: insufficient funds for gas * price 
[18:49:38] [HOUSE]   RPC https://base-rpc.publicno failed: Error: Failed to estimate gas: server returned an error response: error code -32000: insufficient funds for transfer

[18:49:38] [HOUSE]   Send empty (attempt 2)
[18:49:40] [HOUSE]   RPC https://base-mainnet.core failed: Error: Failed to estimate gas: server returned an error response: error code -32000: insufficient funds for transfer

[18:49:41] [HOUSE]   RPC https://base.drpc.org failed: Error: Failed to estimate gas: server returned an error response: error code -32003: insufficient funds for gas * price 
[18:49:42] [HOUSE]   RPC https://base-rpc.publicno failed: Error: Failed to estimate gas: server returned an error response: error code -32000: insufficient funds for transfer

[18:49:43] [HOUSE]   Send empty (attempt 3)
[18:49:44] [HOUSE]   UNDER FAILED
[18:50:40] [HOUSE] Seeding 0x5b0718e3F9...
[18:50:41] [HOUSE]   RPC https://base-mainnet.core failed: Error: Failed to estimate gas: server returned an error response: error code -32000: insufficient funds for transfer

[18:50:43] [HOUSE]   RPC https://base.drpc.org failed: Error: Failed to estimate gas: HTTP error 500 with body: {"id":3,"jsonrpc":"2.0","error":{"message":"Temporary internal 
[18:50:48] [HOUSE]   RPC https://base-rpc.publicno failed: Error: Failed to estimate gas: server returned an error response: error code -32000: insufficient funds for transfer

[18:50:48] [HOUSE]   Send empty (attempt 1)
[18:50:51] [HOUSE]   RPC https://base-mainnet.core failed: Error: Failed to estimate gas: server returned an error response: error code -32000: insufficient funds for transfer

[18:50:52] [HOUSE]   RPC https://base.drpc.org failed: Error: Failed to estimate gas: HTTP error 500 with body: {"id":3,"jsonrpc":"2.0","error":{"message":"Temporary internal 
[18:50:57] [HOUSE]   RPC https://base-rpc.publicno failed: Error: Failed to estimate gas: server returned an error response: error code -32000: insufficient funds for transfer

[18:50:58] [HOUSE]   Send empty (attempt 2)
[18:51:00] [HOUSE]   RPC https://base-mainnet.core failed: Error: Failed to estimate gas: server returned an error response: error code -32000: insufficient funds for transfer

[18:51:01] [HOUSE]   RPC https://base.drpc.org failed: Error: Failed to estimate gas: server returned an error response: error code -32003: insufficient funds for gas * price 
[18:51:03] [HOUSE]   RPC https://base-rpc.publicno failed: Error: Failed to estimate gas: server returned an error response: error code -32000: insufficient funds for transfer

[18:51:03] [HOUSE]   Send empty (attempt 3)
[18:51:04] [HOUSE]   UNDER FAILED
[18:52:06] [HOUSE] Seeding 0x5b0718e3F9...
[18:52:07] [HOUSE]   RPC https://base-mainnet.core failed: Error: Failed to estimate gas: server returned an error response: error code -32000: insufficient funds for transfer

[18:52:08] [HOUSE]   RPC https://base.drpc.org failed: Error: Failed to estimate gas: server returned an error response: error code -32003: insufficient funds for gas * price 
[18:52:09] [HOUSE]   RPC https://base-rpc.publicno failed: Error: Failed to estimate gas: server returned an error response: error code -32000: insufficient funds for transfer

[18:52:09] [HOUSE]   Send empty (attempt 1)
[18:52:12] [HOUSE]   RPC https://base-mainnet.core failed: Error: Failed to estimate gas: server returned an error response: error code -32000: insufficient funds for transfer

[18:52:12] [HOUSE]   RPC https://base.drpc.org failed: Error: Failed to estimate gas: server returned an error response: error code -32003: insufficient funds for gas * price 
[18:52:14] [HOUSE]   RPC https://base-rpc.publicno failed: Error: Failed to estimate gas: server returned an error response: error code -32000: insufficient funds for transfer

[18:52:14] [HOUSE]   Send empty (attempt 2)
[18:52:17] [HOUSE]   RPC https://base-mainnet.core failed: Error: Failed to estimate gas: server returned an error response: error code -32000: insufficient funds for transfer

[18:52:17] [HOUSE]   RPC https://base.drpc.org failed: Error: Failed to estimate gas: server returned an error response: error code -32003: insufficient funds for gas * price 
[18:52:19] [HOUSE]   RPC https://base-rpc.publicno failed: Error: Failed to estimate gas: server returned an error response: error code -32000: insufficient funds for transfer

[18:52:19] [HOUSE]   Send empty (attempt 3)
[18:52:20] [HOUSE]   UNDER FAILED
[18:53:22] [HOUSE] Skip 0x5b0718e3F9 — lockTime passed (14s ago)
[18:55:19] [HOUSE] Seeding 0xde49D2e725...
[18:55:20] [HOUSE]   RPC https://base-mainnet.core failed: Error: Failed to estimate gas: server returned an error response: error code -32000: insufficient funds for transfer

[18:55:21] [HOUSE]   RPC https://base.drpc.org failed: Error: Failed to estimate gas: server returned an error response: error code -32003: insufficient funds for gas * price 
[18:55:25] [HOUSE]   RPC https://base-rpc.publicno failed: Error: Failed to estimate gas: server returned an error response: error code -32000: insufficient funds for transfer

[18:55:26] [HOUSE]   Send empty (attempt 1)
[18:55:28] [HOUSE]   RPC https://base-mainnet.core failed: Error: Failed to estimate gas: server returned an error response: error code -32000: insufficient funds for transfer

[18:55:29] [HOUSE]   RPC https://base.drpc.org failed: Error: Failed to estimate gas: server returned an error response: error code -32003: insufficient funds for gas * price 
[18:55:33] [HOUSE]   RPC https://base-rpc.publicno failed: Error: Failed to estimate gas: server returned an error response: error code -32000: insufficient funds for transfer

[18:55:33] [HOUSE]   Send empty (attempt 2)
[18:55:35] [HOUSE]   RPC https://base-mainnet.core failed: Error: Failed to estimate gas: server returned an error response: error code -32000: insufficient funds for transfer

[18:55:36] [HOUSE]   RPC https://base.drpc.org failed: Error: Failed to estimate gas: server returned an error response: error code -32003: insufficient funds for gas * price 
[18:55:42] [HOUSE]   RPC https://base-rpc.publicno failed: Error: Failed to estimate gas: server returned an error response: error code -32000: insufficient funds for transfer

[18:55:42] [HOUSE]   Send empty (attempt 3)
[18:55:43] [HOUSE]   UNDER FAILED
[18:56:36] [HOUSE] Seeding 0x6039808f36...
[18:56:37] [HOUSE]   RPC https://base-mainnet.core failed: Error: Failed to estimate gas: server returned an error response: error code -32000: insufficient funds for transfer

[18:56:38] [HOUSE]   RPC https://base.drpc.org failed: Error: Failed to estimate gas: server returned an error response: error code -32003: insufficient funds for gas * price 
[18:56:40] [HOUSE]   RPC https://base-rpc.publicno failed: Error: Failed to estimate gas: server returned an error response: error code -32000: insufficient funds for transfer

[18:56:41] [HOUSE]   Send empty (attempt 1)
[18:56:43] [HOUSE]   RPC https://base-mainnet.core failed: Error: Failed to estimate gas: server returned an error response: error code -32000: insufficient funds for transfer

[18:56:44] [HOUSE]   RPC https://base.drpc.org failed: Error: Failed to estimate gas: server returned an error response: error code -32003: insufficient funds for gas * price 
[18:56:45] [HOUSE]   RPC https://base-rpc.publicno failed: Error: Failed to estimate gas: server returned an error response: error code -32000: insufficient funds for transfer

[18:56:46] [HOUSE]   Send empty (attempt 2)
[18:56:48] [HOUSE]   RPC https://base-mainnet.core failed: Error: Failed to estimate gas: server returned an error response: error code -32000: insufficient funds for transfer

[18:56:49] [HOUSE]   RPC https://base.drpc.org failed: Error: Failed to estimate gas: server returned an error response: error code -32003: insufficient funds for gas * price 
[18:56:54] [HOUSE]   RPC https://base-rpc.publicno failed: Error: Failed to estimate gas: server returned an error response: error code -32000: insufficient funds for transfer

[18:56:54] [HOUSE]   Send empty (attempt 3)
[18:56:55] [HOUSE]   UNDER FAILED
[18:57:57] [HOUSE] Seeding 0x6039808f36...
[18:57:58] [HOUSE]   RPC https://base-mainnet.core failed: Error: Failed to estimate gas: server returned an error response: error code -32000: insufficient funds for transfer

[18:57:59] [HOUSE]   RPC https://base.drpc.org failed: Error: Failed to estimate gas: server returned an error response: error code -32003: insufficient funds for gas * price 
[18:58:00] [HOUSE]   RPC https://base-rpc.publicno failed: Error: Failed to estimate gas: server returned an error response: error code -32000: insufficient funds for transfer

[18:58:01] [HOUSE]   Send empty (attempt 1)
[18:58:03] [HOUSE]   RPC https://base-mainnet.core failed: Error: Failed to estimate gas: server returned an error response: error code -32000: insufficient funds for transfer

[18:58:04] [HOUSE]   RPC https://base.drpc.org failed: Error: Failed to estimate gas: server returned an error response: error code -32003: insufficient funds for gas * price 
[18:58:06] [HOUSE]   RPC https://base-rpc.publicno failed: Error: Failed to estimate gas: server returned an error response: error code -32000: insufficient funds for transfer

[18:58:06] [HOUSE]   Send empty (attempt 2)
[18:58:08] [HOUSE]   RPC https://base-mainnet.core failed: Error: Failed to estimate gas: server returned an error response: error code -32000: insufficient funds for transfer

[18:58:09] [HOUSE]   RPC https://base.drpc.org failed: Error: Failed to estimate gas: server returned an error response: error code -32003: insufficient funds for gas * price 
[18:58:10] [HOUSE]   RPC https://base-rpc.publicno failed: Error: Failed to estimate gas: server returned an error response: error code -32000: insufficient funds for transfer

[18:58:11] [HOUSE]   Send empty (attempt 3)
[18:58:12] [HOUSE]   UNDER FAILED
[18:59:14] [HOUSE] Skip 0x6039808f36 — lockTime passed (10s ago)
[19:01:14] [HOUSE] Seeding 0x1eaC638320...
[19:01:15] [HOUSE]   RPC https://base-mainnet.core failed: Error: Failed to estimate gas: server returned an error response: error code -32000: insufficient funds for transfer

[19:01:16] [HOUSE]   RPC https://base.drpc.org failed: Error: Failed to estimate gas: server returned an error response: error code -32003: insufficient funds for gas * price 
[19:01:17] [HOUSE]   RPC https://base-rpc.publicno failed: Error: Failed to estimate gas: server returned an error response: error code -32000: insufficient funds for transfer

[19:01:18] [HOUSE]   Send empty (attempt 1)
[19:01:20] [HOUSE]   RPC https://base-mainnet.core failed: Error: Failed to estimate gas: server returned an error response: error code -32000: insufficient funds for transfer

[19:01:21] [HOUSE]   RPC https://base.drpc.org failed: Error: Failed to estimate gas: server returned an error response: error code -32003: insufficient funds for gas * price 
[19:01:29] [HOUSE]   RPC https://base-rpc.publicno failed: Error: Failed to estimate gas: server returned an error response: error code -32000: insufficient funds for transfer

[19:01:30] [HOUSE]   Send empty (attempt 2)
[19:01:32] [HOUSE]   RPC https://base-mainnet.core failed: Error: Failed to estimate gas: server returned an error response: error code -32000: insufficient funds for transfer

[19:01:33] [HOUSE]   RPC https://base.drpc.org failed: Error: Failed to estimate gas: server returned an error response: error code -32003: insufficient funds for gas * price 
[19:01:35] [HOUSE]   RPC https://base-rpc.publicno failed: Error: Failed to estimate gas: server returned an error response: error code -32000: insufficient funds for transfer

[19:01:36] [HOUSE]   Send empty (attempt 3)
[19:01:37] [HOUSE]   UNDER FAILED
[19:02:44] [HOUSE] Seeding 0x6f4C3B0531...
[19:02:46] [HOUSE]   RPC https://base-mainnet.core failed: Error: Failed to estimate gas: server returned an error response: error code -32000: insufficient funds for transfer

[19:02:47] [HOUSE]   RPC https://base.drpc.org failed: Error: Failed to estimate gas: server returned an error response: error code -32003: insufficient funds for gas * price 
[19:02:50] [HOUSE]   RPC https://base-rpc.publicno failed: Error: Failed to estimate gas: server returned an error response: error code -32000: insufficient funds for transfer

[19:02:51] [HOUSE]   Send empty (attempt 1)
[19:02:54] [HOUSE]   RPC https://base-mainnet.core failed: Error: Failed to estimate gas: server returned an error response: error code -32000: insufficient funds for transfer

[19:02:55] [HOUSE]   RPC https://base.drpc.org failed: Error: Failed to estimate gas: server returned an error response: error code -32003: insufficient funds for gas * price 
[19:02:57] [HOUSE]   RPC https://base-rpc.publicno failed: Error: Failed to estimate gas: server returned an error response: error code -32000: insufficient funds for transfer

[19:02:57] [HOUSE]   Send empty (attempt 2)
[19:02:59] [HOUSE]   RPC https://base-mainnet.core failed: Error: Failed to estimate gas: server returned an error response: error code -32000: insufficient funds for transfer

[19:03:00] [HOUSE]   RPC https://base.drpc.org failed: Error: Failed to estimate gas: server returned an error response: error code -32003: insufficient funds for gas * price 
[19:03:04] [HOUSE]   RPC https://base-rpc.publicno failed: Error: Failed to estimate gas: server returned an error response: error code -32000: insufficient funds for transfer

[19:03:05] [HOUSE]   Send empty (attempt 3)
[19:03:06] [HOUSE]   UNDER FAILED
[19:04:09] [HOUSE] Seeding 0x6f4C3B0531...
[19:04:10] [HOUSE]   RPC https://base-mainnet.core failed: Error: Failed to estimate gas: server returned an error response: error code -32000: insufficient funds for transfer

[19:04:11] [HOUSE]   RPC https://base.drpc.org failed: Error: Failed to estimate gas: server returned an error response: error code -32003: insufficient funds for gas * price 
[19:04:13] [HOUSE]   RPC https://base-rpc.publicno failed: Error: Failed to estimate gas: server returned an error response: error code -32000: insufficient funds for transfer

[19:04:13] [HOUSE]   Send empty (attempt 1)
[19:04:16] [HOUSE]   RPC https://base-mainnet.core failed: Error: Failed to estimate gas: server returned an error response: error code -32000: insufficient funds for transfer

[19:04:17] [HOUSE]   RPC https://base.drpc.org failed: Error: Failed to estimate gas: server returned an error response: error code -32003: insufficient funds for gas * price 
[19:04:18] [HOUSE]   RPC https://base-rpc.publicno failed: Error: Failed to estimate gas: server returned an error response: error code -32000: insufficient funds for transfer

[19:04:19] [HOUSE]   Send empty (attempt 2)
[19:04:21] [HOUSE]   RPC https://base-mainnet.core failed: Error: Failed to estimate gas: server returned an error response: error code -32000: insufficient funds for transfer

[19:04:22] [HOUSE]   RPC https://base.drpc.org failed: Error: Failed to estimate gas: server returned an error response: error code -32003: insufficient funds for gas * price 
[19:04:23] [HOUSE]   RPC https://base-rpc.publicno failed: Error: Failed to estimate gas: server returned an error response: error code -32000: insufficient funds for transfer

[19:04:23] [HOUSE]   Send empty (attempt 3)
[19:04:24] [HOUSE]   UNDER FAILED
[19:05:26] [HOUSE] Skip 0x6f4C3B0531 — lockTime passed (22s ago)
[19:07:07] [HOUSE] Seeding 0x1f6ac8ac65...
[19:07:08] [HOUSE]   RPC https://base-mainnet.core failed: Error: Failed to estimate gas: server returned an error response: error code -32000: insufficient funds for transfer

[19:07:09] [HOUSE]   RPC https://base.drpc.org failed: Error: Failed to estimate gas: server returned an error response: error code -32003: insufficient funds for gas * price 
[19:07:11] [HOUSE]   RPC https://base-rpc.publicno failed: Error: Failed to estimate gas: server returned an error response: error code -32000: insufficient funds for transfer

[19:07:12] [HOUSE]   Send empty (attempt 1)
[19:07:14] [HOUSE]   RPC https://base-mainnet.core failed: Error: Failed to estimate gas: server returned an error response: error code -32000: insufficient funds for transfer

[19:07:15] [HOUSE]   RPC https://base.drpc.org failed: Error: Failed to estimate gas: server returned an error response: error code -32003: insufficient funds for gas * price 
[19:07:16] [HOUSE]   RPC https://base-rpc.publicno failed: Error: Failed to estimate gas: server returned an error response: error code -32000: insufficient funds for transfer

[19:07:17] [HOUSE]   Send empty (attempt 2)
[19:07:19] [HOUSE]   RPC https://base-mainnet.core failed: Error: Failed to estimate gas: server returned an error response: error code -32000: insufficient funds for transfer

[19:07:20] [HOUSE]   RPC https://base.drpc.org failed: Error: Failed to estimate gas: server returned an error response: error code -32003: insufficient funds for gas * price 
[19:07:20] [HOUSE]   RPC https://base-rpc.publicno failed: Error: Failed to estimate gas: server returned an error response: error code -32000: insufficient funds for transfer

[19:07:21] [HOUSE]   Send empty (attempt 3)
[19:07:22] [HOUSE]   UNDER FAILED
[19:08:25] [HOUSE] Seeding 0x1f6ac8ac65...
[19:08:26] [HOUSE]   RPC https://base-mainnet.core failed: Error: Failed to estimate gas: server returned an error response: error code -32000: insufficient funds for transfer

[19:08:27] [HOUSE]   RPC https://base.drpc.org failed: Error: Failed to estimate gas: server returned an error response: error code -32003: insufficient funds for gas * price 
[19:08:28] [HOUSE]   RPC https://base-rpc.publicno failed: Error: Failed to estimate gas: server returned an error response: error code -32000: insufficient funds for transfer

[19:08:28] [HOUSE]   Send empty (attempt 1)
[19:08:31] [HOUSE]   RPC https://base-mainnet.core failed: Error: Failed to estimate gas: server returned an error response: error code -32000: insufficient funds for transfer

[19:08:32] [HOUSE]   RPC https://base.drpc.org failed: Error: Failed to estimate gas: server returned an error response: error code -32003: insufficient funds for gas * price 
[19:08:35] [HOUSE]   RPC https://base-rpc.publicno failed: Error: Failed to estimate gas: server returned an error response: error code -32000: insufficient funds for transfer

[19:08:36] [HOUSE]   Market no longer OPEN (state=3)
[19:08:36] [HOUSE]   UNDER FAILED
[19:08:39] [HOUSE] Seeding 0x1249e4D2F2...
[19:08:40] [HOUSE]   RPC https://base-mainnet.core failed: Error: Failed to estimate gas: server returned an error response: error code -32000: insufficient funds for transfer

[19:08:41] [HOUSE]   RPC https://base.drpc.org failed: Error: Failed to estimate gas: server returned an error response: error code -32003: insufficient funds for gas * price 
[19:08:43] [HOUSE]   RPC https://base-rpc.publicno failed: Error: Failed to estimate gas: server returned an error response: error code -32000: insufficient funds for transfer

[19:08:44] [HOUSE]   Send empty (attempt 1)
[19:08:46] [HOUSE]   RPC https://base-mainnet.core failed: Error: Failed to estimate gas: server returned an error response: error code -32000: insufficient funds for transfer

[19:08:47] [HOUSE]   RPC https://base.drpc.org failed: Error: Failed to estimate gas: server returned an error response: error code -32003: insufficient funds for gas * price 
[19:08:48] [HOUSE]   RPC https://base-rpc.publicno failed: Error: Failed to estimate gas: server returned an error response: error code -32000: insufficient funds for transfer

[19:08:48] [HOUSE]   Send empty (attempt 2)
[19:08:51] [HOUSE]   RPC https://base-mainnet.core failed: Error: Failed to estimate gas: server returned an error response: error code -32000: insufficient funds for transfer

[19:08:51] [HOUSE]   RPC https://base.drpc.org failed: Error: Failed to estimate gas: server returned an error response: error code -32003: insufficient funds for gas * price 
[19:08:53] [HOUSE]   RPC https://base-rpc.publicno failed: Error: Failed to estimate gas: server returned an error response: error code -32000: insufficient funds for transfer

[19:08:54] [HOUSE]   Send empty (attempt 3)
[19:08:55] [HOUSE]   UNDER FAILED
[19:09:56] [HOUSE] Seeding 0x1249e4D2F2...
[19:09:57] [HOUSE]   RPC https://base-mainnet.core failed: Error: Failed to estimate gas: server returned an error response: error code -32000: insufficient funds for transfer

[19:09:57] [HOUSE]   RPC https://base.drpc.org failed: Error: Failed to estimate gas: server returned an error response: error code -32003: insufficient funds for gas * price 
[19:09:59] [HOUSE]   RPC https://base-rpc.publicno failed: Error: Failed to estimate gas: server returned an error response: error code -32000: insufficient funds for transfer

[19:09:59] [HOUSE]   Send empty (attempt 1)
[19:10:02] [HOUSE]   RPC https://base-mainnet.core failed: Error: Failed to estimate gas: server returned an error response: error code -32000: insufficient funds for transfer

[19:10:03] [HOUSE]   RPC https://base.drpc.org failed: Error: Failed to estimate gas: server returned an error response: error code -32003: insufficient funds for gas * price 
[19:10:04] [HOUSE]   RPC https://base-rpc.publicno failed: Error: Failed to estimate gas: server returned an error response: error code -32000: insufficient funds for transfer

[19:10:05] [HOUSE]   Send empty (attempt 2)
[19:10:07] [HOUSE]   RPC https://base-mainnet.core failed: Error: Failed to estimate gas: server returned an error response: error code -32000: insufficient funds for transfer

[19:10:08] [HOUSE]   RPC https://base.drpc.org failed: Error: Failed to estimate gas: server returned an error response: error code -32003: insufficient funds for gas * price 
[19:10:08] [HOUSE]   RPC https://base-rpc.publicno failed: Error: Failed to estimate gas: server returned an error response: error code -32000: insufficient funds for transfer

[19:10:09] [HOUSE]   Send empty (attempt 3)
[19:10:10] [HOUSE]   UNDER FAILED
[19:11:11] [HOUSE] Skip 0x1249e4D2F2 — lockTime passed (9s ago)
[19:13:04] [HOUSE] Seeding 0x558A529d51...
[19:13:05] [HOUSE]   RPC https://base-mainnet.core failed: Error: Failed to estimate gas: server returned an error response: error code -32000: insufficient funds for transfer

[19:13:06] [HOUSE]   RPC https://base.drpc.org failed: Error: Failed to estimate gas: server returned an error response: error code -32003: insufficient funds for gas * price 
[19:13:09] [HOUSE]   RPC https://base-rpc.publicno failed: Error: Failed to estimate gas: server returned an error response: error code -32000: insufficient funds for transfer

[19:13:10] [HOUSE]   Send empty (attempt 1)
[19:13:12] [HOUSE]   RPC https://base-mainnet.core failed: Error: Failed to estimate gas: server returned an error response: error code -32000: insufficient funds for transfer

[19:13:13] [HOUSE]   RPC https://base.drpc.org failed: Error: Failed to estimate gas: server returned an error response: error code -32003: insufficient funds for gas * price 
[19:13:14] [HOUSE]   RPC https://base-rpc.publicno failed: Error: Failed to estimate gas: server returned an error response: error code -32000: insufficient funds for transfer

[19:13:15] [HOUSE]   Send empty (attempt 2)
[19:13:17] [HOUSE]   RPC https://base-mainnet.core failed: Error: Failed to estimate gas: server returned an error response: error code -32000: insufficient funds for transfer

[19:13:18] [HOUSE]   RPC https://base.drpc.org failed: Error: Failed to estimate gas: server returned an error response: error code -32003: insufficient funds for gas * price 
[19:13:19] [HOUSE]   RPC https://base-rpc.publicno failed: Error: Failed to estimate gas: server returned an error response: error code -32000: insufficient funds for transfer

[19:13:19] [HOUSE]   Send empty (attempt 3)
[19:13:20] [HOUSE]   UNDER FAILED
[19:14:23] [HOUSE] Seeding 0x558A529d51...
[19:14:24] [HOUSE]   RPC https://base-mainnet.core failed: Error: Failed to estimate gas: server returned an error response: error code -32000: insufficient funds for transfer

[19:14:25] [HOUSE]   RPC https://base.drpc.org failed: Error: Failed to estimate gas: server returned an error response: error code -32003: insufficient funds for gas * price 
[19:14:27] [HOUSE]   RPC https://base-rpc.publicno failed: Error: Failed to estimate gas: server returned an error response: error code -32000: insufficient funds for transfer

[19:14:28] [HOUSE]   Send empty (attempt 1)
[19:14:30] [HOUSE]   RPC https://base-mainnet.core failed: Error: Failed to estimate gas: server returned an error response: error code -32000: insufficient funds for transfer

[19:14:31] [HOUSE]   RPC https://base.drpc.org failed: Error: Failed to estimate gas: server returned an error response: error code -32003: insufficient funds for gas * price 
[19:14:32] [HOUSE]   RPC https://base-rpc.publicno failed: Error: Failed to estimate gas: server returned an error response: error code -32000: insufficient funds for transfer

[19:14:33] [HOUSE]   Market no longer OPEN (state=3)
[19:14:33] [HOUSE]   UNDER FAILED
[19:14:36] [HOUSE] Seeding 0xC3E3dEBc5C...
[19:14:37] [HOUSE]   RPC https://base-mainnet.core failed: Error: Failed to estimate gas: server returned an error response: error code -32000: insufficient funds for transfer

[19:14:38] [HOUSE]   RPC https://base.drpc.org failed: Error: Failed to estimate gas: server returned an error response: error code -32003: insufficient funds for gas * price 
[19:14:41] [HOUSE]   RPC https://base-rpc.publicno failed: Error: Failed to estimate gas: server returned an error response: error code -32000: insufficient funds for transfer

[19:14:41] [HOUSE]   Send empty (attempt 1)
[19:14:44] [HOUSE]   RPC https://base-mainnet.core failed: Error: Failed to estimate gas: server returned an error response: error code -32000: insufficient funds for transfer

[19:14:45] [HOUSE]   RPC https://base.drpc.org failed: Error: Failed to estimate gas: server returned an error response: error code -32003: insufficient funds for gas * price 
[19:14:46] [HOUSE]   RPC https://base-rpc.publicno failed: Error: Failed to estimate gas: server returned an error response: error code -32000: insufficient funds for transfer

[19:14:47] [HOUSE]   Send empty (attempt 2)
[19:14:49] [HOUSE]   RPC https://base-mainnet.core failed: Error: Failed to estimate gas: server returned an error response: error code -32000: insufficient funds for transfer

[19:14:50] [HOUSE]   RPC https://base.drpc.org failed: Error: Failed to estimate gas: server returned an error response: error code -32003: insufficient funds for gas * price 
[19:14:51] [HOUSE]   RPC https://base-rpc.publicno failed: Error: Failed to estimate gas: server returned an error response: error code -32000: insufficient funds for transfer

[19:14:52] [HOUSE]   Send empty (attempt 3)
[19:14:53] [HOUSE]   UNDER FAILED
[19:15:56] [HOUSE] Seeding 0xC3E3dEBc5C...
[19:15:57] [HOUSE]   RPC https://base-mainnet.core failed: Error: Failed to estimate gas: server returned an error response: error code -32000: insufficient funds for transfer

[19:15:58] [HOUSE]   RPC https://base.drpc.org failed: Error: Failed to estimate gas: server returned an error response: error code -32003: insufficient funds for gas * price 
[19:16:00] [HOUSE]   RPC https://base-rpc.publicno failed: Error: Failed to estimate gas: server returned an error response: error code -32000: insufficient funds for transfer

[19:16:00] [HOUSE]   Send empty (attempt 1)
[19:16:03] [HOUSE]   RPC https://base-mainnet.core failed: Error: Failed to estimate gas: server returned an error response: error code -32000: insufficient funds for transfer

[19:16:04] [HOUSE]   RPC https://base.drpc.org failed: Error: Failed to estimate gas: server returned an error response: error code -32003: insufficient funds for gas * price 
[19:16:05] [HOUSE]   RPC https://base-rpc.publicno failed: Error: Failed to estimate gas: server returned an error response: error code -32000: insufficient funds for transfer

[19:16:06] [HOUSE]   Send empty (attempt 2)
[19:16:08] [HOUSE]   RPC https://base-mainnet.core failed: Error: Failed to estimate gas: server returned an error response: error code -32000: insufficient funds for transfer

[19:16:09] [HOUSE]   RPC https://base.drpc.org failed: Error: Failed to estimate gas: server returned an error response: error code -32003: insufficient funds for gas * price 
[19:16:10] [HOUSE]   RPC https://base-rpc.publicno failed: Error: Failed to estimate gas: server returned an error response: error code -32000: insufficient funds for transfer

[19:16:11] [HOUSE]   Send empty (attempt 3)
[19:16:12] [HOUSE]   UNDER FAILED
[19:17:12] [HOUSE] Skip 0xC3E3dEBc5C — lockTime passed (8s ago)
