[Launcher] Loaded .env from /home/lumen/.gemini/antigravity/scratch/rush/.env
[Launcher] Cleaning previous instances (preserving named tunnel)...
═══════════════════════════════════════════════════
  Rush Oracle Launcher
  WebSocket port: 9000
  Public hostname: wss://oracle.rushgame.vip (named tunnel)
═══════════════════════════════════════════════════
[Launcher] Named tunnel cloudflared is up — WS will be reachable at oracle.rushgame.vip
[Launcher] Starting persistent stream server...
[Launcher] Stream server PID: 3713408 (camera: peace-bridge, port: 9000)
[Launcher] Waiting for stream server to be ready...
[Camera] Confidence override: 0.08
[Camera] Peace Bridge — USA/Canada Border (Peace Bridge Authority) — YOUTUBE
[Camera] Line zones: 1 (canonical sv.LineZone, threshold=2)

=======================================================
  SinalBet Live Oracle Server (v4 — Persistent)
  WebSocket: ws://0.0.0.0:9000
  Stream: https://www.youtube.com/watch?v=DnUFAShZKus
  Camera: peace-bridge
  Model: yolo12s.pt
  Mode: persistent (rounds via WS control)
  Target FPS: 8
=======================================================

[yt-dlp] OK: https://manifest.googlevideo.com/api/manifest/hls_playlist/expire/1776471568/ei/...

[Stream] Probing stream...
[Stream] 1280x720 @ 30.0fps
[Stream] ffmpeg spawned (PID 3714132)
[STATE] idle — waiting for round
[Stream] Throttle target: 30.0 fps
[WS] Client connected (1 total)
[WS] Client connected (2 total)
[WS] Client connected (3 total)
[WS] Client connected (4 total)
[WS] Client connected (5 total)
opening handshake failed
Traceback (most recent call last):
  File "/home/lumen/miniconda3/lib/python3.13/site-packages/websockets/asyncio/server.py", line 356, in conn_handler
    await connection.handshake(
    ...<3 lines>...
    )
  File "/home/lumen/miniconda3/lib/python3.13/site-packages/websockets/asyncio/server.py", line 142, in handshake
    async with self.send_context(expected_state=CONNECTING):
               ~~~~~~~~~~~~~~~~~^^^^^^^^^^^^^^^^^^^^^^^^^^^
  File "/home/lumen/miniconda3/lib/python3.13/contextlib.py", line 214, in __aenter__
    return await anext(self.gen)
           ^^^^^^^^^^^^^^^^^^^^^
  File "/home/lumen/miniconda3/lib/python3.13/site-packages/websockets/asyncio/connection.py", line 957, in send_context
    raise self.protocol.close_exc from original_exc
websockets.exceptions.ConnectionClosedError: no close frame received or sent
[WS] Client disconnected (4 total)
[Launcher] Stream server ready!
[Launcher] Starting watchdog (round manager)...
[Launcher] Mode: Supervised Round Manager (watchdog.py)
[Launcher] Watchdog PID: 3714136
[WS] Client connected (5 total)
[2026-04-17 15:19:33] INFO ============================================================
[2026-04-17 15:19:33] INFO   Rush Oracle Watchdog
[2026-04-17 15:19:33] INFO   Managing: /home/lumen/.gemini/antigravity/scratch/rush/oracle/round_manager_rush.py
[2026-04-17 15:19:33] INFO   Heartbeat: /tmp/rush_oracle_heartbeat.json
[2026-04-17 15:19:33] INFO   Log: /tmp/rush_oracle.log
[2026-04-17 15:19:33] INFO ============================================================
[2026-04-17 15:19:33] INFO Running startup orphan scan...
[LineZone] (307,432) -> (960,432)
[Counter] Line: (579, 10) -> (701, 710)
[2026-04-17 15:19:34] INFO Orphan scan: 1 active market(s) found
[2026-04-17 15:19:35] INFO No orphan markets found
[2026-04-17 15:19:35] INFO Starting child: /home/lumen/miniconda3/bin/python3 -u /home/lumen/.gemini/antigravity/scratch/rush/oracle/round_manager_rush.py
[2026-04-17 15:19:35] INFO Child started (PID 3714277)
[2026-04-17 15:19:36] Chain: connected to https://base-mainnet.core.chainstack.com/977532e58b2430d1f01739e7d209d236 (chain_id=8453)
[2026-04-17 15:19:36] Oracle wallet: 0x4c385830c2E241EfeEd070Eb92606B6AedeDA277
[2026-04-17 15:19:36] Loaded 23 cameras from /home/lumen/.gemini/antigravity/scratch/rush/oracle/cameras.json
[2026-04-17 15:19:36] ============================================================
[2026-04-17 15:19:36]   SinalBet Rush Round Manager
[2026-04-17 15:19:36]   Factory:  0x5b04F3DFaE780A7e109066E754d27f491Af55Af9
[2026-04-17 15:19:36]   Duration: 150s per round
[2026-04-17 15:19:36]   Cameras:  Peace Bridge — USA/Canada Border
[2026-04-17 15:19:36] ============================================================
[2026-04-17 15:19:36] Round #1 | Peace Bridge — USA/Canada Border | threshold=50
[2026-04-17 15:19:36] Cancelling orphan market: 0xeB7aE5633DB5206Ec1A2AAFe2cD89D23b1DEDA36
[2026-04-17 15:19:37] Market cancelled: 0xeB7aE5633DB5206Ec1A2AAFe2cD89D23b1DEDA36 (tx: b92a49adf285a81fb9e5f2d21ce25b1059602ab8f5c909ee97f8f88fa14eb4d4)
[2026-04-17 15:19:37] Ably publish OK: market_cancelled
[2026-04-17 15:19:39] Refunds distributed: 0xeB7aE5633DB5206Ec1A2AAFe2cD89D23b1DEDA36 (tx: 69d5bbe0c17646851f89be4fb02fa5a5421087e8214b93b9d705a65835f8a1f7)
[2026-04-17 15:19:39] Cancelled 1 orphan market(s)
[2026-04-17 15:19:40] createMarket tx sent: efa2da459d0e52cdd485c1266901fe1f072762df040e858e2cdf6b2795fdd511
[2026-04-17 15:19:40] Market created: 0x6d87237eb84327A1c5Bd8674b1Be10ae4D1B42cb (tx: efa2da459d0e52cdd485c1266901fe1f072762df040e858e2cdf6b2795fdd511)
[Prune] Removed 1 stale IDs (frame 100)
[2026-04-17 15:19:41] Ably publish OK: market_created
[2026-04-17 15:19:41] Counting vehicles for 150s...
[2026-04-17 15:19:41] [StreamClient] Reconnecting...
[WS] Client connected (6 total)
[2026-04-17 15:19:41] [StreamClient] Connected to ws://localhost:9000
[2026-04-17 15:19:41] [StreamClient] Unexpected response: {'type': 'init', 'stream': 'https://www.youtube.com/watch?v=DnUFAShZKus', 'state': 'idle', 'count': 0, 'cameraId': 'peace-bridge'}
[STATE] betting — market=0x6d87237e... bet=150s count=150s round=1
[LineZone] (307,432) -> (960,432)
[Counter] Line: (579, 10) -> (701, 710)
[Prune] Removed 1 stale IDs (frame 200)
[Prune] Removed 2 stale IDs (frame 400)
[Evidence] Saved evidence/1776449981_30s.jpg (158252 bytes, sha256:6b48cc3a2f8a0...)
[Prune] Removed 1 stale IDs (frame 500)
[Prune] Removed 2 stale IDs (frame 600)
[Prune] Removed 1 stale IDs (frame 700)
[Prune] Removed 6 stale IDs (frame 800)
[Evidence] Saved evidence/1776449981_60s.jpg (163753 bytes, sha256:574492b79f69a...)
[Prune] Removed 1 stale IDs (frame 900)
[Prune] Removed 3 stale IDs (frame 1000)
[Prune] Removed 4 stale IDs (frame 1100)
[Prune] Removed 2 stale IDs (frame 1200)
[Prune] Removed 1 stale IDs (frame 1300)
[Evidence] Saved evidence/1776449981_90s.jpg (161395 bytes, sha256:f2a122049757a...)
[Prune] Removed 2 stale IDs (frame 1400)
[Prune] Removed 4 stale IDs (frame 1500)
[WS] Client disconnected (5 total)
[Prune] Removed 3 stale IDs (frame 1600)
[Prune] Removed 10 stale IDs (frame 1700)
[Evidence] Saved evidence/1776449981_120s.jpg (155974 bytes, sha256:9fcfc69338b77...)
[Prune] Removed 4 stale IDs (frame 1900)
[Prune] Removed 4 stale IDs (frame 2000)
[Prune] Removed 3 stale IDs (frame 2100)
[STATE] counting — market=0x6d87237e... duration=150s round=1
[Evidence] Saved evidence/1776449981_150s.jpg (182250 bytes, sha256:d52f713d195e3...)
[Prune] Removed 2 stale IDs (frame 2300)
[Prune] Removed 1 stale IDs (frame 2400)
[Prune] Removed 1 stale IDs (frame 2600)
[Evidence] Saved evidence/1776449981_180s.jpg (188730 bytes, sha256:eca0513f35a6c...)
[Prune] Removed 1 stale IDs (frame 3100)
[Prune] Removed 3 stale IDs (frame 3200)
[Evidence] Saved evidence/1776449981_210s.jpg (163722 bytes, sha256:b3af774054e4a...)
[Prune] Removed 4 stale IDs (frame 3300)
[Prune] Removed 2 stale IDs (frame 3400)
[Prune] Removed 4 stale IDs (frame 3500)
[Prune] Removed 1 stale IDs (frame 3600)
[Prune] Removed 2 stale IDs (frame 3700)
[Evidence] Saved evidence/1776449981_240s.jpg (170878 bytes, sha256:f3a7d8ccc0467...)
[Prune] Removed 2 stale IDs (frame 3800)
[Prune] Removed 3 stale IDs (frame 3900)
[Prune] Removed 1 stale IDs (frame 4000)
[Prune] Removed 1 stale IDs (frame 4200)
[Evidence] Saved evidence/1776449981_270s.jpg (158677 bytes, sha256:4cb9251d9a3e1...)
[Prune] Removed 3 stale IDs (frame 4400)
[Prune] Removed 3 stale IDs (frame 4500)
[Prune] Removed 2 stale IDs (frame 4600)
[Prune] Removed 1 stale IDs (frame 4700)
[Evidence] Saved evidence/1776449981_final.jpg (168202 bytes, sha256:afc2023f24696...)
[STATE] idle — round 1 complete: 36 vehicles
[2026-04-17 15:24:41] Count complete: 36 vehicles (in=15 out=21)
[2026-04-17 15:24:43] Pool check OK: total=0.0030 ETH, under=0.0020, over=0.0010
[2026-04-17 15:24:43] Market resolved: 36 vehicles → Under 50 wins
[2026-04-17 15:24:43] resolveMarket tx sent: df60641243d776fed9793e0cf0b7091373a680a48e4df51b815fd2a25dddef51
[2026-04-17 15:24:44] resolveMarket confirmed (tx: df60641243d776fed9793e0cf0b7091373a680a48e4df51b815fd2a25dddef51)
[2026-04-17 15:24:44] Ably publish OK: market_resolved
[Prune] Removed 4 stale IDs (frame 4800)
[2026-04-17 15:24:47] Winnings distributed: 0x6d87237eb84327A1c5Bd8674b1Be10ae4D1B42cb (tx: 7afac6a9dcd9aab99c2790bfb2f357845f47b508347ebd8763a55ad9e7d5e8c8)
[2026-04-17 15:24:47] Auto-distributed winnings (tx: 7afac6a9dcd9aab99c2790bfb2f357845f47b508347ebd8763a55ad9e7d5e8c8)
[2026-04-17 15:24:47] Ably publish OK: winnings_distributed
[2026-04-17 15:24:47] Ledger POST OK: {"ok":true}
[2026-04-17 15:24:47] New threshold: 36 (avg of [36])
[2026-04-17 15:24:47] Waiting 15s before Round #2...
[Prune] Removed 2 stale IDs (frame 4900)
[Prune] Removed 2 stale IDs (frame 5000)
[Prune] Removed 1 stale IDs (frame 5100)
[2026-04-17 15:25:02] Round #2 | Peace Bridge — USA/Canada Border | threshold=36
[2026-04-17 15:25:03] createMarket tx sent: 4b5cbf27285f3ccf21143d8de1f30cfacf7a87215a30781b7eb37827787d529d
[2026-04-17 15:25:04] Market created: 0x3939afD2F8ed51730b8dEfEDDc5fE87D8c905f94 (tx: 4b5cbf27285f3ccf21143d8de1f30cfacf7a87215a30781b7eb37827787d529d)
[2026-04-17 15:25:04] Ably publish OK: market_created
[2026-04-17 15:25:04] Counting vehicles for 150s...
[2026-04-17 15:25:04] [StreamClient] Unexpected response: {'type': 'idle', 'state': 'waiting', 'cameraId': 'peace-bridge'}
[STATE] betting — market=0x3939afD2... bet=150s count=150s round=2
[LineZone] (307,432) -> (960,432)
[Counter] Line: (579, 10) -> (701, 710)
[Prune] Removed 1 stale IDs (frame 300)
[Prune] Removed 2 stale IDs (frame 500)
[Evidence] Saved evidence/1776450304_30s.jpg (165352 bytes, sha256:ecaaf553f9b93...)
[Prune] Removed 5 stale IDs (frame 600)
[Prune] Removed 7 stale IDs (frame 700)
[Prune] Removed 4 stale IDs (frame 800)
[Prune] Removed 1 stale IDs (frame 900)
[Prune] Removed 7 stale IDs (frame 1000)
[Prune] Removed 7 stale IDs (frame 1100)
[Evidence] Saved evidence/1776450304_60s.jpg (167653 bytes, sha256:cff4e1a83130d...)
[Prune] Removed 3 stale IDs (frame 1200)
[Prune] Removed 4 stale IDs (frame 1400)
[Prune] Removed 2 stale IDs (frame 1500)
[Prune] Removed 1 stale IDs (frame 1700)
[Evidence] Saved evidence/1776450304_90s.jpg (170890 bytes, sha256:1fb531b050f00...)
[Prune] Removed 1 stale IDs (frame 2000)
[Prune] Removed 5 stale IDs (frame 2100)
[Prune] Removed 2 stale IDs (frame 2200)
[Evidence] Saved evidence/1776450304_120s.jpg (177731 bytes, sha256:d974a93a8aee9...)
[Prune] Removed 3 stale IDs (frame 2300)
[Prune] Removed 3 stale IDs (frame 2400)
[WS] Client disconnected (2 total)
connection handler failed
Traceback (most recent call last):
  File "/home/lumen/miniconda3/lib/python3.13/asyncio/selector_events.py", line 1067, in write
    n = self._sock.send(data)
BrokenPipeError: [Errno 32] Broken pipe

The above exception was the direct cause of the following exception:

Traceback (most recent call last):
  File "/home/lumen/miniconda3/lib/python3.13/site-packages/websockets/asyncio/server.py", line 376, in conn_handler
    await self.handler(connection)
  File "/home/lumen/.gemini/antigravity/scratch/rush/oracle/stream_server.py", line 1261, in handler
    async for msg in ws:
    ...<37 lines>...
            pass
  File "/home/lumen/miniconda3/lib/python3.13/site-packages/websockets/asyncio/connection.py", line 242, in __aiter__
    yield await self.recv()
          ^^^^^^^^^^^^^^^^^
  File "/home/lumen/miniconda3/lib/python3.13/site-packages/websockets/asyncio/connection.py", line 322, in recv
    raise self.protocol.close_exc from self.recv_exc
websockets.exceptions.ConnectionClosedError: no close frame received or sent
[Prune] Removed 3 stale IDs (frame 2500)
[Prune] Removed 2 stale IDs (frame 2600)
[Prune] Removed 2 stale IDs (frame 2700)
[Prune] Removed 1 stale IDs (frame 2800)
[Prune] Removed 4 stale IDs (frame 2900)
[STATE] counting — market=0x3939afD2... duration=150s round=2
[Evidence] Saved evidence/1776450304_150s.jpg (149571 bytes, sha256:a5256072f86b2...)
[Prune] Removed 6 stale IDs (frame 3000)
[Prune] Removed 9 stale IDs (frame 3100)
[Prune] Removed 4 stale IDs (frame 3200)
[Prune] Removed 6 stale IDs (frame 3300)
[Prune] Removed 4 stale IDs (frame 3400)
[Prune] Removed 4 stale IDs (frame 3500)
[Evidence] Saved evidence/1776450304_180s.jpg (169245 bytes, sha256:43f790a71703a...)
[Prune] Removed 2 stale IDs (frame 3600)
[Evidence] Saved evidence/1776450304_210s.jpg (170712 bytes, sha256:a29ee1409f0aa...)
[Prune] Removed 3 stale IDs (frame 4500)
[Prune] Removed 3 stale IDs (frame 4700)
[Prune] Removed 2 stale IDs (frame 4800)
[Evidence] Saved evidence/1776450304_240s.jpg (161810 bytes, sha256:96a4d5d375fae...)
[Prune] Removed 3 stale IDs (frame 4900)
[Prune] Removed 6 stale IDs (frame 5000)
[Prune] Removed 7 stale IDs (frame 5100)
[Prune] Removed 2 stale IDs (frame 5200)
[Prune] Removed 2 stale IDs (frame 5300)
[Prune] Removed 4 stale IDs (frame 5400)
[Prune] Removed 2 stale IDs (frame 5500)
[Evidence] Saved evidence/1776450304_270s.jpg (167990 bytes, sha256:87e6b0dea8edb...)
[Prune] Removed 3 stale IDs (frame 5600)
[Prune] Removed 2 stale IDs (frame 5700)
[Prune] Removed 2 stale IDs (frame 5800)
[Prune] Removed 2 stale IDs (frame 5900)
[Prune] Removed 1 stale IDs (frame 6000)
[Evidence] Saved evidence/1776450304_final.jpg (182115 bytes, sha256:ce01cbc44f74b...)
[Evidence] Saved evidence/1776450304_final.jpg (182033 bytes, sha256:0562373175245...)
[Evidence] Saved evidence/1776450304_final.jpg (181910 bytes, sha256:ee2a573a75d5c...)
[STATE] idle — round 2 complete: 56 vehicles
[Prune] Removed 2 stale IDs (frame 6200)
[Prune] Removed 1 stale IDs (frame 6300)
[Prune] Removed 3 stale IDs (frame 6400)
[Prune] Removed 1 stale IDs (frame 6500)
[Prune] Removed 1 stale IDs (frame 6600)
[Prune] Removed 1 stale IDs (frame 6700)
[Prune] Removed 1 stale IDs (frame 6800)
[2026-04-17 15:30:34] No round_complete via WS — reading result.json fallback
[2026-04-17 15:30:34] Count complete: 56 vehicles (in=32 out=24)
[2026-04-17 15:30:36] Pool check OK: total=0.0030 ETH, under=0.0010, over=0.0020
[2026-04-17 15:30:36] Market resolved: 56 vehicles → Over 36 wins
[2026-04-17 15:30:37] resolveMarket tx sent: e93b0480c6decd510e102515184022f523aa629d366745c487c2cb848b1f3e01
[Prune] Removed 3 stale IDs (frame 6900)
[2026-04-17 15:30:39] resolveMarket confirmed (tx: e93b0480c6decd510e102515184022f523aa629d366745c487c2cb848b1f3e01)
[2026-04-17 15:30:39] Ably publish OK: market_resolved
[2026-04-17 15:30:40] Winnings distributed: 0x3939afD2F8ed51730b8dEfEDDc5fE87D8c905f94 (tx: 1fc8e0026476ff43102e61c648a3e775cadced15cbadb8950d43f30f17905642)
[2026-04-17 15:30:40] Auto-distributed winnings (tx: 1fc8e0026476ff43102e61c648a3e775cadced15cbadb8950d43f30f17905642)
[2026-04-17 15:30:40] Ably publish OK: winnings_distributed
[2026-04-17 15:30:40] Ledger POST failed (non-fatal): HTTP Error 400: Bad Request
[2026-04-17 15:30:40] New threshold: 46 (avg of [36, 56])
[2026-04-17 15:30:40] Waiting 15s before Round #3...
[Prune] Removed 3 stale IDs (frame 7000)
[Prune] Removed 4 stale IDs (frame 7100)
[Prune] Removed 1 stale IDs (frame 7200)
[2026-04-17 15:30:55] Round #3 | Peace Bridge — USA/Canada Border | threshold=46
[Prune] Removed 1 stale IDs (frame 7300)
[2026-04-17 15:30:57] createMarket tx sent: f017a3ea82260d2f552ec5b207799762818480914d3e04e32321ec4f74f75cf5
[2026-04-17 15:30:57] Market created: 0xB8d550d2eeb7be82AFC6A5d288c9839645a57b9B (tx: f017a3ea82260d2f552ec5b207799762818480914d3e04e32321ec4f74f75cf5)
[2026-04-17 15:30:58] Ably publish OK: market_created
[2026-04-17 15:30:58] Counting vehicles for 150s...
[STATE] betting — market=0xB8d550d2... bet=150s count=150s round=3
[LineZone] (307,432) -> (960,432)
[Counter] Line: (579, 10) -> (701, 710)
[2026-04-17 15:30:58] [StreamClient] Round 3 started on stream_server
[Prune] Removed 1 stale IDs (frame 200)
[Prune] Removed 4 stale IDs (frame 300)
[Prune] Removed 6 stale IDs (frame 400)
[Prune] Removed 1 stale IDs (frame 500)
[Prune] Removed 4 stale IDs (frame 600)
[Evidence] Saved evidence/1776450658_30s.jpg (162983 bytes, sha256:3a78f9b6027a4...)
[Prune] Removed 1 stale IDs (frame 800)
[Prune] Removed 1 stale IDs (frame 1100)
[Prune] Removed 3 stale IDs (frame 1200)
[Prune] Removed 3 stale IDs (frame 1300)
[Evidence] Saved evidence/1776450658_60s.jpg (149517 bytes, sha256:47aab5faa2ae3...)
[Prune] Removed 10 stale IDs (frame 1400)
[Prune] Removed 12 stale IDs (frame 1500)
[Prune] Removed 7 stale IDs (frame 1600)
[Prune] Removed 5 stale IDs (frame 1700)
[Prune] Removed 3 stale IDs (frame 1900)
[Evidence] Saved evidence/1776450658_90s.jpg (176296 bytes, sha256:7fb532d1d56c4...)
[Prune] Removed 2 stale IDs (frame 2000)
[Prune] Removed 3 stale IDs (frame 2100)
[Prune] Removed 1 stale IDs (frame 2600)
[Evidence] Saved evidence/1776450658_120s.jpg (141576 bytes, sha256:bc644c1d6d11c...)
[Prune] Removed 8 stale IDs (frame 2800)
[Prune] Removed 2 stale IDs (frame 2900)
[WS] Client disconnected (1 total)
[Prune] Removed 3 stale IDs (frame 3000)
[Prune] Removed 9 stale IDs (frame 3100)
[Prune] Removed 8 stale IDs (frame 3200)
[STATE] counting — market=0xB8d550d2... duration=150s round=3
[Evidence] Saved evidence/1776450658_150s.jpg (171293 bytes, sha256:7183e4790bf14...)
[Prune] Removed 1 stale IDs (frame 3500)
[Prune] Removed 1 stale IDs (frame 3700)
[Prune] Removed 5 stale IDs (frame 3800)
[Prune] Removed 2 stale IDs (frame 3900)
[Prune] Removed 5 stale IDs (frame 4000)
[Evidence] Saved evidence/1776450658_180s.jpg (168539 bytes, sha256:30c475a22e7b2...)
[Prune] Removed 15 stale IDs (frame 4100)
[Prune] Removed 9 stale IDs (frame 4200)
[WS] Client connected (2 total)
[Prune] Removed 11 stale IDs (frame 4300)
[Prune] Removed 6 stale IDs (frame 4400)
[Prune] Removed 2 stale IDs (frame 4500)
[Prune] Removed 1 stale IDs (frame 4600)
[Evidence] Saved evidence/1776450658_210s.jpg (177981 bytes, sha256:f1281050649a6...)
[Prune] Removed 3 stale IDs (frame 4700)
[Prune] Removed 1 stale IDs (frame 4800)
[Prune] Removed 2 stale IDs (frame 4900)
[Prune] Removed 2 stale IDs (frame 5100)
[Prune] Removed 9 stale IDs (frame 5200)
[Evidence] Saved evidence/1776450658_240s.jpg (181907 bytes, sha256:e593e1b6f3185...)
[Prune] Removed 6 stale IDs (frame 5300)
[Prune] Removed 2 stale IDs (frame 5400)
[Prune] Removed 2 stale IDs (frame 5500)
[Prune] Removed 2 stale IDs (frame 5600)
[Prune] Removed 2 stale IDs (frame 5700)
[Prune] Removed 1 stale IDs (frame 5800)
[Prune] Removed 1 stale IDs (frame 5900)
[Evidence] Saved evidence/1776450658_270s.jpg (175539 bytes, sha256:c0e7babe7d104...)
[Prune] Removed 2 stale IDs (frame 6000)
[Prune] Removed 2 stale IDs (frame 6100)
[Prune] Removed 1 stale IDs (frame 6200)
[Prune] Removed 3 stale IDs (frame 6300)
[WS] Client connected (3 total)
[Prune] Removed 7 stale IDs (frame 6400)
[Prune] Removed 3 stale IDs (frame 6500)
[Prune] Removed 16 stale IDs (frame 6600)
[Evidence] Saved evidence/1776450658_final.jpg (158621 bytes, sha256:ab89083073738...)
[Evidence] Saved evidence/1776450658_final.jpg (157831 bytes, sha256:dc473e1b78614...)
[STATE] idle — round 3 complete: 60 vehicles
[Prune] Removed 12 stale IDs (frame 6700)
[Prune] Removed 3 stale IDs (frame 6900)
[Prune] Removed 3 stale IDs (frame 7100)
[2026-04-17 15:36:28] No round_complete via WS — reading result.json fallback
[2026-04-17 15:36:28] Count complete: 60 vehicles (in=26 out=34)
[2026-04-17 15:36:29] Pool check OK: total=0.0020 ETH, under=0.0010, over=0.0010
[2026-04-17 15:36:29] Market resolved: 60 vehicles → Over 46 wins
[2026-04-17 15:36:30] resolveMarket tx sent: bb32a31e193e6632d3a6393474f7f18ca83c7b81c78c3ba29dd52ed23eb22d5c
[Prune] Removed 2 stale IDs (frame 7300)
[2026-04-17 15:36:32] resolveMarket confirmed (tx: bb32a31e193e6632d3a6393474f7f18ca83c7b81c78c3ba29dd52ed23eb22d5c)
[2026-04-17 15:36:32] Ably publish OK: market_resolved
[2026-04-17 15:36:33] Winnings distributed: 0xB8d550d2eeb7be82AFC6A5d288c9839645a57b9B (tx: 6e89d151f18fc572b5b902fc3d1717beb1352d4a7af7146626e2dc7abcd22274)
[2026-04-17 15:36:33] Auto-distributed winnings (tx: 6e89d151f18fc572b5b902fc3d1717beb1352d4a7af7146626e2dc7abcd22274)
[2026-04-17 15:36:33] Ably publish OK: winnings_distributed
[2026-04-17 15:36:34] Ledger POST failed (non-fatal): HTTP Error 400: Bad Request
[2026-04-17 15:36:34] New threshold: 58 (avg of [56, 60])
[2026-04-17 15:36:34] Waiting 15s before Round #4...
[Prune] Removed 2 stale IDs (frame 7400)
[Prune] Removed 1 stale IDs (frame 7500)
[Prune] Removed 1 stale IDs (frame 7600)
[2026-04-17 15:36:49] Round #4 | Peace Bridge — USA/Canada Border | threshold=58
[2026-04-17 15:36:50] createMarket tx sent: b6acd53431eab8b8321d85dd6415c14a908ab56587596613ac70561ca76ade3a
[2026-04-17 15:36:52] Market created: 0xAe867333324722DBe665e42B0fC09C7523369b7f (tx: b6acd53431eab8b8321d85dd6415c14a908ab56587596613ac70561ca76ade3a)
[2026-04-17 15:36:53] Ably publish OK: market_created
[2026-04-17 15:36:53] Counting vehicles for 150s...
[STATE] betting — market=0xAe867333... bet=150s count=150s round=4
[LineZone] (307,432) -> (960,432)
[Counter] Line: (579, 10) -> (701, 710)
[2026-04-17 15:36:53] [StreamClient] Round 4 started on stream_server
[Prune] Removed 3 stale IDs (frame 200)
[Prune] Removed 2 stale IDs (frame 300)
[Prune] Removed 4 stale IDs (frame 400)
[Prune] Removed 5 stale IDs (frame 500)
[Evidence] Saved evidence/1776451013_30s.jpg (157804 bytes, sha256:6f9774c600c1c...)
[Prune] Removed 4 stale IDs (frame 600)
[Prune] Removed 6 stale IDs (frame 700)
[Prune] Removed 4 stale IDs (frame 800)
[Prune] Removed 1 stale IDs (frame 900)
[Prune] Removed 6 stale IDs (frame 1000)
[Prune] Removed 4 stale IDs (frame 1100)
[Evidence] Saved evidence/1776451013_60s.jpg (156246 bytes, sha256:af1e7db28be0f...)
[Prune] Removed 3 stale IDs (frame 1200)
[Prune] Removed 3 stale IDs (frame 1300)
[Prune] Removed 4 stale IDs (frame 1400)
[Prune] Removed 4 stale IDs (frame 1600)
[Evidence] Saved evidence/1776451013_90s.jpg (164562 bytes, sha256:7ea831363a6c3...)
[Prune] Removed 6 stale IDs (frame 1700)
[Prune] Removed 3 stale IDs (frame 1800)
[Prune] Removed 2 stale IDs (frame 1900)
[Evidence] Saved evidence/1776451013_120s.jpg (153002 bytes, sha256:68e95924fac7a...)
[Prune] Removed 1 stale IDs (frame 2300)
[Prune] Removed 2 stale IDs (frame 2400)
[WS] Client disconnected (2 total)
connection handler failed
Traceback (most recent call last):
  File "/home/lumen/miniconda3/lib/python3.13/asyncio/selector_events.py", line 1067, in write
    n = self._sock.send(data)
BrokenPipeError: [Errno 32] Broken pipe

The above exception was the direct cause of the following exception:

Traceback (most recent call last):
  File "/home/lumen/miniconda3/lib/python3.13/site-packages/websockets/asyncio/server.py", line 376, in conn_handler
    await self.handler(connection)
  File "/home/lumen/.gemini/antigravity/scratch/rush/oracle/stream_server.py", line 1261, in handler
    async for msg in ws:
    ...<37 lines>...
            pass
  File "/home/lumen/miniconda3/lib/python3.13/site-packages/websockets/asyncio/connection.py", line 242, in __aiter__
    yield await self.recv()
          ^^^^^^^^^^^^^^^^^
  File "/home/lumen/miniconda3/lib/python3.13/site-packages/websockets/asyncio/connection.py", line 322, in recv
    raise self.protocol.close_exc from self.recv_exc
websockets.exceptions.ConnectionClosedError: no close frame received or sent
[Prune] Removed 1 stale IDs (frame 2700)
[STATE] counting — market=0xAe867333... duration=150s round=4
[Evidence] Saved evidence/1776451013_150s.jpg (170154 bytes, sha256:489c224e85a36...)
[Prune] Removed 1 stale IDs (frame 2900)
[Prune] Removed 1 stale IDs (frame 3100)
[Prune] Removed 1 stale IDs (frame 3400)
[Evidence] Saved evidence/1776451013_180s.jpg (177132 bytes, sha256:01bacf8373b35...)
[Prune] Removed 1 stale IDs (frame 3500)
[Prune] Removed 1 stale IDs (frame 3600)
[Prune] Removed 2 stale IDs (frame 3700)
[Prune] Removed 2 stale IDs (frame 3900)
[Evidence] Saved evidence/1776451013_210s.jpg (129559 bytes, sha256:73a0904da6393...)
[Prune] Removed 3 stale IDs (frame 4300)
[Prune] Removed 1 stale IDs (frame 4400)
[Prune] Removed 1 stale IDs (frame 4500)
[Prune] Removed 2 stale IDs (frame 4600)
[Prune] Removed 5 stale IDs (frame 4700)
[Evidence] Saved evidence/1776451013_240s.jpg (174594 bytes, sha256:a7498b022cfd6...)
[Prune] Removed 1 stale IDs (frame 4800)
[Evidence] Saved evidence/1776451013_270s.jpg (183232 bytes, sha256:f89e62fbd64e2...)
[Prune] Removed 2 stale IDs (frame 5400)
[Prune] Removed 1 stale IDs (frame 5600)
[Prune] Removed 1 stale IDs (frame 5800)
[Prune] Removed 1 stale IDs (frame 6000)
[Evidence] Saved evidence/1776451013_final.jpg (166411 bytes, sha256:f703710562f09...)
[Evidence] Saved evidence/1776451013_final.jpg (166342 bytes, sha256:e31a2c879da4f...)
[Evidence] Saved evidence/1776451013_final.jpg (166314 bytes, sha256:3ba5bbfb10764...)
[STATE] idle — round 4 complete: 29 vehicles
[Prune] Removed 1 stale IDs (frame 6400)
[Prune] Removed 1 stale IDs (frame 6500)
[2026-04-17 15:42:23] No round_complete via WS — reading result.json fallback
[2026-04-17 15:42:23] Count complete: 29 vehicles (in=22 out=7)
[Prune] Removed 2 stale IDs (frame 6700)
[2026-04-17 15:42:24] Pool check OK: total=0.0030 ETH, under=0.0020, over=0.0010
[2026-04-17 15:42:24] Market resolved: 29 vehicles → Under 58 wins
[2026-04-17 15:42:25] resolveMarket tx sent: 66fb6bae8d3e1b89419ee8a3add38e149fdec25f1e9b9a8301af13c9cde88691
[2026-04-17 15:42:27] resolveMarket confirmed (tx: 66fb6bae8d3e1b89419ee8a3add38e149fdec25f1e9b9a8301af13c9cde88691)
[2026-04-17 15:42:27] Ably publish OK: market_resolved
[Prune] Removed 3 stale IDs (frame 6800)
[2026-04-17 15:42:30] Winnings distributed: 0xAe867333324722DBe665e42B0fC09C7523369b7f (tx: e07290c9731a131e4d7e9f1aca026a96d0bf36e6b985b1ea296393d4d8556808)
[2026-04-17 15:42:30] Auto-distributed winnings (tx: e07290c9731a131e4d7e9f1aca026a96d0bf36e6b985b1ea296393d4d8556808)
[2026-04-17 15:42:31] Ably publish OK: winnings_distributed
[2026-04-17 15:42:31] Ledger POST failed (non-fatal): HTTP Error 400: Bad Request
[2026-04-17 15:42:31] New threshold: 44 (avg of [60, 29])
[2026-04-17 15:42:31] Waiting 15s before Round #5...
[Prune] Removed 3 stale IDs (frame 6900)
[Prune] Removed 4 stale IDs (frame 7000)
[Prune] Removed 1 stale IDs (frame 7100)
[WS] Client connected (3 total)
[2026-04-17 15:42:46] Round #5 | Peace Bridge — USA/Canada Border | threshold=44
[2026-04-17 15:42:47] createMarket tx sent: a6425a51b509eafda2bdf7bb247ff9a48ce72e90915fbe4305f34b173c2b308b
[2026-04-17 15:42:47] Market created: 0xae8389dcaDE74682a442E606ec989449bc8cC433 (tx: a6425a51b509eafda2bdf7bb247ff9a48ce72e90915fbe4305f34b173c2b308b)
[2026-04-17 15:42:48] Ably publish OK: market_created
[2026-04-17 15:42:48] Counting vehicles for 150s...
[STATE] betting — market=0xae8389dc... bet=150s count=150s round=5
[LineZone] (307,432) -> (960,432)
[Counter] Line: (579, 10) -> (701, 710)
[2026-04-17 15:42:48] [StreamClient] Round 5 started on stream_server
[Prune] Removed 3 stale IDs (frame 200)
[Prune] Removed 2 stale IDs (frame 300)
[WS] Client disconnected (2 total)
connection handler failed
Traceback (most recent call last):
  File "/home/lumen/miniconda3/lib/python3.13/asyncio/selector_events.py", line 1005, in _read_ready__data_received
    data = self._sock.recv(self.max_size)
ConnectionResetError: [Errno 104] Connection reset by peer

The above exception was the direct cause of the following exception:

Traceback (most recent call last):
  File "/home/lumen/miniconda3/lib/python3.13/site-packages/websockets/asyncio/server.py", line 376, in conn_handler
    await self.handler(connection)
  File "/home/lumen/.gemini/antigravity/scratch/rush/oracle/stream_server.py", line 1261, in handler
    async for msg in ws:
    ...<37 lines>...
            pass
  File "/home/lumen/miniconda3/lib/python3.13/site-packages/websockets/asyncio/connection.py", line 242, in __aiter__
    yield await self.recv()
          ^^^^^^^^^^^^^^^^^
  File "/home/lumen/miniconda3/lib/python3.13/site-packages/websockets/asyncio/connection.py", line 322, in recv
    raise self.protocol.close_exc from self.recv_exc
websockets.exceptions.ConnectionClosedError: no close frame received or sent
[WS] Client connected (3 total)
[Prune] Removed 1 stale IDs (frame 600)
[Evidence] Saved evidence/1776451368_30s.jpg (153347 bytes, sha256:3cec9fd36f2a6...)
[Prune] Removed 3 stale IDs (frame 700)
[Prune] Removed 2 stale IDs (frame 800)
[Prune] Removed 2 stale IDs (frame 900)
[Prune] Removed 4 stale IDs (frame 1000)
[WS] Client disconnected (2 total)
connection handler failed
Traceback (most recent call last):
  File "/home/lumen/miniconda3/lib/python3.13/asyncio/selector_events.py", line 1067, in write
    n = self._sock.send(data)
BrokenPipeError: [Errno 32] Broken pipe

The above exception was the direct cause of the following exception:

Traceback (most recent call last):
  File "/home/lumen/miniconda3/lib/python3.13/site-packages/websockets/asyncio/server.py", line 376, in conn_handler
    await self.handler(connection)
  File "/home/lumen/.gemini/antigravity/scratch/rush/oracle/stream_server.py", line 1261, in handler
    async for msg in ws:
    ...<37 lines>...
            pass
  File "/home/lumen/miniconda3/lib/python3.13/site-packages/websockets/asyncio/connection.py", line 242, in __aiter__
    yield await self.recv()
          ^^^^^^^^^^^^^^^^^
  File "/home/lumen/miniconda3/lib/python3.13/site-packages/websockets/asyncio/connection.py", line 322, in recv
    raise self.protocol.close_exc from self.recv_exc
websockets.exceptions.ConnectionClosedError: no close frame received or sent
[Prune] Removed 3 stale IDs (frame 1100)
[Prune] Removed 1 stale IDs (frame 1200)
[Evidence] Saved evidence/1776451368_60s.jpg (159295 bytes, sha256:fa38851c71d0b...)
[Prune] Removed 2 stale IDs (frame 1400)
[Prune] Removed 3 stale IDs (frame 1500)
[Prune] Removed 3 stale IDs (frame 1600)
[Prune] Removed 3 stale IDs (frame 1700)
[Prune] Removed 4 stale IDs (frame 1800)
[Evidence] Saved evidence/1776451368_90s.jpg (178884 bytes, sha256:50d1a8aae3b4d...)
[Prune] Removed 6 stale IDs (frame 1900)
[Prune] Removed 2 stale IDs (frame 2100)
[Evidence] Saved evidence/1776451368_120s.jpg (176118 bytes, sha256:3e295ad3352f3...)
[Prune] Removed 1 stale IDs (frame 2500)
[Prune] Removed 2 stale IDs (frame 2600)
[Prune] Removed 2 stale IDs (frame 2700)
[Prune] Removed 3 stale IDs (frame 2800)
[Prune] Removed 3 stale IDs (frame 3000)
[Prune] Removed 1 stale IDs (frame 3100)
[STATE] counting — market=0xae8389dc... duration=150s round=5
[Evidence] Saved evidence/1776451368_150s.jpg (147581 bytes, sha256:a99e5b5355910...)
[Prune] Removed 1 stale IDs (frame 3200)
[Prune] Removed 3 stale IDs (frame 3300)
[Prune] Removed 5 stale IDs (frame 3400)
[Prune] Removed 4 stale IDs (frame 3500)
[Prune] Removed 2 stale IDs (frame 3600)
[Prune] Removed 1 stale IDs (frame 3700)
[Evidence] Saved evidence/1776451368_180s.jpg (156391 bytes, sha256:bfb236f8098d9...)
[Prune] Removed 2 stale IDs (frame 3900)
[Prune] Removed 2 stale IDs (frame 4000)
[Prune] Removed 2 stale IDs (frame 4100)
[Prune] Removed 6 stale IDs (frame 4200)
[Prune] Removed 7 stale IDs (frame 4300)
[Prune] Removed 4 stale IDs (frame 4400)
[Evidence] Saved evidence/1776451368_210s.jpg (149776 bytes, sha256:cf9876711f7c0...)
[Prune] Removed 2 stale IDs (frame 4600)
[Prune] Removed 1 stale IDs (frame 4700)
[Prune] Removed 1 stale IDs (frame 4800)
[Prune] Removed 2 stale IDs (frame 5000)
[Prune] Removed 2 stale IDs (frame 5100)
[Evidence] Saved evidence/1776451368_240s.jpg (134174 bytes, sha256:4ef06fedfdc92...)
[Prune] Removed 1 stale IDs (frame 5200)
[Prune] Removed 6 stale IDs (frame 5300)
[Prune] Removed 7 stale IDs (frame 5400)
[Prune] Removed 1 stale IDs (frame 5500)
[Prune] Removed 2 stale IDs (frame 5600)
[Prune] Removed 1 stale IDs (frame 5700)
[Evidence] Saved evidence/1776451368_270s.jpg (169762 bytes, sha256:79c92e7998939...)
[Prune] Removed 2 stale IDs (frame 5800)
[WS] Client connected (3 total)
[WS] Client connected (4 total)
[Prune] Removed 6 stale IDs (frame 6100)
[WS] Client disconnected (3 total)
connection handler failed
Traceback (most recent call last):
  File "/home/lumen/miniconda3/lib/python3.13/asyncio/selector_events.py", line 1067, in write
    n = self._sock.send(data)
BrokenPipeError: [Errno 32] Broken pipe

The above exception was the direct cause of the following exception:

Traceback (most recent call last):
  File "/home/lumen/miniconda3/lib/python3.13/site-packages/websockets/asyncio/server.py", line 376, in conn_handler
    await self.handler(connection)
  File "/home/lumen/.gemini/antigravity/scratch/rush/oracle/stream_server.py", line 1261, in handler
    async for msg in ws:
    ...<37 lines>...
            pass
  File "/home/lumen/miniconda3/lib/python3.13/site-packages/websockets/asyncio/connection.py", line 242, in __aiter__
    yield await self.recv()
          ^^^^^^^^^^^^^^^^^
  File "/home/lumen/miniconda3/lib/python3.13/site-packages/websockets/asyncio/connection.py", line 322, in recv
    raise self.protocol.close_exc from self.recv_exc
websockets.exceptions.ConnectionClosedError: no close frame received or sent
[WS] Client disconnected (2 total)
connection handler failed
Traceback (most recent call last):
  File "/home/lumen/miniconda3/lib/python3.13/asyncio/selector_events.py", line 1067, in write
    n = self._sock.send(data)
BrokenPipeError: [Errno 32] Broken pipe

The above exception was the direct cause of the following exception:

Traceback (most recent call last):
  File "/home/lumen/miniconda3/lib/python3.13/site-packages/websockets/asyncio/server.py", line 376, in conn_handler
    await self.handler(connection)
  File "/home/lumen/.gemini/antigravity/scratch/rush/oracle/stream_server.py", line 1261, in handler
    async for msg in ws:
    ...<37 lines>...
            pass
  File "/home/lumen/miniconda3/lib/python3.13/site-packages/websockets/asyncio/connection.py", line 242, in __aiter__
    yield await self.recv()
          ^^^^^^^^^^^^^^^^^
  File "/home/lumen/miniconda3/lib/python3.13/site-packages/websockets/asyncio/connection.py", line 322, in recv
    raise self.protocol.close_exc from self.recv_exc
websockets.exceptions.ConnectionClosedError: no close frame received or sent
[Prune] Removed 1 stale IDs (frame 6300)
[Prune] Removed 1 stale IDs (frame 6400)
[Evidence] Saved evidence/1776451368_final.jpg (130248 bytes, sha256:d36650dc4b199...)
[Evidence] Saved evidence/1776451368_final.jpg (130945 bytes, sha256:19d16fb65d087...)
[STATE] idle — round 5 complete: 41 vehicles
[Prune] Removed 3 stale IDs (frame 6500)
[Prune] Removed 9 stale IDs (frame 6600)
[Prune] Removed 2 stale IDs (frame 6700)
[2026-04-17 15:48:18] No round_complete via WS — reading result.json fallback
[2026-04-17 15:48:18] Count complete: 41 vehicles (in=20 out=21)
[Prune] Removed 2 stale IDs (frame 7100)
[2026-04-17 15:48:20] Pool check OK: total=0.0020 ETH, under=0.0010, over=0.0010
[2026-04-17 15:48:20] Market resolved: 41 vehicles → Under 44 wins
[2026-04-17 15:48:20] resolveMarket tx sent: 85c972058a5e14181922033d1de8b3e663af3b6835e711bdd6becc2bff6be02b
[2026-04-17 15:48:23] resolveMarket confirmed (tx: 85c972058a5e14181922033d1de8b3e663af3b6835e711bdd6becc2bff6be02b)
[2026-04-17 15:48:23] Ably publish OK: market_resolved
[2026-04-17 15:48:24] Winnings distributed: 0xae8389dcaDE74682a442E606ec989449bc8cC433 (tx: 6e7b6e2deb84ecbe69e15573095552dd9e8430a45e1f9a70f9ea050e497ac101)
[2026-04-17 15:48:24] Auto-distributed winnings (tx: 6e7b6e2deb84ecbe69e15573095552dd9e8430a45e1f9a70f9ea050e497ac101)
[2026-04-17 15:48:24] Ably publish OK: winnings_distributed
[2026-04-17 15:48:24] Ledger POST OK: {"ok":true}
[2026-04-17 15:48:24] New threshold: 35 (avg of [29, 41])
[2026-04-17 15:48:24] Waiting 15s before Round #6...
[Prune] Removed 2 stale IDs (frame 7200)
[Prune] Removed 4 stale IDs (frame 7300)
[Prune] Removed 2 stale IDs (frame 7400)
[2026-04-17 15:48:39] Round #6 | Peace Bridge — USA/Canada Border | threshold=35
[2026-04-17 15:48:40] createMarket tx sent: 5e462eeffb5e28580ccd1938595c396d2d9e5255f914d9cc3a513c8306be77da
[Prune] Removed 4 stale IDs (frame 7500)
[2026-04-17 15:48:43] Market created: 0x0fF971Fc083864493f4AffA243a6D4e772f9e8C3 (tx: 5e462eeffb5e28580ccd1938595c396d2d9e5255f914d9cc3a513c8306be77da)
[2026-04-17 15:48:43] Ably publish OK: market_created
[2026-04-17 15:48:43] Counting vehicles for 150s...
[STATE] betting — market=0x0fF971Fc... bet=150s count=150s round=6
[LineZone] (307,432) -> (960,432)
[Counter] Line: (579, 10) -> (701, 710)
[2026-04-17 15:48:43] [StreamClient] Round 6 started on stream_server
[Prune] Removed 2 stale IDs (frame 200)
[Prune] Removed 1 stale IDs (frame 300)
[Prune] Removed 3 stale IDs (frame 400)
[Prune] Removed 3 stale IDs (frame 500)
[Evidence] Saved evidence/1776451723_30s.jpg (152575 bytes, sha256:5d4721f8d9460...)
[Prune] Removed 4 stale IDs (frame 600)
[Prune] Removed 1 stale IDs (frame 700)
[Prune] Removed 8 stale IDs (frame 800)
[Prune] Removed 5 stale IDs (frame 900)
[Evidence] Saved evidence/1776451723_60s.jpg (161443 bytes, sha256:dc7525a3a240d...)
[Prune] Removed 1 stale IDs (frame 1100)
[Prune] Removed 5 stale IDs (frame 1200)
[Prune] Removed 4 stale IDs (frame 1300)
[WS] Client disconnected (1 total)
[Prune] Removed 2 stale IDs (frame 1400)
[Prune] Removed 5 stale IDs (frame 1500)
[Prune] Removed 1 stale IDs (frame 1600)
[Evidence] Saved evidence/1776451723_90s.jpg (167820 bytes, sha256:124b19dbb2039...)
[Prune] Removed 3 stale IDs (frame 1800)
[Prune] Removed 3 stale IDs (frame 2000)
[WS] Client connected (2 total)
[Prune] Removed 1 stale IDs (frame 2100)
[Prune] Removed 3 stale IDs (frame 2200)
[Evidence] Saved evidence/1776451723_120s.jpg (146075 bytes, sha256:de4c35ac9d37f...)
[Prune] Removed 3 stale IDs (frame 2400)
[Prune] Removed 2 stale IDs (frame 2600)
[WS] Client connected (3 total)
[Evidence] Saved evidence/1776451723_150s.jpg (163609 bytes, sha256:d185f08669a60...)
[STATE] counting — market=0x0fF971Fc... duration=150s round=6
[Prune] Removed 2 stale IDs (frame 3000)
[WS] Client disconnected (2 total)
connection handler failed
Traceback (most recent call last):
  File "/home/lumen/miniconda3/lib/python3.13/asyncio/selector_events.py", line 1067, in write
    n = self._sock.send(data)
BrokenPipeError: [Errno 32] Broken pipe

The above exception was the direct cause of the following exception:

Traceback (most recent call last):
  File "/home/lumen/miniconda3/lib/python3.13/site-packages/websockets/asyncio/server.py", line 376, in conn_handler
    await self.handler(connection)
  File "/home/lumen/.gemini/antigravity/scratch/rush/oracle/stream_server.py", line 1261, in handler
    async for msg in ws:
    ...<37 lines>...
            pass
  File "/home/lumen/miniconda3/lib/python3.13/site-packages/websockets/asyncio/connection.py", line 242, in __aiter__
    yield await self.recv()
          ^^^^^^^^^^^^^^^^^
  File "/home/lumen/miniconda3/lib/python3.13/site-packages/websockets/asyncio/connection.py", line 322, in recv
    raise self.protocol.close_exc from self.recv_exc
websockets.exceptions.ConnectionClosedError: no close frame received or sent
[Prune] Removed 3 stale IDs (frame 3200)
[Prune] Removed 1 stale IDs (frame 3300)
[Prune] Removed 3 stale IDs (frame 3400)
[Evidence] Saved evidence/1776451723_180s.jpg (148436 bytes, sha256:f4b25800707c9...)
[Prune] Removed 2 stale IDs (frame 3500)
[Prune] Removed 3 stale IDs (frame 3600)
[Prune] Removed 6 stale IDs (frame 3700)
[Prune] Removed 4 stale IDs (frame 3800)
[Prune] Removed 6 stale IDs (frame 3900)
[Prune] Removed 2 stale IDs (frame 4000)
[Evidence] Saved evidence/1776451723_210s.jpg (146014 bytes, sha256:1521195488bcc...)
[Prune] Removed 4 stale IDs (frame 4100)
[Prune] Removed 10 stale IDs (frame 4200)
[Prune] Removed 4 stale IDs (frame 4300)
[Prune] Removed 2 stale IDs (frame 4400)
[Prune] Removed 2 stale IDs (frame 4500)
[Prune] Removed 4 stale IDs (frame 4600)
[Evidence] Saved evidence/1776451723_240s.jpg (159444 bytes, sha256:0d3f909506d56...)
[Prune] Removed 1 stale IDs (frame 4700)
[WS] Client connected (3 total)
[Prune] Removed 2 stale IDs (frame 4800)
[Prune] Removed 3 stale IDs (frame 5200)
[Evidence] Saved evidence/1776451723_270s.jpg (136954 bytes, sha256:e6b8523484685...)
[Prune] Removed 2 stale IDs (frame 5400)
[Prune] Removed 5 stale IDs (frame 5500)
[Prune] Removed 2 stale IDs (frame 5600)
[Prune] Removed 8 stale IDs (frame 5700)
[Evidence] Saved evidence/1776451723_final.jpg (122912 bytes, sha256:7871d86d8a59a...)
[Evidence] Saved evidence/1776451723_final.jpg (122780 bytes, sha256:010caef252e40...)
[Evidence] Saved evidence/1776451723_final.jpg (122521 bytes, sha256:b1c3976be8ce2...)
[STATE] idle — round 6 complete: 42 vehicles
[Prune] Removed 5 stale IDs (frame 5800)
[Prune] Removed 7 stale IDs (frame 5900)
[Prune] Removed 4 stale IDs (frame 6000)
[WS] Client disconnected (2 total)
connection handler failed
Traceback (most recent call last):
  File "/home/lumen/miniconda3/lib/python3.13/asyncio/selector_events.py", line 1067, in write
    n = self._sock.send(data)
BrokenPipeError: [Errno 32] Broken pipe

The above exception was the direct cause of the following exception:

Traceback (most recent call last):
  File "/home/lumen/miniconda3/lib/python3.13/site-packages/websockets/asyncio/server.py", line 376, in conn_handler
    await self.handler(connection)
  File "/home/lumen/.gemini/antigravity/scratch/rush/oracle/stream_server.py", line 1261, in handler
    async for msg in ws:
    ...<37 lines>...
            pass
  File "/home/lumen/miniconda3/lib/python3.13/site-packages/websockets/asyncio/connection.py", line 242, in __aiter__
    yield await self.recv()
          ^^^^^^^^^^^^^^^^^
  File "/home/lumen/miniconda3/lib/python3.13/site-packages/websockets/asyncio/connection.py", line 322, in recv
    raise self.protocol.close_exc from self.recv_exc
websockets.exceptions.ConnectionClosedError: no close frame received or sent
[WS] Client connected (3 total)
[Prune] Removed 1 stale IDs (frame 6400)
[2026-04-17 15:54:13] No round_complete via WS — reading result.json fallback
[2026-04-17 15:54:13] Count complete: 42 vehicles (in=23 out=19)
[WS] Client disconnected (2 total)
connection handler failed
Traceback (most recent call last):
  File "/home/lumen/miniconda3/lib/python3.13/asyncio/selector_events.py", line 1067, in write
    n = self._sock.send(data)
BrokenPipeError: [Errno 32] Broken pipe

The above exception was the direct cause of the following exception:

Traceback (most recent call last):
  File "/home/lumen/miniconda3/lib/python3.13/site-packages/websockets/asyncio/server.py", line 376, in conn_handler
    await self.handler(connection)
  File "/home/lumen/.gemini/antigravity/scratch/rush/oracle/stream_server.py", line 1261, in handler
    async for msg in ws:
    ...<37 lines>...
            pass
  File "/home/lumen/miniconda3/lib/python3.13/site-packages/websockets/asyncio/connection.py", line 242, in __aiter__
    yield await self.recv()
          ^^^^^^^^^^^^^^^^^
  File "/home/lumen/miniconda3/lib/python3.13/site-packages/websockets/asyncio/connection.py", line 322, in recv
    raise self.protocol.close_exc from self.recv_exc
websockets.exceptions.ConnectionClosedError: no close frame received or sent
[2026-04-17 15:54:15] Pool check OK: total=0.0030 ETH, under=0.0020, over=0.0010
[2026-04-17 15:54:15] Market resolved: 42 vehicles → Over 35 wins
[2026-04-17 15:54:16] resolveMarket tx sent: b82d7b8d6df64e69c4e65479fedf1f2a8135661f9e139a4792c7f38a89d2f037
[2026-04-17 15:54:16] resolveMarket confirmed (tx: b82d7b8d6df64e69c4e65479fedf1f2a8135661f9e139a4792c7f38a89d2f037)
[2026-04-17 15:54:16] Ably publish OK: market_resolved
[2026-04-17 15:54:17] Winnings distributed: 0x0fF971Fc083864493f4AffA243a6D4e772f9e8C3 (tx: 421e044e6a079c288c6b0b85898fd8c41adc32f0b77c3bad4345ccbe14702ec1)
[2026-04-17 15:54:17] Auto-distributed winnings (tx: 421e044e6a079c288c6b0b85898fd8c41adc32f0b77c3bad4345ccbe14702ec1)
[2026-04-17 15:54:17] Ably publish OK: winnings_distributed
[2026-04-17 15:54:17] Ledger POST failed (non-fatal): HTTP Error 400: Bad Request
[2026-04-17 15:54:17] New threshold: 41 (avg of [41, 42])
[2026-04-17 15:54:17] Waiting 15s before Round #7...
[Prune] Removed 3 stale IDs (frame 6500)
[Prune] Removed 5 stale IDs (frame 6600)
[Prune] Removed 7 stale IDs (frame 6700)
[Prune] Removed 5 stale IDs (frame 6800)
[2026-04-17 15:54:32] Round #7 | Peace Bridge — USA/Canada Border | threshold=41
[2026-04-17 15:54:34] createMarket tx sent: 9d661bcec36b0ae24ac02131f8322b842a7bc6d0802b91882c0000cf18013925
[2026-04-17 15:54:36] Market created: 0x44D51e3BbbD17903F2d19ABb6064811D868cB1BF (tx: 9d661bcec36b0ae24ac02131f8322b842a7bc6d0802b91882c0000cf18013925)
[2026-04-17 15:54:37] Ably publish OK: market_created
[2026-04-17 15:54:37] Counting vehicles for 150s...
[STATE] betting — market=0x44D51e3B... bet=150s count=150s round=7
[2026-04-17 15:54:37] [StreamClient] Round 7 started on stream_server
[LineZone] (307,432) -> (960,432)
[Counter] Line: (579, 10) -> (701, 710)
[Prune] Removed 5 stale IDs (frame 200)
[Prune] Removed 2 stale IDs (frame 300)
[Prune] Removed 2 stale IDs (frame 400)
[Prune] Removed 3 stale IDs (frame 500)
[Evidence] Saved evidence/1776452077_30s.jpg (144353 bytes, sha256:5b7cb88826437...)
[Prune] Removed 5 stale IDs (frame 600)
[Prune] Removed 1 stale IDs (frame 700)
[Prune] Removed 4 stale IDs (frame 800)
[Prune] Removed 2 stale IDs (frame 900)
[Prune] Removed 3 stale IDs (frame 1000)
[Prune] Removed 1 stale IDs (frame 1200)
[Evidence] Saved evidence/1776452077_60s.jpg (171635 bytes, sha256:00187f1d1e477...)
[Prune] Removed 1 stale IDs (frame 1600)
[Prune] Removed 1 stale IDs (frame 1700)
[Evidence] Saved evidence/1776452077_90s.jpg (157967 bytes, sha256:546d8546933f1...)
[Prune] Removed 2 stale IDs (frame 1900)
[Prune] Removed 2 stale IDs (frame 2000)
[Prune] Removed 2 stale IDs (frame 2200)
[Prune] Removed 3 stale IDs (frame 2300)
[Prune] Removed 2 stale IDs (frame 2400)
[Evidence] Saved evidence/1776452077_120s.jpg (129227 bytes, sha256:3d7123bdafa31...)
[Prune] Removed 3 stale IDs (frame 2500)
[Prune] Removed 3 stale IDs (frame 2600)
[Prune] Removed 3 stale IDs (frame 2800)
[Prune] Removed 2 stale IDs (frame 2900)
[Prune] Removed 1 stale IDs (frame 3000)
[STATE] counting — market=0x44D51e3B... duration=150s round=7
[Evidence] Saved evidence/1776452077_150s.jpg (142793 bytes, sha256:2338b19269ba9...)
[Prune] Removed 3 stale IDs (frame 3100)
[Prune] Removed 1 stale IDs (frame 3200)
[WS] Client connected (3 total)
[Prune] Removed 3 stale IDs (frame 3300)
[Prune] Removed 2 stale IDs (frame 3400)
[Prune] Removed 2 stale IDs (frame 3500)
[WS] Client disconnected (2 total)
connection handler failed
Traceback (most recent call last):
  File "/home/lumen/miniconda3/lib/python3.13/asyncio/selector_events.py", line 1067, in write
    n = self._sock.send(data)
BrokenPipeError: [Errno 32] Broken pipe

The above exception was the direct cause of the following exception:

Traceback (most recent call last):
  File "/home/lumen/miniconda3/lib/python3.13/site-packages/websockets/asyncio/server.py", line 376, in conn_handler
    await self.handler(connection)
  File "/home/lumen/.gemini/antigravity/scratch/rush/oracle/stream_server.py", line 1261, in handler
    async for msg in ws:
    ...<37 lines>...
            pass
  File "/home/lumen/miniconda3/lib/python3.13/site-packages/websockets/asyncio/connection.py", line 242, in __aiter__
    yield await self.recv()
          ^^^^^^^^^^^^^^^^^
  File "/home/lumen/miniconda3/lib/python3.13/site-packages/websockets/asyncio/connection.py", line 322, in recv
    raise self.protocol.close_exc from self.recv_exc
websockets.exceptions.ConnectionClosedError: no close frame received or sent
[Prune] Removed 2 stale IDs (frame 3600)
[Prune] Removed 2 stale IDs (frame 3700)
[Evidence] Saved evidence/1776452077_180s.jpg (140021 bytes, sha256:013bf64dad905...)
[Prune] Removed 1 stale IDs (frame 3800)
[Prune] Removed 7 stale IDs (frame 3900)
[Prune] Removed 6 stale IDs (frame 4000)
[Prune] Removed 5 stale IDs (frame 4100)
[Prune] Removed 4 stale IDs (frame 4200)
[Evidence] Saved evidence/1776452077_210s.jpg (145583 bytes, sha256:31b5f1245b485...)
[Prune] Removed 1 stale IDs (frame 4300)
[Prune] Removed 10 stale IDs (frame 4400)
[Prune] Removed 2 stale IDs (frame 4500)
[Prune] Removed 4 stale IDs (frame 4600)
[Prune] Removed 8 stale IDs (frame 4700)
[Prune] Removed 4 stale IDs (frame 4800)
[Prune] Removed 1 stale IDs (frame 4900)
[Evidence] Saved evidence/1776452077_240s.jpg (143484 bytes, sha256:058bd0ed4955f...)
[Prune] Removed 3 stale IDs (frame 5200)
[Prune] Removed 4 stale IDs (frame 5300)
[Prune] Removed 2 stale IDs (frame 5400)
[Prune] Removed 5 stale IDs (frame 5500)
[Evidence] Saved evidence/1776452077_270s.jpg (143639 bytes, sha256:34618bd801886...)
[Prune] Removed 2 stale IDs (frame 5600)
[Prune] Removed 3 stale IDs (frame 5700)
[Prune] Removed 2 stale IDs (frame 5800)
[Prune] Removed 2 stale IDs (frame 5900)
[Prune] Removed 2 stale IDs (frame 6000)
[Evidence] Saved evidence/1776452077_final.jpg (143798 bytes, sha256:a3e06fc60b2cc...)
[Evidence] Saved evidence/1776452077_final.jpg (143770 bytes, sha256:9b2f17df3dd2c...)
[Evidence] Saved evidence/1776452077_final.jpg (145273 bytes, sha256:e1e90d086e982...)
[STATE] idle — round 7 complete: 47 vehicles
[Prune] Removed 1 stale IDs (frame 6300)
[Prune] Removed 2 stale IDs (frame 6400)
[Prune] Removed 9 stale IDs (frame 6500)
[Prune] Removed 7 stale IDs (frame 6600)
[Prune] Removed 5 stale IDs (frame 6700)
[Prune] Removed 5 stale IDs (frame 6800)
[2026-04-17 16:00:07] No round_complete via WS — reading result.json fallback
[2026-04-17 16:00:07] Count complete: 47 vehicles (in=35 out=12)
[2026-04-17 16:00:08] Pool check OK: total=0.0020 ETH, under=0.0010, over=0.0010
[2026-04-17 16:00:08] Market resolved: 47 vehicles → Over 41 wins
[Prune] Removed 5 stale IDs (frame 6900)
[2026-04-17 16:00:09] resolveMarket tx sent: aaff0edb961ef5e43b3a2e47ea69d6244b804c9fe0a52e5a2be94d13db16a14e
[2026-04-17 16:00:11] resolveMarket confirmed (tx: aaff0edb961ef5e43b3a2e47ea69d6244b804c9fe0a52e5a2be94d13db16a14e)
[2026-04-17 16:00:11] Ably publish OK: market_resolved
[2026-04-17 16:00:12] Winnings distributed: 0x44D51e3BbbD17903F2d19ABb6064811D868cB1BF (tx: 5893f62371685fea807e6e921e48d057c5f3ecf7bfd1d2625b834643b9750bf5)
[2026-04-17 16:00:12] Auto-distributed winnings (tx: 5893f62371685fea807e6e921e48d057c5f3ecf7bfd1d2625b834643b9750bf5)
[2026-04-17 16:00:12] Ably publish OK: winnings_distributed
[2026-04-17 16:00:12] Ledger POST failed (non-fatal): HTTP Error 400: Bad Request
[2026-04-17 16:00:12] New threshold: 44 (avg of [42, 47])
[2026-04-17 16:00:12] Waiting 15s before Round #8...
[Prune] Removed 8 stale IDs (frame 7000)
[Prune] Removed 6 stale IDs (frame 7100)
[Prune] Removed 2 stale IDs (frame 7200)
[Prune] Removed 3 stale IDs (frame 7300)
[2026-04-17 16:00:27] Round #8 | Peace Bridge — USA/Canada Border | threshold=44
[2026-04-17 16:00:29] createMarket tx sent: 82f56dad5c74e60ac071437a433cd9fc91d929d8a0cbf0065d2d30478564a51c
[2026-04-17 16:00:31] Market created: 0x237470bd4a0599A6129ec420e1faeB5Fdab18Fb5 (tx: 82f56dad5c74e60ac071437a433cd9fc91d929d8a0cbf0065d2d30478564a51c)
[Prune] Removed 1 stale IDs (frame 7400)
[2026-04-17 16:00:32] Ably publish OK: market_created
[2026-04-17 16:00:32] Counting vehicles for 150s...
[STATE] betting — market=0x237470bd... bet=150s count=150s round=8
[LineZone] (307,432) -> (960,432)
[Counter] Line: (579, 10) -> (701, 710)
[2026-04-17 16:00:32] [StreamClient] Round 8 started on stream_server
[WS] Client connected (3 total)
[Prune] Removed 1 stale IDs (frame 400)
[Prune] Removed 3 stale IDs (frame 500)
[Evidence] Saved evidence/1776452432_30s.jpg (124033 bytes, sha256:e0f245850fa10...)
[Prune] Removed 5 stale IDs (frame 600)
[WS] Client disconnected (2 total)
connection handler failed
Traceback (most recent call last):
  File "/home/lumen/miniconda3/lib/python3.13/asyncio/selector_events.py", line 1067, in write
    n = self._sock.send(data)
BrokenPipeError: [Errno 32] Broken pipe

The above exception was the direct cause of the following exception:

Traceback (most recent call last):
  File "/home/lumen/miniconda3/lib/python3.13/site-packages/websockets/asyncio/server.py", line 376, in conn_handler
    await self.handler(connection)
  File "/home/lumen/.gemini/antigravity/scratch/rush/oracle/stream_server.py", line 1261, in handler
    async for msg in ws:
    ...<37 lines>...
            pass
  File "/home/lumen/miniconda3/lib/python3.13/site-packages/websockets/asyncio/connection.py", line 242, in __aiter__
    yield await self.recv()
          ^^^^^^^^^^^^^^^^^
  File "/home/lumen/miniconda3/lib/python3.13/site-packages/websockets/asyncio/connection.py", line 322, in recv
    raise self.protocol.close_exc from self.recv_exc
websockets.exceptions.ConnectionClosedError: no close frame received or sent
[WS] Client disconnected (1 total)
connection handler failed
Traceback (most recent call last):
  File "/home/lumen/miniconda3/lib/python3.13/asyncio/selector_events.py", line 1067, in write
    n = self._sock.send(data)
BrokenPipeError: [Errno 32] Broken pipe

The above exception was the direct cause of the following exception:

Traceback (most recent call last):
  File "/home/lumen/miniconda3/lib/python3.13/site-packages/websockets/asyncio/server.py", line 376, in conn_handler
    await self.handler(connection)
  File "/home/lumen/.gemini/antigravity/scratch/rush/oracle/stream_server.py", line 1261, in handler
    async for msg in ws:
    ...<37 lines>...
            pass
  File "/home/lumen/miniconda3/lib/python3.13/site-packages/websockets/asyncio/connection.py", line 242, in __aiter__
    yield await self.recv()
          ^^^^^^^^^^^^^^^^^
  File "/home/lumen/miniconda3/lib/python3.13/site-packages/websockets/asyncio/connection.py", line 322, in recv
    raise self.protocol.close_exc from self.recv_exc
websockets.exceptions.ConnectionClosedError: no close frame received or sent
[WS] Client connected (2 total)
[Prune] Removed 2 stale IDs (frame 700)
[WS] Client disconnected (1 total)
[Prune] Removed 2 stale IDs (frame 800)
[Prune] Removed 2 stale IDs (frame 900)
[WS] Client connected (2 total)
[Prune] Removed 3 stale IDs (frame 1000)
[Evidence] Saved evidence/1776452432_60s.jpg (143512 bytes, sha256:14cc91101fa27...)
[Prune] Removed 3 stale IDs (frame 1100)
[Prune] Removed 2 stale IDs (frame 1200)
[Prune] Removed 2 stale IDs (frame 1300)
[Prune] Removed 1 stale IDs (frame 1500)
[Prune] Removed 1 stale IDs (frame 1600)
[Evidence] Saved evidence/1776452432_90s.jpg (160511 bytes, sha256:82ae1fc761d84...)
[Prune] Removed 7 stale IDs (frame 1800)
[Prune] Removed 1 stale IDs (frame 1900)
[Prune] Removed 1 stale IDs (frame 2000)
[Prune] Removed 3 stale IDs (frame 2100)
[Evidence] Saved evidence/1776452432_120s.jpg (146187 bytes, sha256:2633875881301...)
[Prune] Removed 1 stale IDs (frame 2200)
[Prune] Removed 1 stale IDs (frame 2300)
[STATE] counting — market=0x237470bd... duration=150s round=8
[Evidence] Saved evidence/1776452432_150s.jpg (137490 bytes, sha256:c358e9395688d...)
[Prune] Removed 2 stale IDs (frame 2800)
[Prune] Removed 3 stale IDs (frame 3000)
[Prune] Removed 3 stale IDs (frame 3100)
[Prune] Removed 7 stale IDs (frame 3200)
[Prune] Removed 4 stale IDs (frame 3300)
[Evidence] Saved evidence/1776452432_180s.jpg (141161 bytes, sha256:bc8c4f0d2b9cd...)
[Prune] Removed 10 stale IDs (frame 3400)
[Prune] Removed 5 stale IDs (frame 3500)
[Prune] Removed 5 stale IDs (frame 3600)
[Prune] Removed 7 stale IDs (frame 3700)
[Prune] Removed 3 stale IDs (frame 3800)
[Prune] Removed 6 stale IDs (frame 3900)
[Prune] Removed 2 stale IDs (frame 4000)
[Evidence] Saved evidence/1776452432_210s.jpg (129423 bytes, sha256:45a6aab073d73...)
[Prune] Removed 3 stale IDs (frame 4100)
[Prune] Removed 4 stale IDs (frame 4200)
[Prune] Removed 2 stale IDs (frame 4300)
[Prune] Removed 5 stale IDs (frame 4400)
[Prune] Removed 3 stale IDs (frame 4500)
[Prune] Removed 2 stale IDs (frame 4600)
[Evidence] Saved evidence/1776452432_240s.jpg (154129 bytes, sha256:9adac58c09d5d...)
[WS] Client disconnected (1 total)
[Prune] Removed 3 stale IDs (frame 4900)
[Prune] Removed 3 stale IDs (frame 5000)
[Prune] Removed 1 stale IDs (frame 5100)
[Prune] Removed 5 stale IDs (frame 5200)
[Evidence] Saved evidence/1776452432_270s.jpg (134774 bytes, sha256:3c968fdb78982...)
[Prune] Removed 3 stale IDs (frame 5300)
[Prune] Removed 5 stale IDs (frame 5400)
[Prune] Removed 2 stale IDs (frame 5500)
[Prune] Removed 1 stale IDs (frame 5600)
[Prune] Removed 1 stale IDs (frame 5700)
[Prune] Removed 1 stale IDs (frame 5800)
[Prune] Removed 2 stale IDs (frame 5900)
[Evidence] Saved evidence/1776452432_final.jpg (152806 bytes, sha256:9e0c34002bd62...)
[Evidence] Saved evidence/1776452432_final.jpg (152820 bytes, sha256:e3559e19fd8dd...)
[STATE] idle — round 8 complete: 43 vehicles
[Prune] Removed 1 stale IDs (frame 6100)
[Prune] Removed 2 stale IDs (frame 6300)
[Prune] Removed 2 stale IDs (frame 6400)
[WS] Client connected (2 total)
[Prune] Removed 6 stale IDs (frame 6500)
[Prune] Removed 1 stale IDs (frame 6600)
[2026-04-17 16:06:02] No round_complete via WS — reading result.json fallback
[2026-04-17 16:06:02] Count complete: 43 vehicles (in=25 out=18)
[WS] Client disconnected (1 total)
connection handler failed
Traceback (most recent call last):
  File "/home/lumen/miniconda3/lib/python3.13/asyncio/selector_events.py", line 1067, in write
    n = self._sock.send(data)
BrokenPipeError: [Errno 32] Broken pipe

The above exception was the direct cause of the following exception:

Traceback (most recent call last):
  File "/home/lumen/miniconda3/lib/python3.13/site-packages/websockets/asyncio/server.py", line 376, in conn_handler
    await self.handler(connection)
  File "/home/lumen/.gemini/antigravity/scratch/rush/oracle/stream_server.py", line 1261, in handler
    async for msg in ws:
    ...<37 lines>...
            pass
  File "/home/lumen/miniconda3/lib/python3.13/site-packages/websockets/asyncio/connection.py", line 242, in __aiter__
    yield await self.recv()
          ^^^^^^^^^^^^^^^^^
  File "/home/lumen/miniconda3/lib/python3.13/site-packages/websockets/asyncio/connection.py", line 322, in recv
    raise self.protocol.close_exc from self.recv_exc
websockets.exceptions.ConnectionClosedError: no close frame received or sent
[WS] Client connected (2 total)
[2026-04-17 16:06:03] Pool check OK: total=0.0030 ETH, under=0.0020, over=0.0010
[2026-04-17 16:06:03] Market resolved: 43 vehicles → Under 44 wins
[WS] Client connected (3 total)
[2026-04-17 16:06:04] resolveMarket tx sent: f2452aa3917c67389321994973fad787812d08aa37ec50a6c1e2d85e53b86aa1
[2026-04-17 16:06:04] resolveMarket confirmed (tx: f2452aa3917c67389321994973fad787812d08aa37ec50a6c1e2d85e53b86aa1)
[2026-04-17 16:06:04] Ably publish OK: market_resolved
[2026-04-17 16:06:05] Winnings distributed: 0x237470bd4a0599A6129ec420e1faeB5Fdab18Fb5 (tx: ae7a902bc8ab928323b8f32ed30197975a3ab7512fd7e941576665511d448554)
[2026-04-17 16:06:05] Auto-distributed winnings (tx: ae7a902bc8ab928323b8f32ed30197975a3ab7512fd7e941576665511d448554)
[2026-04-17 16:06:05] Ably publish OK: winnings_distributed
[2026-04-17 16:06:05] Ledger POST failed (non-fatal): HTTP Error 400: Bad Request
[2026-04-17 16:06:05] New threshold: 45 (avg of [47, 43])
[2026-04-17 16:06:05] Waiting 15s before Round #9...
[WS] Client disconnected (2 total)
connection handler failed
Traceback (most recent call last):
  File "/home/lumen/miniconda3/lib/python3.13/asyncio/selector_events.py", line 1067, in write
    n = self._sock.send(data)
BrokenPipeError: [Errno 32] Broken pipe

The above exception was the direct cause of the following exception:

Traceback (most recent call last):
  File "/home/lumen/miniconda3/lib/python3.13/site-packages/websockets/asyncio/server.py", line 376, in conn_handler
    await self.handler(connection)
  File "/home/lumen/.gemini/antigravity/scratch/rush/oracle/stream_server.py", line 1261, in handler
    async for msg in ws:
    ...<37 lines>...
            pass
  File "/home/lumen/miniconda3/lib/python3.13/site-packages/websockets/asyncio/connection.py", line 242, in __aiter__
    yield await self.recv()
          ^^^^^^^^^^^^^^^^^
  File "/home/lumen/miniconda3/lib/python3.13/site-packages/websockets/asyncio/connection.py", line 322, in recv
    raise self.protocol.close_exc from self.recv_exc
websockets.exceptions.ConnectionClosedError: no close frame received or sent
[Prune] Removed 4 stale IDs (frame 7000)
[2026-04-17 16:06:20] Round #9 | Peace Bridge — USA/Canada Border | threshold=45
[2026-04-17 16:06:21] createMarket tx sent: 0c4d6baaa7b3b1fce0b363e1926931143d39d6a3f741d6ed4d1843540f030442
[2026-04-17 16:06:22] Market created: 0xDFD8090F49682c79562D9Ce9d08A6dbABC2DC35b (tx: 0c4d6baaa7b3b1fce0b363e1926931143d39d6a3f741d6ed4d1843540f030442)
[2026-04-17 16:06:22] Ably publish OK: market_created
[2026-04-17 16:06:22] Counting vehicles for 150s...
[STATE] betting — market=0xDFD8090F... bet=150s count=150s round=9
[LineZone] (307,432) -> (960,432)
[Counter] Line: (579, 10) -> (701, 710)
[2026-04-17 16:06:23] [StreamClient] Round 9 started on stream_server
[Prune] Removed 1 stale IDs (frame 200)
[Prune] Removed 1 stale IDs (frame 300)
[Prune] Removed 5 stale IDs (frame 400)
[Prune] Removed 5 stale IDs (frame 500)
[Prune] Removed 7 stale IDs (frame 600)
[Evidence] Saved evidence/1776452783_30s.jpg (130043 bytes, sha256:9fa6183cdc224...)
[Prune] Removed 4 stale IDs (frame 700)
[Prune] Removed 6 stale IDs (frame 800)
[WS] Client disconnected (1 total)
connection handler failed
Traceback (most recent call last):
  File "/home/lumen/miniconda3/lib/python3.13/site-packages/websockets/asyncio/server.py", line 376, in conn_handler
    await self.handler(connection)
  File "/home/lumen/.gemini/antigravity/scratch/rush/oracle/stream_server.py", line 1261, in handler
    async for msg in ws:
    ...<37 lines>...
            pass
  File "/home/lumen/miniconda3/lib/python3.13/site-packages/websockets/asyncio/connection.py", line 242, in __aiter__
    yield await self.recv()
          ^^^^^^^^^^^^^^^^^
  File "/home/lumen/miniconda3/lib/python3.13/site-packages/websockets/asyncio/connection.py", line 322, in recv
    raise self.protocol.close_exc from self.recv_exc
websockets.exceptions.ConnectionClosedError: sent 1011 (internal error) keepalive ping timeout; no close frame received
[Prune] Removed 1 stale IDs (frame 900)
[Prune] Removed 4 stale IDs (frame 1000)
[WS] Client connected (2 total)
[Prune] Removed 3 stale IDs (frame 1100)
[Prune] Removed 2 stale IDs (frame 1200)
[Prune] Removed 2 stale IDs (frame 1300)
[Evidence] Saved evidence/1776452783_60s.jpg (151078 bytes, sha256:8943c9e41747b...)
[Prune] Removed 1 stale IDs (frame 1500)
[Prune] Removed 1 stale IDs (frame 1600)
[WS] Client connected (3 total)
[Prune] Removed 1 stale IDs (frame 1800)
[Evidence] Saved evidence/1776452783_90s.jpg (156491 bytes, sha256:52213e1d1117e...)
[WS] Client disconnected (2 total)
[Prune] Removed 1 stale IDs (frame 2200)
[Prune] Removed 1 stale IDs (frame 2300)
[Prune] Removed 1 stale IDs (frame 2500)
[WS] Client disconnected (1 total)
connection handler failed
Traceback (most recent call last):
  File "/home/lumen/miniconda3/lib/python3.13/asyncio/selector_events.py", line 1067, in write
    n = self._sock.send(data)
BrokenPipeError: [Errno 32] Broken pipe

The above exception was the direct cause of the following exception:

Traceback (most recent call last):
  File "/home/lumen/miniconda3/lib/python3.13/site-packages/websockets/asyncio/server.py", line 376, in conn_handler
    await self.handler(connection)
  File "/home/lumen/.gemini/antigravity/scratch/rush/oracle/stream_server.py", line 1261, in handler
    async for msg in ws:
    ...<37 lines>...
            pass
  File "/home/lumen/miniconda3/lib/python3.13/site-packages/websockets/asyncio/connection.py", line 242, in __aiter__
    yield await self.recv()
          ^^^^^^^^^^^^^^^^^
  File "/home/lumen/miniconda3/lib/python3.13/site-packages/websockets/asyncio/connection.py", line 322, in recv
    raise self.protocol.close_exc from self.recv_exc
websockets.exceptions.ConnectionClosedError: no close frame received or sent
[Prune] Removed 5 stale IDs (frame 2600)
[Evidence] Saved evidence/1776452783_120s.jpg (148826 bytes, sha256:fece3b3973e17...)
[Prune] Removed 2 stale IDs (frame 2700)
[Prune] Removed 3 stale IDs (frame 2800)
[Prune] Removed 1 stale IDs (frame 2900)
[WS] Client connected (2 total)
[Prune] Removed 4 stale IDs (frame 3000)
[Prune] Removed 3 stale IDs (frame 3100)
[WS] Client connected (2 total)
[Prune] Removed 1 stale IDs (frame 3300)
[STATE] counting — market=0xDFD8090F... duration=150s round=9
[Evidence] Saved evidence/1776452783_150s.jpg (142944 bytes, sha256:431adc0ad3f75...)
[Prune] Removed 1 stale IDs (frame 3400)
[Prune] Removed 3 stale IDs (frame 3500)
[WS] Client disconnected (2 total)
[WS] Client disconnected (1 total)
connection handler failed
Traceback (most recent call last):
  File "/home/lumen/miniconda3/lib/python3.13/asyncio/selector_events.py", line 1067, in write
    n = self._sock.send(data)
BrokenPipeError: [Errno 32] Broken pipe

The above exception was the direct cause of the following exception:

Traceback (most recent call last):
  File "/home/lumen/miniconda3/lib/python3.13/site-packages/websockets/asyncio/server.py", line 376, in conn_handler
    await self.handler(connection)
  File "/home/lumen/.gemini/antigravity/scratch/rush/oracle/stream_server.py", line 1261, in handler
    async for msg in ws:
    ...<37 lines>...
            pass
  File "/home/lumen/miniconda3/lib/python3.13/site-packages/websockets/asyncio/connection.py", line 242, in __aiter__
    yield await self.recv()
          ^^^^^^^^^^^^^^^^^
  File "/home/lumen/miniconda3/lib/python3.13/site-packages/websockets/asyncio/connection.py", line 322, in recv
    raise self.protocol.close_exc from self.recv_exc
websockets.exceptions.ConnectionClosedError: no close frame received or sent
[Prune] Removed 1 stale IDs (frame 3800)
[Prune] Removed 2 stale IDs (frame 3900)
[Prune] Removed 1 stale IDs (frame 4000)
[Evidence] Saved evidence/1776452783_180s.jpg (143864 bytes, sha256:b7dcd8eb2c66c...)
[Prune] Removed 3 stale IDs (frame 4200)
[Prune] Removed 1 stale IDs (frame 4400)
[Prune] Removed 1 stale IDs (frame 4600)
[Prune] Removed 4 stale IDs (frame 4700)
[Evidence] Saved evidence/1776452783_210s.jpg (152067 bytes, sha256:1e3f26dffcbcb...)
[Prune] Removed 2 stale IDs (frame 4800)
[Prune] Removed 4 stale IDs (frame 5000)
[Prune] Removed 1 stale IDs (frame 5200)
[Prune] Removed 4 stale IDs (frame 5400)
[Evidence] Saved evidence/1776452783_240s.jpg (141449 bytes, sha256:8942634024cef...)
[Prune] Removed 1 stale IDs (frame 5600)
[Prune] Removed 1 stale IDs (frame 5900)
[Prune] Removed 4 stale IDs (frame 6100)
[Evidence] Saved evidence/1776452783_270s.jpg (138460 bytes, sha256:4d451a03c2ab9...)
[Prune] Removed 4 stale IDs (frame 6200)
[Prune] Removed 4 stale IDs (frame 6300)
[Prune] Removed 2 stale IDs (frame 6400)
[Prune] Removed 4 stale IDs (frame 6500)
[Prune] Removed 1 stale IDs (frame 6600)
[WS] Client connected (2 total)
[Evidence] Saved evidence/1776452783_final.jpg (160391 bytes, sha256:069260c163dcd...)
[Evidence] Saved evidence/1776452783_final.jpg (160296 bytes, sha256:de8a10e2c003d...)
[Evidence] Saved evidence/1776452783_final.jpg (160283 bytes, sha256:7ede13df8b059...)
[STATE] idle — round 9 complete: 38 vehicles
[Prune] Removed 1 stale IDs (frame 7000)
[Prune] Removed 4 stale IDs (frame 7100)
[Prune] Removed 4 stale IDs (frame 7200)
[Prune] Removed 4 stale IDs (frame 7300)
[WS] Client connected (3 total)
[Prune] Removed 2 stale IDs (frame 7400)
[2026-04-17 16:11:53] No round_complete via WS — reading result.json fallback
[2026-04-17 16:11:53] Count complete: 38 vehicles (in=20 out=18)
[Prune] Removed 2 stale IDs (frame 7500)
[2026-04-17 16:11:54] Pool check OK: total=0.0030 ETH, under=0.0020, over=0.0010
[2026-04-17 16:11:54] Market resolved: 38 vehicles → Under 45 wins
[2026-04-17 16:11:54] resolveMarket tx sent: 50c9aa68eb64ef5f7ad4d98783857f1a2aac422755fd6f6ab8f083f2671df55e
[2026-04-17 16:11:57] resolveMarket confirmed (tx: 50c9aa68eb64ef5f7ad4d98783857f1a2aac422755fd6f6ab8f083f2671df55e)
[2026-04-17 16:11:57] Ably publish OK: market_resolved
[2026-04-17 16:11:58] Winnings distributed: 0xDFD8090F49682c79562D9Ce9d08A6dbABC2DC35b (tx: 9088ed91c56b7ca729810a4affa322e754cb4e4d44357e8523518a4ee0af4ef5)
[2026-04-17 16:11:58] Auto-distributed winnings (tx: 9088ed91c56b7ca729810a4affa322e754cb4e4d44357e8523518a4ee0af4ef5)
[2026-04-17 16:11:58] Ably publish OK: winnings_distributed
[2026-04-17 16:11:58] Ledger POST failed (non-fatal): HTTP Error 400: Bad Request
[2026-04-17 16:11:58] New threshold: 40 (avg of [43, 38])
[2026-04-17 16:11:58] Waiting 15s before Round #10...
[Prune] Removed 1 stale IDs (frame 7600)
[Prune] Removed 2 stale IDs (frame 7700)
[Prune] Removed 1 stale IDs (frame 7800)
[Prune] Removed 2 stale IDs (frame 7900)
[2026-04-17 16:12:13] Round #10 | Peace Bridge — USA/Canada Border | threshold=40
[2026-04-17 16:12:14] createMarket tx sent: a1d16f577411029607ab8f0fb108056cdf4e0edfdedcf58db78c4a940ef43a55
[2026-04-17 16:12:17] Market created: 0xdd04091c13F51E1E8C7aa03FF694dBBD13f50bb5 (tx: a1d16f577411029607ab8f0fb108056cdf4e0edfdedcf58db78c4a940ef43a55)
[Prune] Removed 5 stale IDs (frame 8000)
[2026-04-17 16:12:17] Ably publish OK: market_created
[2026-04-17 16:12:17] Counting vehicles for 150s...
[STATE] betting — market=0xdd04091c... bet=150s count=150s round=10
[LineZone] (307,432) -> (960,432)
[Counter] Line: (579, 10) -> (701, 710)
[2026-04-17 16:12:17] [StreamClient] Round 10 started on stream_server
[Prune] Removed 2 stale IDs (frame 200)
[Prune] Removed 1 stale IDs (frame 500)
[WS] Client disconnected (1 total)
connection handler failed
Traceback (most recent call last):
  File "/home/lumen/miniconda3/lib/python3.13/asyncio/selector_events.py", line 1067, in write
    n = self._sock.send(data)
BrokenPipeError: [Errno 32] Broken pipe

The above exception was the direct cause of the following exception:

Traceback (most recent call last):
  File "/home/lumen/miniconda3/lib/python3.13/site-packages/websockets/asyncio/server.py", line 376, in conn_handler
    await self.handler(connection)
  File "/home/lumen/.gemini/antigravity/scratch/rush/oracle/stream_server.py", line 1261, in handler
    async for msg in ws:
    ...<37 lines>...
            pass
  File "/home/lumen/miniconda3/lib/python3.13/site-packages/websockets/asyncio/connection.py", line 242, in __aiter__
    yield await self.recv()
          ^^^^^^^^^^^^^^^^^
  File "/home/lumen/miniconda3/lib/python3.13/site-packages/websockets/asyncio/connection.py", line 322, in recv
    raise self.protocol.close_exc from self.recv_exc
websockets.exceptions.ConnectionClosedError: no close frame received or sent
[Prune] Removed 1 stale IDs (frame 600)
[Evidence] Saved evidence/1776453137_30s.jpg (164866 bytes, sha256:3db4c03bd96fd...)
[Prune] Removed 1 stale IDs (frame 700)
[Prune] Removed 1 stale IDs (frame 800)
[Prune] Removed 1 stale IDs (frame 900)
[Prune] Removed 1 stale IDs (frame 1000)
[Prune] Removed 2 stale IDs (frame 1100)
[WS] Client disconnected (1 total)
connection handler failed
Traceback (most recent call last):
  File "/home/lumen/miniconda3/lib/python3.13/site-packages/websockets/asyncio/server.py", line 376, in conn_handler
    await self.handler(connection)
  File "/home/lumen/.gemini/antigravity/scratch/rush/oracle/stream_server.py", line 1261, in handler
    async for msg in ws:
    ...<37 lines>...
            pass
  File "/home/lumen/miniconda3/lib/python3.13/site-packages/websockets/asyncio/connection.py", line 242, in __aiter__
    yield await self.recv()
          ^^^^^^^^^^^^^^^^^
  File "/home/lumen/miniconda3/lib/python3.13/site-packages/websockets/asyncio/connection.py", line 322, in recv
    raise self.protocol.close_exc from self.recv_exc
websockets.exceptions.ConnectionClosedError: no close frame received or sent
[Prune] Removed 1 stale IDs (frame 1200)
[Prune] Removed 1 stale IDs (frame 1300)
[Evidence] Saved evidence/1776453137_60s.jpg (156452 bytes, sha256:a3eebe034affa...)
[Prune] Removed 3 stale IDs (frame 1400)
[Prune] Removed 1 stale IDs (frame 1500)
[WS] Client connected (2 total)
[Prune] Removed 2 stale IDs (frame 1600)
[WS] Client disconnected (1 total)
connection handler failed
Traceback (most recent call last):
  File "/home/lumen/miniconda3/lib/python3.13/asyncio/selector_events.py", line 1005, in _read_ready__data_received
    data = self._sock.recv(self.max_size)
ConnectionResetError: [Errno 104] Connection reset by peer

The above exception was the direct cause of the following exception:

Traceback (most recent call last):
  File "/home/lumen/miniconda3/lib/python3.13/site-packages/websockets/asyncio/server.py", line 376, in conn_handler
    await self.handler(connection)
  File "/home/lumen/.gemini/antigravity/scratch/rush/oracle/stream_server.py", line 1261, in handler
    async for msg in ws:
    ...<37 lines>...
            pass
  File "/home/lumen/miniconda3/lib/python3.13/site-packages/websockets/asyncio/connection.py", line 242, in __aiter__
    yield await self.recv()
          ^^^^^^^^^^^^^^^^^
  File "/home/lumen/miniconda3/lib/python3.13/site-packages/websockets/asyncio/connection.py", line 322, in recv
    raise self.protocol.close_exc from self.recv_exc
websockets.exceptions.ConnectionClosedError: no close frame received or sent
[Prune] Removed 1 stale IDs (frame 1800)
[Prune] Removed 5 stale IDs (frame 1900)
[Prune] Removed 1 stale IDs (frame 2000)
[Evidence] Saved evidence/1776453137_90s.jpg (156679 bytes, sha256:0b240f83732c1...)
[Prune] Removed 2 stale IDs (frame 2100)
[Prune] Removed 3 stale IDs (frame 2200)
[Prune] Removed 3 stale IDs (frame 2300)
[Prune] Removed 3 stale IDs (frame 2400)
[Prune] Removed 1 stale IDs (frame 2600)
[Prune] Removed 2 stale IDs (frame 2700)
[Evidence] Saved evidence/1776453137_120s.jpg (169780 bytes, sha256:c84799ecc82c4...)
[Prune] Removed 1 stale IDs (frame 2800)
[Prune] Removed 2 stale IDs (frame 2900)
[Prune] Removed 6 stale IDs (frame 3000)
[STATE] counting — market=0xdd04091c... duration=150s round=10
[Evidence] Saved evidence/1776453137_150s.jpg (155711 bytes, sha256:92c7d532a5cbd...)
[Prune] Removed 2 stale IDs (frame 3600)
[Prune] Removed 1 stale IDs (frame 3700)
[Prune] Removed 1 stale IDs (frame 3800)
[Prune] Removed 4 stale IDs (frame 3900)
[Prune] Removed 1 stale IDs (frame 4000)
[Evidence] Saved evidence/1776453137_180s.jpg (159805 bytes, sha256:30007e10550bb...)
[Prune] Removed 3 stale IDs (frame 4100)
[Prune] Removed 3 stale IDs (frame 4200)
[Prune] Removed 2 stale IDs (frame 4300)
[WS] Client connected (2 total)
[Prune] Removed 3 stale IDs (frame 4400)
[Prune] Removed 4 stale IDs (frame 4500)
[Prune] Removed 2 stale IDs (frame 4600)
[WS] Client disconnected (1 total)
connection handler failed
Traceback (most recent call last):
  File "/home/lumen/miniconda3/lib/python3.13/asyncio/selector_events.py", line 1067, in write
    n = self._sock.send(data)
BrokenPipeError: [Errno 32] Broken pipe

The above exception was the direct cause of the following exception:

Traceback (most recent call last):
  File "/home/lumen/miniconda3/lib/python3.13/site-packages/websockets/asyncio/server.py", line 376, in conn_handler
    await self.handler(connection)
  File "/home/lumen/.gemini/antigravity/scratch/rush/oracle/stream_server.py", line 1261, in handler
    async for msg in ws:
    ...<37 lines>...
            pass
  File "/home/lumen/miniconda3/lib/python3.13/site-packages/websockets/asyncio/connection.py", line 242, in __aiter__
    yield await self.recv()
          ^^^^^^^^^^^^^^^^^
  File "/home/lumen/miniconda3/lib/python3.13/site-packages/websockets/asyncio/connection.py", line 322, in recv
    raise self.protocol.close_exc from self.recv_exc
websockets.exceptions.ConnectionClosedError: no close frame received or sent
[Evidence] Saved evidence/1776453137_210s.jpg (153310 bytes, sha256:28f36a5f5a643...)
[Prune] Removed 7 stale IDs (frame 4700)
[WS] Client connected (2 total)
[Prune] Removed 4 stale IDs (frame 4800)
[Prune] Removed 3 stale IDs (frame 4900)
[Prune] Removed 6 stale IDs (frame 5000)
[Prune] Removed 7 stale IDs (frame 5100)
[Prune] Removed 2 stale IDs (frame 5200)
[Evidence] Saved evidence/1776453137_240s.jpg (169021 bytes, sha256:f93f989ad71d3...)
[Prune] Removed 2 stale IDs (frame 5500)
[Prune] Removed 2 stale IDs (frame 5600)
[Prune] Removed 2 stale IDs (frame 5700)
[Prune] Removed 1 stale IDs (frame 5800)
[WS] Client connected (3 total)
[Evidence] Saved evidence/1776453137_270s.jpg (173575 bytes, sha256:1e6f1e766038b...)
[WS] Client disconnected (2 total)
connection handler failed
Traceback (most recent call last):
  File "/home/lumen/miniconda3/lib/python3.13/asyncio/selector_events.py", line 1067, in write
    n = self._sock.send(data)
BrokenPipeError: [Errno 32] Broken pipe

The above exception was the direct cause of the following exception:

Traceback (most recent call last):
  File "/home/lumen/miniconda3/lib/python3.13/site-packages/websockets/asyncio/server.py", line 376, in conn_handler
    await self.handler(connection)
  File "/home/lumen/.gemini/antigravity/scratch/rush/oracle/stream_server.py", line 1261, in handler
    async for msg in ws:
    ...<37 lines>...
            pass
  File "/home/lumen/miniconda3/lib/python3.13/site-packages/websockets/asyncio/connection.py", line 242, in __aiter__
    yield await self.recv()
          ^^^^^^^^^^^^^^^^^
  File "/home/lumen/miniconda3/lib/python3.13/site-packages/websockets/asyncio/connection.py", line 322, in recv
    raise self.protocol.close_exc from self.recv_exc
websockets.exceptions.ConnectionClosedError: no close frame received or sent
[WS] Client connected (3 total)
[WS] Client disconnected (2 total)
[Evidence] Saved evidence/1776453137_final.jpg (164207 bytes, sha256:27ce0052c37f6...)
[Evidence] Saved evidence/1776453137_final.jpg (163901 bytes, sha256:6736324a435a2...)
[Evidence] Saved evidence/1776453137_final.jpg (163799 bytes, sha256:e07531dd51312...)
[STATE] idle — round 10 complete: 39 vehicles
[WS] Client connected (3 total)
[Prune] Removed 2 stale IDs (frame 6500)
[Prune] Removed 1 stale IDs (frame 6600)
[Prune] Removed 3 stale IDs (frame 6700)
[Prune] Removed 4 stale IDs (frame 6800)
[Prune] Removed 2 stale IDs (frame 6900)
[Prune] Removed 1 stale IDs (frame 7000)
[2026-04-17 16:17:47] No round_complete via WS — reading result.json fallback
[2026-04-17 16:17:47] Count complete: 39 vehicles (in=24 out=15)
[2026-04-17 16:17:49] Pool check OK: total=0.0020 ETH, under=0.0010, over=0.0010
[2026-04-17 16:17:49] Market resolved: 39 vehicles → Under 40 wins
[2026-04-17 16:17:49] resolveMarket tx sent: b2e22d7aab6aef66e487082370660d4d825de326ae4b6bdd2fc7dd227a86c62b
[2026-04-17 16:17:50] resolveMarket confirmed (tx: b2e22d7aab6aef66e487082370660d4d825de326ae4b6bdd2fc7dd227a86c62b)
[2026-04-17 16:17:50] Ably publish OK: market_resolved
[Prune] Removed 8 stale IDs (frame 7100)
[2026-04-17 16:17:53] Winnings distributed: 0xdd04091c13F51E1E8C7aa03FF694dBBD13f50bb5 (tx: cc04df5ad41ffeb2f67940c18fd42fa7a68c6ac60d48aab231370b0474f29922)
[2026-04-17 16:17:53] Auto-distributed winnings (tx: cc04df5ad41ffeb2f67940c18fd42fa7a68c6ac60d48aab231370b0474f29922)
[2026-04-17 16:17:53] Ably publish OK: winnings_distributed
[2026-04-17 16:17:53] Ledger POST failed (non-fatal): HTTP Error 400: Bad Request
[2026-04-17 16:17:53] New threshold: 38 (avg of [38, 39])
[2026-04-17 16:17:53] Waiting 15s before Round #11...
[Prune] Removed 2 stale IDs (frame 7200)
[Prune] Removed 1 stale IDs (frame 7300)
[Prune] Removed 1 stale IDs (frame 7400)
[2026-04-17 16:18:08] Round #11 | Peace Bridge — USA/Canada Border | threshold=38
[2026-04-17 16:18:10] createMarket tx sent: e02159074612efccd29a34cd1e7ca83210e139f8eb3a7e6af7e277e1bd9db213
[2026-04-17 16:18:10] Market created: 0xB50855b199F101eFc405f65d26c2Ca5172C5b20b (tx: e02159074612efccd29a34cd1e7ca83210e139f8eb3a7e6af7e277e1bd9db213)
[2026-04-17 16:18:11] Ably publish OK: market_created
[2026-04-17 16:18:11] Counting vehicles for 150s...
[STATE] betting — market=0xB50855b1... bet=150s count=150s round=11
[LineZone] (307,432) -> (960,432)
[Counter] Line: (579, 10) -> (701, 710)
[2026-04-17 16:18:11] [StreamClient] Round 11 started on stream_server
[Prune] Removed 1 stale IDs (frame 100)
[Prune] Removed 2 stale IDs (frame 200)
[Prune] Removed 2 stale IDs (frame 300)
[Prune] Removed 3 stale IDs (frame 400)
[Prune] Removed 1 stale IDs (frame 500)
[Evidence] Saved evidence/1776453491_30s.jpg (139857 bytes, sha256:49f9e3a436396...)
[Prune] Removed 2 stale IDs (frame 600)
[Prune] Removed 5 stale IDs (frame 700)
[Prune] Removed 7 stale IDs (frame 800)
[Prune] Removed 7 stale IDs (frame 900)
[Prune] Removed 1 stale IDs (frame 1000)
[Prune] Removed 8 stale IDs (frame 1100)
[Evidence] Saved evidence/1776453491_60s.jpg (143111 bytes, sha256:1ade8f891eb29...)
[Prune] Removed 4 stale IDs (frame 1200)
[Prune] Removed 5 stale IDs (frame 1300)
[WS] Client disconnected (2 total)
[Prune] Removed 1 stale IDs (frame 1400)
[Prune] Removed 1 stale IDs (frame 1700)
[WS] Client connected (3 total)
[Evidence] Saved evidence/1776453491_90s.jpg (137656 bytes, sha256:96fdb97b05f9f...)
[Prune] Removed 3 stale IDs (frame 1800)
[Prune] Removed 1 stale IDs (frame 1900)
[Prune] Removed 8 stale IDs (frame 2000)
[Prune] Removed 1 stale IDs (frame 2100)
[WS] Client disconnected (2 total)
[Evidence] Saved evidence/1776453491_120s.jpg (155212 bytes, sha256:9ca75e00a3463...)
[Prune] Removed 1 stale IDs (frame 2400)
[Prune] Removed 1 stale IDs (frame 2600)
[Prune] Removed 6 stale IDs (frame 2800)
[Prune] Removed 7 stale IDs (frame 2900)
[STATE] counting — market=0xB50855b1... duration=150s round=11
[Prune] Removed 2 stale IDs (frame 3000)
[Evidence] Saved evidence/1776453491_150s.jpg (169936 bytes, sha256:20637809c51d5...)
[WS] Client connected (3 total)
[Prune] Removed 1 stale IDs (frame 3400)
[Prune] Removed 1 stale IDs (frame 3500)
[Evidence] Saved evidence/1776453491_180s.jpg (131723 bytes, sha256:2b2157fa767a7...)
[Prune] Removed 7 stale IDs (frame 3700)
[Prune] Removed 1 stale IDs (frame 3800)
[Prune] Removed 2 stale IDs (frame 3900)
[Prune] Removed 4 stale IDs (frame 4000)
[Prune] Removed 14 stale IDs (frame 4100)
[Evidence] Saved evidence/1776453491_210s.jpg (140602 bytes, sha256:25da038b76623...)
[Prune] Removed 2 stale IDs (frame 4200)
[Prune] Removed 1 stale IDs (frame 4300)
[Prune] Removed 3 stale IDs (frame 4400)
[Prune] Removed 2 stale IDs (frame 4500)
[Prune] Removed 1 stale IDs (frame 4600)
[WS] Client disconnected (2 total)
connection handler failed
Traceback (most recent call last):
  File "/home/lumen/miniconda3/lib/python3.13/site-packages/websockets/asyncio/server.py", line 376, in conn_handler
    await self.handler(connection)
  File "/home/lumen/.gemini/antigravity/scratch/rush/oracle/stream_server.py", line 1261, in handler
    async for msg in ws:
    ...<37 lines>...
            pass
  File "/home/lumen/miniconda3/lib/python3.13/site-packages/websockets/asyncio/connection.py", line 242, in __aiter__
    yield await self.recv()
          ^^^^^^^^^^^^^^^^^
  File "/home/lumen/miniconda3/lib/python3.13/site-packages/websockets/asyncio/connection.py", line 322, in recv
    raise self.protocol.close_exc from self.recv_exc
websockets.exceptions.ConnectionClosedError: no close frame received or sent
[Prune] Removed 1 stale IDs (frame 4700)
[Evidence] Saved evidence/1776453491_240s.jpg (155020 bytes, sha256:59b0b9aa6e5c8...)
[Prune] Removed 2 stale IDs (frame 4800)
[Prune] Removed 2 stale IDs (frame 4900)
[Prune] Removed 5 stale IDs (frame 5000)
[Prune] Removed 1 stale IDs (frame 5100)
[Prune] Removed 1 stale IDs (frame 5200)
[Prune] Removed 4 stale IDs (frame 5300)
[Evidence] Saved evidence/1776453491_270s.jpg (155748 bytes, sha256:0f20de2c8ce42...)
[Prune] Removed 2 stale IDs (frame 5600)
[WS] Client connected (3 total)
[Prune] Removed 1 stale IDs (frame 5700)
[Prune] Removed 1 stale IDs (frame 5800)
[WS] Client connected (3 total)
[WS] Client disconnected (2 total)
connection handler failed
Traceback (most recent call last):
  File "/home/lumen/miniconda3/lib/python3.13/asyncio/selector_events.py", line 1067, in write
    n = self._sock.send(data)
ConnectionResetError: [Errno 104] Connection reset by peer

The above exception was the direct cause of the following exception:

Traceback (most recent call last):
  File "/home/lumen/miniconda3/lib/python3.13/site-packages/websockets/asyncio/server.py", line 376, in conn_handler
    await self.handler(connection)
  File "/home/lumen/.gemini/antigravity/scratch/rush/oracle/stream_server.py", line 1261, in handler
    async for msg in ws:
    ...<37 lines>...
            pass
  File "/home/lumen/miniconda3/lib/python3.13/site-packages/websockets/asyncio/connection.py", line 242, in __aiter__
    yield await self.recv()
          ^^^^^^^^^^^^^^^^^
  File "/home/lumen/miniconda3/lib/python3.13/site-packages/websockets/asyncio/connection.py", line 322, in recv
    raise self.protocol.close_exc from self.recv_exc
websockets.exceptions.ConnectionClosedError: no close frame received or sent
[Evidence] Saved evidence/1776453491_final.jpg (158887 bytes, sha256:135c63d1ace59...)
[Evidence] Saved evidence/1776453491_final.jpg (158704 bytes, sha256:5c816e8845b5e...)
[Evidence] Saved evidence/1776453491_final.jpg (158636 bytes, sha256:a7f772b3ffc43...)
[STATE] idle — round 11 complete: 38 vehicles
[Prune] Removed 1 stale IDs (frame 6000)
[Prune] Removed 1 stale IDs (frame 6100)
[Prune] Removed 1 stale IDs (frame 6200)
[Prune] Removed 4 stale IDs (frame 6300)
[Prune] Removed 6 stale IDs (frame 6400)
[WS] Client disconnected (2 total)
connection handler failed
Traceback (most recent call last):
  File "/home/lumen/miniconda3/lib/python3.13/site-packages/websockets/asyncio/server.py", line 376, in conn_handler
    await self.handler(connection)
  File "/home/lumen/.gemini/antigravity/scratch/rush/oracle/stream_server.py", line 1261, in handler
    async for msg in ws:
    ...<37 lines>...
            pass
  File "/home/lumen/miniconda3/lib/python3.13/site-packages/websockets/asyncio/connection.py", line 242, in __aiter__
    yield await self.recv()
          ^^^^^^^^^^^^^^^^^
  File "/home/lumen/miniconda3/lib/python3.13/site-packages/websockets/asyncio/connection.py", line 322, in recv
    raise self.protocol.close_exc from self.recv_exc
websockets.exceptions.ConnectionClosedError: sent 1011 (internal error) keepalive ping timeout; no close frame received
[Prune] Removed 6 stale IDs (frame 6500)
[2026-04-17 16:23:41] No round_complete via WS — reading result.json fallback
[2026-04-17 16:23:41] Count complete: 38 vehicles (in=20 out=18)
[Prune] Removed 6 stale IDs (frame 6600)
[2026-04-17 16:23:42] Pool check OK: total=0.0020 ETH, under=0.0010, over=0.0010
[2026-04-17 16:23:42] Market resolved: 38 vehicles → Under 38 wins
[2026-04-17 16:23:43] resolveMarket tx sent: c7f3085b8ff18d966ee0402b3fa92385397326f04c2281d9309682e699eacb55
[WS] Client connected (3 total)
[2026-04-17 16:23:45] resolveMarket confirmed (tx: c7f3085b8ff18d966ee0402b3fa92385397326f04c2281d9309682e699eacb55)
[2026-04-17 16:23:45] Ably publish OK: market_resolved
[2026-04-17 16:23:46] Winnings distributed: 0xB50855b199F101eFc405f65d26c2Ca5172C5b20b (tx: 74addbc1d15e5e4dc1850c0ff17f756bcf5170e22793d365ed9bb849535973ec)
[2026-04-17 16:23:46] Auto-distributed winnings (tx: 74addbc1d15e5e4dc1850c0ff17f756bcf5170e22793d365ed9bb849535973ec)
[2026-04-17 16:23:46] Ably publish OK: winnings_distributed
[2026-04-17 16:23:47] Ledger POST failed (non-fatal): HTTP Error 400: Bad Request
[2026-04-17 16:23:47] New threshold: 38 (avg of [39, 38])
[2026-04-17 16:23:47] Waiting 15s before Round #12...
[Prune] Removed 4 stale IDs (frame 6800)
[Prune] Removed 10 stale IDs (frame 6900)
[2026-04-17 16:24:02] Round #12 | Peace Bridge — USA/Canada Border | threshold=38
[Prune] Removed 6 stale IDs (frame 7000)
[2026-04-17 16:24:03] createMarket tx sent: fc8377e0a97ca83ce361394d58a80c8c87a9160ef32fe2b0c0a21d1700e07b00
[2026-04-17 16:24:03] Market created: 0x6D487CE03fD036Fe54877636dbA152057a3AF257 (tx: fc8377e0a97ca83ce361394d58a80c8c87a9160ef32fe2b0c0a21d1700e07b00)
[2026-04-17 16:24:04] Ably publish OK: market_created
[2026-04-17 16:24:04] Counting vehicles for 150s...
[STATE] betting — market=0x6D487CE0... bet=150s count=150s round=12
[LineZone] (307,432) -> (960,432)
[Counter] Line: (579, 10) -> (701, 710)
[2026-04-17 16:24:04] [StreamClient] Round 12 started on stream_server
[Prune] Removed 1 stale IDs (frame 200)
[Prune] Removed 2 stale IDs (frame 300)
[Prune] Removed 3 stale IDs (frame 400)
[Prune] Removed 1 stale IDs (frame 500)
[Prune] Removed 2 stale IDs (frame 600)
[Evidence] Saved evidence/1776453844_30s.jpg (181273 bytes, sha256:a3a6a9e31325a...)
[Prune] Removed 1 stale IDs (frame 800)
[WS] Client disconnected (2 total)
connection handler failed
Traceback (most recent call last):
  File "/home/lumen/miniconda3/lib/python3.13/site-packages/websockets/asyncio/server.py", line 376, in conn_handler
    await self.handler(connection)
  File "/home/lumen/.gemini/antigravity/scratch/rush/oracle/stream_server.py", line 1261, in handler
    async for msg in ws:
    ...<37 lines>...
            pass
  File "/home/lumen/miniconda3/lib/python3.13/site-packages/websockets/asyncio/connection.py", line 242, in __aiter__
    yield await self.recv()
          ^^^^^^^^^^^^^^^^^
  File "/home/lumen/miniconda3/lib/python3.13/site-packages/websockets/asyncio/connection.py", line 322, in recv
    raise self.protocol.close_exc from self.recv_exc
websockets.exceptions.ConnectionClosedError: no close frame received or sent
[Prune] Removed 2 stale IDs (frame 1100)
[Evidence] Saved evidence/1776453844_60s.jpg (135250 bytes, sha256:de6fcfded862b...)
[Prune] Removed 1 stale IDs (frame 1300)
[Prune] Removed 1 stale IDs (frame 1700)
[Prune] Removed 2 stale IDs (frame 1800)
[Evidence] Saved evidence/1776453844_90s.jpg (151409 bytes, sha256:e39268152bb95...)
[Prune] Removed 12 stale IDs (frame 1900)
[Prune] Removed 4 stale IDs (frame 2000)
[Prune] Removed 9 stale IDs (frame 2100)
[Prune] Removed 2 stale IDs (frame 2300)
[Prune] Removed 7 stale IDs (frame 2400)
[Evidence] Saved evidence/1776453844_120s.jpg (164407 bytes, sha256:1dbbd8b82515c...)
[Prune] Removed 2 stale IDs (frame 2500)
[Prune] Removed 4 stale IDs (frame 2600)
[Prune] Removed 1 stale IDs (frame 2700)
[Prune] Removed 3 stale IDs (frame 2900)
[STATE] counting — market=0x6D487CE0... duration=150s round=12
[Evidence] Saved evidence/1776453844_150s.jpg (143904 bytes, sha256:df79b8d4595e1...)
[Prune] Removed 2 stale IDs (frame 3000)
[Prune] Removed 1 stale IDs (frame 3100)
[Prune] Removed 1 stale IDs (frame 3300)
[Prune] Removed 2 stale IDs (frame 3400)
[Evidence] Saved evidence/1776453844_180s.jpg (161021 bytes, sha256:864bb63708bb9...)
[Prune] Removed 1 stale IDs (frame 3600)
[Prune] Removed 1 stale IDs (frame 3900)
[Prune] Removed 2 stale IDs (frame 4000)
[Prune] Removed 3 stale IDs (frame 4100)
[Evidence] Saved evidence/1776453844_210s.jpg (151851 bytes, sha256:8b2ed33e396cb...)
[Prune] Removed 4 stale IDs (frame 4200)
[Prune] Removed 5 stale IDs (frame 4300)
[Prune] Removed 12 stale IDs (frame 4400)
[Prune] Removed 7 stale IDs (frame 4500)
[Prune] Removed 7 stale IDs (frame 4600)
[Prune] Removed 10 stale IDs (frame 4700)
[Evidence] Saved evidence/1776453844_240s.jpg (147536 bytes, sha256:1160f92255ef6...)
[Prune] Removed 6 stale IDs (frame 4800)
[Prune] Removed 8 stale IDs (frame 4900)
[Prune] Removed 4 stale IDs (frame 5000)
[Prune] Removed 4 stale IDs (frame 5100)
[Prune] Removed 4 stale IDs (frame 5200)
[Prune] Removed 1 stale IDs (frame 5300)
[Evidence] Saved evidence/1776453844_270s.jpg (151744 bytes, sha256:a2c1b9a17a9e9...)
[Prune] Removed 3 stale IDs (frame 5400)
[Prune] Removed 6 stale IDs (frame 5500)
[Prune] Removed 5 stale IDs (frame 5600)
[Prune] Removed 3 stale IDs (frame 5700)
[Prune] Removed 6 stale IDs (frame 5800)
[Prune] Removed 3 stale IDs (frame 5900)
[Evidence] Saved evidence/1776453844_final.jpg (147758 bytes, sha256:3cb406d41f1c8...)
[Evidence] Saved evidence/1776453844_final.jpg (147765 bytes, sha256:01aea03a8c63b...)
[Evidence] Saved evidence/1776453844_final.jpg (147478 bytes, sha256:6e18508c45cb0...)
[STATE] idle — round 12 complete: 54 vehicles
[Prune] Removed 5 stale IDs (frame 6000)
[Prune] Removed 3 stale IDs (frame 6100)
[Prune] Removed 4 stale IDs (frame 6200)
[Prune] Removed 2 stale IDs (frame 6300)
[2026-04-17 16:29:34] No round_complete via WS — reading result.json fallback
[2026-04-17 16:29:34] Count complete: 54 vehicles (in=32 out=22)
[2026-04-17 16:29:35] Pool check OK: total=0.0020 ETH, under=0.0010, over=0.0010
[2026-04-17 16:29:35] Market resolved: 54 vehicles → Over 38 wins
[2026-04-17 16:29:36] resolveMarket tx sent: 7abc69f24bdb9902a54da411e7d3e78b9c829495d9735edf5e8d87662d4dc6e1
[2026-04-17 16:29:38] resolveMarket confirmed (tx: 7abc69f24bdb9902a54da411e7d3e78b9c829495d9735edf5e8d87662d4dc6e1)
[2026-04-17 16:29:38] Ably publish OK: market_resolved
[2026-04-17 16:29:39] Winnings distributed: 0x6D487CE03fD036Fe54877636dbA152057a3AF257 (tx: 19ca70a065482f37b7fe44a8864e6d85c0bcf71f26f5949247b0f15805211c90)
[2026-04-17 16:29:39] Auto-distributed winnings (tx: 19ca70a065482f37b7fe44a8864e6d85c0bcf71f26f5949247b0f15805211c90)
[2026-04-17 16:29:39] Ably publish OK: winnings_distributed
[2026-04-17 16:29:40] Ledger POST failed (non-fatal): HTTP Error 400: Bad Request
[2026-04-17 16:29:40] New threshold: 46 (avg of [38, 54])
[2026-04-17 16:29:40] Waiting 15s before Round #13...
[Prune] Removed 1 stale IDs (frame 6700)
[Prune] Removed 2 stale IDs (frame 6800)
[Prune] Removed 3 stale IDs (frame 7000)
[2026-04-17 16:29:55] Round #13 | Peace Bridge — USA/Canada Border | threshold=46
[2026-04-17 16:29:56] createMarket tx sent: 75d60777608e0df2143b0845fb152521538cdf82aad641be905229393ed6ff6f
[2026-04-17 16:29:58] Market created: 0xED0861Fb350A8D0E9be3C8827E83735Ab6Bb6E49 (tx: 75d60777608e0df2143b0845fb152521538cdf82aad641be905229393ed6ff6f)
[2026-04-17 16:29:59] Ably publish OK: market_created
[2026-04-17 16:29:59] Counting vehicles for 150s...
[STATE] betting — market=0xED0861Fb... bet=150s count=150s round=13
[2026-04-17 16:29:59] [StreamClient] Round 13 started on stream_server
[LineZone] (307,432) -> (960,432)
[Counter] Line: (579, 10) -> (701, 710)
[Prune] Removed 1 stale IDs (frame 200)
[Prune] Removed 2 stale IDs (frame 300)
[Prune] Removed 14 stale IDs (frame 400)
[Prune] Removed 7 stale IDs (frame 500)
[Evidence] Saved evidence/1776454199_30s.jpg (142451 bytes, sha256:7d4676c064571...)
[Prune] Removed 10 stale IDs (frame 600)
[Prune] Removed 2 stale IDs (frame 700)
[WS] Client connected (3 total)
[Prune] Removed 5 stale IDs (frame 800)
[WS] Client disconnected (2 total)
[Prune] Removed 2 stale IDs (frame 900)
[Prune] Removed 3 stale IDs (frame 1000)
[WS] Client connected (3 total)
[Evidence] Saved evidence/1776454199_60s.jpg (156693 bytes, sha256:42fa16b12d1ee...)
[Prune] Removed 2 stale IDs (frame 1200)
[WS] Client connected (4 total)
[WS] Client disconnected (3 total)
[Prune] Removed 3 stale IDs (frame 1400)
[Prune] Removed 2 stale IDs (frame 1500)
[Evidence] Saved evidence/1776454199_90s.jpg (164174 bytes, sha256:82eb0bba1bc49...)
[WS] Client connected (4 total)
[Prune] Removed 1 stale IDs (frame 1900)
[Prune] Removed 2 stale IDs (frame 2100)
[WS] Client disconnected (3 total)
[Prune] Removed 2 stale IDs (frame 2200)
[Evidence] Saved evidence/1776454199_120s.jpg (112950 bytes, sha256:c5e5eb117ae13...)
[Prune] Removed 2 stale IDs (frame 2300)
[Prune] Removed 4 stale IDs (frame 2500)
[WS] Client connected (4 total)
[Prune] Removed 2 stale IDs (frame 2600)
[WS] Client connected (4 total)
[STATE] counting — market=0xED0861Fb... duration=150s round=13
[Evidence] Saved evidence/1776454199_150s.jpg (150598 bytes, sha256:b271686b6b5fc...)
[Prune] Removed 6 stale IDs (frame 2700)
[Prune] Removed 1 stale IDs (frame 2800)
[Prune] Removed 2 stale IDs (frame 2900)
[Prune] Removed 4 stale IDs (frame 3000)
[WS] Client disconnected (2 total)
[Prune] Removed 4 stale IDs (frame 3100)
[Prune] Removed 1 stale IDs (frame 3200)
[Evidence] Saved evidence/1776454199_180s.jpg (180194 bytes, sha256:7b746428cd006...)
[Prune] Removed 4 stale IDs (frame 3300)
[Prune] Removed 3 stale IDs (frame 3400)
[Prune] Removed 3 stale IDs (frame 3500)
[WS] Client connected (3 total)
[Prune] Removed 7 stale IDs (frame 3600)
[WS] Client disconnected (2 total)
connection handler failed
Traceback (most recent call last):
  File "/home/lumen/miniconda3/lib/python3.13/asyncio/selector_events.py", line 1067, in write
    n = self._sock.send(data)
BrokenPipeError: [Errno 32] Broken pipe

The above exception was the direct cause of the following exception:

Traceback (most recent call last):
  File "/home/lumen/miniconda3/lib/python3.13/site-packages/websockets/asyncio/server.py", line 376, in conn_handler
    await self.handler(connection)
  File "/home/lumen/.gemini/antigravity/scratch/rush/oracle/stream_server.py", line 1261, in handler
    async for msg in ws:
    ...<37 lines>...
            pass
  File "/home/lumen/miniconda3/lib/python3.13/site-packages/websockets/asyncio/connection.py", line 242, in __aiter__
    yield await self.recv()
          ^^^^^^^^^^^^^^^^^
  File "/home/lumen/miniconda3/lib/python3.13/site-packages/websockets/asyncio/connection.py", line 322, in recv
    raise self.protocol.close_exc from self.recv_exc
websockets.exceptions.ConnectionClosedError: no close frame received or sent
[Prune] Removed 1 stale IDs (frame 3700)
[Prune] Removed 5 stale IDs (frame 3800)
[Evidence] Saved evidence/1776454199_210s.jpg (177152 bytes, sha256:0b7b09f596d32...)
[Prune] Removed 3 stale IDs (frame 3900)
[Prune] Removed 2 stale IDs (frame 4000)
[Prune] Removed 3 stale IDs (frame 4100)
[Prune] Removed 1 stale IDs (frame 4200)
[Prune] Removed 1 stale IDs (frame 4300)
[Prune] Removed 2 stale IDs (frame 4400)
[Evidence] Saved evidence/1776454199_240s.jpg (152957 bytes, sha256:865ae9c706767...)
[Prune] Removed 5 stale IDs (frame 4500)
[Prune] Removed 4 stale IDs (frame 4600)
[Prune] Removed 6 stale IDs (frame 4700)
[Prune] Removed 1 stale IDs (frame 4900)
[Prune] Removed 2 stale IDs (frame 5000)
[Evidence] Saved evidence/1776454199_270s.jpg (179543 bytes, sha256:6fb718fad49b1...)
[Prune] Removed 1 stale IDs (frame 5200)
[Prune] Removed 4 stale IDs (frame 5500)
[Prune] Removed 1 stale IDs (frame 5600)
[Evidence] Saved evidence/1776454199_final.jpg (142442 bytes, sha256:3f11afa660ac5...)
[Evidence] Saved evidence/1776454199_final.jpg (142320 bytes, sha256:5be85c5df4e3c...)
[Evidence] Saved evidence/1776454199_final.jpg (149937 bytes, sha256:8c26999ef28bb...)
[STATE] idle — round 13 complete: 49 vehicles
[Prune] Removed 7 stale IDs (frame 5700)
[Prune] Removed 1 stale IDs (frame 5800)
[Prune] Removed 1 stale IDs (frame 6000)
[WS] Client disconnected (2 total)
[Prune] Removed 1 stale IDs (frame 6100)
[WS] Client connected (3 total)
[2026-04-17 16:35:29] No round_complete via WS — reading result.json fallback
[2026-04-17 16:35:29] Count complete: 49 vehicles (in=24 out=25)
[2026-04-17 16:35:30] Pool check OK: total=0.0020 ETH, under=0.0010, over=0.0010
[2026-04-17 16:35:30] Market resolved: 49 vehicles → Over 46 wins
[2026-04-17 16:35:31] resolveMarket tx sent: 3d29e09852e1c34dfbedc6d951d0331f03173841427abf9e829f37b469caea8f
[2026-04-17 16:35:33] resolveMarket confirmed (tx: 3d29e09852e1c34dfbedc6d951d0331f03173841427abf9e829f37b469caea8f)
[2026-04-17 16:35:33] Ably publish OK: market_resolved
[2026-04-17 16:35:34] Winnings distributed: 0xED0861Fb350A8D0E9be3C8827E83735Ab6Bb6E49 (tx: 722964f47ae59a310297397f9bdf44b8c9b2576011628090746f7900629718a9)
[2026-04-17 16:35:34] Auto-distributed winnings (tx: 722964f47ae59a310297397f9bdf44b8c9b2576011628090746f7900629718a9)
[2026-04-17 16:35:34] Ably publish OK: winnings_distributed
[2026-04-17 16:35:34] Ledger POST failed (non-fatal): HTTP Error 400: Bad Request
[2026-04-17 16:35:34] New threshold: 51 (avg of [54, 49])
[2026-04-17 16:35:34] Waiting 15s before Round #14...
[Prune] Removed 2 stale IDs (frame 6500)
[Prune] Removed 1 stale IDs (frame 6700)
[2026-04-17 16:35:49] Round #14 | Peace Bridge — USA/Canada Border | threshold=51
[2026-04-17 16:35:51] createMarket tx sent: a2554a9a6a3a88143a85db1e1082d9d150e92605ba172292e60a8c5abd7d226c
[2026-04-17 16:35:53] Market created: 0xEFd6eC8F0915C6e78d5d352c24727254fC6B0223 (tx: a2554a9a6a3a88143a85db1e1082d9d150e92605ba172292e60a8c5abd7d226c)
[Prune] Removed 3 stale IDs (frame 6800)
[2026-04-17 16:35:54] Ably publish OK: market_created
[2026-04-17 16:35:54] Counting vehicles for 150s...
[STATE] betting — market=0xEFd6eC8F... bet=150s count=150s round=14
[LineZone] (307,432) -> (960,432)
[Counter] Line: (579, 10) -> (701, 710)[2026-04-17 16:35:54] [StreamClient] Round 14 started on stream_server

[Prune] Removed 1 stale IDs (frame 200)
[WS] Client disconnected (2 total)
connection handler failed
Traceback (most recent call last):
  File "/home/lumen/miniconda3/lib/python3.13/site-packages/websockets/asyncio/server.py", line 376, in conn_handler
    await self.handler(connection)
  File "/home/lumen/.gemini/antigravity/scratch/rush/oracle/stream_server.py", line 1261, in handler
    async for msg in ws:
    ...<37 lines>...
            pass
  File "/home/lumen/miniconda3/lib/python3.13/site-packages/websockets/asyncio/connection.py", line 242, in __aiter__
    yield await self.recv()
          ^^^^^^^^^^^^^^^^^
  File "/home/lumen/miniconda3/lib/python3.13/site-packages/websockets/asyncio/connection.py", line 322, in recv
    raise self.protocol.close_exc from self.recv_exc
websockets.exceptions.ConnectionClosedError: sent 1011 (internal error) keepalive ping timeout; no close frame received
[Prune] Removed 1 stale IDs (frame 300)
[Prune] Removed 5 stale IDs (frame 500)
[Evidence] Saved evidence/1776454554_30s.jpg (159643 bytes, sha256:3dc22555a6714...)
[Prune] Removed 10 stale IDs (frame 700)
[Prune] Removed 8 stale IDs (frame 800)
[WS] Client disconnected (2 total)
[WS] Client connected (3 total)
[Prune] Removed 1 stale IDs (frame 1000)
[Prune] Removed 3 stale IDs (frame 1100)
[Evidence] Saved evidence/1776454554_60s.jpg (166651 bytes, sha256:c41d53c4ae5be...)
[Prune] Removed 1 stale IDs (frame 1200)
[Prune] Removed 6 stale IDs (frame 1300)
[Prune] Removed 3 stale IDs (frame 1400)
[Prune] Removed 2 stale IDs (frame 1700)
[Evidence] Saved evidence/1776454554_90s.jpg (157404 bytes, sha256:c8e981286c9f2...)
[Prune] Removed 5 stale IDs (frame 2000)
[Prune] Removed 3 stale IDs (frame 2100)
[Evidence] Saved evidence/1776454554_120s.jpg (158943 bytes, sha256:4803f4d6207cc...)
[Prune] Removed 2 stale IDs (frame 2300)
[WS] Client connected (4 total)
[Prune] Removed 3 stale IDs (frame 2400)
[Prune] Removed 2 stale IDs (frame 2500)
[Prune] Removed 1 stale IDs (frame 2600)
[Prune] Removed 1 stale IDs (frame 2700)
[STATE] counting — market=0xEFd6eC8F... duration=150s round=14
[Evidence] Saved evidence/1776454554_150s.jpg (155500 bytes, sha256:00f5c76c7fff6...)
[Prune] Removed 2 stale IDs (frame 2900)
[Prune] Removed 1 stale IDs (frame 3100)
[Prune] Removed 1 stale IDs (frame 3300)
[Evidence] Saved evidence/1776454554_180s.jpg (173248 bytes, sha256:e86a5acc5c67f...)
[Prune] Removed 3 stale IDs (frame 3400)
[Prune] Removed 3 stale IDs (frame 3500)
[Prune] Removed 2 stale IDs (frame 3600)
[WS] Client disconnected (3 total)
[Prune] Removed 2 stale IDs (frame 3700)
[Prune] Removed 2 stale IDs (frame 3800)
[Evidence] Saved evidence/1776454554_210s.jpg (160819 bytes, sha256:ad6eb0bc97dd3...)
[Prune] Removed 4 stale IDs (frame 3900)
[WS] Client connected (4 total)
[Prune] Removed 10 stale IDs (frame 4000)
[Prune] Removed 6 stale IDs (frame 4100)
[Prune] Removed 4 stale IDs (frame 4200)
[Evidence] Saved evidence/1776454554_240s.jpg (150445 bytes, sha256:3e3decc9c2eaf...)
[Prune] Removed 8 stale IDs (frame 4300)
[Prune] Removed 1 stale IDs (frame 4400)
[Prune] Removed 1 stale IDs (frame 4500)
[Prune] Removed 1 stale IDs (frame 4600)
[WS] Client disconnected (3 total)
[Evidence] Saved evidence/1776454554_270s.jpg (155835 bytes, sha256:795b2067ce8ca...)
[WS] Client connected (4 total)
[Prune] Removed 3 stale IDs (frame 5000)
[Prune] Removed 2 stale IDs (frame 5100)
[Prune] Removed 6 stale IDs (frame 5200)
[WS] Client disconnected (3 total)
connection handler failed
Traceback (most recent call last):
  File "/home/lumen/miniconda3/lib/python3.13/site-packages/websockets/asyncio/server.py", line 376, in conn_handler
    await self.handler(connection)
  File "/home/lumen/.gemini/antigravity/scratch/rush/oracle/stream_server.py", line 1261, in handler
    async for msg in ws:
    ...<37 lines>...
            pass
  File "/home/lumen/miniconda3/lib/python3.13/site-packages/websockets/asyncio/connection.py", line 242, in __aiter__
    yield await self.recv()
          ^^^^^^^^^^^^^^^^^
  File "/home/lumen/miniconda3/lib/python3.13/site-packages/websockets/asyncio/connection.py", line 322, in recv
    raise self.protocol.close_exc from self.recv_exc
websockets.exceptions.ConnectionClosedError: no close frame received or sent
[Evidence] Saved evidence/1776454554_final.jpg (167347 bytes, sha256:145a4c06b0470...)
[Evidence] Saved evidence/1776454554_final.jpg (167332 bytes, sha256:cc3a8de82b87c...)
[Evidence] Saved evidence/1776454554_final.jpg (166589 bytes, sha256:f1f50efcb5309...)
[STATE] idle — round 14 complete: 42 vehicles
[Prune] Removed 5 stale IDs (frame 5300)
[WS] Client connected (4 total)
[Prune] Removed 1 stale IDs (frame 5400)
[Prune] Removed 2 stale IDs (frame 5500)
[WS] Client disconnected (3 total)
[Prune] Removed 3 stale IDs (frame 5800)
[2026-04-17 16:41:24] No round_complete via WS — reading result.json fallback
[2026-04-17 16:41:24] Count complete: 42 vehicles (in=27 out=15)
[2026-04-17 16:41:25] Pool check OK: total=0.0020 ETH, under=0.0010, over=0.0010
[2026-04-17 16:41:25] Market resolved: 42 vehicles → Under 51 wins
[2026-04-17 16:41:26] resolveMarket tx sent: 5905b62a0e0d12c247b5cfbb2a9de1467413b8f433b906da04f0822cd2977706
[WS] Client connected (4 total)
[Prune] Removed 4 stale IDs (frame 5900)
[2026-04-17 16:41:28] resolveMarket confirmed (tx: 5905b62a0e0d12c247b5cfbb2a9de1467413b8f433b906da04f0822cd2977706)
[2026-04-17 16:41:28] Ably publish OK: market_resolved
[2026-04-17 16:41:29] Winnings distributed: 0xEFd6eC8F0915C6e78d5d352c24727254fC6B0223 (tx: 586a7afeab71f1c8e633b3e969995622335f8f5cfb82a3cad9459592f2413ee1)
[2026-04-17 16:41:29] Auto-distributed winnings (tx: 586a7afeab71f1c8e633b3e969995622335f8f5cfb82a3cad9459592f2413ee1)
[2026-04-17 16:41:29] Ably publish OK: winnings_distributed
[2026-04-17 16:41:29] Ledger POST failed (non-fatal): HTTP Error 400: Bad Request
[2026-04-17 16:41:29] New threshold: 45 (avg of [49, 42])
[2026-04-17 16:41:29] Waiting 15s before Round #15...
[Prune] Removed 22 stale IDs (frame 6000)
[Prune] Removed 1 stale IDs (frame 6100)
[2026-04-17 16:41:44] Round #15 | Peace Bridge — USA/Canada Border | threshold=45
[2026-04-17 16:41:46] createMarket tx sent: da5df94bfe75cadce757247eb9148d6ddc9906cfc4583c94b71af345785d8b21
[Prune] Removed 4 stale IDs (frame 6200)
[WS] Client disconnected (3 total)
[2026-04-17 16:41:48] Market created: 0x73A639416b4cBBEf7cdE391273D542a7eAa681C4 (tx: da5df94bfe75cadce757247eb9148d6ddc9906cfc4583c94b71af345785d8b21)
[2026-04-17 16:41:49] Ably publish OK: market_created
[2026-04-17 16:41:49] Counting vehicles for 150s...
[STATE] betting — market=0x73A63941... bet=150s count=150s round=15
[2026-04-17 16:41:49] [StreamClient] Round 15 started on stream_server
[LineZone] (307,432) -> (960,432)
[Counter] Line: (579, 10) -> (701, 710)
[WS] Client connected (4 total)
[Prune] Removed 1 stale IDs (frame 100)
[Prune] Removed 6 stale IDs (frame 200)
[Prune] Removed 7 stale IDs (frame 300)
[Prune] Removed 2 stale IDs (frame 400)
[Evidence] Saved evidence/1776454909_30s.jpg (145863 bytes, sha256:81844633aa73d...)
[Prune] Removed 3 stale IDs (frame 500)
[Prune] Removed 4 stale IDs (frame 600)
[WS] Client disconnected (3 total)
[Prune] Removed 4 stale IDs (frame 700)
[WS] Client connected (4 total)
[Prune] Removed 1 stale IDs (frame 900)
[WS] Client disconnected (3 total)
connection handler failed
Traceback (most recent call last):
  File "/home/lumen/miniconda3/lib/python3.13/site-packages/websockets/asyncio/server.py", line 376, in conn_handler
    await self.handler(connection)
  File "/home/lumen/.gemini/antigravity/scratch/rush/oracle/stream_server.py", line 1261, in handler
    async for msg in ws:
    ...<37 lines>...
            pass
  File "/home/lumen/miniconda3/lib/python3.13/site-packages/websockets/asyncio/connection.py", line 242, in __aiter__
    yield await self.recv()
          ^^^^^^^^^^^^^^^^^
  File "/home/lumen/miniconda3/lib/python3.13/site-packages/websockets/asyncio/connection.py", line 322, in recv
    raise self.protocol.close_exc from self.recv_exc
websockets.exceptions.ConnectionClosedError: no close frame received or sent
[Evidence] Saved evidence/1776454909_60s.jpg (171297 bytes, sha256:da8f917aa6683...)
[Prune] Removed 1 stale IDs (frame 1000)
[WS] Client connected (4 total)
[Prune] Removed 1 stale IDs (frame 1300)
[Prune] Removed 1 stale IDs (frame 1400)
[Evidence] Saved evidence/1776454909_90s.jpg (150542 bytes, sha256:20235fff0e467...)
[Prune] Removed 1 stale IDs (frame 1500)
[Prune] Removed 2 stale IDs (frame 1600)
[WS] Client disconnected (3 total)
[Prune] Removed 3 stale IDs (frame 1700)
[WS] Client connected (4 total)
[Prune] Removed 4 stale IDs (frame 1800)
[Prune] Removed 9 stale IDs (frame 1900)
[Evidence] Saved evidence/1776454909_120s.jpg (153236 bytes, sha256:6cf4a352e43d0...)
[Prune] Removed 7 stale IDs (frame 2000)
[Prune] Removed 2 stale IDs (frame 2100)
[Prune] Removed 7 stale IDs (frame 2200)
[Prune] Removed 3 stale IDs (frame 2300)
[Prune] Removed 3 stale IDs (frame 2500)
[STATE] counting — market=0x73A63941... duration=150s round=15
[Evidence] Saved evidence/1776454909_150s.jpg (167714 bytes, sha256:a26f54af0e758...)
[Prune] Removed 3 stale IDs (frame 2600)
[Prune] Removed 4 stale IDs (frame 2700)
[WS] Client disconnected (3 total)
[Prune] Removed 3 stale IDs (frame 2900)
[WS] Client connected (4 total)
[Prune] Removed 2 stale IDs (frame 3000)
[Evidence] Saved evidence/1776454909_180s.jpg (163705 bytes, sha256:7c8d56eafcb08...)
[Prune] Removed 2 stale IDs (frame 3100)
[Prune] Removed 2 stale IDs (frame 3200)
[Prune] Removed 3 stale IDs (frame 3400)
[Prune] Removed 5 stale IDs (frame 3500)
[WS] Client disconnected (3 total)
[Prune] Removed 6 stale IDs (frame 3600)
[WS] Client connected (4 total)
[Evidence] Saved evidence/1776454909_210s.jpg (128617 bytes, sha256:18a1b5d93bde2...)
[Prune] Removed 2 stale IDs (frame 3700)
[Prune] Removed 1 stale IDs (frame 3800)
[Prune] Removed 3 stale IDs (frame 3900)
[WS] Client disconnected (3 total)
connection handler failed
Traceback (most recent call last):
  File "/home/lumen/miniconda3/lib/python3.13/asyncio/selector_events.py", line 1067, in write
    n = self._sock.send(data)
ConnectionResetError: [Errno 104] Connection reset by peer

The above exception was the direct cause of the following exception:

Traceback (most recent call last):
  File "/home/lumen/miniconda3/lib/python3.13/site-packages/websockets/asyncio/server.py", line 376, in conn_handler
    await self.handler(connection)
  File "/home/lumen/.gemini/antigravity/scratch/rush/oracle/stream_server.py", line 1261, in handler
    async for msg in ws:
    ...<37 lines>...
            pass
  File "/home/lumen/miniconda3/lib/python3.13/site-packages/websockets/asyncio/connection.py", line 242, in __aiter__
    yield await self.recv()
          ^^^^^^^^^^^^^^^^^
  File "/home/lumen/miniconda3/lib/python3.13/site-packages/websockets/asyncio/connection.py", line 322, in recv
    raise self.protocol.close_exc from self.recv_exc
websockets.exceptions.ConnectionClosedError: no close frame received or sent
[Prune] Removed 2 stale IDs (frame 4000)
[WS] Client connected (4 total)
[Evidence] Saved evidence/1776454909_240s.jpg (129413 bytes, sha256:c82e5cf0717b5...)
[Prune] Removed 1 stale IDs (frame 4200)
[Prune] Removed 3 stale IDs (frame 4300)
[Prune] Removed 3 stale IDs (frame 4400)
[Prune] Removed 1 stale IDs (frame 4500)
[WS] Client disconnected (3 total)
[Prune] Removed 1 stale IDs (frame 4600)
[WS] Client connected (4 total)
[Evidence] Saved evidence/1776454909_270s.jpg (155619 bytes, sha256:09baf86fb4b04...)
[Prune] Removed 4 stale IDs (frame 4700)
[Prune] Removed 2 stale IDs (frame 5100)
[Prune] Removed 1 stale IDs (frame 5200)
[Evidence] Saved evidence/1776454909_final.jpg (164454 bytes, sha256:07d53d6a8d5e8...)
[Evidence] Saved evidence/1776454909_final.jpg (164556 bytes, sha256:0ad29cb4ad0aa...)
[Evidence] Saved evidence/1776454909_final.jpg (164411 bytes, sha256:28aef21a82055...)
[STATE] idle — round 15 complete: 41 vehicles
[WS] Client disconnected (3 total)
[Prune] Removed 1 stale IDs (frame 5300)
[Prune] Removed 3 stale IDs (frame 5400)
[WS] Client connected (4 total)
[Prune] Removed 2 stale IDs (frame 5500)
[Prune] Removed 2 stale IDs (frame 5600)
[Prune] Removed 2 stale IDs (frame 5700)
[WS] Client disconnected (3 total)
connection handler failed
Traceback (most recent call last):
  File "/home/lumen/miniconda3/lib/python3.13/asyncio/selector_events.py", line 1005, in _read_ready__data_received
    data = self._sock.recv(self.max_size)
ConnectionResetError: [Errno 104] Connection reset by peer

The above exception was the direct cause of the following exception:

Traceback (most recent call last):
  File "/home/lumen/miniconda3/lib/python3.13/site-packages/websockets/asyncio/server.py", line 376, in conn_handler
    await self.handler(connection)
  File "/home/lumen/.gemini/antigravity/scratch/rush/oracle/stream_server.py", line 1261, in handler
    async for msg in ws:
    ...<37 lines>...
            pass
  File "/home/lumen/miniconda3/lib/python3.13/site-packages/websockets/asyncio/connection.py", line 242, in __aiter__
    yield await self.recv()
          ^^^^^^^^^^^^^^^^^
  File "/home/lumen/miniconda3/lib/python3.13/site-packages/websockets/asyncio/connection.py", line 322, in recv
    raise self.protocol.close_exc from self.recv_exc
websockets.exceptions.ConnectionClosedError: no close frame received or sent
[2026-04-17 16:47:19] No round_complete via WS — reading result.json fallback
[2026-04-17 16:47:19] Count complete: 41 vehicles (in=23 out=18)
[2026-04-17 16:47:20] Pool check OK: total=0.0030 ETH, under=0.0020, over=0.0010
[2026-04-17 16:47:20] Market resolved: 41 vehicles → Under 45 wins
[2026-04-17 16:47:21] resolveMarket tx sent: b35738885111a8ca91cebd5c81d3d239e71e6c48cf3646d73793f7aec03339bc
[2026-04-17 16:47:21] resolveMarket confirmed (tx: b35738885111a8ca91cebd5c81d3d239e71e6c48cf3646d73793f7aec03339bc)
[WS] Client connected (4 total)
[2026-04-17 16:47:21] Ably publish OK: market_resolved
[2026-04-17 16:47:22] Winnings distributed: 0x73A639416b4cBBEf7cdE391273D542a7eAa681C4 (tx: a91ea2f359b72c565c213699d12210da8747bb8d24eec20dc6ed171771e3c58d)
[2026-04-17 16:47:22] Auto-distributed winnings (tx: a91ea2f359b72c565c213699d12210da8747bb8d24eec20dc6ed171771e3c58d)
[2026-04-17 16:47:22] Ably publish OK: winnings_distributed
[2026-04-17 16:47:22] Ledger POST failed (non-fatal): HTTP Error 400: Bad Request
[2026-04-17 16:47:22] New threshold: 41 (avg of [42, 41])
[2026-04-17 16:47:22] Waiting 15s before Round #16...
[Prune] Removed 1 stale IDs (frame 5900)
[Prune] Removed 6 stale IDs (frame 6000)
[2026-04-17 16:47:37] Round #16 | Peace Bridge — USA/Canada Border | threshold=41
[WS] Client disconnected (2 total)
[2026-04-17 16:47:38] createMarket tx sent: 06abf7d99c44d4ff4d5745cd4b6c0e54a79ddfa53e6bfe99224d5b0e38372639
[2026-04-17 16:47:41] Market created: 0x6519e7252Aa4e6D46aeB0320563AD65A842c9c4C (tx: 06abf7d99c44d4ff4d5745cd4b6c0e54a79ddfa53e6bfe99224d5b0e38372639)
[2026-04-17 16:47:41] Ably publish OK: market_created
[2026-04-17 16:47:41] Counting vehicles for 150s...
[STATE] betting — market=0x6519e725... bet=150s count=150s round=16
[LineZone] (307,432) -> (960,432)
[2026-04-17 16:47:41] [StreamClient] Round 16 started on stream_server
[Counter] Line: (579, 10) -> (701, 710)
[WS] Client connected (3 total)
[Prune] Removed 2 stale IDs (frame 200)
[Prune] Removed 1 stale IDs (frame 300)
[WS] Client disconnected (3 total)
connection handler failed
Traceback (most recent call last):
  File "/home/lumen/miniconda3/lib/python3.13/site-packages/websockets/asyncio/server.py", line 376, in conn_handler
    await self.handler(connection)
  File "/home/lumen/.gemini/antigravity/scratch/rush/oracle/stream_server.py", line 1261, in handler
    async for msg in ws:
    ...<37 lines>...
            pass
  File "/home/lumen/miniconda3/lib/python3.13/site-packages/websockets/asyncio/connection.py", line 242, in __aiter__
    yield await self.recv()
          ^^^^^^^^^^^^^^^^^
  File "/home/lumen/miniconda3/lib/python3.13/site-packages/websockets/asyncio/connection.py", line 322, in recv
    raise self.protocol.close_exc from self.recv_exc
websockets.exceptions.ConnectionClosedError: sent 1011 (internal error) keepalive ping timeout; no close frame received
[Prune] Removed 2 stale IDs (frame 400)
[Prune] Removed 3 stale IDs (frame 500)
[Evidence] Saved evidence/1776455261_30s.jpg (147101 bytes, sha256:f542d3ee1dd63...)
[WS] Client connected (4 total)
[Prune] Removed 2 stale IDs (frame 600)
[Prune] Removed 2 stale IDs (frame 700)
[Prune] Removed 2 stale IDs (frame 800)
[Prune] Removed 2 stale IDs (frame 900)
[Prune] Removed 9 stale IDs (frame 1000)
[Evidence] Saved evidence/1776455261_60s.jpg (153835 bytes, sha256:ce0c3f96c0b6f...)
[Prune] Removed 9 stale IDs (frame 1100)
[Prune] Removed 4 stale IDs (frame 1200)
[Prune] Removed 8 stale IDs (frame 1300)
[Prune] Removed 1 stale IDs (frame 1400)
[Prune] Removed 1 stale IDs (frame 1500)
[Evidence] Saved evidence/1776455261_90s.jpg (147020 bytes, sha256:7bb4e7981b097...)
[Prune] Removed 3 stale IDs (frame 1600)
[Prune] Removed 3 stale IDs (frame 1700)
[Prune] Removed 8 stale IDs (frame 1800)
[Prune] Removed 7 stale IDs (frame 1900)
[Prune] Removed 3 stale IDs (frame 2000)
[Evidence] Saved evidence/1776455261_120s.jpg (166887 bytes, sha256:51598622583e9...)
[Prune] Removed 3 stale IDs (frame 2100)
[Prune] Removed 3 stale IDs (frame 2200)
[Prune] Removed 4 stale IDs (frame 2300)
[Prune] Removed 5 stale IDs (frame 2400)
[Prune] Removed 2 stale IDs (frame 2500)
[STATE] counting — market=0x6519e725... duration=150s round=16
[Evidence] Saved evidence/1776455261_150s.jpg (150058 bytes, sha256:f63432abec2d9...)
[Prune] Removed 1 stale IDs (frame 2600)
[Prune] Removed 2 stale IDs (frame 2700)
[Prune] Removed 1 stale IDs (frame 2800)
[Prune] Removed 1 stale IDs (frame 2900)
[Prune] Removed 3 stale IDs (frame 3000)
[Prune] Removed 3 stale IDs (frame 3100)
[Evidence] Saved evidence/1776455261_180s.jpg (161221 bytes, sha256:4fb3ba40ae26a...)
[WS] Client disconnected (3 total)
[Prune] Removed 1 stale IDs (frame 3200)
[Prune] Removed 1 stale IDs (frame 3300)
[Prune] Removed 2 stale IDs (frame 3400)
[WS] Client connected (4 total)
[Prune] Removed 2 stale IDs (frame 3500)
[Evidence] Saved evidence/1776455261_210s.jpg (151593 bytes, sha256:46cf9270b7f8d...)
[Prune] Removed 1 stale IDs (frame 3600)
[WS] Client disconnected (3 total)
[Prune] Removed 1 stale IDs (frame 3800)
[WS] Client connected (4 total)
[Prune] Removed 2 stale IDs (frame 3900)
[Prune] Removed 1 stale IDs (frame 4000)
[Evidence] Saved evidence/1776455261_240s.jpg (160384 bytes, sha256:9382cb9955407...)
[Prune] Removed 1 stale IDs (frame 4100)
[WS] Client disconnected (3 total)
connection handler failed
Traceback (most recent call last):
  File "/home/lumen/miniconda3/lib/python3.13/site-packages/websockets/asyncio/server.py", line 376, in conn_handler
    await self.handler(connection)
  File "/home/lumen/.gemini/antigravity/scratch/rush/oracle/stream_server.py", line 1261, in handler
    async for msg in ws:
    ...<37 lines>...
            pass
  File "/home/lumen/miniconda3/lib/python3.13/site-packages/websockets/asyncio/connection.py", line 242, in __aiter__
    yield await self.recv()
          ^^^^^^^^^^^^^^^^^
  File "/home/lumen/miniconda3/lib/python3.13/site-packages/websockets/asyncio/connection.py", line 322, in recv
    raise self.protocol.close_exc from self.recv_exc
websockets.exceptions.ConnectionClosedError: no close frame received or sent
[WS] Client connected (4 total)
[Evidence] Saved evidence/1776455261_270s.jpg (180482 bytes, sha256:e0f28d7836741...)
[Prune] Removed 1 stale IDs (frame 4700)
[Prune] Removed 1 stale IDs (frame 4800)
[WS] Client disconnected (3 total)
[Evidence] Saved evidence/1776455261_final.jpg (179671 bytes, sha256:6347f595fac71...)
[Evidence] Saved evidence/1776455261_final.jpg (179626 bytes, sha256:1db6f9a11dd29...)
[STATE] idle — round 16 complete: 34 vehicles
[WS] Client connected (4 total)
[Prune] Removed 3 stale IDs (frame 5300)
[Prune] Removed 10 stale IDs (frame 5500)
[WS] Client disconnected (3 total)
connection handler failed
Traceback (most recent call last):
  File "/home/lumen/miniconda3/lib/python3.13/site-packages/websockets/asyncio/server.py", line 376, in conn_handler
    await self.handler(connection)
  File "/home/lumen/.gemini/antigravity/scratch/rush/oracle/stream_server.py", line 1261, in handler
    async for msg in ws:
    ...<37 lines>...
            pass
  File "/home/lumen/miniconda3/lib/python3.13/site-packages/websockets/asyncio/connection.py", line 242, in __aiter__
    yield await self.recv()
          ^^^^^^^^^^^^^^^^^
  File "/home/lumen/miniconda3/lib/python3.13/site-packages/websockets/asyncio/connection.py", line 322, in recv
    raise self.protocol.close_exc from self.recv_exc
websockets.exceptions.ConnectionClosedError: no close frame received or sent
[Prune] Removed 5 stale IDs (frame 5600)
[2026-04-17 16:53:11] No round_complete via WS — reading result.json fallback
[2026-04-17 16:53:11] Count complete: 34 vehicles (in=16 out=18)
[2026-04-17 16:53:13] Pool check OK: total=0.0020 ETH, under=0.0010, over=0.0010
[2026-04-17 16:53:13] Market resolved: 34 vehicles → Under 41 wins
[2026-04-17 16:53:13] resolveMarket tx sent: 0b7ba70b54a764994c07604b644260a96bc734349f6f9c227688f79436281fdf
[2026-04-17 16:53:16] resolveMarket confirmed (tx: 0b7ba70b54a764994c07604b644260a96bc734349f6f9c227688f79436281fdf)
[Prune] Removed 3 stale IDs (frame 5700)
[2026-04-17 16:53:16] Ably publish OK: market_resolved
[WS] Client connected (4 total)
[2026-04-17 16:53:17] Winnings distributed: 0x6519e7252Aa4e6D46aeB0320563AD65A842c9c4C (tx: e16310441987e0742937284d4a0320311207e4d326a95bb9ba78d0350344aa5a)
[2026-04-17 16:53:17] Auto-distributed winnings (tx: e16310441987e0742937284d4a0320311207e4d326a95bb9ba78d0350344aa5a)
[2026-04-17 16:53:17] Ably publish OK: winnings_distributed
[2026-04-17 16:53:18] Ledger POST OK: {"ok":true}
[2026-04-17 16:53:18] New threshold: 37 (avg of [41, 34])
[2026-04-17 16:53:18] Waiting 15s before Round #17...
[Prune] Removed 3 stale IDs (frame 5900)
[2026-04-17 16:53:33] Round #17 | Peace Bridge — USA/Canada Border | threshold=37
[2026-04-17 16:53:34] createMarket tx sent: 2034d042ac2827e4f2a063765bd83432a04858d72892b8838fa1bb9b6a50a711
[2026-04-17 16:53:34] Market created: 0xb6B8ddab72c7Db3E944b714cBAb7aaaE880862fF (tx: 2034d042ac2827e4f2a063765bd83432a04858d72892b8838fa1bb9b6a50a711)
[2026-04-17 16:53:35] Ably publish OK: market_created
[2026-04-17 16:53:35] Counting vehicles for 150s...
[STATE] betting — market=0xb6B8ddab... bet=150s count=150s round=17
[LineZone] (307,432) -> (960,432)
[Counter] Line: (579, 10) -> (701, 710)
[2026-04-17 16:53:35] [StreamClient] Round 17 started on stream_server
[WS] Client disconnected (3 total)
[WS] Client connected (4 total)
[Prune] Removed 2 stale IDs (frame 400)
[Prune] Removed 1 stale IDs (frame 500)
[Evidence] Saved evidence/1776455615_30s.jpg (173746 bytes, sha256:9ac2b1459e633...)
[Prune] Removed 2 stale IDs (frame 700)
[WS] Client disconnected (3 total)
[Prune] Removed 1 stale IDs (frame 800)
[WS] Client connected (4 total)
[Prune] Removed 2 stale IDs (frame 900)
[Prune] Removed 2 stale IDs (frame 1000)
[Evidence] Saved evidence/1776455615_60s.jpg (145885 bytes, sha256:a3c4556867192...)
[Prune] Removed 5 stale IDs (frame 1100)
[Prune] Removed 5 stale IDs (frame 1200)
[WS] Client disconnected (3 total)
connection handler failed
Traceback (most recent call last):
  File "/home/lumen/miniconda3/lib/python3.13/site-packages/websockets/asyncio/server.py", line 376, in conn_handler
    await self.handler(connection)
  File "/home/lumen/.gemini/antigravity/scratch/rush/oracle/stream_server.py", line 1261, in handler
    async for msg in ws:
    ...<37 lines>...
            pass
  File "/home/lumen/miniconda3/lib/python3.13/site-packages/websockets/asyncio/connection.py", line 242, in __aiter__
    yield await self.recv()
          ^^^^^^^^^^^^^^^^^
  File "/home/lumen/miniconda3/lib/python3.13/site-packages/websockets/asyncio/connection.py", line 322, in recv
    raise self.protocol.close_exc from self.recv_exc
websockets.exceptions.ConnectionClosedError: no close frame received or sent
[Prune] Removed 5 stale IDs (frame 1300)
[WS] Client connected (4 total)
[Prune] Removed 2 stale IDs (frame 1500)
[Evidence] Saved evidence/1776455615_90s.jpg (154844 bytes, sha256:797e8f718e3f2...)
[Prune] Removed 1 stale IDs (frame 1600)
[Prune] Removed 2 stale IDs (frame 1700)
[Prune] Removed 3 stale IDs (frame 1800)
[Prune] Removed 2 stale IDs (frame 1900)
[WS] Client disconnected (3 total)
[Prune] Removed 2 stale IDs (frame 2000)
[WS] Client connected (4 total)
[Prune] Removed 2 stale IDs (frame 2100)
[Evidence] Saved evidence/1776455615_120s.jpg (143502 bytes, sha256:f4bdd398a1b59...)
[Prune] Removed 6 stale IDs (frame 2200)
[Prune] Removed 1 stale IDs (frame 2300)
[Prune] Removed 1 stale IDs (frame 2400)
[Prune] Removed 1 stale IDs (frame 2500)
[WS] Client disconnected (3 total)
[Prune] Removed 2 stale IDs (frame 2600)
[STATE] counting — market=0xb6B8ddab... duration=150s round=17
[WS] Client connected (4 total)
[Evidence] Saved evidence/1776455615_150s.jpg (174995 bytes, sha256:1e1665fa26024...)
[Prune] Removed 3 stale IDs (frame 2800)
[WS] Client disconnected (3 total)
connection handler failed
Traceback (most recent call last):
  File "/home/lumen/miniconda3/lib/python3.13/site-packages/websockets/asyncio/server.py", line 376, in conn_handler
    await self.handler(connection)
  File "/home/lumen/.gemini/antigravity/scratch/rush/oracle/stream_server.py", line 1261, in handler
    async for msg in ws:
    ...<37 lines>...
            pass
  File "/home/lumen/miniconda3/lib/python3.13/site-packages/websockets/asyncio/connection.py", line 242, in __aiter__
    yield await self.recv()
          ^^^^^^^^^^^^^^^^^
  File "/home/lumen/miniconda3/lib/python3.13/site-packages/websockets/asyncio/connection.py", line 322, in recv
    raise self.protocol.close_exc from self.recv_exc
websockets.exceptions.ConnectionClosedError: no close frame received or sent
[Prune] Removed 2 stale IDs (frame 3100)
[Evidence] Saved evidence/1776455615_180s.jpg (163691 bytes, sha256:cb3908b7e99c7...)
[Prune] Removed 2 stale IDs (frame 3200)
[WS] Client connected (4 total)
[Prune] Removed 1 stale IDs (frame 3400)
[Evidence] Saved evidence/1776455615_210s.jpg (165470 bytes, sha256:dd41310e0cf43...)
[Prune] Removed 2 stale IDs (frame 3700)
[Prune] Removed 4 stale IDs (frame 3900)
[WS] Client disconnected (3 total)
connection handler failed
Traceback (most recent call last):
  File "/home/lumen/miniconda3/lib/python3.13/site-packages/websockets/asyncio/server.py", line 376, in conn_handler
    await self.handler(connection)
  File "/home/lumen/.gemini/antigravity/scratch/rush/oracle/stream_server.py", line 1261, in handler
    async for msg in ws:
    ...<37 lines>...
            pass
  File "/home/lumen/miniconda3/lib/python3.13/site-packages/websockets/asyncio/connection.py", line 242, in __aiter__
    yield await self.recv()
          ^^^^^^^^^^^^^^^^^
  File "/home/lumen/miniconda3/lib/python3.13/site-packages/websockets/asyncio/connection.py", line 322, in recv
    raise self.protocol.close_exc from self.recv_exc
websockets.exceptions.ConnectionClosedError: sent 1011 (internal error) keepalive ping timeout; no close frame received
[Prune] Removed 3 stale IDs (frame 4000)
[WS] Client connected (4 total)
[WS] Client connected (5 total)
[Prune] Removed 1 stale IDs (frame 4100)
[Prune] Removed 2 stale IDs (frame 4200)
[WS] Client disconnected (3 total)
connection handler failed
Traceback (most recent call last):
  File "/home/lumen/miniconda3/lib/python3.13/asyncio/selector_events.py", line 1067, in write
    n = self._sock.send(data)
BrokenPipeError: [Errno 32] Broken pipe

The above exception was the direct cause of the following exception:

Traceback (most recent call last):
  File "/home/lumen/miniconda3/lib/python3.13/site-packages/websockets/asyncio/server.py", line 376, in conn_handler
    await self.handler(connection)
  File "/home/lumen/.gemini/antigravity/scratch/rush/oracle/stream_server.py", line 1261, in handler
    async for msg in ws:
    ...<37 lines>...
            pass
  File "/home/lumen/miniconda3/lib/python3.13/site-packages/websockets/asyncio/connection.py", line 242, in __aiter__
    yield await self.recv()
          ^^^^^^^^^^^^^^^^^
  File "/home/lumen/miniconda3/lib/python3.13/site-packages/websockets/asyncio/connection.py", line 322, in recv
    raise self.protocol.close_exc from self.recv_exc
websockets.exceptions.ConnectionClosedError: no close frame received or sent
[Evidence] Saved evidence/1776455615_240s.jpg (152897 bytes, sha256:f30e8b6bc4c64...)
[Prune] Removed 3 stale IDs (frame 4300)
[Prune] Removed 7 stale IDs (frame 4400)
[Prune] Removed 4 stale IDs (frame 4500)
[Prune] Removed 10 stale IDs (frame 4600)
[WS] Client disconnected (3 total)
[Prune] Removed 7 stale IDs (frame 4700)
[Evidence] Saved evidence/1776455615_270s.jpg (137373 bytes, sha256:39cce9d0511aa...)
[WS] Client connected (4 total)
[Prune] Removed 1 stale IDs (frame 4800)
[Prune] Removed 2 stale IDs (frame 5000)
[Prune] Removed 2 stale IDs (frame 5100)
[Prune] Removed 2 stale IDs (frame 5200)
[Evidence] Saved evidence/1776455615_final.jpg (157100 bytes, sha256:8bb6839a1df52...)
[Evidence] Saved evidence/1776455615_final.jpg (157024 bytes, sha256:842f46c6dccf2...)
[STATE] idle — round 17 complete: 42 vehicles
[Prune] Removed 3 stale IDs (frame 5300)
[Prune] Removed 3 stale IDs (frame 5400)
[Prune] Removed 1 stale IDs (frame 5500)
[Prune] Removed 1 stale IDs (frame 5600)
[Prune] Removed 1 stale IDs (frame 5800)
[2026-04-17 16:59:05] No round_complete via WS — reading result.json fallback
[2026-04-17 16:59:05] Count complete: 42 vehicles (in=24 out=18)
[2026-04-17 16:59:07] Pool check OK: total=0.0020 ETH, under=0.0010, over=0.0010
[2026-04-17 16:59:07] Market resolved: 42 vehicles → Over 37 wins
[2026-04-17 16:59:07] resolveMarket tx sent: 82201434a0e3123f66d6c6e79c518176e26276f1956418958aea3e08bdbda6f5
[2026-04-17 16:59:08] resolveMarket confirmed (tx: 82201434a0e3123f66d6c6e79c518176e26276f1956418958aea3e08bdbda6f5)
[2026-04-17 16:59:08] Ably publish OK: market_resolved
[Prune] Removed 2 stale IDs (frame 5900)
[2026-04-17 16:59:11] Winnings distributed: 0xb6B8ddab72c7Db3E944b714cBAb7aaaE880862fF (tx: 5446dcdb0f4504de4e25da9d9e937a7ff6f6ff186db2b3b8806e268455905a14)
[2026-04-17 16:59:11] Auto-distributed winnings (tx: 5446dcdb0f4504de4e25da9d9e937a7ff6f6ff186db2b3b8806e268455905a14)
[2026-04-17 16:59:11] Ably publish OK: winnings_distributed
[2026-04-17 16:59:11] Ledger POST failed (non-fatal): HTTP Error 400: Bad Request
[2026-04-17 16:59:11] New threshold: 38 (avg of [34, 42])
[2026-04-17 16:59:11] Waiting 15s before Round #18...
[Prune] Removed 4 stale IDs (frame 6000)
[Prune] Removed 2 stale IDs (frame 6200)
[2026-04-17 16:59:26] Round #18 | Peace Bridge — USA/Canada Border | threshold=38
[2026-04-17 16:59:27] createMarket tx sent: 3250c9f79592a351f6d932dc96612613c1e4b91776bdac6f2ff9e72985f005c1
[2026-04-17 16:59:28] Market created: 0x2351fA5EDcD05ca6E0A9b9C8fc0142BD7E1D4941 (tx: 3250c9f79592a351f6d932dc96612613c1e4b91776bdac6f2ff9e72985f005c1)
[2026-04-17 16:59:28] Ably publish OK: market_created
[2026-04-17 16:59:28] Counting vehicles for 150s...
[STATE] betting — market=0x2351fA5E... bet=150s count=150s round=18
[LineZone] (307,432) -> (960,432)
[Counter] Line: (579, 10) -> (701, 710)
[2026-04-17 16:59:29] [StreamClient] Round 18 started on stream_server
[Prune] Removed 7 stale IDs (frame 200)
[Prune] Removed 3 stale IDs (frame 300)
[Prune] Removed 1 stale IDs (frame 400)
[Prune] Removed 4 stale IDs (frame 500)
[Evidence] Saved evidence/1776455969_30s.jpg (139128 bytes, sha256:06129900795eb...)
[Prune] Removed 3 stale IDs (frame 600)
[Prune] Removed 2 stale IDs (frame 800)
[WS] Client disconnected (3 total)
[Prune] Removed 1 stale IDs (frame 900)
[Prune] Removed 2 stale IDs (frame 1000)
[WS] Client connected (4 total)
[Evidence] Saved evidence/1776455969_60s.jpg (142793 bytes, sha256:fa39fb3103c18...)
[Prune] Removed 1 stale IDs (frame 1200)
[Prune] Removed 1 stale IDs (frame 1300)
[Prune] Removed 4 stale IDs (frame 1400)
[Prune] Removed 3 stale IDs (frame 1500)
[Prune] Removed 4 stale IDs (frame 1600)
[WS] Client disconnected (3 total)
connection handler failed
Traceback (most recent call last):
  File "/home/lumen/miniconda3/lib/python3.13/site-packages/websockets/asyncio/server.py", line 376, in conn_handler
    await self.handler(connection)
  File "/home/lumen/.gemini/antigravity/scratch/rush/oracle/stream_server.py", line 1261, in handler
    async for msg in ws:
    ...<37 lines>...
            pass
  File "/home/lumen/miniconda3/lib/python3.13/site-packages/websockets/asyncio/connection.py", line 242, in __aiter__
    yield await self.recv()
          ^^^^^^^^^^^^^^^^^
  File "/home/lumen/miniconda3/lib/python3.13/site-packages/websockets/asyncio/connection.py", line 322, in recv
    raise self.protocol.close_exc from self.recv_exc
websockets.exceptions.ConnectionClosedError: no close frame received or sent
[Prune] Removed 9 stale IDs (frame 1700)
[Evidence] Saved evidence/1776455969_90s.jpg (159552 bytes, sha256:93609db4c09db...)
[WS] Client connected (4 total)
[Prune] Removed 7 stale IDs (frame 1800)
[Prune] Removed 4 stale IDs (frame 1900)
[Prune] Removed 2 stale IDs (frame 2000)
[Prune] Removed 5 stale IDs (frame 2100)
[WS] Client disconnected (3 total)
connection handler failed
Traceback (most recent call last):
  File "/home/lumen/miniconda3/lib/python3.13/asyncio/selector_events.py", line 1005, in _read_ready__data_received
    data = self._sock.recv(self.max_size)
ConnectionResetError: [Errno 104] Connection reset by peer

The above exception was the direct cause of the following exception:

Traceback (most recent call last):
  File "/home/lumen/miniconda3/lib/python3.13/site-packages/websockets/asyncio/server.py", line 376, in conn_handler
    await self.handler(connection)
  File "/home/lumen/.gemini/antigravity/scratch/rush/oracle/stream_server.py", line 1261, in handler
    async for msg in ws:
    ...<37 lines>...
            pass
  File "/home/lumen/miniconda3/lib/python3.13/site-packages/websockets/asyncio/connection.py", line 242, in __aiter__
    yield await self.recv()
          ^^^^^^^^^^^^^^^^^
  File "/home/lumen/miniconda3/lib/python3.13/site-packages/websockets/asyncio/connection.py", line 322, in recv
    raise self.protocol.close_exc from self.recv_exc
websockets.exceptions.ConnectionClosedError: no close frame received or sent
[Prune] Removed 1 stale IDs (frame 2200)
[WS] Client connected (4 total)
[Prune] Removed 6 stale IDs (frame 2300)
[Evidence] Saved evidence/1776455969_120s.jpg (152585 bytes, sha256:15359e367c03e...)
[Prune] Removed 4 stale IDs (frame 2400)
[Prune] Removed 1 stale IDs (frame 2500)
[Prune] Removed 7 stale IDs (frame 2600)
[Prune] Removed 4 stale IDs (frame 2700)
[STATE] counting — market=0x2351fA5E... duration=150s round=18
[Evidence] Saved evidence/1776455969_150s.jpg (174543 bytes, sha256:29dfa18c01f8a...)
[Prune] Removed 1 stale IDs (frame 2900)
[WS] Client disconnected (3 total)
connection handler failed
Traceback (most recent call last):
  File "/home/lumen/miniconda3/lib/python3.13/site-packages/websockets/asyncio/server.py", line 376, in conn_handler
    await self.handler(connection)
  File "/home/lumen/.gemini/antigravity/scratch/rush/oracle/stream_server.py", line 1261, in handler
    async for msg in ws:
    ...<37 lines>...
            pass
  File "/home/lumen/miniconda3/lib/python3.13/site-packages/websockets/asyncio/connection.py", line 242, in __aiter__
    yield await self.recv()
          ^^^^^^^^^^^^^^^^^
  File "/home/lumen/miniconda3/lib/python3.13/site-packages/websockets/asyncio/connection.py", line 322, in recv
    raise self.protocol.close_exc from self.recv_exc
websockets.exceptions.ConnectionClosedError: sent 1011 (internal error) keepalive ping timeout; no close frame received
[Prune] Removed 2 stale IDs (frame 3100)
[WS] Client connected (4 total)
[Prune] Removed 1 stale IDs (frame 3200)
[Evidence] Saved evidence/1776455969_180s.jpg (169651 bytes, sha256:46ebdb4f0273c...)
[Prune] Removed 1 stale IDs (frame 3600)
[Prune] Removed 1 stale IDs (frame 3900)
[WS] Client disconnected (3 total)
connection handler failed
Traceback (most recent call last):
  File "/home/lumen/miniconda3/lib/python3.13/site-packages/websockets/asyncio/server.py", line 376, in conn_handler
    await self.handler(connection)
  File "/home/lumen/.gemini/antigravity/scratch/rush/oracle/stream_server.py", line 1261, in handler
    async for msg in ws:
    ...<37 lines>...
            pass
  File "/home/lumen/miniconda3/lib/python3.13/site-packages/websockets/asyncio/connection.py", line 242, in __aiter__
    yield await self.recv()
          ^^^^^^^^^^^^^^^^^
  File "/home/lumen/miniconda3/lib/python3.13/site-packages/websockets/asyncio/connection.py", line 322, in recv
    raise self.protocol.close_exc from self.recv_exc
websockets.exceptions.ConnectionClosedError: sent 1011 (internal error) keepalive ping timeout; no close frame received
[Prune] Removed 1 stale IDs (frame 4000)
[Evidence] Saved evidence/1776455969_210s.jpg (165384 bytes, sha256:0a2b083d64c86...)
[Prune] Removed 1 stale IDs (frame 4100)
[Prune] Removed 6 stale IDs (frame 4400)
[Prune] Removed 1 stale IDs (frame 4500)
[Prune] Removed 4 stale IDs (frame 4600)
[WS] Client connected (4 total)
[Evidence] Saved evidence/1776455969_240s.jpg (142355 bytes, sha256:a19c7b08add36...)
[Prune] Removed 3 stale IDs (frame 4800)
[Prune] Removed 2 stale IDs (frame 4900)
[WS] Client disconnected (3 total)
connection handler failed
Traceback (most recent call last):
  File "/home/lumen/miniconda3/lib/python3.13/asyncio/selector_events.py", line 1067, in write
    n = self._sock.send(data)
BrokenPipeError: [Errno 32] Broken pipe

The above exception was the direct cause of the following exception:

Traceback (most recent call last):
  File "/home/lumen/miniconda3/lib/python3.13/site-packages/websockets/asyncio/server.py", line 376, in conn_handler
    await self.handler(connection)
  File "/home/lumen/.gemini/antigravity/scratch/rush/oracle/stream_server.py", line 1261, in handler
    async for msg in ws:
    ...<37 lines>...
            pass
  File "/home/lumen/miniconda3/lib/python3.13/site-packages/websockets/asyncio/connection.py", line 242, in __aiter__
    yield await self.recv()
          ^^^^^^^^^^^^^^^^^
  File "/home/lumen/miniconda3/lib/python3.13/site-packages/websockets/asyncio/connection.py", line 322, in recv
    raise self.protocol.close_exc from self.recv_exc
websockets.exceptions.ConnectionClosedError: no close frame received or sent
[Prune] Removed 1 stale IDs (frame 5000)
[Prune] Removed 1 stale IDs (frame 5100)
[WS] Client connected (4 total)
[Evidence] Saved evidence/1776455969_270s.jpg (144776 bytes, sha256:f2e8b0334cc16...)
[Prune] Removed 3 stale IDs (frame 5300)
[Prune] Removed 6 stale IDs (frame 5400)
[Prune] Removed 8 stale IDs (frame 5500)
[Prune] Removed 3 stale IDs (frame 5600)
[Prune] Removed 3 stale IDs (frame 5700)
[Prune] Removed 6 stale IDs (frame 5800)
[Evidence] Saved evidence/1776455969_final.jpg (155670 bytes, sha256:502b0c9cbf0dc...)
[Evidence] Saved evidence/1776455969_final.jpg (155394 bytes, sha256:ec0bec1b9b3f7...)
[Evidence] Saved evidence/1776455969_final.jpg (155299 bytes, sha256:3d755fd7d6d38...)
[STATE] idle — round 18 complete: 55 vehicles
[WS] Client disconnected (3 total)
connection handler failed
Traceback (most recent call last):
  File "/home/lumen/miniconda3/lib/python3.13/site-packages/websockets/asyncio/server.py", line 376, in conn_handler
    await self.handler(connection)
  File "/home/lumen/.gemini/antigravity/scratch/rush/oracle/stream_server.py", line 1261, in handler
    async for msg in ws:
    ...<37 lines>...
            pass
  File "/home/lumen/miniconda3/lib/python3.13/site-packages/websockets/asyncio/connection.py", line 242, in __aiter__
    yield await self.recv()
          ^^^^^^^^^^^^^^^^^
  File "/home/lumen/miniconda3/lib/python3.13/site-packages/websockets/asyncio/connection.py", line 322, in recv
    raise self.protocol.close_exc from self.recv_exc
websockets.exceptions.ConnectionClosedError: sent 1011 (internal error) keepalive ping timeout; no close frame received
[Prune] Removed 1 stale IDs (frame 5900)
[Prune] Removed 1 stale IDs (frame 6000)
[Prune] Removed 1 stale IDs (frame 6100)
[WS] Client connected (4 total)
[2026-04-17 17:04:59] No round_complete via WS — reading result.json fallback
[2026-04-17 17:04:59] Count complete: 55 vehicles (in=38 out=17)
[2026-04-17 17:05:00] Pool check OK: total=0.0020 ETH, under=0.0010, over=0.0010
[2026-04-17 17:05:00] Market resolved: 55 vehicles → Over 38 wins
[2026-04-17 17:05:01] resolveMarket tx sent: c8929b4ac562dd32270d8fe492576cca06f39159a1e780c529261bd2f15b8ceb
[2026-04-17 17:05:01] resolveMarket confirmed (tx: c8929b4ac562dd32270d8fe492576cca06f39159a1e780c529261bd2f15b8ceb)
[2026-04-17 17:05:01] Ably publish OK: market_resolved
[WS] Client disconnected (3 total)
connection handler failed
Traceback (most recent call last):
  File "/home/lumen/miniconda3/lib/python3.13/asyncio/selector_events.py", line 1067, in write
    n = self._sock.send(data)
BrokenPipeError: [Errno 32] Broken pipe

The above exception was the direct cause of the following exception:

Traceback (most recent call last):
  File "/home/lumen/miniconda3/lib/python3.13/site-packages/websockets/asyncio/server.py", line 376, in conn_handler
    await self.handler(connection)
  File "/home/lumen/.gemini/antigravity/scratch/rush/oracle/stream_server.py", line 1261, in handler
    async for msg in ws:
    ...<37 lines>...
            pass
  File "/home/lumen/miniconda3/lib/python3.13/site-packages/websockets/asyncio/connection.py", line 242, in __aiter__
    yield await self.recv()
          ^^^^^^^^^^^^^^^^^
  File "/home/lumen/miniconda3/lib/python3.13/site-packages/websockets/asyncio/connection.py", line 322, in recv
    raise self.protocol.close_exc from self.recv_exc
websockets.exceptions.ConnectionClosedError: no close frame received or sent
[2026-04-17 17:05:02] Winnings distributed: 0x2351fA5EDcD05ca6E0A9b9C8fc0142BD7E1D4941 (tx: 1f03df447a9e8942cc08d5b78b009a4cdb2611bdfff3a037adde82173e107138)
[2026-04-17 17:05:02] Auto-distributed winnings (tx: 1f03df447a9e8942cc08d5b78b009a4cdb2611bdfff3a037adde82173e107138)
[Prune] Removed 2 stale IDs (frame 6500)
[2026-04-17 17:05:02] Ably publish OK: winnings_distributed
[2026-04-17 17:05:02] Ledger POST OK: {"ok":true}
[2026-04-17 17:05:02] New threshold: 48 (avg of [42, 55])
[2026-04-17 17:05:02] Waiting 15s before Round #19...
[Prune] Removed 4 stale IDs (frame 6600)
[WS] Client connected (4 total)
[Prune] Removed 4 stale IDs (frame 6700)
[Prune] Removed 6 stale IDs (frame 6800)
[2026-04-17 17:05:17] Round #19 | Peace Bridge — USA/Canada Border | threshold=48
[2026-04-17 17:05:19] createMarket tx sent: 1483506eea213c42f88a84c86fef234424a484d0656eea1719f26e88e19b3570
[2026-04-17 17:05:19] Market created: 0x28228769E646159cF73c327836fC9dC34bBfFcA1 (tx: 1483506eea213c42f88a84c86fef234424a484d0656eea1719f26e88e19b3570)
[2026-04-17 17:05:20] Ably publish OK: market_created
[2026-04-17 17:05:20] Counting vehicles for 150s...
[STATE] betting — market=0x28228769... bet=150s count=150s round=19
[2026-04-17 17:05:20] [StreamClient] Round 19 started on stream_server
[LineZone] (307,432) -> (960,432)
[Counter] Line: (579, 10) -> (701, 710)
[Prune] Removed 1 stale IDs (frame 100)
[Prune] Removed 2 stale IDs (frame 200)
[WS] Client disconnected (3 total)
connection handler failed
Traceback (most recent call last):
  File "/home/lumen/miniconda3/lib/python3.13/site-packages/websockets/asyncio/server.py", line 376, in conn_handler
    await self.handler(connection)
  File "/home/lumen/.gemini/antigravity/scratch/rush/oracle/stream_server.py", line 1261, in handler
    async for msg in ws:
    ...<37 lines>...
            pass
  File "/home/lumen/miniconda3/lib/python3.13/site-packages/websockets/asyncio/connection.py", line 242, in __aiter__
    yield await self.recv()
          ^^^^^^^^^^^^^^^^^
  File "/home/lumen/miniconda3/lib/python3.13/site-packages/websockets/asyncio/connection.py", line 322, in recv
    raise self.protocol.close_exc from self.recv_exc
websockets.exceptions.ConnectionClosedError: no close frame received or sent
[Prune] Removed 6 stale IDs (frame 300)
[WS] Client connected (4 total)
[Prune] Removed 3 stale IDs (frame 400)
[Prune] Removed 1 stale IDs (frame 500)
[Evidence] Saved evidence/1776456320_30s.jpg (155737 bytes, sha256:2bf56f8a692cd...)
[Prune] Removed 1 stale IDs (frame 700)
[Prune] Removed 2 stale IDs (frame 900)
[Prune] Removed 2 stale IDs (frame 1000)
[WS] Client disconnected (3 total)
[Prune] Removed 1 stale IDs (frame 1100)
[WS] Client connected (4 total)
[Evidence] Saved evidence/1776456320_60s.jpg (153777 bytes, sha256:fcd1f988dfb30...)
[Prune] Removed 4 stale IDs (frame 1200)
[Prune] Removed 2 stale IDs (frame 1300)
[Prune] Removed 1 stale IDs (frame 1400)
[Prune] Removed 1 stale IDs (frame 1500)
[WS] Client disconnected (3 total)
connection handler failed
Traceback (most recent call last):
  File "/home/lumen/miniconda3/lib/python3.13/asyncio/selector_events.py", line 1005, in _read_ready__data_received
    data = self._sock.recv(self.max_size)
ConnectionResetError: [Errno 104] Connection reset by peer

The above exception was the direct cause of the following exception:

Traceback (most recent call last):
  File "/home/lumen/miniconda3/lib/python3.13/site-packages/websockets/asyncio/server.py", line 376, in conn_handler
    await self.handler(connection)
  File "/home/lumen/.gemini/antigravity/scratch/rush/oracle/stream_server.py", line 1261, in handler
    async for msg in ws:
    ...<37 lines>...
            pass
  File "/home/lumen/miniconda3/lib/python3.13/site-packages/websockets/asyncio/connection.py", line 242, in __aiter__
    yield await self.recv()
          ^^^^^^^^^^^^^^^^^
  File "/home/lumen/miniconda3/lib/python3.13/site-packages/websockets/asyncio/connection.py", line 322, in recv
    raise self.protocol.close_exc from self.recv_exc
websockets.exceptions.ConnectionClosedError: no close frame received or sent
[Evidence] Saved evidence/1776456320_90s.jpg (170282 bytes, sha256:5fa4090f2ed57...)
[WS] Client connected (4 total)
[Prune] Removed 1 stale IDs (frame 1800)
[Prune] Removed 1 stale IDs (frame 1900)
[WS] Client disconnected (3 total)
[Prune] Removed 2 stale IDs (frame 2100)
[Prune] Removed 2 stale IDs (frame 2200)
[WS] Client connected (4 total)
[Evidence] Saved evidence/1776456320_120s.jpg (147612 bytes, sha256:15dbb8b08d1e7...)
[Prune] Removed 1 stale IDs (frame 2300)
[Prune] Removed 2 stale IDs (frame 2500)
[Prune] Removed 5 stale IDs (frame 2700)
[Prune] Removed 6 stale IDs (frame 2800)
[STATE] counting — market=0x28228769... duration=150s round=19
[Evidence] Saved evidence/1776456320_150s.jpg (149774 bytes, sha256:cbd8624ec5cc6...)
[Prune] Removed 4 stale IDs (frame 2900)
[WS] Client disconnected (3 total)
[Prune] Removed 2 stale IDs (frame 3100)
[WS] Client connected (4 total)
[Prune] Removed 1 stale IDs (frame 3200)
[Prune] Removed 4 stale IDs (frame 3300)
[Prune] Removed 5 stale IDs (frame 3400)
[Evidence] Saved evidence/1776456320_180s.jpg (152689 bytes, sha256:b56293fe974e6...)
[Prune] Removed 9 stale IDs (frame 3500)
[WS] Client disconnected (3 total)
[Prune] Removed 5 stale IDs (frame 3600)
[Prune] Removed 10 stale IDs (frame 3700)
[WS] Client connected (4 total)
[Prune] Removed 1 stale IDs (frame 3800)
[Evidence] Saved evidence/1776456320_210s.jpg (141784 bytes, sha256:359efa6f1c9a9...)
[Prune] Removed 2 stale IDs (frame 4000)
[WS] Client disconnected (3 total)
connection handler failed
Traceback (most recent call last):
  File "/home/lumen/miniconda3/lib/python3.13/site-packages/websockets/asyncio/server.py", line 376, in conn_handler
    await self.handler(connection)
  File "/home/lumen/.gemini/antigravity/scratch/rush/oracle/stream_server.py", line 1261, in handler
    async for msg in ws:
    ...<37 lines>...
            pass
  File "/home/lumen/miniconda3/lib/python3.13/site-packages/websockets/asyncio/connection.py", line 242, in __aiter__
    yield await self.recv()
          ^^^^^^^^^^^^^^^^^
  File "/home/lumen/miniconda3/lib/python3.13/site-packages/websockets/asyncio/connection.py", line 322, in recv
    raise self.protocol.close_exc from self.recv_exc
websockets.exceptions.ConnectionClosedError: no close frame received or sent
[Prune] Removed 2 stale IDs (frame 4100)
[WS] Client connected (4 total)
[Prune] Removed 1 stale IDs (frame 4300)
[Evidence] Saved evidence/1776456320_240s.jpg (160298 bytes, sha256:b50778a5e0fda...)
[Prune] Removed 1 stale IDs (frame 4800)
[WS] Client disconnected (3 total)
[Prune] Removed 2 stale IDs (frame 4900)
[WS] Client connected (4 total)
[Evidence] Saved evidence/1776456320_270s.jpg (166779 bytes, sha256:9465ca8623317...)
[Prune] Removed 5 stale IDs (frame 5100)
[WS] Client disconnected (3 total)
connection handler failed
Traceback (most recent call last):
  File "/home/lumen/miniconda3/lib/python3.13/site-packages/websockets/asyncio/server.py", line 376, in conn_handler
    await self.handler(connection)
  File "/home/lumen/.gemini/antigravity/scratch/rush/oracle/stream_server.py", line 1261, in handler
    async for msg in ws:
    ...<37 lines>...
            pass
  File "/home/lumen/miniconda3/lib/python3.13/site-packages/websockets/asyncio/connection.py", line 242, in __aiter__
    yield await self.recv()
          ^^^^^^^^^^^^^^^^^
  File "/home/lumen/miniconda3/lib/python3.13/site-packages/websockets/asyncio/connection.py", line 322, in recv
    raise self.protocol.close_exc from self.recv_exc
websockets.exceptions.ConnectionClosedError: no close frame received or sent
[Prune] Removed 6 stale IDs (frame 5200)
[Prune] Removed 10 stale IDs (frame 5300)
[WS] Client connected (4 total)
[Prune] Removed 2 stale IDs (frame 5400)
[Prune] Removed 2 stale IDs (frame 5500)
[Evidence] Saved evidence/1776456320_final.jpg (141962 bytes, sha256:4eb1f0db5122b...)
[Evidence] Saved evidence/1776456320_final.jpg (141932 bytes, sha256:ff7a96b531b62...)
[STATE] idle — round 19 complete: 38 vehicles
[WS] Client disconnected (3 total)
connection handler failed
Traceback (most recent call last):
  File "/home/lumen/miniconda3/lib/python3.13/asyncio/selector_events.py", line 1005, in _read_ready__data_received
    data = self._sock.recv(self.max_size)
ConnectionResetError: [Errno 104] Connection reset by peer

The above exception was the direct cause of the following exception:

Traceback (most recent call last):
  File "/home/lumen/miniconda3/lib/python3.13/site-packages/websockets/asyncio/server.py", line 376, in conn_handler
    await self.handler(connection)
  File "/home/lumen/.gemini/antigravity/scratch/rush/oracle/stream_server.py", line 1261, in handler
    async for msg in ws:
    ...<37 lines>...
            pass
  File "/home/lumen/miniconda3/lib/python3.13/site-packages/websockets/asyncio/connection.py", line 242, in __aiter__
    yield await self.recv()
          ^^^^^^^^^^^^^^^^^
  File "/home/lumen/miniconda3/lib/python3.13/site-packages/websockets/asyncio/connection.py", line 322, in recv
    raise self.protocol.close_exc from self.recv_exc
websockets.exceptions.ConnectionClosedError: no close frame received or sent
[Prune] Removed 3 stale IDs (frame 5600)
[WS] Client connected (4 total)
[Prune] Removed 2 stale IDs (frame 5800)
[Prune] Removed 4 stale IDs (frame 5900)
[WS] Client disconnected (3 total)
connection handler failed
Traceback (most recent call last):
  File "/home/lumen/miniconda3/lib/python3.13/site-packages/websockets/asyncio/server.py", line 376, in conn_handler
    await self.handler(connection)
  File "/home/lumen/.gemini/antigravity/scratch/rush/oracle/stream_server.py", line 1261, in handler
    async for msg in ws:
    ...<37 lines>...
            pass
  File "/home/lumen/miniconda3/lib/python3.13/site-packages/websockets/asyncio/connection.py", line 242, in __aiter__
    yield await self.recv()
          ^^^^^^^^^^^^^^^^^
  File "/home/lumen/miniconda3/lib/python3.13/site-packages/websockets/asyncio/connection.py", line 322, in recv
    raise self.protocol.close_exc from self.recv_exc
websockets.exceptions.ConnectionClosedError: no close frame received or sent
[Prune] Removed 4 stale IDs (frame 6000)
[WS] Client connected (4 total)
[2026-04-17 17:10:50] No round_complete via WS — reading result.json fallback
[2026-04-17 17:10:50] Count complete: 38 vehicles (in=19 out=19)
[Prune] Removed 10 stale IDs (frame 6100)
[2026-04-17 17:10:51] Pool check OK: total=0.0030 ETH, under=0.0020, over=0.0010
[2026-04-17 17:10:51] Market resolved: 38 vehicles → Under 48 wins
[2026-04-17 17:10:52] resolveMarket tx sent: b4e2335af298d6225eb9857161fbdc5b0b06df0cb0a2817372a2e1e9563cf70f
[2026-04-17 17:10:52] resolveMarket confirmed (tx: b4e2335af298d6225eb9857161fbdc5b0b06df0cb0a2817372a2e1e9563cf70f)
[2026-04-17 17:10:52] Ably publish OK: market_resolved
[2026-04-17 17:10:53] Winnings distributed: 0x28228769E646159cF73c327836fC9dC34bBfFcA1 (tx: 8c2d2e28b0164222c9ca5c1140d002002aad533b5d269ceee41b27055a75c167)
[2026-04-17 17:10:53] Auto-distributed winnings (tx: 8c2d2e28b0164222c9ca5c1140d002002aad533b5d269ceee41b27055a75c167)
[2026-04-17 17:10:53] Ably publish OK: winnings_distributed
[2026-04-17 17:10:53] Ledger POST failed (non-fatal): HTTP Error 400: Bad Request
[2026-04-17 17:10:53] New threshold: 46 (avg of [55, 38])
[2026-04-17 17:10:53] Waiting 15s before Round #20...
[Prune] Removed 13 stale IDs (frame 6200)
[Prune] Removed 8 stale IDs (frame 6300)
[Prune] Removed 5 stale IDs (frame 6400)
[2026-04-17 17:11:08] Round #20 | Peace Bridge — USA/Canada Border | threshold=46
[2026-04-17 17:11:10] createMarket tx sent: d98d2490cd378fdedca96ef626ad10efec19b301c7737d32e1d0d46de6b09477
[2026-04-17 17:11:10] Market created: 0xDeF48FB301e0B8FE7BE54C60f9a229Ca5B28A04e (tx: d98d2490cd378fdedca96ef626ad10efec19b301c7737d32e1d0d46de6b09477)
[2026-04-17 17:11:11] Ably publish OK: market_created
[2026-04-17 17:11:11] Counting vehicles for 150s...
[STATE] betting — market=0xDeF48FB3... bet=150s count=150s round=20
[LineZone] (307,432) -> (960,432)
[Counter] Line: (579, 10) -> (701, 710)
[2026-04-17 17:11:11] [StreamClient] Round 20 started on stream_server
[WS] Client disconnected (3 total)
[Prune] Removed 5 stale IDs (frame 200)
[Prune] Removed 2 stale IDs (frame 300)
[Prune] Removed 3 stale IDs (frame 400)
[Prune] Removed 1 stale IDs (frame 500)
[Evidence] Saved evidence/1776456671_30s.jpg (169200 bytes, sha256:0cb429d06863f...)
[Prune] Removed 3 stale IDs (frame 600)
[WS] Client connected (3 total)
[Prune] Removed 1 stale IDs (frame 1000)
[Evidence] Saved evidence/1776456671_60s.jpg (158775 bytes, sha256:d2590a335ab6d...)
[Prune] Removed 2 stale IDs (frame 1200)
[WS] Client disconnected (3 total)
[Prune] Removed 1 stale IDs (frame 1300)
[WS] Client connected (4 total)
[Prune] Removed 1 stale IDs (frame 1600)
[Prune] Removed 2 stale IDs (frame 1700)
[WS] Client disconnected (3 total)
connection handler failed
Traceback (most recent call last):
  File "/home/lumen/miniconda3/lib/python3.13/site-packages/websockets/asyncio/server.py", line 376, in conn_handler
    await self.handler(connection)
  File "/home/lumen/.gemini/antigravity/scratch/rush/oracle/stream_server.py", line 1261, in handler
    async for msg in ws:
    ...<37 lines>...
            pass
  File "/home/lumen/miniconda3/lib/python3.13/site-packages/websockets/asyncio/connection.py", line 242, in __aiter__
    yield await self.recv()
          ^^^^^^^^^^^^^^^^^
  File "/home/lumen/miniconda3/lib/python3.13/site-packages/websockets/asyncio/connection.py", line 322, in recv
    raise self.protocol.close_exc from self.recv_exc
websockets.exceptions.ConnectionClosedError: no close frame received or sent
[Evidence] Saved evidence/1776456671_90s.jpg (148946 bytes, sha256:9d4803e259a94...)
[WS] Client connected (4 total)
[Prune] Removed 1 stale IDs (frame 1900)
[Prune] Removed 5 stale IDs (frame 2000)
[Prune] Removed 2 stale IDs (frame 2200)
[Evidence] Saved evidence/1776456671_120s.jpg (141457 bytes, sha256:c3c4a02af2f52...)
[Prune] Removed 7 stale IDs (frame 2300)
[Prune] Removed 5 stale IDs (frame 2400)
[Prune] Removed 7 stale IDs (frame 2500)
[WS] Client disconnected (2 total)
connection handler failed
Traceback (most recent call last):
  File "/home/lumen/miniconda3/lib/python3.13/site-packages/websockets/asyncio/server.py", line 376, in conn_handler
    await self.handler(connection)
  File "/home/lumen/.gemini/antigravity/scratch/rush/oracle/stream_server.py", line 1261, in handler
    async for msg in ws:
    ...<37 lines>...
            pass
  File "/home/lumen/miniconda3/lib/python3.13/site-packages/websockets/asyncio/connection.py", line 242, in __aiter__
    yield await self.recv()
          ^^^^^^^^^^^^^^^^^
  File "/home/lumen/miniconda3/lib/python3.13/site-packages/websockets/asyncio/connection.py", line 322, in recv
    raise self.protocol.close_exc from self.recv_exc
websockets.exceptions.ConnectionClosedError: no close frame received or sent
[Prune] Removed 3 stale IDs (frame 2600)
[Prune] Removed 5 stale IDs (frame 2700)
[STATE] counting — market=0xDeF48FB3... duration=150s round=20
[Evidence] Saved evidence/1776456671_150s.jpg (144006 bytes, sha256:5b7f75451b78e...)
[Prune] Removed 3 stale IDs (frame 3000)
[Prune] Removed 2 stale IDs (frame 3100)
[Prune] Removed 8 stale IDs (frame 3200)
[Prune] Removed 2 stale IDs (frame 3300)
[WS] Client connected (3 total)
[Prune] Removed 4 stale IDs (frame 3400)
[Evidence] Saved evidence/1776456671_180s.jpg (159366 bytes, sha256:8fda1c834e5b9...)
[Prune] Removed 4 stale IDs (frame 3500)
[Prune] Removed 1 stale IDs (frame 3600)
[Prune] Removed 4 stale IDs (frame 3700)
[WS] Client disconnected (3 total)
[Prune] Removed 2 stale IDs (frame 3800)
[WS] Client connected (4 total)
[Evidence] Saved evidence/1776456671_210s.jpg (186918 bytes, sha256:76fc8eabe52b6...)
[Prune] Removed 1 stale IDs (frame 4000)
[Prune] Removed 2 stale IDs (frame 4300)
[WS] Client disconnected (3 total)
[WS] Client disconnected (2 total)
connection handler failed
Traceback (most recent call last):
  File "/home/lumen/miniconda3/lib/python3.13/asyncio/selector_events.py", line 1067, in write
    n = self._sock.send(data)
BrokenPipeError: [Errno 32] Broken pipe

The above exception was the direct cause of the following exception:

Traceback (most recent call last):
  File "/home/lumen/miniconda3/lib/python3.13/site-packages/websockets/asyncio/server.py", line 376, in conn_handler
    await self.handler(connection)
  File "/home/lumen/.gemini/antigravity/scratch/rush/oracle/stream_server.py", line 1261, in handler
    async for msg in ws:
    ...<37 lines>...
            pass
  File "/home/lumen/miniconda3/lib/python3.13/site-packages/websockets/asyncio/connection.py", line 242, in __aiter__
    yield await self.recv()
          ^^^^^^^^^^^^^^^^^
  File "/home/lumen/miniconda3/lib/python3.13/site-packages/websockets/asyncio/connection.py", line 322, in recv
    raise self.protocol.close_exc from self.recv_exc
websockets.exceptions.ConnectionClosedError: no close frame received or sent
[WS] Client connected (3 total)
[Evidence] Saved evidence/1776456671_240s.jpg (144520 bytes, sha256:31f7c019df9f4...)
[Prune] Removed 2 stale IDs (frame 4600)
[Prune] Removed 1 stale IDs (frame 4700)
[Prune] Removed 4 stale IDs (frame 4900)
[Evidence] Saved evidence/1776456671_270s.jpg (146426 bytes, sha256:66844aa00a2d2...)
[Prune] Removed 9 stale IDs (frame 5100)
[Prune] Removed 1 stale IDs (frame 5200)
[WS] Client connected (3 total)
[Prune] Removed 4 stale IDs (frame 5300)
[Prune] Removed 4 stale IDs (frame 5400)
[WS] Client disconnected (3 total)
[Prune] Removed 5 stale IDs (frame 5500)
[WS] Client connected (4 total)
[Prune] Removed 8 stale IDs (frame 5600)
[Evidence] Saved evidence/1776456671_final.jpg (156030 bytes, sha256:b009b9280acb8...)
[Evidence] Saved evidence/1776456671_final.jpg (156418 bytes, sha256:baeb88b8334c7...)
[STATE] idle — round 20 complete: 45 vehicles
[Prune] Removed 11 stale IDs (frame 5700)
[WS] Client disconnected (3 total)
connection handler failed
Traceback (most recent call last):
  File "/home/lumen/miniconda3/lib/python3.13/asyncio/selector_events.py", line 1005, in _read_ready__data_received
    data = self._sock.recv(self.max_size)
ConnectionResetError: [Errno 104] Connection reset by peer

The above exception was the direct cause of the following exception:

Traceback (most recent call last):
  File "/home/lumen/miniconda3/lib/python3.13/site-packages/websockets/asyncio/server.py", line 376, in conn_handler
    await self.handler(connection)
  File "/home/lumen/.gemini/antigravity/scratch/rush/oracle/stream_server.py", line 1261, in handler
    async for msg in ws:
    ...<37 lines>...
            pass
  File "/home/lumen/miniconda3/lib/python3.13/site-packages/websockets/asyncio/connection.py", line 242, in __aiter__
    yield await self.recv()
          ^^^^^^^^^^^^^^^^^
  File "/home/lumen/miniconda3/lib/python3.13/site-packages/websockets/asyncio/connection.py", line 322, in recv
    raise self.protocol.close_exc from self.recv_exc
websockets.exceptions.ConnectionClosedError: no close frame received or sent
[Prune] Removed 4 stale IDs (frame 5800)
[WS] Client connected (4 total)
[Prune] Removed 5 stale IDs (frame 5900)
[WS] Client disconnected (3 total)
connection handler failed
Traceback (most recent call last):
  File "/home/lumen/miniconda3/lib/python3.13/asyncio/selector_events.py", line 1067, in write
    n = self._sock.send(data)
BrokenPipeError: [Errno 32] Broken pipe

The above exception was the direct cause of the following exception:

Traceback (most recent call last):
  File "/home/lumen/miniconda3/lib/python3.13/site-packages/websockets/asyncio/server.py", line 376, in conn_handler
    await self.handler(connection)
  File "/home/lumen/.gemini/antigravity/scratch/rush/oracle/stream_server.py", line 1261, in handler
    async for msg in ws:
    ...<37 lines>...
            pass
  File "/home/lumen/miniconda3/lib/python3.13/site-packages/websockets/asyncio/connection.py", line 242, in __aiter__
    yield await self.recv()
          ^^^^^^^^^^^^^^^^^
  File "/home/lumen/miniconda3/lib/python3.13/site-packages/websockets/asyncio/connection.py", line 322, in recv
    raise self.protocol.close_exc from self.recv_exc
websockets.exceptions.ConnectionClosedError: no close frame received or sent
[Prune] Removed 4 stale IDs (frame 6000)
[WS] Client disconnected (2 total)
connection handler failed
Traceback (most recent call last):
  File "/home/lumen/miniconda3/lib/python3.13/asyncio/selector_events.py", line 1067, in write
    n = self._sock.send(data)
ConnectionResetError: [Errno 104] Connection reset by peer

The above exception was the direct cause of the following exception:

Traceback (most recent call last):
  File "/home/lumen/miniconda3/lib/python3.13/site-packages/websockets/asyncio/server.py", line 376, in conn_handler
    await self.handler(connection)
  File "/home/lumen/.gemini/antigravity/scratch/rush/oracle/stream_server.py", line 1261, in handler
    async for msg in ws:
    ...<37 lines>...
            pass
  File "/home/lumen/miniconda3/lib/python3.13/site-packages/websockets/asyncio/connection.py", line 242, in __aiter__
    yield await self.recv()
          ^^^^^^^^^^^^^^^^^
  File "/home/lumen/miniconda3/lib/python3.13/site-packages/websockets/asyncio/connection.py", line 322, in recv
    raise self.protocol.close_exc from self.recv_exc
websockets.exceptions.ConnectionClosedError: no close frame received or sent
[Prune] Removed 2 stale IDs (frame 6100)
[2026-04-17 17:16:41] No round_complete via WS — reading result.json fallback
[2026-04-17 17:16:41] Count complete: 45 vehicles (in=26 out=19)
[2026-04-17 17:16:42] Pool check OK: total=0.0040 ETH, under=0.0030, over=0.0010
[2026-04-17 17:16:42] Market resolved: 45 vehicles → Under 46 wins
[WS] Client connected (3 total)
[2026-04-17 17:16:43] resolveMarket tx sent: af0eaa0d48e4b4adfc9558bc466e5f278fe9af16972c0190f62ca027a37b8f98
[Prune] Removed 6 stale IDs (frame 6200)
[2026-04-17 17:16:45] resolveMarket confirmed (tx: af0eaa0d48e4b4adfc9558bc466e5f278fe9af16972c0190f62ca027a37b8f98)
[2026-04-17 17:16:45] Ably publish OK: market_resolved
[2026-04-17 17:16:48] Winnings distributed: 0xDeF48FB301e0B8FE7BE54C60f9a229Ca5B28A04e (tx: c7d8156551bf72c62b0b36ac70a0497359c03a0ed67e7c3a289e592bcfd7b7d0)
[2026-04-17 17:16:48] Auto-distributed winnings (tx: c7d8156551bf72c62b0b36ac70a0497359c03a0ed67e7c3a289e592bcfd7b7d0)
[2026-04-17 17:16:48] Ably publish OK: winnings_distributed
[2026-04-17 17:16:49] Ledger POST OK: {"ok":true}
[2026-04-17 17:16:49] New threshold: 41 (avg of [38, 45])
[2026-04-17 17:16:49] Waiting 15s before Round #21...
[Prune] Removed 8 stale IDs (frame 6300)
[WS] Client connected (4 total)
[Prune] Removed 9 stale IDs (frame 6400)
[Prune] Removed 5 stale IDs (frame 6500)
[2026-04-17 17:17:04] Round #21 | Peace Bridge — USA/Canada Border | threshold=41
[2026-04-17 17:17:05] createMarket tx sent: ec3937fd4e1f09eb7bfe01b3e548765708355325a6432583c72711813493b4d2
[2026-04-17 17:17:05] Market created: 0x0907edeD8DDFFbcB7057358b311F812ef5EBb4a5 (tx: ec3937fd4e1f09eb7bfe01b3e548765708355325a6432583c72711813493b4d2)
[2026-04-17 17:17:06] Ably publish OK: market_created
[2026-04-17 17:17:06] Counting vehicles for 150s...
[STATE] betting — market=0x0907edeD... bet=150s count=150s round=21
[2026-04-17 17:17:06] [StreamClient] Round 21 started on stream_server
[LineZone] (307,432) -> (960,432)
[Counter] Line: (579, 10) -> (701, 710)
[WS] Client disconnected (3 total)
connection handler failed
Traceback (most recent call last):
  File "/home/lumen/miniconda3/lib/python3.13/site-packages/websockets/asyncio/server.py", line 376, in conn_handler
    await self.handler(connection)
  File "/home/lumen/.gemini/antigravity/scratch/rush/oracle/stream_server.py", line 1261, in handler
    async for msg in ws:
    ...<37 lines>...
            pass
  File "/home/lumen/miniconda3/lib/python3.13/site-packages/websockets/asyncio/connection.py", line 242, in __aiter__
    yield await self.recv()
          ^^^^^^^^^^^^^^^^^
  File "/home/lumen/miniconda3/lib/python3.13/site-packages/websockets/asyncio/connection.py", line 322, in recv
    raise self.protocol.close_exc from self.recv_exc
websockets.exceptions.ConnectionClosedError: no close frame received or sent
[Prune] Removed 1 stale IDs (frame 100)
[WS] Client connected (4 total)
[Prune] Removed 5 stale IDs (frame 200)
[WS] Client disconnected (3 total)
connection handler failed
Traceback (most recent call last):
  File "/home/lumen/miniconda3/lib/python3.13/site-packages/websockets/asyncio/server.py", line 376, in conn_handler
    await self.handler(connection)
  File "/home/lumen/.gemini/antigravity/scratch/rush/oracle/stream_server.py", line 1261, in handler
    async for msg in ws:
    ...<37 lines>...
            pass
  File "/home/lumen/miniconda3/lib/python3.13/site-packages/websockets/asyncio/connection.py", line 242, in __aiter__
    yield await self.recv()
          ^^^^^^^^^^^^^^^^^
  File "/home/lumen/miniconda3/lib/python3.13/site-packages/websockets/asyncio/connection.py", line 322, in recv
    raise self.protocol.close_exc from self.recv_exc
websockets.exceptions.ConnectionClosedError: no close frame received or sent
[Prune] Removed 7 stale IDs (frame 300)
[Prune] Removed 1 stale IDs (frame 400)
[Prune] Removed 3 stale IDs (frame 500)
[Evidence] Saved evidence/1776457026_30s.jpg (173781 bytes, sha256:994f67e01c578...)
[Prune] Removed 1 stale IDs (frame 600)
[Prune] Removed 4 stale IDs (frame 700)
[Prune] Removed 2 stale IDs (frame 800)
[Prune] Removed 2 stale IDs (frame 900)
[Prune] Removed 2 stale IDs (frame 1000)
[Prune] Removed 3 stale IDs (frame 1100)
[Evidence] Saved evidence/1776457026_60s.jpg (152986 bytes, sha256:5dcda11c438ed...)
[Prune] Removed 3 stale IDs (frame 1200)
[Prune] Removed 4 stale IDs (frame 1300)
[Prune] Removed 2 stale IDs (frame 1400)
[Prune] Removed 3 stale IDs (frame 1600)
[Prune] Removed 8 stale IDs (frame 1800)
[Evidence] Saved evidence/1776457026_90s.jpg (160499 bytes, sha256:6958cf48dfa30...)
[Prune] Removed 1 stale IDs (frame 1900)
[Prune] Removed 1 stale IDs (frame 2100)
[Prune] Removed 2 stale IDs (frame 2200)
[Prune] Removed 3 stale IDs (frame 2300)
[WS] Client disconnected (2 total)
[Prune] Removed 3 stale IDs (frame 2400)
[Evidence] Saved evidence/1776457026_120s.jpg (146272 bytes, sha256:989d579e15d25...)
[Prune] Removed 6 stale IDs (frame 2500)
[WS] Client connected (3 total)
[Prune] Removed 7 stale IDs (frame 2600)
[Prune] Removed 7 stale IDs (frame 2700)
[Prune] Removed 4 stale IDs (frame 2800)
[Prune] Removed 4 stale IDs (frame 2900)
[Prune] Removed 3 stale IDs (frame 3000)
[STATE] counting — market=0x0907edeD... duration=150s round=21
[Evidence] Saved evidence/1776457026_150s.jpg (158960 bytes, sha256:872b6cdb1b72b...)
[Prune] Removed 3 stale IDs (frame 3100)
[Prune] Removed 2 stale IDs (frame 3200)
[Prune] Removed 1 stale IDs (frame 3300)
[Prune] Removed 7 stale IDs (frame 3400)
[Prune] Removed 2 stale IDs (frame 3500)
[Prune] Removed 4 stale IDs (frame 3600)
[Evidence] Saved evidence/1776457026_180s.jpg (170564 bytes, sha256:a120af2e7e5ae...)
[Prune] Removed 3 stale IDs (frame 3700)
[Prune] Removed 3 stale IDs (frame 3800)
[Prune] Removed 3 stale IDs (frame 3900)
[Prune] Removed 2 stale IDs (frame 4000)
[Prune] Removed 1 stale IDs (frame 4100)
[Prune] Removed 1 stale IDs (frame 4200)
[Evidence] Saved evidence/1776457026_210s.jpg (150016 bytes, sha256:90aa5f665aa54...)
[Prune] Removed 5 stale IDs (frame 4300)
[Prune] Removed 3 stale IDs (frame 4400)
[Prune] Removed 3 stale IDs (frame 4500)
[Prune] Removed 5 stale IDs (frame 4600)
[Prune] Removed 5 stale IDs (frame 4700)
[Prune] Removed 11 stale IDs (frame 4800)
[Evidence] Saved evidence/1776457026_240s.jpg (148453 bytes, sha256:521d5260a59c6...)
[Prune] Removed 5 stale IDs (frame 4900)
[Prune] Removed 3 stale IDs (frame 5000)
[Prune] Removed 6 stale IDs (frame 5100)
[Prune] Removed 4 stale IDs (frame 5200)
[Prune] Removed 3 stale IDs (frame 5400)
[Evidence] Saved evidence/1776457026_270s.jpg (167773 bytes, sha256:500ae40f97ce3...)
[Prune] Removed 4 stale IDs (frame 5500)
[Prune] Removed 1 stale IDs (frame 5600)
[Prune] Removed 4 stale IDs (frame 5700)
[Prune] Removed 1 stale IDs (frame 5800)
[Prune] Removed 3 stale IDs (frame 5900)
[Prune] Removed 3 stale IDs (frame 6000)
[Evidence] Saved evidence/1776457026_final.jpg (128185 bytes, sha256:fd8b8725f4396...)
[Evidence] Saved evidence/1776457026_final.jpg (132274 bytes, sha256:74e3df2f3ac3b...)
[STATE] idle — round 21 complete: 61 vehicles
[Prune] Removed 3 stale IDs (frame 6100)
[WS] Client disconnected (2 total)
connection handler failed
Traceback (most recent call last):
  File "/home/lumen/miniconda3/lib/python3.13/site-packages/websockets/asyncio/server.py", line 376, in conn_handler
    await self.handler(connection)
  File "/home/lumen/.gemini/antigravity/scratch/rush/oracle/stream_server.py", line 1261, in handler
    async for msg in ws:
    ...<37 lines>...
            pass
  File "/home/lumen/miniconda3/lib/python3.13/site-packages/websockets/asyncio/connection.py", line 242, in __aiter__
    yield await self.recv()
          ^^^^^^^^^^^^^^^^^
  File "/home/lumen/miniconda3/lib/python3.13/site-packages/websockets/asyncio/connection.py", line 322, in recv
    raise self.protocol.close_exc from self.recv_exc
websockets.exceptions.ConnectionClosedError: sent 1011 (internal error) keepalive ping timeout; no close frame received
[Prune] Removed 6 stale IDs (frame 6200)
[Prune] Removed 4 stale IDs (frame 6300)
[Prune] Removed 5 stale IDs (frame 6400)
[Prune] Removed 2 stale IDs (frame 6500)
[Prune] Removed 3 stale IDs (frame 6600)
[2026-04-17 17:22:36] No round_complete via WS — reading result.json fallback
[2026-04-17 17:22:36] Count complete: 61 vehicles (in=29 out=32)
[2026-04-17 17:22:37] Pool check OK: total=0.0020 ETH, under=0.0010, over=0.0010
[2026-04-17 17:22:37] Market resolved: 61 vehicles → Over 41 wins
[2026-04-17 17:22:38] resolveMarket tx sent: 26bb17c107ea628615f7c3b5aa13c38f250f8175a9cbf38ebc1e10c1152986ff
[2026-04-17 17:22:38] resolveMarket confirmed (tx: 26bb17c107ea628615f7c3b5aa13c38f250f8175a9cbf38ebc1e10c1152986ff)
[2026-04-17 17:22:38] Ably publish OK: market_resolved
[2026-04-17 17:22:39] Winnings distributed: 0x0907edeD8DDFFbcB7057358b311F812ef5EBb4a5 (tx: 9775ee6db0745c48feba7a7034e3f1e95b4e35ac2ca85d056f890e73c1f28e07)
[2026-04-17 17:22:39] Auto-distributed winnings (tx: 9775ee6db0745c48feba7a7034e3f1e95b4e35ac2ca85d056f890e73c1f28e07)
[2026-04-17 17:22:39] Ably publish OK: winnings_distributed
[Prune] Removed 2 stale IDs (frame 6700)
[2026-04-17 17:22:40] Ledger POST failed (non-fatal): HTTP Error 400: Bad Request
[2026-04-17 17:22:40] New threshold: 53 (avg of [45, 61])
[2026-04-17 17:22:40] Waiting 15s before Round #22...
[Prune] Removed 1 stale IDs (frame 6800)
[Prune] Removed 1 stale IDs (frame 6900)
[2026-04-17 17:22:55] Round #22 | Peace Bridge — USA/Canada Border | threshold=53
[2026-04-17 17:22:56] createMarket tx sent: f636a5dfca4e34e6ec613864c4e71d98738c2ebd34f387d6f14c2c2914cf197a
[2026-04-17 17:22:56] Market created: 0x5c8e213DBCBcAA24A04EEb154b1Adbd39FFC99a8 (tx: f636a5dfca4e34e6ec613864c4e71d98738c2ebd34f387d6f14c2c2914cf197a)
[Prune] Removed 5 stale IDs (frame 7000)
[2026-04-17 17:22:57] Ably publish OK: market_created
[2026-04-17 17:22:57] Counting vehicles for 150s...
[STATE] betting — market=0x5c8e213D... bet=150s count=150s round=22
[LineZone] (307,432) -> (960,432)
[Counter] Line: (579, 10) -> (701, 710)
[2026-04-17 17:22:57] [StreamClient] Round 22 started on stream_server
[Prune] Removed 2 stale IDs (frame 100)
[Prune] Removed 4 stale IDs (frame 200)
[Prune] Removed 1 stale IDs (frame 300)
[Prune] Removed 1 stale IDs (frame 400)
[Evidence] Saved evidence/1776457377_30s.jpg (164353 bytes, sha256:8750e34f3aa3d...)
[Prune] Removed 4 stale IDs (frame 500)
[Prune] Removed 7 stale IDs (frame 600)
[Prune] Removed 9 stale IDs (frame 700)
[Prune] Removed 4 stale IDs (frame 800)
[Prune] Removed 2 stale IDs (frame 900)
[WS] Client connected (3 total)
[Prune] Removed 2 stale IDs (frame 1000)
[Evidence] Saved evidence/1776457377_60s.jpg (171662 bytes, sha256:1106a15c6fe23...)
[Prune] Removed 1 stale IDs (frame 1100)
[Prune] Removed 3 stale IDs (frame 1200)
[Prune] Removed 5 stale IDs (frame 1300)
[Prune] Removed 7 stale IDs (frame 1400)
[Prune] Removed 14 stale IDs (frame 1500)
[Evidence] Saved evidence/1776457377_90s.jpg (166288 bytes, sha256:4ce4d4eee1f29...)
[Prune] Removed 2 stale IDs (frame 1600)
[Prune] Removed 7 stale IDs (frame 1700)
[Prune] Removed 8 stale IDs (frame 1800)
[Prune] Removed 2 stale IDs (frame 1900)
[Prune] Removed 5 stale IDs (frame 2000)
[Prune] Removed 3 stale IDs (frame 2100)
[Evidence] Saved evidence/1776457377_120s.jpg (160863 bytes, sha256:c3985921dd0f1...)
[Prune] Removed 1 stale IDs (frame 2200)
[Prune] Removed 1 stale IDs (frame 2300)
[Prune] Removed 1 stale IDs (frame 2400)
[Prune] Removed 1 stale IDs (frame 2700)
[STATE] counting — market=0x5c8e213D... duration=150s round=22
[Evidence] Saved evidence/1776457377_150s.jpg (170371 bytes, sha256:098e61b5b5584...)
[Prune] Removed 2 stale IDs (frame 2800)
[WS] Client disconnected (2 total)
[Prune] Removed 2 stale IDs (frame 3000)
[Prune] Removed 3 stale IDs (frame 3100)
[WS] Client connected (3 total)
[Prune] Removed 2 stale IDs (frame 3200)
[Evidence] Saved evidence/1776457377_180s.jpg (176846 bytes, sha256:1660d25df893e...)
[Prune] Removed 1 stale IDs (frame 3300)
[Prune] Removed 6 stale IDs (frame 3400)
[WS] Client disconnected (2 total)
connection handler failed
Traceback (most recent call last):
  File "/home/lumen/miniconda3/lib/python3.13/site-packages/websockets/asyncio/server.py", line 376, in conn_handler
    await self.handler(connection)
  File "/home/lumen/.gemini/antigravity/scratch/rush/oracle/stream_server.py", line 1261, in handler
    async for msg in ws:
    ...<37 lines>...
            pass
  File "/home/lumen/miniconda3/lib/python3.13/site-packages/websockets/asyncio/connection.py", line 242, in __aiter__
    yield await self.recv()
          ^^^^^^^^^^^^^^^^^
  File "/home/lumen/miniconda3/lib/python3.13/site-packages/websockets/asyncio/connection.py", line 322, in recv
    raise self.protocol.close_exc from self.recv_exc
websockets.exceptions.ConnectionClosedError: no close frame received or sent
[Prune] Removed 3 stale IDs (frame 3500)
[Prune] Removed 3 stale IDs (frame 3600)
[WS] Client connected (3 total)
[Prune] Removed 2 stale IDs (frame 3700)
[Evidence] Saved evidence/1776457377_210s.jpg (157945 bytes, sha256:374897570a0f6...)
[Prune] Removed 7 stale IDs (frame 3800)
[Prune] Removed 4 stale IDs (frame 3900)
[Prune] Removed 2 stale IDs (frame 4000)
[Prune] Removed 3 stale IDs (frame 4100)
[Prune] Removed 3 stale IDs (frame 4200)
[Prune] Removed 2 stale IDs (frame 4300)
[Evidence] Saved evidence/1776457377_240s.jpg (166168 bytes, sha256:b841609ff5083...)
[Prune] Removed 1 stale IDs (frame 4400)
[Prune] Removed 2 stale IDs (frame 4600)
[WS] Client disconnected (2 total)
[Prune] Removed 3 stale IDs (frame 4700)
[WS] Client connected (3 total)
[Prune] Removed 1 stale IDs (frame 4800)
[Evidence] Saved evidence/1776457377_270s.jpg (167406 bytes, sha256:c033d36d87d27...)
[Prune] Removed 2 stale IDs (frame 4900)
[Prune] Removed 2 stale IDs (frame 5000)
[Prune] Removed 3 stale IDs (frame 5100)
[Prune] Removed 1 stale IDs (frame 5200)
[Prune] Removed 3 stale IDs (frame 5300)
[Prune] Removed 1 stale IDs (frame 5400)
[Evidence] Saved evidence/1776457377_final.jpg (167054 bytes, sha256:6d561449e9fc7...)
[Evidence] Saved evidence/1776457377_final.jpg (166705 bytes, sha256:c23077e471361...)
[Evidence] Saved evidence/1776457377_final.jpg (166726 bytes, sha256:b61b1082ce735...)
[STATE] idle — round 22 complete: 50 vehicles
[Prune] Removed 2 stale IDs (frame 5500)
[Prune] Removed 2 stale IDs (frame 5600)
[Prune] Removed 1 stale IDs (frame 5700)
[Prune] Removed 3 stale IDs (frame 5800)
[Prune] Removed 2 stale IDs (frame 5900)
[WS] Client disconnected (2 total)
[Prune] Removed 1 stale IDs (frame 6000)
[2026-04-17 17:28:27] No round_complete via WS — reading result.json fallback
[2026-04-17 17:28:27] Count complete: 50 vehicles (in=32 out=18)
[WS] Client connected (3 total)
[2026-04-17 17:28:29] Pool check OK: total=0.0020 ETH, under=0.0010, over=0.0010
[2026-04-17 17:28:29] Market resolved: 50 vehicles → Under 53 wins
[Prune] Removed 2 stale IDs (frame 6100)
[2026-04-17 17:28:29] resolveMarket tx sent: 657d5aee44ae40900dfa360c612e4c2a703e31fdafa98f2f124e34c1c5c5f251
[2026-04-17 17:28:29] resolveMarket confirmed (tx: 657d5aee44ae40900dfa360c612e4c2a703e31fdafa98f2f124e34c1c5c5f251)
[2026-04-17 17:28:30] Ably publish OK: market_resolved
[WS] Client connected (4 total)
[2026-04-17 17:28:33] Winnings distributed: 0x5c8e213DBCBcAA24A04EEb154b1Adbd39FFC99a8 (tx: bee457fc0ce97cd21a5b52fc39216eaf873a3f76cb8ce8b4570dc3534d58a39a)
[2026-04-17 17:28:33] Auto-distributed winnings (tx: bee457fc0ce97cd21a5b52fc39216eaf873a3f76cb8ce8b4570dc3534d58a39a)
[2026-04-17 17:28:33] Ably publish OK: winnings_distributed
[2026-04-17 17:28:33] Ledger POST OK: {"ok":true}
[2026-04-17 17:28:33] New threshold: 55 (avg of [61, 50])
[2026-04-17 17:28:33] Waiting 15s before Round #23...
[WS] Client connected (5 total)
[WS] Client connected (6 total)
[Prune] Removed 9 stale IDs (frame 6200)
[WS] Client disconnected (4 total)
connection handler failed
Traceback (most recent call last):
  File "/home/lumen/miniconda3/lib/python3.13/asyncio/selector_events.py", line 1067, in write
    n = self._sock.send(data)
BrokenPipeError: [Errno 32] Broken pipe

The above exception was the direct cause of the following exception:

Traceback (most recent call last):
  File "/home/lumen/miniconda3/lib/python3.13/site-packages/websockets/asyncio/server.py", line 376, in conn_handler
    await self.handler(connection)
  File "/home/lumen/.gemini/antigravity/scratch/rush/oracle/stream_server.py", line 1261, in handler
    async for msg in ws:
    ...<37 lines>...
            pass
  File "/home/lumen/miniconda3/lib/python3.13/site-packages/websockets/asyncio/connection.py", line 242, in __aiter__
    yield await self.recv()
          ^^^^^^^^^^^^^^^^^
  File "/home/lumen/miniconda3/lib/python3.13/site-packages/websockets/asyncio/connection.py", line 322, in recv
    raise self.protocol.close_exc from self.recv_exc
websockets.exceptions.ConnectionClosedError: no close frame received or sent
[WS] Client disconnected (3 total)
connection handler failed
Traceback (most recent call last):
  File "/home/lumen/miniconda3/lib/python3.13/asyncio/selector_events.py", line 1067, in write
    n = self._sock.send(data)
BrokenPipeError: [Errno 32] Broken pipe

The above exception was the direct cause of the following exception:

Traceback (most recent call last):
  File "/home/lumen/miniconda3/lib/python3.13/site-packages/websockets/asyncio/server.py", line 376, in conn_handler
    await self.handler(connection)
  File "/home/lumen/.gemini/antigravity/scratch/rush/oracle/stream_server.py", line 1261, in handler
    async for msg in ws:
    ...<37 lines>...
            pass
  File "/home/lumen/miniconda3/lib/python3.13/site-packages/websockets/asyncio/connection.py", line 242, in __aiter__
    yield await self.recv()
          ^^^^^^^^^^^^^^^^^
  File "/home/lumen/miniconda3/lib/python3.13/site-packages/websockets/asyncio/connection.py", line 322, in recv
    raise self.protocol.close_exc from self.recv_exc
websockets.exceptions.ConnectionClosedError: no close frame received or sent
[Prune] Removed 4 stale IDs (frame 6300)
[WS] Client disconnected (3 total)
connection handler failed
Traceback (most recent call last):
  File "/home/lumen/miniconda3/lib/python3.13/asyncio/selector_events.py", line 1005, in _read_ready__data_received
    data = self._sock.recv(self.max_size)
ConnectionResetError: [Errno 104] Connection reset by peer

The above exception was the direct cause of the following exception:

Traceback (most recent call last):
  File "/home/lumen/miniconda3/lib/python3.13/site-packages/websockets/asyncio/server.py", line 376, in conn_handler
    await self.handler(connection)
  File "/home/lumen/.gemini/antigravity/scratch/rush/oracle/stream_server.py", line 1261, in handler
    async for msg in ws:
    ...<37 lines>...
            pass
  File "/home/lumen/miniconda3/lib/python3.13/site-packages/websockets/asyncio/connection.py", line 242, in __aiter__
    yield await self.recv()
          ^^^^^^^^^^^^^^^^^
  File "/home/lumen/miniconda3/lib/python3.13/site-packages/websockets/asyncio/connection.py", line 322, in recv
    raise self.protocol.close_exc from self.recv_exc
websockets.exceptions.ConnectionClosedError: no close frame received or sent
[WS] Client disconnected (2 total)
[Prune] Removed 3 stale IDs (frame 6400)
[2026-04-17 17:28:48] Round #23 | Peace Bridge — USA/Canada Border | threshold=55
[2026-04-17 17:28:49] createMarket tx sent: 412fc80bfe9ab216ab03a610f35bd5c6395df8029244a06f8fc09512d74d93fe
[2026-04-17 17:28:49] Market created: 0x85a006dC802464D87C281b28F26d58F2acc40E31 (tx: 412fc80bfe9ab216ab03a610f35bd5c6395df8029244a06f8fc09512d74d93fe)
[WS] Client connected (3 total)
[2026-04-17 17:28:50] Ably publish OK: market_created
[2026-04-17 17:28:50] Counting vehicles for 150s...
[STATE] betting — market=0x85a006dC... bet=150s count=150s round=23
[LineZone] (307,432) -> (960,432)
[Counter] Line: (579, 10) -> (701, 710)
[2026-04-17 17:28:50] [StreamClient] Round 23 started on stream_server
[Prune] Removed 3 stale IDs (frame 200)
[Prune] Removed 1 stale IDs (frame 300)
[Prune] Removed 1 stale IDs (frame 400)
[Prune] Removed 1 stale IDs (frame 500)
[Evidence] Saved evidence/1776457730_30s.jpg (174299 bytes, sha256:70ec6aa1d5981...)
[Prune] Removed 3 stale IDs (frame 800)
[Prune] Removed 1 stale IDs (frame 900)
[Prune] Removed 1 stale IDs (frame 1100)
[Prune] Removed 3 stale IDs (frame 1200)
[Evidence] Saved evidence/1776457730_60s.jpg (147804 bytes, sha256:f29a1321ebc2c...)
[Prune] Removed 4 stale IDs (frame 1300)
[Prune] Removed 4 stale IDs (frame 1400)
[Prune] Removed 2 stale IDs (frame 1500)
[WS] Client disconnected (2 total)
[Prune] Removed 1 stale IDs (frame 1600)
[WS] Client connected (3 total)
[Prune] Removed 1 stale IDs (frame 1800)
[Evidence] Saved evidence/1776457730_90s.jpg (156993 bytes, sha256:05725b1d65194...)
[Prune] Removed 3 stale IDs (frame 2100)
[Prune] Removed 1 stale IDs (frame 2200)
[Prune] Removed 5 stale IDs (frame 2300)
[Prune] Removed 4 stale IDs (frame 2400)
[Evidence] Saved evidence/1776457730_120s.jpg (156348 bytes, sha256:7a69c1365c278...)
[Prune] Removed 1 stale IDs (frame 2500)
[Prune] Removed 1 stale IDs (frame 2600)
[Prune] Removed 8 stale IDs (frame 3000)
[Prune] Removed 7 stale IDs (frame 3100)
[STATE] counting — market=0x85a006dC... duration=150s round=23
[Evidence] Saved evidence/1776457730_150s.jpg (153881 bytes, sha256:e4e37612d9a08...)
[Prune] Removed 8 stale IDs (frame 3200)
[Prune] Removed 6 stale IDs (frame 3300)
[Prune] Removed 2 stale IDs (frame 3400)
[Prune] Removed 1 stale IDs (frame 3500)
[Prune] Removed 5 stale IDs (frame 3600)
[Prune] Removed 17 stale IDs (frame 3700)
[Evidence] Saved evidence/1776457730_180s.jpg (153522 bytes, sha256:1f2414bdbbe94...)
[Prune] Removed 6 stale IDs (frame 3800)
[Prune] Removed 1 stale IDs (frame 3900)
[Prune] Removed 2 stale IDs (frame 4000)
[Prune] Removed 5 stale IDs (frame 4300)
[Evidence] Saved evidence/1776457730_210s.jpg (155840 bytes, sha256:31f89c42df5cf...)
[Prune] Removed 3 stale IDs (frame 4500)
[Prune] Removed 3 stale IDs (frame 4600)
[WS] Client disconnected (2 total)
[Prune] Removed 3 stale IDs (frame 4700)
[Prune] Removed 2 stale IDs (frame 4800)
[WS] Client connected (3 total)
[Prune] Removed 2 stale IDs (frame 4900)
[Prune] Removed 1 stale IDs (frame 5000)
[Evidence] Saved evidence/1776457730_240s.jpg (154359 bytes, sha256:9bb949873d7e1...)
[Prune] Removed 8 stale IDs (frame 5100)
[WS] Client disconnected (2 total)
connection handler failed
Traceback (most recent call last):
  File "/home/lumen/miniconda3/lib/python3.13/site-packages/websockets/asyncio/server.py", line 376, in conn_handler
    await self.handler(connection)
  File "/home/lumen/.gemini/antigravity/scratch/rush/oracle/stream_server.py", line 1261, in handler
    async for msg in ws:
    ...<37 lines>...
            pass
  File "/home/lumen/miniconda3/lib/python3.13/site-packages/websockets/asyncio/connection.py", line 242, in __aiter__
    yield await self.recv()
          ^^^^^^^^^^^^^^^^^
  File "/home/lumen/miniconda3/lib/python3.13/site-packages/websockets/asyncio/connection.py", line 322, in recv
    raise self.protocol.close_exc from self.recv_exc
websockets.exceptions.ConnectionClosedError: no close frame received or sent
[Prune] Removed 6 stale IDs (frame 5200)
[WS] Client connected (3 total)
[Prune] Removed 4 stale IDs (frame 5300)
[Prune] Removed 3 stale IDs (frame 5400)
[Prune] Removed 1 stale IDs (frame 5500)
[Prune] Removed 1 stale IDs (frame 5600)
[Evidence] Saved evidence/1776457730_270s.jpg (158405 bytes, sha256:b27c0318809ce...)
[Prune] Removed 5 stale IDs (frame 5700)
[WS] Client disconnected (2 total)
connection handler failed
Traceback (most recent call last):
  File "/home/lumen/miniconda3/lib/python3.13/asyncio/selector_events.py", line 1067, in write
    n = self._sock.send(data)
BrokenPipeError: [Errno 32] Broken pipe

The above exception was the direct cause of the following exception:

Traceback (most recent call last):
  File "/home/lumen/miniconda3/lib/python3.13/site-packages/websockets/asyncio/server.py", line 376, in conn_handler
    await self.handler(connection)
  File "/home/lumen/.gemini/antigravity/scratch/rush/oracle/stream_server.py", line 1261, in handler
    async for msg in ws:
    ...<37 lines>...
            pass
  File "/home/lumen/miniconda3/lib/python3.13/site-packages/websockets/asyncio/connection.py", line 242, in __aiter__
    yield await self.recv()
          ^^^^^^^^^^^^^^^^^
  File "/home/lumen/miniconda3/lib/python3.13/site-packages/websockets/asyncio/connection.py", line 322, in recv
    raise self.protocol.close_exc from self.recv_exc
websockets.exceptions.ConnectionClosedError: no close frame received or sent
[Prune] Removed 2 stale IDs (frame 5800)
[WS] Client connected (3 total)
[Prune] Removed 2 stale IDs (frame 5900)
[Prune] Removed 1 stale IDs (frame 6000)
[Prune] Removed 1 stale IDs (frame 6200)
[Evidence] Saved evidence/1776457730_final.jpg (167441 bytes, sha256:20f79095ebaed...)
[Evidence] Saved evidence/1776457730_final.jpg (167576 bytes, sha256:20dd8c73b46a5...)
[Evidence] Saved evidence/1776457730_final.jpg (167122 bytes, sha256:86541d7814be5...)
[STATE] idle — round 23 complete: 48 vehicles
[Prune] Removed 1 stale IDs (frame 6300)
[Prune] Removed 1 stale IDs (frame 6400)
[WS] Client disconnected (2 total)
connection handler failed
Traceback (most recent call last):
  File "/home/lumen/miniconda3/lib/python3.13/asyncio/selector_events.py", line 1005, in _read_ready__data_received
    data = self._sock.recv(self.max_size)
ConnectionResetError: [Errno 104] Connection reset by peer

The above exception was the direct cause of the following exception:

Traceback (most recent call last):
  File "/home/lumen/miniconda3/lib/python3.13/site-packages/websockets/asyncio/server.py", line 376, in conn_handler
    await self.handler(connection)
  File "/home/lumen/.gemini/antigravity/scratch/rush/oracle/stream_server.py", line 1261, in handler
    async for msg in ws:
    ...<37 lines>...
            pass
  File "/home/lumen/miniconda3/lib/python3.13/site-packages/websockets/asyncio/connection.py", line 242, in __aiter__
    yield await self.recv()
          ^^^^^^^^^^^^^^^^^
  File "/home/lumen/miniconda3/lib/python3.13/site-packages/websockets/asyncio/connection.py", line 322, in recv
    raise self.protocol.close_exc from self.recv_exc
websockets.exceptions.ConnectionClosedError: no close frame received or sent
[Prune] Removed 1 stale IDs (frame 6500)
[WS] Client connected (3 total)
[Prune] Removed 1 stale IDs (frame 6700)
[2026-04-17 17:34:20] No round_complete via WS — reading result.json fallback
[2026-04-17 17:34:20] Count complete: 48 vehicles (in=22 out=26)
[2026-04-17 17:34:22] Pool check OK: total=0.0030 ETH, under=0.0020, over=0.0010
[2026-04-17 17:34:22] Market resolved: 48 vehicles → Under 55 wins
[2026-04-17 17:34:22] resolveMarket tx sent: fd37f945e97aa91bf77bfb0f10dbeec0eaf267a4b9f2262d9203724066819543
[Prune] Removed 4 stale IDs (frame 6900)
[2026-04-17 17:34:25] resolveMarket confirmed (tx: fd37f945e97aa91bf77bfb0f10dbeec0eaf267a4b9f2262d9203724066819543)
[2026-04-17 17:34:25] Ably publish OK: market_resolved
[2026-04-17 17:34:26] Winnings distributed: 0x85a006dC802464D87C281b28F26d58F2acc40E31 (tx: 356db386ed4fba6fb2b2bf46a60e9945ca7b048fe07c54b6afdbfc5ddd58d71c)
[2026-04-17 17:34:26] Auto-distributed winnings (tx: 356db386ed4fba6fb2b2bf46a60e9945ca7b048fe07c54b6afdbfc5ddd58d71c)
[2026-04-17 17:34:26] Ably publish OK: winnings_distributed
[2026-04-17 17:34:26] Ledger POST failed (non-fatal): HTTP Error 400: Bad Request
[2026-04-17 17:34:26] New threshold: 49 (avg of [50, 48])
[2026-04-17 17:34:26] Waiting 15s before Round #24...
[Prune] Removed 5 stale IDs (frame 7000)
[Prune] Removed 3 stale IDs (frame 7100)
[Prune] Removed 2 stale IDs (frame 7200)
[2026-04-17 17:34:41] Round #24 | Peace Bridge — USA/Canada Border | threshold=49
[2026-04-17 17:34:42] createMarket tx sent: 536f085211afae2ff4e3d5bfd7d8de83fc93d31e9b2ed0652672de5e5194d6fd
[2026-04-17 17:34:45] Market created: 0xD84B063E18d58c37280588fCAdCA2E6f2B1C92CA (tx: 536f085211afae2ff4e3d5bfd7d8de83fc93d31e9b2ed0652672de5e5194d6fd)
[2026-04-17 17:34:45] Ably publish OK: market_created
[2026-04-17 17:34:45] Counting vehicles for 150s...
[Prune] Removed 5 stale IDs (frame 7300)
[STATE] betting — market=0xD84B063E... bet=150s count=150s round=24
[LineZone] (307,432) -> (960,432)
[Counter] Line: (579, 10) -> (701, 710)
[2026-04-17 17:34:45] [StreamClient] Round 24 started on stream_server
[Prune] Removed 1 stale IDs (frame 500)
[Evidence] Saved evidence/1776458085_30s.jpg (171286 bytes, sha256:8f47e720225d4...)
[Prune] Removed 1 stale IDs (frame 700)
[Prune] Removed 1 stale IDs (frame 900)
[Prune] Removed 1 stale IDs (frame 1100)
[Evidence] Saved evidence/1776458085_60s.jpg (175547 bytes, sha256:56302da26590e...)
[Prune] Removed 1 stale IDs (frame 1200)
[Prune] Removed 1 stale IDs (frame 1300)
[Prune] Removed 3 stale IDs (frame 1400)
[Prune] Removed 5 stale IDs (frame 1500)
[Prune] Removed 5 stale IDs (frame 1600)
[Prune] Removed 2 stale IDs (frame 1700)
[Evidence] Saved evidence/1776458085_90s.jpg (161865 bytes, sha256:119dbc850e71e...)
[Prune] Removed 2 stale IDs (frame 1800)
[Prune] Removed 3 stale IDs (frame 2100)
[Prune] Removed 2 stale IDs (frame 2200)
[Prune] Removed 2 stale IDs (frame 2300)
[Evidence] Saved evidence/1776458085_120s.jpg (156016 bytes, sha256:0e1f7f37d92c5...)
[Prune] Removed 1 stale IDs (frame 2400)
[Prune] Removed 2 stale IDs (frame 2500)
[Prune] Removed 3 stale IDs (frame 2600)
[Prune] Removed 3 stale IDs (frame 2800)
[STATE] counting — market=0xD84B063E... duration=150s round=24
[Evidence] Saved evidence/1776458085_150s.jpg (171711 bytes, sha256:166804f3453f8...)
[Prune] Removed 5 stale IDs (frame 2900)
[Prune] Removed 9 stale IDs (frame 3000)
[WS] Client disconnected (2 total)
connection handler failed
Traceback (most recent call last):
  File "/home/lumen/miniconda3/lib/python3.13/site-packages/websockets/asyncio/server.py", line 376, in conn_handler
    await self.handler(connection)
  File "/home/lumen/.gemini/antigravity/scratch/rush/oracle/stream_server.py", line 1261, in handler
    async for msg in ws:
    ...<37 lines>...
            pass
  File "/home/lumen/miniconda3/lib/python3.13/site-packages/websockets/asyncio/connection.py", line 242, in __aiter__
    yield await self.recv()
          ^^^^^^^^^^^^^^^^^
  File "/home/lumen/miniconda3/lib/python3.13/site-packages/websockets/asyncio/connection.py", line 322, in recv
    raise self.protocol.close_exc from self.recv_exc
websockets.exceptions.ConnectionClosedError: sent 1011 (internal error) keepalive ping timeout; no close frame received
[Prune] Removed 1 stale IDs (frame 3100)
[Prune] Removed 3 stale IDs (frame 3200)
[Prune] Removed 7 stale IDs (frame 3300)
[Prune] Removed 2 stale IDs (frame 3400)
[Evidence] Saved evidence/1776458085_180s.jpg (171697 bytes, sha256:5cba5f542c049...)
[Prune] Removed 3 stale IDs (frame 3500)
[Prune] Removed 4 stale IDs (frame 3600)
[Prune] Removed 1 stale IDs (frame 3700)
[Prune] Removed 4 stale IDs (frame 3800)
[WS] Client connected (3 total)
[Prune] Removed 9 stale IDs (frame 3900)
[WS] Client disconnected (2 total)
[Prune] Removed 2 stale IDs (frame 4000)
[Evidence] Saved evidence/1776458085_210s.jpg (164938 bytes, sha256:25408d26cdf01...)
[Prune] Removed 1 stale IDs (frame 4200)
[Prune] Removed 1 stale IDs (frame 4300)
[Prune] Removed 1 stale IDs (frame 4400)
[Evidence] Saved evidence/1776458085_240s.jpg (160973 bytes, sha256:0d633ac204c9b...)
[Prune] Removed 3 stale IDs (frame 4600)
[Prune] Removed 3 stale IDs (frame 4800)
[Prune] Removed 3 stale IDs (frame 5000)
[Prune] Removed 6 stale IDs (frame 5100)
[Evidence] Saved evidence/1776458085_270s.jpg (154498 bytes, sha256:d6a0ae6e48755...)
[Prune] Removed 1 stale IDs (frame 5200)
[Prune] Removed 2 stale IDs (frame 5300)
[Prune] Removed 1 stale IDs (frame 5400)
[WS] Client connected (3 total)
[Prune] Removed 4 stale IDs (frame 5600)
[Evidence] Saved evidence/1776458085_final.jpg (161387 bytes, sha256:ed039bdbbd646...)
[Evidence] Saved evidence/1776458085_final.jpg (161270 bytes, sha256:b3e36405c8b22...)
[Evidence] Saved evidence/1776458085_final.jpg (161103 bytes, sha256:037679a7ede08...)
[STATE] idle — round 24 complete: 41 vehicles
[Prune] Removed 9 stale IDs (frame 5700)
[Prune] Removed 3 stale IDs (frame 5800)
[Prune] Removed 2 stale IDs (frame 5900)
[Prune] Removed 1 stale IDs (frame 6000)
[Prune] Removed 1 stale IDs (frame 6100)
[WS] Client disconnected (2 total)
[Prune] Removed 1 stale IDs (frame 6200)
[WS] Client connected (3 total)
[2026-04-17 17:40:15] No round_complete via WS — reading result.json fallback
[2026-04-17 17:40:15] Count complete: 41 vehicles (in=25 out=16)
[Prune] Removed 2 stale IDs (frame 6300)
[2026-04-17 17:40:17] Pool check OK: total=0.0020 ETH, under=0.0010, over=0.0010
[2026-04-17 17:40:17] Market resolved: 41 vehicles → Under 49 wins
[2026-04-17 17:40:18] resolveMarket tx sent: 8b570d23f3ebb262b933705495a2d2144ae4542b7b270e656ac49ee326bcc914
[2026-04-17 17:40:18] resolveMarket confirmed (tx: 8b570d23f3ebb262b933705495a2d2144ae4542b7b270e656ac49ee326bcc914)
[2026-04-17 17:40:18] Ably publish OK: market_resolved
[2026-04-17 17:40:21] Winnings distributed: 0xD84B063E18d58c37280588fCAdCA2E6f2B1C92CA (tx: 8e3866f9cd480584b8a7973c2013956d9a8a210ea162eb73eb38e996b90760ba)
[2026-04-17 17:40:21] Auto-distributed winnings (tx: 8e3866f9cd480584b8a7973c2013956d9a8a210ea162eb73eb38e996b90760ba)
[2026-04-17 17:40:21] Ably publish OK: winnings_distributed
[Prune] Removed 1 stale IDs (frame 6400)
[2026-04-17 17:40:21] Ledger POST failed (non-fatal): HTTP Error 400: Bad Request
[2026-04-17 17:40:21] New threshold: 44 (avg of [48, 41])
[2026-04-17 17:40:21] Waiting 15s before Round #25...
[Prune] Removed 1 stale IDs (frame 6600)
[2026-04-17 17:40:36] Round #25 | Peace Bridge — USA/Canada Border | threshold=44
[2026-04-17 17:40:37] createMarket tx sent: bc6d74511f01e40e71b41481ff5d75790b5cf3b3f11f6740c55c1d83ed5fc1e8
[Prune] Removed 1 stale IDs (frame 6700)
[2026-04-17 17:40:40] Market created: 0x15a42b3a61B75595675D1C96747FECCf5A1DF288 (tx: bc6d74511f01e40e71b41481ff5d75790b5cf3b3f11f6740c55c1d83ed5fc1e8)
[2026-04-17 17:40:41] Ably publish OK: market_created
[2026-04-17 17:40:41] Counting vehicles for 150s...
[STATE] betting — market=0x15a42b3a... bet=150s count=150s round=25
[LineZone] (307,432) -> (960,432)
[Counter] Line: (579, 10) -> (701, 710)
[2026-04-17 17:40:41] [StreamClient] Round 25 started on stream_server
[Prune] Removed 3 stale IDs (frame 200)
[WS] Client disconnected (2 total)
connection handler failed
Traceback (most recent call last):
  File "/home/lumen/miniconda3/lib/python3.13/asyncio/selector_events.py", line 1067, in write
    n = self._sock.send(data)
BrokenPipeError: [Errno 32] Broken pipe

The above exception was the direct cause of the following exception:

Traceback (most recent call last):
  File "/home/lumen/miniconda3/lib/python3.13/site-packages/websockets/asyncio/server.py", line 376, in conn_handler
    await self.handler(connection)
  File "/home/lumen/.gemini/antigravity/scratch/rush/oracle/stream_server.py", line 1261, in handler
    async for msg in ws:
    ...<37 lines>...
            pass
  File "/home/lumen/miniconda3/lib/python3.13/site-packages/websockets/asyncio/connection.py", line 242, in __aiter__
    yield await self.recv()
          ^^^^^^^^^^^^^^^^^
  File "/home/lumen/miniconda3/lib/python3.13/site-packages/websockets/asyncio/connection.py", line 322, in recv
    raise self.protocol.close_exc from self.recv_exc
websockets.exceptions.ConnectionClosedError: no close frame received or sent
[WS] Client connected (3 total)
[Prune] Removed 1 stale IDs (frame 400)
[Evidence] Saved evidence/1776458441_30s.jpg (184329 bytes, sha256:12c5d72b234ac...)
[Prune] Removed 2 stale IDs (frame 600)
[Evidence] Saved evidence/1776458441_60s.jpg (179252 bytes, sha256:84f9635e952da...)
[WS] Client disconnected (2 total)
[WS] Client connected (3 total)
[Prune] Removed 1 stale IDs (frame 1600)
[Evidence] Saved evidence/1776458441_90s.jpg (154500 bytes, sha256:17db45bc17a64...)
[Prune] Removed 1 stale IDs (frame 1700)
[WS] Client disconnected (2 total)
[Prune] Removed 1 stale IDs (frame 1800)
[WS] Client connected (3 total)
[WS] Client connected (4 total)
[Prune] Removed 2 stale IDs (frame 1900)
[WS] Client disconnected (3 total)
connection handler failed
Traceback (most recent call last):
  File "/home/lumen/miniconda3/lib/python3.13/asyncio/selector_events.py", line 1067, in write
    n = self._sock.send(data)
BrokenPipeError: [Errno 32] Broken pipe

The above exception was the direct cause of the following exception:

Traceback (most recent call last):
  File "/home/lumen/miniconda3/lib/python3.13/site-packages/websockets/asyncio/server.py", line 376, in conn_handler
    await self.handler(connection)
  File "/home/lumen/.gemini/antigravity/scratch/rush/oracle/stream_server.py", line 1261, in handler
    async for msg in ws:
    ...<37 lines>...
            pass
  File "/home/lumen/miniconda3/lib/python3.13/site-packages/websockets/asyncio/connection.py", line 242, in __aiter__
    yield await self.recv()
          ^^^^^^^^^^^^^^^^^
  File "/home/lumen/miniconda3/lib/python3.13/site-packages/websockets/asyncio/connection.py", line 322, in recv
    raise self.protocol.close_exc from self.recv_exc
websockets.exceptions.ConnectionClosedError: no close frame received or sent
[Evidence] Saved evidence/1776458441_120s.jpg (172733 bytes, sha256:828b424eca50e...)
[Prune] Removed 1 stale IDs (frame 2300)
[Prune] Removed 2 stale IDs (frame 2400)
[Prune] Removed 3 stale IDs (frame 2500)
[STATE] counting — market=0x15a42b3a... duration=150s round=25
[Evidence] Saved evidence/1776458441_150s.jpg (177810 bytes, sha256:5dff183043182...)
[Prune] Removed 1 stale IDs (frame 2600)
[Prune] Removed 2 stale IDs (frame 2700)
[WS] Client disconnected (2 total)
[Prune] Removed 1 stale IDs (frame 2800)
[WS] Client connected (3 total)
[Prune] Removed 2 stale IDs (frame 2900)
[Prune] Removed 5 stale IDs (frame 3000)
[Evidence] Saved evidence/1776458441_180s.jpg (157786 bytes, sha256:c21d3d025f55f...)
[Prune] Removed 2 stale IDs (frame 3100)
[Prune] Removed 1 stale IDs (frame 3200)
[WS] Client disconnected (2 total)
connection handler failed
Traceback (most recent call last):
  File "/home/lumen/miniconda3/lib/python3.13/asyncio/selector_events.py", line 1067, in write
    n = self._sock.send(data)
BrokenPipeError: [Errno 32] Broken pipe

The above exception was the direct cause of the following exception:

Traceback (most recent call last):
  File "/home/lumen/miniconda3/lib/python3.13/site-packages/websockets/asyncio/server.py", line 376, in conn_handler
    await self.handler(connection)
  File "/home/lumen/.gemini/antigravity/scratch/rush/oracle/stream_server.py", line 1261, in handler
    async for msg in ws:
    ...<37 lines>...
            pass
  File "/home/lumen/miniconda3/lib/python3.13/site-packages/websockets/asyncio/connection.py", line 242, in __aiter__
    yield await self.recv()
          ^^^^^^^^^^^^^^^^^
  File "/home/lumen/miniconda3/lib/python3.13/site-packages/websockets/asyncio/connection.py", line 322, in recv
    raise self.protocol.close_exc from self.recv_exc
websockets.exceptions.ConnectionClosedError: no close frame received or sent
[Prune] Removed 1 stale IDs (frame 3300)
[WS] Client connected (3 total)
[Prune] Removed 1 stale IDs (frame 3400)
[Prune] Removed 4 stale IDs (frame 3500)
[Prune] Removed 1 stale IDs (frame 3600)
[Evidence] Saved evidence/1776458441_210s.jpg (173619 bytes, sha256:aeab89ddf8919...)
[Prune] Removed 4 stale IDs (frame 3700)
[WS] Client disconnected (2 total)
[Prune] Removed 1 stale IDs (frame 3900)
[WS] Client connected (3 total)
[Prune] Removed 2 stale IDs (frame 4000)
[Prune] Removed 2 stale IDs (frame 4100)
[Prune] Removed 1 stale IDs (frame 4200)
[Evidence] Saved evidence/1776458441_240s.jpg (182019 bytes, sha256:2c2e6d554be85...)
[Prune] Removed 1 stale IDs (frame 4500)
[WS] Client disconnected (2 total)
connection handler failed
Traceback (most recent call last):
  File "/home/lumen/miniconda3/lib/python3.13/asyncio/selector_events.py", line 1067, in write
    n = self._sock.send(data)
ConnectionResetError: [Errno 104] Connection reset by peer

The above exception was the direct cause of the following exception:

Traceback (most recent call last):
  File "/home/lumen/miniconda3/lib/python3.13/site-packages/websockets/asyncio/server.py", line 376, in conn_handler
    await self.handler(connection)
  File "/home/lumen/.gemini/antigravity/scratch/rush/oracle/stream_server.py", line 1261, in handler
    async for msg in ws:
    ...<37 lines>...
            pass
  File "/home/lumen/miniconda3/lib/python3.13/site-packages/websockets/asyncio/connection.py", line 242, in __aiter__
    yield await self.recv()
          ^^^^^^^^^^^^^^^^^
  File "/home/lumen/miniconda3/lib/python3.13/site-packages/websockets/asyncio/connection.py", line 322, in recv
    raise self.protocol.close_exc from self.recv_exc
websockets.exceptions.ConnectionClosedError: no close frame received or sent
[WS] Client connected (3 total)
[Prune] Removed 2 stale IDs (frame 4700)
[Evidence] Saved evidence/1776458441_270s.jpg (161411 bytes, sha256:71ec1b44df60a...)
[Prune] Removed 5 stale IDs (frame 4900)
[Prune] Removed 4 stale IDs (frame 5000)
[Prune] Removed 6 stale IDs (frame 5100)
[Prune] Removed 9 stale IDs (frame 5200)
[Prune] Removed 7 stale IDs (frame 5300)
[Evidence] Saved evidence/1776458441_final.jpg (146902 bytes, sha256:f18332eba0dd8...)
[Evidence] Saved evidence/1776458441_final.jpg (146389 bytes, sha256:55801a58d8aa1...)
[Evidence] Saved evidence/1776458441_final.jpg (146446 bytes, sha256:87c70ad24a207...)
[STATE] idle — round 25 complete: 30 vehicles
[Prune] Removed 2 stale IDs (frame 5400)
[WS] Client disconnected (2 total)
[Prune] Removed 1 stale IDs (frame 5500)
[WS] Client disconnected (1 total)
connection handler failed
Traceback (most recent call last):
  File "/home/lumen/miniconda3/lib/python3.13/asyncio/selector_events.py", line 1067, in write
    n = self._sock.send(data)
BrokenPipeError: [Errno 32] Broken pipe

The above exception was the direct cause of the following exception:

Traceback (most recent call last):
  File "/home/lumen/miniconda3/lib/python3.13/site-packages/websockets/asyncio/server.py", line 376, in conn_handler
    await self.handler(connection)
  File "/home/lumen/.gemini/antigravity/scratch/rush/oracle/stream_server.py", line 1261, in handler
    async for msg in ws:
    ...<37 lines>...
            pass
  File "/home/lumen/miniconda3/lib/python3.13/site-packages/websockets/asyncio/connection.py", line 242, in __aiter__
    yield await self.recv()
          ^^^^^^^^^^^^^^^^^
  File "/home/lumen/miniconda3/lib/python3.13/site-packages/websockets/asyncio/connection.py", line 322, in recv
    raise self.protocol.close_exc from self.recv_exc
websockets.exceptions.ConnectionClosedError: no close frame received or sent
[WS] Client connected (2 total)
[WS] Client connected (3 total)
[Prune] Removed 1 stale IDs (frame 5700)
[Prune] Removed 1 stale IDs (frame 5800)
[Prune] Removed 3 stale IDs (frame 5900)
[2026-04-17 17:46:11] No round_complete via WS — reading result.json fallback
[2026-04-17 17:46:11] Count complete: 30 vehicles (in=18 out=12)
[2026-04-17 17:46:12] Pool check OK: total=0.0030 ETH, under=0.0020, over=0.0010
[2026-04-17 17:46:12] Market resolved: 30 vehicles → Under 44 wins
[WS] Client disconnected (2 total)
connection handler failed
Traceback (most recent call last):
  File "/home/lumen/miniconda3/lib/python3.13/asyncio/selector_events.py", line 1067, in write
    n = self._sock.send(data)
BrokenPipeError: [Errno 32] Broken pipe

The above exception was the direct cause of the following exception:

Traceback (most recent call last):
  File "/home/lumen/miniconda3/lib/python3.13/site-packages/websockets/asyncio/server.py", line 376, in conn_handler
    await self.handler(connection)
  File "/home/lumen/.gemini/antigravity/scratch/rush/oracle/stream_server.py", line 1261, in handler
    async for msg in ws:
    ...<37 lines>...
            pass
  File "/home/lumen/miniconda3/lib/python3.13/site-packages/websockets/asyncio/connection.py", line 242, in __aiter__
    yield await self.recv()
          ^^^^^^^^^^^^^^^^^
  File "/home/lumen/miniconda3/lib/python3.13/site-packages/websockets/asyncio/connection.py", line 322, in recv
    raise self.protocol.close_exc from self.recv_exc
websockets.exceptions.ConnectionClosedError: no close frame received or sent
[2026-04-17 17:46:13] resolveMarket tx sent: c97f53d5825561829a6f9a7cb953ac0743142e1e35196769278cd6ef1d24f12d
[2026-04-17 17:46:13] resolveMarket confirmed (tx: c97f53d5825561829a6f9a7cb953ac0743142e1e35196769278cd6ef1d24f12d)
[2026-04-17 17:46:13] Ably publish OK: market_resolved
[2026-04-17 17:46:14] Winnings distributed: 0x15a42b3a61B75595675D1C96747FECCf5A1DF288 (tx: 22dd5912b79439e55365d21861034c258352a300418a05349a8e7cbaa8bd715f)
[2026-04-17 17:46:14] Auto-distributed winnings (tx: 22dd5912b79439e55365d21861034c258352a300418a05349a8e7cbaa8bd715f)
[2026-04-17 17:46:14] Ably publish OK: winnings_distributed
[2026-04-17 17:46:14] Ledger POST failed (non-fatal): HTTP Error 400: Bad Request
[2026-04-17 17:46:14] New threshold: 35 (avg of [41, 30])
[2026-04-17 17:46:14] Waiting 15s before Round #26...
[Prune] Removed 1 stale IDs (frame 6000)
[Prune] Removed 1 stale IDs (frame 6100)
[WS] Client connected (3 total)
[Prune] Removed 1 stale IDs (frame 6200)
[2026-04-17 17:46:29] Round #26 | Peace Bridge — USA/Canada Border | threshold=35
[2026-04-17 17:46:31] createMarket tx sent: b14b16820305506b0de33d9569ba1be336c034b1621ed43763bd89f964e90456
[2026-04-17 17:46:31] Market created: 0x7Ba33221f4067187dE8B08A25c490EEE6e20730e (tx: b14b16820305506b0de33d9569ba1be336c034b1621ed43763bd89f964e90456)
[2026-04-17 17:46:32] Ably publish OK: market_created
[2026-04-17 17:46:32] Counting vehicles for 150s...
[STATE] betting — market=0x7Ba33221... bet=150s count=150s round=26
[2026-04-17 17:46:32] [StreamClient] Round 26 started on stream_server
[LineZone] (307,432) -> (960,432)
[Counter] Line: (579, 10) -> (701, 710)
[WS] Client disconnected (2 total)
connection handler failed
Traceback (most recent call last):
  File "/home/lumen/miniconda3/lib/python3.13/asyncio/selector_events.py", line 1005, in _read_ready__data_received
    data = self._sock.recv(self.max_size)
ConnectionResetError: [Errno 104] Connection reset by peer

The above exception was the direct cause of the following exception:

Traceback (most recent call last):
  File "/home/lumen/miniconda3/lib/python3.13/site-packages/websockets/asyncio/server.py", line 376, in conn_handler
    await self.handler(connection)
  File "/home/lumen/.gemini/antigravity/scratch/rush/oracle/stream_server.py", line 1261, in handler
    async for msg in ws:
    ...<37 lines>...
            pass
  File "/home/lumen/miniconda3/lib/python3.13/site-packages/websockets/asyncio/connection.py", line 242, in __aiter__
    yield await self.recv()
          ^^^^^^^^^^^^^^^^^
  File "/home/lumen/miniconda3/lib/python3.13/site-packages/websockets/asyncio/connection.py", line 322, in recv
    raise self.protocol.close_exc from self.recv_exc
websockets.exceptions.ConnectionClosedError: no close frame received or sent
[WS] Client connected (3 total)
[Prune] Removed 2 stale IDs (frame 400)
[Prune] Removed 2 stale IDs (frame 500)
[Evidence] Saved evidence/1776458792_30s.jpg (157972 bytes, sha256:40bf60524cf09...)
[Prune] Removed 3 stale IDs (frame 700)
[Prune] Removed 2 stale IDs (frame 800)
[Prune] Removed 1 stale IDs (frame 900)
[WS] Client disconnected (2 total)
[Prune] Removed 3 stale IDs (frame 1000)
[Prune] Removed 3 stale IDs (frame 1100)
[WS] Client connected (3 total)
[Evidence] Saved evidence/1776458792_60s.jpg (151635 bytes, sha256:f0f406a8d75f1...)
[Prune] Removed 3 stale IDs (frame 1200)
[Prune] Removed 2 stale IDs (frame 1300)
[Prune] Removed 2 stale IDs (frame 1400)
[Prune] Removed 1 stale IDs (frame 1600)
[Evidence] Saved evidence/1776458792_90s.jpg (167252 bytes, sha256:36b67c2e78826...)
[Prune] Removed 2 stale IDs (frame 1800)
[Prune] Removed 1 stale IDs (frame 1900)
[Prune] Removed 8 stale IDs (frame 2000)
[Prune] Removed 3 stale IDs (frame 2100)
[Prune] Removed 4 stale IDs (frame 2200)
[Prune] Removed 2 stale IDs (frame 2300)
[Evidence] Saved evidence/1776458792_120s.jpg (167268 bytes, sha256:778d6ae9827ed...)
[Prune] Removed 4 stale IDs (frame 2400)
[Prune] Removed 3 stale IDs (frame 2500)
[Prune] Removed 1 stale IDs (frame 2700)
[Prune] Removed 1 stale IDs (frame 2800)
[Prune] Removed 1 stale IDs (frame 2900)
[STATE] counting — market=0x7Ba33221... duration=150s round=26
[Evidence] Saved evidence/1776458792_150s.jpg (183445 bytes, sha256:c2152b3b03c18...)
[WS] Client disconnected (2 total)
[Prune] Removed 1 stale IDs (frame 3000)
[WS] Client connected (3 total)
[Prune] Removed 1 stale IDs (frame 3100)
[Prune] Removed 4 stale IDs (frame 3200)
[Prune] Removed 1 stale IDs (frame 3300)
[Prune] Removed 4 stale IDs (frame 3400)
[Evidence] Saved evidence/1776458792_180s.jpg (160385 bytes, sha256:d0358b1e24ca5...)
[Prune] Removed 5 stale IDs (frame 3500)
[WS] Client disconnected (2 total)
[Prune] Removed 3 stale IDs (frame 3600)
[WS] Client disconnected (1 total)
[Prune] Removed 1 stale IDs (frame 3700)
[WS] Client connected (2 total)
[WS] Client connected (3 total)
[WS] Client connected (4 total)
[Prune] Removed 1 stale IDs (frame 4000)
[Evidence] Saved evidence/1776458792_210s.jpg (160936 bytes, sha256:5c7304115d3ab...)
[WS] Client disconnected (2 total)
[Prune] Removed 2 stale IDs (frame 4100)
[Prune] Removed 1 stale IDs (frame 4300)
[WS] Client connected (3 total)
[Prune] Removed 2 stale IDs (frame 4500)
[Evidence] Saved evidence/1776458792_240s.jpg (156325 bytes, sha256:a2e09f9ba6616...)
[Prune] Removed 3 stale IDs (frame 4700)
[WS] Client disconnected (2 total)
connection handler failed
Traceback (most recent call last):
  File "/home/lumen/miniconda3/lib/python3.13/asyncio/selector_events.py", line 1067, in write
    n = self._sock.send(data)
BrokenPipeError: [Errno 32] Broken pipe

The above exception was the direct cause of the following exception:

Traceback (most recent call last):
  File "/home/lumen/miniconda3/lib/python3.13/site-packages/websockets/asyncio/server.py", line 376, in conn_handler
    await self.handler(connection)
  File "/home/lumen/.gemini/antigravity/scratch/rush/oracle/stream_server.py", line 1261, in handler
    async for msg in ws:
    ...<37 lines>...
            pass
  File "/home/lumen/miniconda3/lib/python3.13/site-packages/websockets/asyncio/connection.py", line 242, in __aiter__
    yield await self.recv()
          ^^^^^^^^^^^^^^^^^
  File "/home/lumen/miniconda3/lib/python3.13/site-packages/websockets/asyncio/connection.py", line 322, in recv
    raise self.protocol.close_exc from self.recv_exc
websockets.exceptions.ConnectionClosedError: no close frame received or sent
[Prune] Removed 2 stale IDs (frame 4800)
[WS] Client disconnected (2 total)
[Prune] Removed 10 stale IDs (frame 4900)
[Prune] Removed 6 stale IDs (frame 5000)
[WS] Client connected (3 total)
[Prune] Removed 9 stale IDs (frame 5100)
[Prune] Removed 3 stale IDs (frame 5200)
[Evidence] Saved evidence/1776458792_270s.jpg (164045 bytes, sha256:bda6d1b5fb2d2...)
[WS] Client disconnected (2 total)
connection handler failed
Traceback (most recent call last):
  File "/home/lumen/miniconda3/lib/python3.13/asyncio/selector_events.py", line 1005, in _read_ready__data_received
    data = self._sock.recv(self.max_size)
ConnectionResetError: [Errno 104] Connection reset by peer

The above exception was the direct cause of the following exception:

Traceback (most recent call last):
  File "/home/lumen/miniconda3/lib/python3.13/site-packages/websockets/asyncio/server.py", line 376, in conn_handler
    await self.handler(connection)
  File "/home/lumen/.gemini/antigravity/scratch/rush/oracle/stream_server.py", line 1261, in handler
    async for msg in ws:
    ...<37 lines>...
            pass
  File "/home/lumen/miniconda3/lib/python3.13/site-packages/websockets/asyncio/connection.py", line 242, in __aiter__
    yield await self.recv()
          ^^^^^^^^^^^^^^^^^
  File "/home/lumen/miniconda3/lib/python3.13/site-packages/websockets/asyncio/connection.py", line 322, in recv
    raise self.protocol.close_exc from self.recv_exc
websockets.exceptions.ConnectionClosedError: no close frame received or sent
[Prune] Removed 3 stale IDs (frame 5400)
[WS] Client connected (3 total)
[Prune] Removed 1 stale IDs (frame 5500)
[Prune] Removed 3 stale IDs (frame 5700)
[Prune] Removed 1 stale IDs (frame 5800)
[Evidence] Saved evidence/1776458792_final.jpg (162169 bytes, sha256:7d56597cd9ded...)
[Evidence] Saved evidence/1776458792_final.jpg (162147 bytes, sha256:d5845553e10b1...)
[STATE] idle — round 26 complete: 36 vehicles
[WS] Client disconnected (2 total)
connection handler failed
Traceback (most recent call last):
  File "/home/lumen/miniconda3/lib/python3.13/asyncio/selector_events.py", line 1005, in _read_ready__data_received
    data = self._sock.recv(self.max_size)
ConnectionResetError: [Errno 104] Connection reset by peer

The above exception was the direct cause of the following exception:

Traceback (most recent call last):
  File "/home/lumen/miniconda3/lib/python3.13/site-packages/websockets/asyncio/server.py", line 376, in conn_handler
    await self.handler(connection)
  File "/home/lumen/.gemini/antigravity/scratch/rush/oracle/stream_server.py", line 1261, in handler
    async for msg in ws:
    ...<37 lines>...
            pass
  File "/home/lumen/miniconda3/lib/python3.13/site-packages/websockets/asyncio/connection.py", line 242, in __aiter__
    yield await self.recv()
          ^^^^^^^^^^^^^^^^^
  File "/home/lumen/miniconda3/lib/python3.13/site-packages/websockets/asyncio/connection.py", line 322, in recv
    raise self.protocol.close_exc from self.recv_exc
websockets.exceptions.ConnectionClosedError: no close frame received or sent
[WS] Client connected (3 total)
[Prune] Removed 1 stale IDs (frame 6000)
[Prune] Removed 1 stale IDs (frame 6100)
[Prune] Removed 3 stale IDs (frame 6200)
[Prune] Removed 3 stale IDs (frame 6300)
[Prune] Removed 3 stale IDs (frame 6400)
[2026-04-17 17:52:02] No round_complete via WS — reading result.json fallback
[2026-04-17 17:52:02] Count complete: 36 vehicles (in=19 out=17)
[Prune] Removed 5 stale IDs (frame 6500)
[2026-04-17 17:52:03] Pool check OK: total=0.0020 ETH, under=0.0010, over=0.0010
[2026-04-17 17:52:03] Market resolved: 36 vehicles → Over 35 wins
[2026-04-17 17:52:04] resolveMarket tx sent: cc3f6974b8b8e057542471c90c1e144625e36599181eef107a3e7fd318335800
[2026-04-17 17:52:04] resolveMarket confirmed (tx: cc3f6974b8b8e057542471c90c1e144625e36599181eef107a3e7fd318335800)
[2026-04-17 17:52:04] Ably publish OK: market_resolved
[2026-04-17 17:52:05] Winnings distributed: 0x7Ba33221f4067187dE8B08A25c490EEE6e20730e (tx: 8408afea3533d017dee6094a96b2aacd3e7a4806b5590b61e3edc88cf4261ede)
[2026-04-17 17:52:05] Auto-distributed winnings (tx: 8408afea3533d017dee6094a96b2aacd3e7a4806b5590b61e3edc88cf4261ede)
[2026-04-17 17:52:05] Ably publish OK: winnings_distributed
[2026-04-17 17:52:05] Ledger POST failed (non-fatal): HTTP Error 400: Bad Request
[2026-04-17 17:52:05] New threshold: 33 (avg of [30, 36])
[2026-04-17 17:52:05] Waiting 15s before Round #27...
[Prune] Removed 9 stale IDs (frame 6600)
[Prune] Removed 2 stale IDs (frame 6700)
[Prune] Removed 4 stale IDs (frame 6800)
[2026-04-17 17:52:20] Round #27 | Peace Bridge — USA/Canada Border | threshold=33
[2026-04-17 17:52:21] createMarket tx sent: b4919be4d7a440fb2a34c869993cc30407b8d9841d192b42e38068897176119d
[2026-04-17 17:52:24] Market created: 0x5915C805A48072d4369b56191b406EA6820a8157 (tx: b4919be4d7a440fb2a34c869993cc30407b8d9841d192b42e38068897176119d)
[2026-04-17 17:52:24] Ably publish OK: market_created
[2026-04-17 17:52:24] Counting vehicles for 150s...
[STATE] betting — market=0x5915C805... bet=150s count=150s round=27
[LineZone] (307,432) -> (960,432)[2026-04-17 17:52:25] [StreamClient] Round 27 started on stream_server

[Counter] Line: (579, 10) -> (701, 710)
[WS] Client disconnected (2 total)
[WS] Client connected (3 total)
[Prune] Removed 2 stale IDs (frame 200)
[Prune] Removed 2 stale IDs (frame 400)
[Prune] Removed 2 stale IDs (frame 500)
[Evidence] Saved evidence/1776459145_30s.jpg (155884 bytes, sha256:4331dc0068c19...)
[Prune] Removed 1 stale IDs (frame 600)
[Prune] Removed 1 stale IDs (frame 800)
[Evidence] Saved evidence/1776459145_60s.jpg (173987 bytes, sha256:881b073c98e78...)
[Prune] Removed 2 stale IDs (frame 1100)
[Prune] Removed 3 stale IDs (frame 1200)
[Prune] Removed 5 stale IDs (frame 1300)
[Prune] Removed 2 stale IDs (frame 1500)
[WS] Client disconnected (2 total)
connection handler failed
Traceback (most recent call last):
  File "/home/lumen/miniconda3/lib/python3.13/asyncio/selector_events.py", line 1067, in write
    n = self._sock.send(data)
BrokenPipeError: [Errno 32] Broken pipe

The above exception was the direct cause of the following exception:

Traceback (most recent call last):
  File "/home/lumen/miniconda3/lib/python3.13/site-packages/websockets/asyncio/server.py", line 376, in conn_handler
    await self.handler(connection)
  File "/home/lumen/.gemini/antigravity/scratch/rush/oracle/stream_server.py", line 1261, in handler
    async for msg in ws:
    ...<37 lines>...
            pass
  File "/home/lumen/miniconda3/lib/python3.13/site-packages/websockets/asyncio/connection.py", line 242, in __aiter__
    yield await self.recv()
          ^^^^^^^^^^^^^^^^^
  File "/home/lumen/miniconda3/lib/python3.13/site-packages/websockets/asyncio/connection.py", line 322, in recv
    raise self.protocol.close_exc from self.recv_exc
websockets.exceptions.ConnectionClosedError: no close frame received or sent
[Evidence] Saved evidence/1776459145_90s.jpg (155713 bytes, sha256:e8eaff0fa4d4c...)
[Prune] Removed 1 stale IDs (frame 1600)
[WS] Client connected (3 total)
[Prune] Removed 1 stale IDs (frame 1700)
[Prune] Removed 2 stale IDs (frame 1800)
[WS] Client disconnected (2 total)
[Prune] Removed 2 stale IDs (frame 1900)
[WS] Client disconnected (1 total)
connection handler failed
Traceback (most recent call last):
  File "/home/lumen/miniconda3/lib/python3.13/asyncio/selector_events.py", line 1067, in write
    n = self._sock.send(data)
ConnectionResetError: [Errno 104] Connection reset by peer

The above exception was the direct cause of the following exception:

Traceback (most recent call last):
  File "/home/lumen/miniconda3/lib/python3.13/site-packages/websockets/asyncio/server.py", line 376, in conn_handler
    await self.handler(connection)
  File "/home/lumen/.gemini/antigravity/scratch/rush/oracle/stream_server.py", line 1261, in handler
    async for msg in ws:
    ...<37 lines>...
            pass
  File "/home/lumen/miniconda3/lib/python3.13/site-packages/websockets/asyncio/connection.py", line 242, in __aiter__
    yield await self.recv()
          ^^^^^^^^^^^^^^^^^
  File "/home/lumen/miniconda3/lib/python3.13/site-packages/websockets/asyncio/connection.py", line 322, in recv
    raise self.protocol.close_exc from self.recv_exc
websockets.exceptions.ConnectionClosedError: no close frame received or sent
[Prune] Removed 1 stale IDs (frame 2100)
[WS] Client connected (2 total)
[Evidence] Saved evidence/1776459145_120s.jpg (162374 bytes, sha256:150ab3d7aca9d...)
[Prune] Removed 4 stale IDs (frame 2400)
[Prune] Removed 2 stale IDs (frame 2600)
[STATE] counting — market=0x5915C805... duration=150s round=27
[Evidence] Saved evidence/1776459145_150s.jpg (170792 bytes, sha256:ef6983b89570d...)
[Prune] Removed 1 stale IDs (frame 2800)
[Prune] Removed 2 stale IDs (frame 2900)
[Evidence] Saved evidence/1776459145_180s.jpg (183426 bytes, sha256:bf64fc482e21a...)
[WS] Client disconnected (1 total)
[Prune] Removed 1 stale IDs (frame 3500)
[WS] Client connected (2 total)
[Prune] Removed 1 stale IDs (frame 3600)
[Prune] Removed 1 stale IDs (frame 3700)
[Evidence] Saved evidence/1776459145_210s.jpg (168431 bytes, sha256:b7165e774b214...)
[Prune] Removed 2 stale IDs (frame 4200)
[Prune] Removed 4 stale IDs (frame 4300)
[Prune] Removed 4 stale IDs (frame 4400)
[Evidence] Saved evidence/1776459145_240s.jpg (146815 bytes, sha256:7da3cd026b744...)
[Prune] Removed 2 stale IDs (frame 4500)
[Prune] Removed 5 stale IDs (frame 4600)
[Prune] Removed 1 stale IDs (frame 4700)
[WS] Client disconnected (1 total)
[Prune] Removed 3 stale IDs (frame 4800)
[Prune] Removed 1 stale IDs (frame 4900)
[WS] Client connected (2 total)
[Prune] Removed 1 stale IDs (frame 5000)
[Evidence] Saved evidence/1776459145_270s.jpg (166970 bytes, sha256:9e99f59961d41...)
[Prune] Removed 2 stale IDs (frame 5100)
[Prune] Removed 1 stale IDs (frame 5200)
[Prune] Removed 3 stale IDs (frame 5300)
[Prune] Removed 2 stale IDs (frame 5400)
[Prune] Removed 1 stale IDs (frame 5500)
[Prune] Removed 4 stale IDs (frame 5600)
[Prune] Removed 3 stale IDs (frame 5700)
[Evidence] Saved evidence/1776459145_final.jpg (162278 bytes, sha256:cff63e0bc1ece...)
[Evidence] Saved evidence/1776459145_final.jpg (162035 bytes, sha256:aa373d36dd7cf...)
[Evidence] Saved evidence/1776459145_final.jpg (162034 bytes, sha256:922613213dafe...)
[STATE] idle — round 27 complete: 36 vehicles
[Prune] Removed 1 stale IDs (frame 5800)
[Prune] Removed 1 stale IDs (frame 6000)
[Prune] Removed 1 stale IDs (frame 6300)
[Prune] Removed 1 stale IDs (frame 6400)
[2026-04-17 17:57:55] No round_complete via WS — reading result.json fallback
[2026-04-17 17:57:55] Count complete: 36 vehicles (in=26 out=10)
[2026-04-17 17:57:56] Pool check OK: total=0.0020 ETH, under=0.0010, over=0.0010
[2026-04-17 17:57:56] Market resolved: 36 vehicles → Over 33 wins
[2026-04-17 17:57:57] resolveMarket tx sent: b65e8a4c86eb637e379e9ee8e089d722a4e5a64efcdb3177b2c46d722a09904a
[2026-04-17 17:57:57] resolveMarket confirmed (tx: b65e8a4c86eb637e379e9ee8e089d722a4e5a64efcdb3177b2c46d722a09904a)
[2026-04-17 17:57:57] Ably publish OK: market_resolved
[2026-04-17 17:57:58] Winnings distributed: 0x5915C805A48072d4369b56191b406EA6820a8157 (tx: 17b05e4d5f5b53ad1e8b0f56a1f91c3901c19f9a08680c831230be4b7d4d1a1d)
[2026-04-17 17:57:58] Auto-distributed winnings (tx: 17b05e4d5f5b53ad1e8b0f56a1f91c3901c19f9a08680c831230be4b7d4d1a1d)
[2026-04-17 17:57:58] Ably publish OK: winnings_distributed
[2026-04-17 17:57:58] Ledger POST failed (non-fatal): HTTP Error 400: Bad Request
[2026-04-17 17:57:58] New threshold: 36 (avg of [36, 36])
[2026-04-17 17:57:58] Waiting 15s before Round #28...
[Prune] Removed 3 stale IDs (frame 6600)
[Prune] Removed 5 stale IDs (frame 6700)
[2026-04-17 17:58:13] Round #28 | Peace Bridge — USA/Canada Border | threshold=36
[Prune] Removed 4 stale IDs (frame 6900)
[2026-04-17 17:58:14] createMarket tx sent: 804cec547e2ac0e0be55c8d5459b8b1ff5396fe83e915e01b5fc6d5284796b0a
[WS] Client disconnected (1 total)
[2026-04-17 17:58:17] Market created: 0xecE8527646Bd8408B3a822337807A0D97c6F37b7 (tx: 804cec547e2ac0e0be55c8d5459b8b1ff5396fe83e915e01b5fc6d5284796b0a)
[2026-04-17 17:58:17] Ably publish OK: market_created
[2026-04-17 17:58:17] Counting vehicles for 150s...
[STATE] betting — market=0xecE85276... bet=150s count=150s round=28
[LineZone] (307,432) -> (960,432)
[Counter] Line: (579, 10) -> (701, 710)
[2026-04-17 17:58:18] [StreamClient] Round 28 started on stream_server
[WS] Client connected (2 total)
[Prune] Removed 1 stale IDs (frame 200)
[Prune] Removed 1 stale IDs (frame 500)
[Evidence] Saved evidence/1776459498_30s.jpg (148898 bytes, sha256:5aaa51422124a...)
[Prune] Removed 6 stale IDs (frame 700)
[Prune] Removed 17 stale IDs (frame 800)
[Prune] Removed 15 stale IDs (frame 900)
[WS] Client disconnected (1 total)
[Prune] Removed 5 stale IDs (frame 1000)
[WS] Client connected (2 total)
[Prune] Removed 3 stale IDs (frame 1200)
[Evidence] Saved evidence/1776459498_60s.jpg (171454 bytes, sha256:4684909d61dc6...)
[Prune] Removed 6 stale IDs (frame 1300)
[Prune] Removed 10 stale IDs (frame 1400)
[Prune] Removed 3 stale IDs (frame 1500)
[Prune] Removed 4 stale IDs (frame 1600)
[Prune] Removed 4 stale IDs (frame 1700)
[Prune] Removed 4 stale IDs (frame 1800)
[Evidence] Saved evidence/1776459498_90s.jpg (158399 bytes, sha256:9f019db862891...)
[Prune] Removed 3 stale IDs (frame 1900)
[Prune] Removed 4 stale IDs (frame 2000)
[Prune] Removed 3 stale IDs (frame 2200)
[WS] Client connected (3 total)
[Prune] Removed 1 stale IDs (frame 2300)
[WS] Client disconnected (2 total)
connection handler failed
Traceback (most recent call last):
  File "/home/lumen/miniconda3/lib/python3.13/site-packages/websockets/asyncio/server.py", line 376, in conn_handler
    await self.handler(connection)
  File "/home/lumen/.gemini/antigravity/scratch/rush/oracle/stream_server.py", line 1261, in handler
    async for msg in ws:
    ...<37 lines>...
            pass
  File "/home/lumen/miniconda3/lib/python3.13/site-packages/websockets/asyncio/connection.py", line 242, in __aiter__
    yield await self.recv()
          ^^^^^^^^^^^^^^^^^
  File "/home/lumen/miniconda3/lib/python3.13/site-packages/websockets/asyncio/connection.py", line 322, in recv
    raise self.protocol.close_exc from self.recv_exc
websockets.exceptions.ConnectionClosedError: no close frame received or sent
[Evidence] Saved evidence/1776459498_120s.jpg (135887 bytes, sha256:0a7088c8979ed...)
[Prune] Removed 1 stale IDs (frame 2400)
[WS] Client connected (3 total)
[Prune] Removed 2 stale IDs (frame 2600)
[Prune] Removed 1 stale IDs (frame 2800)
[STATE] counting — market=0xecE85276... duration=150s round=28
[Evidence] Saved evidence/1776459498_150s.jpg (155041 bytes, sha256:a588034c430b2...)
[Prune] Removed 2 stale IDs (frame 2900)
[Prune] Removed 1 stale IDs (frame 3000)
[Prune] Removed 3 stale IDs (frame 3100)
[Prune] Removed 2 stale IDs (frame 3300)
[Evidence] Saved evidence/1776459498_180s.jpg (154017 bytes, sha256:fcf8c9b7d6f72...)
[Prune] Removed 5 stale IDs (frame 3400)
[Prune] Removed 2 stale IDs (frame 3500)
[Evidence] Saved evidence/1776459498_210s.jpg (169158 bytes, sha256:fad9298640209...)
[Prune] Removed 1 stale IDs (frame 4200)
[Prune] Removed 2 stale IDs (frame 4400)
[Prune] Removed 2 stale IDs (frame 4500)
[Evidence] Saved evidence/1776459498_240s.jpg (154736 bytes, sha256:f952b56ee0921...)
[Prune] Removed 1 stale IDs (frame 4700)
[Prune] Removed 2 stale IDs (frame 4800)
[Prune] Removed 1 stale IDs (frame 4900)
[Prune] Removed 6 stale IDs (frame 5000)
[Prune] Removed 4 stale IDs (frame 5100)
[Evidence] Saved evidence/1776459498_270s.jpg (148896 bytes, sha256:40f9745636f05...)
[Prune] Removed 2 stale IDs (frame 5200)
[WS] Client disconnected (1 total)
connection handler failed
Traceback (most recent call last):
  File "/home/lumen/miniconda3/lib/python3.13/asyncio/selector_events.py", line 1067, in write
    n = self._sock.send(data)
BrokenPipeError: [Errno 32] Broken pipe

The above exception was the direct cause of the following exception:

Traceback (most recent call last):
  File "/home/lumen/miniconda3/lib/python3.13/site-packages/websockets/asyncio/server.py", line 376, in conn_handler
    await self.handler(connection)
  File "/home/lumen/.gemini/antigravity/scratch/rush/oracle/stream_server.py", line 1261, in handler
    async for msg in ws:
    ...<37 lines>...
            pass
  File "/home/lumen/miniconda3/lib/python3.13/site-packages/websockets/asyncio/connection.py", line 242, in __aiter__
    yield await self.recv()
          ^^^^^^^^^^^^^^^^^
  File "/home/lumen/miniconda3/lib/python3.13/site-packages/websockets/asyncio/connection.py", line 322, in recv
    raise self.protocol.close_exc from self.recv_exc
websockets.exceptions.ConnectionClosedError: no close frame received or sent
[Prune] Removed 2 stale IDs (frame 5300)
[WS] Client connected (2 total)
[Prune] Removed 2 stale IDs (frame 5400)
[Prune] Removed 3 stale IDs (frame 5500)
[WS] Client disconnected (1 total)
[Prune] Removed 1 stale IDs (frame 5600)
[WS] Client disconnected (1 total)
[WS] Client connected (2 total)
[Prune] Removed 5 stale IDs (frame 5700)
[Evidence] Saved evidence/1776459498_final.jpg (148325 bytes, sha256:4c4e43c9d3b26...)
[Evidence] Saved evidence/1776459498_final.jpg (148368 bytes, sha256:a9e4fc4f44dd6...)
[Evidence] Saved evidence/1776459498_final.jpg (148148 bytes, sha256:25e1e1d5ce965...)
[STATE] idle — round 28 complete: 38 vehicles
[Prune] Removed 3 stale IDs (frame 5800)
[WS] Client connected (3 total)
[Prune] Removed 2 stale IDs (frame 5900)
[WS] Client disconnected (2 total)
connection handler failed
Traceback (most recent call last):
  File "/home/lumen/miniconda3/lib/python3.13/site-packages/websockets/asyncio/server.py", line 376, in conn_handler
    await self.handler(connection)
  File "/home/lumen/.gemini/antigravity/scratch/rush/oracle/stream_server.py", line 1261, in handler
    async for msg in ws:
    ...<37 lines>...
            pass
  File "/home/lumen/miniconda3/lib/python3.13/site-packages/websockets/asyncio/connection.py", line 242, in __aiter__
    yield await self.recv()
          ^^^^^^^^^^^^^^^^^
  File "/home/lumen/miniconda3/lib/python3.13/site-packages/websockets/asyncio/connection.py", line 322, in recv
    raise self.protocol.close_exc from self.recv_exc
websockets.exceptions.ConnectionClosedError: no close frame received or sent
[Prune] Removed 1 stale IDs (frame 6100)
[WS] Client connected (3 total)
[Prune] Removed 2 stale IDs (frame 6200)
[2026-04-17 18:03:48] No round_complete via WS — reading result.json fallback
[2026-04-17 18:03:48] Count complete: 38 vehicles (in=27 out=11)
[Prune] Removed 2 stale IDs (frame 6300)
[2026-04-17 18:03:49] Pool check OK: total=0.0020 ETH, under=0.0010, over=0.0010
[2026-04-17 18:03:49] Market resolved: 38 vehicles → Over 36 wins
[2026-04-17 18:03:50] resolveMarket tx sent: 1755edcd92d85bb44fccec6e16e5806a10dd960ddd70dbfbfdee274a56f11c68
[2026-04-17 18:03:52] resolveMarket confirmed (tx: 1755edcd92d85bb44fccec6e16e5806a10dd960ddd70dbfbfdee274a56f11c68)
[2026-04-17 18:03:52] Ably publish OK: market_resolved
[Prune] Removed 6 stale IDs (frame 6400)
[2026-04-17 18:03:55] Winnings distributed: 0xecE8527646Bd8408B3a822337807A0D97c6F37b7 (tx: 8241ae585f7568d8974f1f7b3e459572d6911ea3efda95e2fa31fc863b3e73bc)
[2026-04-17 18:03:55] Auto-distributed winnings (tx: 8241ae585f7568d8974f1f7b3e459572d6911ea3efda95e2fa31fc863b3e73bc)
[2026-04-17 18:03:55] Ably publish OK: winnings_distributed
[2026-04-17 18:03:56] Ledger POST OK: {"ok":true}
[2026-04-17 18:03:56] New threshold: 37 (avg of [36, 38])
[2026-04-17 18:03:56] Waiting 15s before Round #29...
[Prune] Removed 3 stale IDs (frame 6500)
[Prune] Removed 4 stale IDs (frame 6600)
[2026-04-17 18:04:11] Round #29 | Peace Bridge — USA/Canada Border | threshold=37
[Prune] Removed 3 stale IDs (frame 6700)
[2026-04-17 18:04:12] createMarket tx sent: 08793a1f27e425c12de2cb34012bc98fceffd0e1272eddce8b32f942127b6724
[2026-04-17 18:04:12] Market created: 0x7995985a272E61546514fe959560B8070187F870 (tx: 08793a1f27e425c12de2cb34012bc98fceffd0e1272eddce8b32f942127b6724)
[2026-04-17 18:04:13] Ably publish OK: market_created
[2026-04-17 18:04:13] Counting vehicles for 150s...
[STATE] betting — market=0x7995985a... bet=150s count=150s round=29
[2026-04-17 18:04:13] [StreamClient] Round 29 started on stream_server
[LineZone] (307,432) -> (960,432)
[Counter] Line: (579, 10) -> (701, 710)
[Prune] Removed 11 stale IDs (frame 200)
[Prune] Removed 6 stale IDs (frame 300)
[Prune] Removed 3 stale IDs (frame 400)
[Evidence] Saved evidence/1776459853_30s.jpg (147023 bytes, sha256:74a891f88eaad...)
[Prune] Removed 5 stale IDs (frame 500)
[Prune] Removed 5 stale IDs (frame 600)
[Prune] Removed 9 stale IDs (frame 700)
[Prune] Removed 9 stale IDs (frame 800)
[Prune] Removed 12 stale IDs (frame 900)
[Evidence] Saved evidence/1776459853_60s.jpg (143983 bytes, sha256:9b17d9d82d2fb...)
[Prune] Removed 7 stale IDs (frame 1000)
[Prune] Removed 3 stale IDs (frame 1100)
[Prune] Removed 6 stale IDs (frame 1200)
[Prune] Removed 2 stale IDs (frame 1300)
[Prune] Removed 1 stale IDs (frame 1400)
[Evidence] Saved evidence/1776459853_90s.jpg (157718 bytes, sha256:6de5d03b4af81...)
[Prune] Removed 7 stale IDs (frame 1500)
[Prune] Removed 3 stale IDs (frame 1600)
[Prune] Removed 7 stale IDs (frame 1700)
[Prune] Removed 4 stale IDs (frame 1800)
[Prune] Removed 2 stale IDs (frame 1900)
[Evidence] Saved evidence/1776459853_120s.jpg (161856 bytes, sha256:3605c131999b2...)
[Prune] Removed 2 stale IDs (frame 2000)
[Prune] Removed 4 stale IDs (frame 2100)
[Prune] Removed 3 stale IDs (frame 2200)
[Prune] Removed 2 stale IDs (frame 2300)
[WS] Client disconnected (2 total)
[Prune] Removed 2 stale IDs (frame 2400)
[Prune] Removed 5 stale IDs (frame 2500)
[STATE] counting — market=0x7995985a... duration=150s round=29
[Evidence] Saved evidence/1776459853_150s.jpg (152735 bytes, sha256:d92176df099b6...)
[WS] Client connected (3 total)
[Prune] Removed 4 stale IDs (frame 2600)
[Prune] Removed 1 stale IDs (frame 2700)
[Prune] Removed 1 stale IDs (frame 2800)
[Prune] Removed 2 stale IDs (frame 2900)
[Prune] Removed 2 stale IDs (frame 3000)
[Evidence] Saved evidence/1776459853_180s.jpg (159807 bytes, sha256:570f811805c18...)
[Prune] Removed 2 stale IDs (frame 3100)
[Prune] Removed 2 stale IDs (frame 3200)
[Prune] Removed 6 stale IDs (frame 3300)
[Prune] Removed 8 stale IDs (frame 3400)
[Prune] Removed 2 stale IDs (frame 3500)
[Evidence] Saved evidence/1776459853_210s.jpg (161441 bytes, sha256:a10178d6fbf17...)
[Prune] Removed 1 stale IDs (frame 3600)
[Prune] Removed 5 stale IDs (frame 3700)
[WS] Client disconnected (2 total)
connection handler failed
Traceback (most recent call last):
  File "/home/lumen/miniconda3/lib/python3.13/site-packages/websockets/asyncio/server.py", line 376, in conn_handler
    await self.handler(connection)
  File "/home/lumen/.gemini/antigravity/scratch/rush/oracle/stream_server.py", line 1261, in handler
    async for msg in ws:
    ...<37 lines>...
            pass
  File "/home/lumen/miniconda3/lib/python3.13/site-packages/websockets/asyncio/connection.py", line 242, in __aiter__
    yield await self.recv()
          ^^^^^^^^^^^^^^^^^
  File "/home/lumen/miniconda3/lib/python3.13/site-packages/websockets/asyncio/connection.py", line 322, in recv
    raise self.protocol.close_exc from self.recv_exc
websockets.exceptions.ConnectionClosedError: no close frame received or sent
[Prune] Removed 1 stale IDs (frame 3800)
[Prune] Removed 2 stale IDs (frame 3900)
[Prune] Removed 1 stale IDs (frame 4000)
[Prune] Removed 1 stale IDs (frame 4100)
[Evidence] Saved evidence/1776459853_240s.jpg (160821 bytes, sha256:5edc4a1ea04ef...)
[Prune] Removed 1 stale IDs (frame 4200)
[Prune] Removed 1 stale IDs (frame 4400)
[Prune] Removed 1 stale IDs (frame 4600)
[Evidence] Saved evidence/1776459853_270s.jpg (149465 bytes, sha256:9f5e152a20427...)
[Prune] Removed 6 stale IDs (frame 4700)
[Prune] Removed 8 stale IDs (frame 4800)
[Prune] Removed 5 stale IDs (frame 4900)
[Prune] Removed 1 stale IDs (frame 5000)
[Prune] Removed 2 stale IDs (frame 5100)
[Prune] Removed 2 stale IDs (frame 5200)
[Evidence] Saved evidence/1776459853_final.jpg (157592 bytes, sha256:ec29884fd63e4...)
[Evidence] Saved evidence/1776459853_final.jpg (157310 bytes, sha256:3b6f6ef9593e0...)
[STATE] idle — round 29 complete: 55 vehicles
[Prune] Removed 3 stale IDs (frame 5300)
[Prune] Removed 2 stale IDs (frame 5400)
[Prune] Removed 1 stale IDs (frame 5500)
[Prune] Removed 2 stale IDs (frame 5600)
[Prune] Removed 1 stale IDs (frame 5700)
[Prune] Removed 2 stale IDs (frame 5800)
[2026-04-17 18:09:43] No round_complete via WS — reading result.json fallback
[2026-04-17 18:09:43] Count complete: 55 vehicles (in=40 out=15)
[Prune] Removed 5 stale IDs (frame 5900)
[2026-04-17 18:09:44] Pool check OK: total=0.0030 ETH, under=0.0010, over=0.0020
[2026-04-17 18:09:44] Market resolved: 55 vehicles → Over 37 wins
[2026-04-17 18:09:45] resolveMarket tx sent: c2fa9d1eb4e70baace54f8e76b030405778268a0af293b850b9e116a6d03a76d
[2026-04-17 18:09:45] resolveMarket confirmed (tx: c2fa9d1eb4e70baace54f8e76b030405778268a0af293b850b9e116a6d03a76d)
[2026-04-17 18:09:45] Ably publish OK: market_resolved
[2026-04-17 18:09:46] Winnings distributed: 0x7995985a272E61546514fe959560B8070187F870 (tx: 5c6db93fe9fa86a11ceee424ddc0afeea5dba21affb0e0ad9f442f9ff249d6eb)
[2026-04-17 18:09:46] Auto-distributed winnings (tx: 5c6db93fe9fa86a11ceee424ddc0afeea5dba21affb0e0ad9f442f9ff249d6eb)
[2026-04-17 18:09:46] Ably publish OK: winnings_distributed
[2026-04-17 18:09:47] Ledger POST failed (non-fatal): HTTP Error 400: Bad Request
[2026-04-17 18:09:47] New threshold: 46 (avg of [38, 55])
[2026-04-17 18:09:47] Waiting 15s before Round #30...
[Prune] Removed 1 stale IDs (frame 6000)
[Prune] Removed 3 stale IDs (frame 6100)
[2026-04-17 18:10:02] Round #30 | Peace Bridge — USA/Canada Border | threshold=46
[WS] Client disconnected (2 total)
[2026-04-17 18:10:03] createMarket tx sent: 95d33c58467f4219074965eb414424cd12d1cbeb4edc48eb5c82fc5a3baa2ff3
[2026-04-17 18:10:03] Market created: 0xD6dfFD8fCa04F63B506E89f91732E5888266857f (tx: 95d33c58467f4219074965eb414424cd12d1cbeb4edc48eb5c82fc5a3baa2ff3)
[2026-04-17 18:10:04] Ably publish OK: market_created
[2026-04-17 18:10:04] Counting vehicles for 150s...
[STATE] betting — market=0xD6dfFD8f... bet=150s count=150s round=30
[LineZone] (307,432) -> (960,432)
[Counter] Line: (579, 10) -> (701, 710)
[2026-04-17 18:10:04] [StreamClient] Round 30 started on stream_server
[Prune] Removed 1 stale IDs (frame 100)
[WS] Client connected (3 total)
[Prune] Removed 4 stale IDs (frame 200)
[Prune] Removed 2 stale IDs (frame 300)
