[Launcher] Loaded .env from /home/lumen/.gemini/antigravity/scratch/rush/.env
[Launcher] Cleaning previous instances (preserving named tunnel)...
═══════════════════════════════════════════════════
  Rush Oracle Launcher
  WebSocket port: 9000
  Public hostname: wss://oracle.rushgame.vip (named tunnel)
═══════════════════════════════════════════════════
[Launcher] Named tunnel cloudflared is up — WS will be reachable at oracle.rushgame.vip
[Launcher] Starting persistent stream server...
[Launcher] Stream server PID: 2706714 (camera: levi-ski-finland, port: 9000)
[Launcher] Waiting for stream server to be ready...
[Camera] Confidence override: 0.05
[Camera] Levi Ski Resort — Finland (Levi Ski Resort Live Cam) — YOUTUBE
[Camera] Classes override: [0] (person)
[Camera] Line zones: 1 (canonical sv.LineZone, threshold=1)

=======================================================
  SinalBet Live Oracle Server (v4 — Persistent)
  WebSocket: ws://0.0.0.0:9000
  Stream: https://www.youtube.com/watch?v=Wr9b5aYA4mI
  Camera: levi-ski-finland
  Model: yolo12s.pt
  Mode: persistent (rounds via WS control)
  Target FPS: 8
=======================================================

[yt-dlp] OK: https://manifest.googlevideo.com/api/manifest/hls_playlist/expire/1776454473/ei/...

[Stream] Probing stream...
[Stream] 1280x720 @ 30.0fps
[Stream] ffmpeg spawned (PID 2707468)
[STATE] idle — waiting for round
[Stream] Throttle target: 30.0 fps
[WS] Client connected (1 total)
[WS] Client connected (2 total)
[WS] Client connected (3 total)
[WS] Client connected (4 total)
[WS] Client connected (5 total)
opening handshake failed
Traceback (most recent call last):
  File "/home/lumen/miniconda3/lib/python3.13/site-packages/websockets/asyncio/server.py", line 356, in conn_handler
    await connection.handshake(
    ...<3 lines>...
    )
  File "/home/lumen/miniconda3/lib/python3.13/site-packages/websockets/asyncio/server.py", line 142, in handshake
    async with self.send_context(expected_state=CONNECTING):
               ~~~~~~~~~~~~~~~~~^^^^^^^^^^^^^^^^^^^^^^^^^^^
  File "/home/lumen/miniconda3/lib/python3.13/contextlib.py", line 214, in __aenter__
    return await anext(self.gen)
           ^^^^^^^^^^^^^^^^^^^^^
  File "/home/lumen/miniconda3/lib/python3.13/site-packages/websockets/asyncio/connection.py", line 957, in send_context
    raise self.protocol.close_exc from original_exc
websockets.exceptions.ConnectionClosedError: no close frame received or sent
opening handshake failed
Traceback (most recent call last):
  File "/home/lumen/miniconda3/lib/python3.13/site-packages/websockets/asyncio/server.py", line 356, in conn_handler
    await connection.handshake(
    ...<3 lines>...
    )
  File "/home/lumen/miniconda3/lib/python3.13/site-packages/websockets/asyncio/server.py", line 142, in handshake
    async with self.send_context(expected_state=CONNECTING):
               ~~~~~~~~~~~~~~~~~^^^^^^^^^^^^^^^^^^^^^^^^^^^
  File "/home/lumen/miniconda3/lib/python3.13/contextlib.py", line 214, in __aenter__
    return await anext(self.gen)
           ^^^^^^^^^^^^^^^^^^^^^
  File "/home/lumen/miniconda3/lib/python3.13/site-packages/websockets/asyncio/connection.py", line 957, in send_context
    raise self.protocol.close_exc from original_exc
websockets.exceptions.ConnectionClosedError: no close frame received or sent
[WS] Client disconnected (4 total)
[Launcher] Stream server ready!
[Launcher] Starting watchdog (round manager)...
[Launcher] Mode: Supervised Round Manager (watchdog.py)
[Launcher] Watchdog PID: 2707472
[WS] Client disconnected (3 total)
connection handler failed
Traceback (most recent call last):
  File "/home/lumen/miniconda3/lib/python3.13/site-packages/websockets/asyncio/server.py", line 376, in conn_handler
    await self.handler(connection)
  File "/home/lumen/.gemini/antigravity/scratch/rush/oracle/stream_server.py", line 1261, in handler
    async for msg in ws:
    ...<37 lines>...
            pass
  File "/home/lumen/miniconda3/lib/python3.13/site-packages/websockets/asyncio/connection.py", line 242, in __aiter__
    yield await self.recv()
          ^^^^^^^^^^^^^^^^^
  File "/home/lumen/miniconda3/lib/python3.13/site-packages/websockets/asyncio/connection.py", line 322, in recv
    raise self.protocol.close_exc from self.recv_exc
websockets.exceptions.ConnectionClosedError: no close frame received or sent
[2026-04-17 10:34:39] INFO ============================================================
[2026-04-17 10:34:39] INFO   Rush Oracle Watchdog
[2026-04-17 10:34:39] INFO   Managing: /home/lumen/.gemini/antigravity/scratch/rush/oracle/round_manager_rush.py
[2026-04-17 10:34:39] INFO   Heartbeat: /tmp/rush_oracle_heartbeat.json
[2026-04-17 10:34:39] INFO   Log: /tmp/rush_oracle.log
[2026-04-17 10:34:39] INFO ============================================================
[2026-04-17 10:34:39] INFO Running startup orphan scan...
[LineZone] (295,570) -> (1276,335)
[Counter] Line: (579, 10) -> (701, 710)
[2026-04-17 10:34:40] INFO Orphan scan: 1 active market(s) found
[2026-04-17 10:34:41] INFO No orphan markets found
[2026-04-17 10:34:41] INFO Starting child: /home/lumen/miniconda3/bin/python3 -u /home/lumen/.gemini/antigravity/scratch/rush/oracle/round_manager_rush.py
[2026-04-17 10:34:41] INFO Child started (PID 2707681)
[2026-04-17 10:34:42] Chain: connected to https://base-mainnet.core.chainstack.com/977532e58b2430d1f01739e7d209d236 (chain_id=8453)
[2026-04-17 10:34:42] Oracle wallet: 0x4c385830c2E241EfeEd070Eb92606B6AedeDA277
[2026-04-17 10:34:42] Loaded 23 cameras from /home/lumen/.gemini/antigravity/scratch/rush/oracle/cameras.json
[2026-04-17 10:34:42] ============================================================
[2026-04-17 10:34:42]   SinalBet Rush Round Manager
[2026-04-17 10:34:42]   Factory:  0x5b04F3DFaE780A7e109066E754d27f491Af55Af9
[2026-04-17 10:34:42]   Duration: 150s per round
[2026-04-17 10:34:42]   Cameras:  Levi Ski Resort — Finland
[2026-04-17 10:34:42] ============================================================
[2026-04-17 10:34:42] Round #1 | Levi Ski Resort — Finland | threshold=50
[2026-04-17 10:34:42] Cancelling orphan market: 0x381738BE3E61A11E6e0026b3bbC3727E5Ac1B2b0
[2026-04-17 10:34:45] Market cancelled: 0x381738BE3E61A11E6e0026b3bbC3727E5Ac1B2b0 (tx: d68a4d313f0444607d020d27c362556743bed674faba87ab5d4c698388b5582e)
[2026-04-17 10:34:45] Ably publish OK: market_cancelled
[Prune] Removed 10 stale IDs (frame 100)
[2026-04-17 10:34:49] Refunds distributed: 0x381738BE3E61A11E6e0026b3bbC3727E5Ac1B2b0 (tx: 5fcc0bfac0700422302ae6e1db9675dab6803405562d8d4073e02706fcd69ce0)
[2026-04-17 10:34:49] Cancelled 1 orphan market(s)
[2026-04-17 10:34:49] createMarket tx sent: c11516bedce1a5ad07c5471348d37e54a20265a6fb0429ca0f6fac7b879d4170
[2026-04-17 10:34:52] Market created: 0x7289b91974e9eD825e9e93029dDC449A02C4faD2 (tx: c11516bedce1a5ad07c5471348d37e54a20265a6fb0429ca0f6fac7b879d4170)
[2026-04-17 10:34:52] Ably publish OK: market_created
[2026-04-17 10:34:52] Counting vehicles for 150s...
[2026-04-17 10:34:52] [StreamClient] Reconnecting...
[WS] Client connected (4 total)
[2026-04-17 10:34:52] [StreamClient] Connected to ws://localhost:9000
[2026-04-17 10:34:52] [StreamClient] Unexpected response: {'type': 'init', 'stream': 'https://www.youtube.com/watch?v=Wr9b5aYA4mI', 'state': 'idle', 'count': 0, 'cameraId': 'levi-ski-finland'}
[STATE] betting — market=0x7289b919... bet=150s count=150s round=1
[LineZone] (295,570) -> (1276,335)
[Counter] Line: (579, 10) -> (701, 710)
[Prune] Removed 1 stale IDs (frame 200)
[Prune] Removed 5 stale IDs (frame 300)
[Prune] Removed 18 stale IDs (frame 400)
[Evidence] Saved evidence/1776432892_30s.jpg (217955 bytes, sha256:a822e32d918ec...)
[Prune] Removed 21 stale IDs (frame 500)
[Prune] Removed 37 stale IDs (frame 600)
[Prune] Removed 49 stale IDs (frame 700)
[Prune] Removed 20 stale IDs (frame 800)
[Evidence] Saved evidence/1776432892_60s.jpg (216947 bytes, sha256:25a4bc92d6c38...)
[Prune] Removed 21 stale IDs (frame 900)
[Prune] Removed 3 stale IDs (frame 1000)
[Prune] Removed 17 stale IDs (frame 1100)
[Prune] Removed 6 stale IDs (frame 1200)
[Prune] Removed 18 stale IDs (frame 1300)
[Evidence] Saved evidence/1776432892_90s.jpg (217784 bytes, sha256:ec3cd2b2e88dd...)
[Prune] Removed 14 stale IDs (frame 1400)
[Prune] Removed 8 stale IDs (frame 1500)
[WS] Client disconnected (3 total)
connection handler failed
Traceback (most recent call last):
  File "/home/lumen/miniconda3/lib/python3.13/asyncio/selector_events.py", line 1067, in write
    n = self._sock.send(data)
BrokenPipeError: [Errno 32] Broken pipe

The above exception was the direct cause of the following exception:

Traceback (most recent call last):
  File "/home/lumen/miniconda3/lib/python3.13/site-packages/websockets/asyncio/server.py", line 376, in conn_handler
    await self.handler(connection)
  File "/home/lumen/.gemini/antigravity/scratch/rush/oracle/stream_server.py", line 1261, in handler
    async for msg in ws:
    ...<37 lines>...
            pass
  File "/home/lumen/miniconda3/lib/python3.13/site-packages/websockets/asyncio/connection.py", line 242, in __aiter__
    yield await self.recv()
          ^^^^^^^^^^^^^^^^^
  File "/home/lumen/miniconda3/lib/python3.13/site-packages/websockets/asyncio/connection.py", line 322, in recv
    raise self.protocol.close_exc from self.recv_exc
websockets.exceptions.ConnectionClosedError: no close frame received or sent
[Prune] Removed 4 stale IDs (frame 1600)
[Prune] Removed 10 stale IDs (frame 1700)
[Evidence] Saved evidence/1776432892_120s.jpg (216970 bytes, sha256:c3167d76a665d...)
[Prune] Removed 14 stale IDs (frame 1800)
[Prune] Removed 9 stale IDs (frame 1900)
[Prune] Removed 8 stale IDs (frame 2000)
[Prune] Removed 4 stale IDs (frame 2100)
[Prune] Removed 7 stale IDs (frame 2200)
[STATE] counting — market=0x7289b919... duration=150s round=1
[Evidence] Saved evidence/1776432892_150s.jpg (218241 bytes, sha256:f56422cb3857a...)
[WS] Client connected (4 total)
[Prune] Removed 8 stale IDs (frame 2300)
[Prune] Removed 2 stale IDs (frame 2400)
[Prune] Removed 4 stale IDs (frame 2500)
[Prune] Removed 1 stale IDs (frame 2600)
[Prune] Removed 2 stale IDs (frame 2700)
[Evidence] Saved evidence/1776432892_180s.jpg (217979 bytes, sha256:9bf487e38a768...)
[Prune] Removed 2 stale IDs (frame 2800)
[Prune] Removed 8 stale IDs (frame 2900)
[WS] Client disconnected (3 total)
connection handler failed
Traceback (most recent call last):
  File "/home/lumen/miniconda3/lib/python3.13/asyncio/selector_events.py", line 1067, in write
    n = self._sock.send(data)
BrokenPipeError: [Errno 32] Broken pipe

The above exception was the direct cause of the following exception:

Traceback (most recent call last):
  File "/home/lumen/miniconda3/lib/python3.13/site-packages/websockets/asyncio/server.py", line 376, in conn_handler
    await self.handler(connection)
  File "/home/lumen/.gemini/antigravity/scratch/rush/oracle/stream_server.py", line 1261, in handler
    async for msg in ws:
    ...<37 lines>...
            pass
  File "/home/lumen/miniconda3/lib/python3.13/site-packages/websockets/asyncio/connection.py", line 242, in __aiter__
    yield await self.recv()
          ^^^^^^^^^^^^^^^^^
  File "/home/lumen/miniconda3/lib/python3.13/site-packages/websockets/asyncio/connection.py", line 322, in recv
    raise self.protocol.close_exc from self.recv_exc
websockets.exceptions.ConnectionClosedError: no close frame received or sent
[Prune] Removed 3 stale IDs (frame 3000)
[Prune] Removed 3 stale IDs (frame 3100)
[Evidence] Saved evidence/1776432892_210s.jpg (217817 bytes, sha256:bfeeb1efda8a7...)
[Prune] Removed 5 stale IDs (frame 3300)
[Prune] Removed 1 stale IDs (frame 3400)
[Prune] Removed 2 stale IDs (frame 3500)
[Prune] Removed 9 stale IDs (frame 3600)
[Prune] Removed 3 stale IDs (frame 3700)
[WS] Client connected (4 total)
[Evidence] Saved evidence/1776432892_240s.jpg (218446 bytes, sha256:25d72d1bffc40...)
[Prune] Removed 3 stale IDs (frame 3800)
[Prune] Removed 10 stale IDs (frame 3900)
[Prune] Removed 1 stale IDs (frame 4000)
[Prune] Removed 8 stale IDs (frame 4100)
[Prune] Removed 6 stale IDs (frame 4200)
[Evidence] Saved evidence/1776432892_270s.jpg (218290 bytes, sha256:752354813f9e9...)
[Prune] Removed 6 stale IDs (frame 4300)
[Prune] Removed 5 stale IDs (frame 4400)
[Prune] Removed 13 stale IDs (frame 4500)
[Prune] Removed 9 stale IDs (frame 4600)
[Evidence] Saved evidence/1776432892_final.jpg (218932 bytes, sha256:4e27f5c340f0a...)
[Evidence] Saved evidence/1776432892_final.jpg (218916 bytes, sha256:1294f65d72a41...)
[Evidence] Saved evidence/1776432892_final.jpg (218921 bytes, sha256:ae6bddc2e6693...)
[STATE] idle — round 1 complete: 9 vehicles
[2026-04-17 10:39:53] Count complete: 9 vehicles (in=0 out=9)
[Prune] Removed 4 stale IDs (frame 4700)
[2026-04-17 10:39:54] Pool check OK: total=0.0110 ETH, under=0.0060, over=0.0050
[2026-04-17 10:39:54] Market resolved: 9 vehicles → Under 50 wins
[2026-04-17 10:39:55] resolveMarket tx sent: cac8dd8bb098e2e77b724330f2489bddb1ac3631e24d56446875ac184d5cdf2a
[2026-04-17 10:39:55] resolveMarket confirmed (tx: cac8dd8bb098e2e77b724330f2489bddb1ac3631e24d56446875ac184d5cdf2a)
[2026-04-17 10:39:55] Ably publish OK: market_resolved
[2026-04-17 10:39:58] Winnings distributed: 0x7289b91974e9eD825e9e93029dDC449A02C4faD2 (tx: df6cd3cb03680dabefb16b34f22ec84e0f68bfdc19585a2d5f7bfa1d6b9a7fa9)
[2026-04-17 10:39:58] Auto-distributed winnings (tx: df6cd3cb03680dabefb16b34f22ec84e0f68bfdc19585a2d5f7bfa1d6b9a7fa9)
[2026-04-17 10:39:58] Ably publish OK: winnings_distributed
[2026-04-17 10:39:58] Ledger POST failed (non-fatal): HTTP Error 400: Bad Request
[2026-04-17 10:39:58] New threshold: 9 (avg of [9])
[2026-04-17 10:39:58] Waiting 15s before Round #2...
[Prune] Removed 2 stale IDs (frame 4800)
[Prune] Removed 9 stale IDs (frame 4900)
[Prune] Removed 10 stale IDs (frame 5000)
[WS] Client disconnected (2 total)
connection handler failed
Traceback (most recent call last):
  File "/home/lumen/miniconda3/lib/python3.13/asyncio/selector_events.py", line 1067, in write
    n = self._sock.send(data)
BrokenPipeError: [Errno 32] Broken pipe

The above exception was the direct cause of the following exception:

Traceback (most recent call last):
  File "/home/lumen/miniconda3/lib/python3.13/site-packages/websockets/asyncio/server.py", line 376, in conn_handler
    await self.handler(connection)
  File "/home/lumen/.gemini/antigravity/scratch/rush/oracle/stream_server.py", line 1261, in handler
    async for msg in ws:
    ...<37 lines>...
            pass
  File "/home/lumen/miniconda3/lib/python3.13/site-packages/websockets/asyncio/connection.py", line 242, in __aiter__
    yield await self.recv()
          ^^^^^^^^^^^^^^^^^
  File "/home/lumen/miniconda3/lib/python3.13/site-packages/websockets/asyncio/connection.py", line 322, in recv
    raise self.protocol.close_exc from self.recv_exc
websockets.exceptions.ConnectionClosedError: no close frame received or sent
[2026-04-17 10:40:13] Round #2 | Levi Ski Resort — Finland | threshold=9
[2026-04-17 10:40:15] createMarket tx sent: cd0526f78d50a4cd72ec291468c73239e9abd292900134416d68421368d1bee7
[Prune] Removed 13 stale IDs (frame 5100)
[2026-04-17 10:40:17] Market created: 0x3F06314157CF72988A38EeFB67992a4b1cead6b3 (tx: cd0526f78d50a4cd72ec291468c73239e9abd292900134416d68421368d1bee7)
[2026-04-17 10:40:18] Ably publish OK: market_created
[2026-04-17 10:40:18] Counting vehicles for 150s...
[2026-04-17 10:40:18] [StreamClient] Unexpected response: {'type': 'idle', 'state': 'waiting', 'cameraId': 'levi-ski-finland'}
[STATE] betting — market=0x3F063141... bet=150s count=150s round=2
[LineZone] (295,570) -> (1276,335)
[Counter] Line: (579, 10) -> (701, 710)
[Prune] Removed 2 stale IDs (frame 100)
[WS] Client connected (3 total)
[Prune] Removed 35 stale IDs (frame 200)
[Prune] Removed 19 stale IDs (frame 300)
[Prune] Removed 12 stale IDs (frame 400)
[Prune] Removed 7 stale IDs (frame 500)
[Evidence] Saved evidence/1776433218_30s.jpg (217398 bytes, sha256:7066e25ddfa5f...)
[Prune] Removed 7 stale IDs (frame 600)
[Prune] Removed 4 stale IDs (frame 700)
[Prune] Removed 14 stale IDs (frame 800)
[Prune] Removed 17 stale IDs (frame 900)
[Prune] Removed 12 stale IDs (frame 1000)
[Evidence] Saved evidence/1776433218_60s.jpg (218558 bytes, sha256:21d63872562f0...)
[Prune] Removed 13 stale IDs (frame 1100)
[Prune] Removed 16 stale IDs (frame 1200)
[Prune] Removed 9 stale IDs (frame 1300)
[Prune] Removed 9 stale IDs (frame 1400)
[Prune] Removed 7 stale IDs (frame 1500)
[Evidence] Saved evidence/1776433218_90s.jpg (215761 bytes, sha256:b430a6f89e4ba...)
[Prune] Removed 6 stale IDs (frame 1600)
[Prune] Removed 22 stale IDs (frame 1700)
[Prune] Removed 9 stale IDs (frame 1800)
[Prune] Removed 12 stale IDs (frame 1900)
[Prune] Removed 6 stale IDs (frame 2000)
[Evidence] Saved evidence/1776433218_120s.jpg (218481 bytes, sha256:0db7e7e75a435...)
[Prune] Removed 10 stale IDs (frame 2100)
[Prune] Removed 6 stale IDs (frame 2200)
[Prune] Removed 4 stale IDs (frame 2300)
[Prune] Removed 2 stale IDs (frame 2400)
[Prune] Removed 2 stale IDs (frame 2500)
[Prune] Removed 5 stale IDs (frame 2600)
[STATE] counting — market=0x3F063141... duration=150s round=2
[Evidence] Saved evidence/1776433218_150s.jpg (218482 bytes, sha256:0ac9e2520af02...)
[Prune] Removed 5 stale IDs (frame 2700)
[Prune] Removed 7 stale IDs (frame 2800)
[Prune] Removed 2 stale IDs (frame 2900)
[Prune] Removed 4 stale IDs (frame 3000)
[Prune] Removed 4 stale IDs (frame 3100)
[Evidence] Saved evidence/1776433218_180s.jpg (218376 bytes, sha256:acdd9a4041fe6...)
[Prune] Removed 4 stale IDs (frame 3200)
[Prune] Removed 2 stale IDs (frame 3300)
[Prune] Removed 5 stale IDs (frame 3400)
[Prune] Removed 5 stale IDs (frame 3500)
[Prune] Removed 12 stale IDs (frame 3600)
[Prune] Removed 1 stale IDs (frame 3700)
[Evidence] Saved evidence/1776433218_210s.jpg (218781 bytes, sha256:e50b0ce956a42...)
[Prune] Removed 1 stale IDs (frame 3800)
[Prune] Removed 4 stale IDs (frame 3900)
[Prune] Removed 2 stale IDs (frame 4000)
[Prune] Removed 1 stale IDs (frame 4100)
[Prune] Removed 4 stale IDs (frame 4200)
[Evidence] Saved evidence/1776433218_240s.jpg (218259 bytes, sha256:5b17264fdb26c...)
[Prune] Removed 2 stale IDs (frame 4300)
[Prune] Removed 5 stale IDs (frame 4400)
[Prune] Removed 3 stale IDs (frame 4500)
[Prune] Removed 1 stale IDs (frame 4600)
[Prune] Removed 1 stale IDs (frame 4700)
[Prune] Removed 7 stale IDs (frame 4800)
[Evidence] Saved evidence/1776433218_270s.jpg (218180 bytes, sha256:f521b71dc2032...)
[Prune] Removed 4 stale IDs (frame 4900)
[Prune] Removed 9 stale IDs (frame 5000)
[Prune] Removed 2 stale IDs (frame 5100)
[Prune] Removed 7 stale IDs (frame 5300)
[Evidence] Saved evidence/1776433218_final.jpg (218145 bytes, sha256:98525cffbdb29...)
[Evidence] Saved evidence/1776433218_final.jpg (218177 bytes, sha256:7beb88c0cf6b7...)
[Evidence] Saved evidence/1776433218_final.jpg (218252 bytes, sha256:234505d2d82e8...)
[STATE] idle — round 2 complete: 11 vehicles
[Prune] Removed 5 stale IDs (frame 5400)
[Prune] Removed 7 stale IDs (frame 5500)
[Prune] Removed 6 stale IDs (frame 5600)
[Prune] Removed 4 stale IDs (frame 5700)
[Prune] Removed 7 stale IDs (frame 5800)
[2026-04-17 10:45:48] No round_complete via WS — reading result.json fallback
[2026-04-17 10:45:48] Count complete: 11 vehicles (in=0 out=11)
[Prune] Removed 14 stale IDs (frame 5900)
[2026-04-17 10:45:49] Pool check OK: total=0.0110 ETH, under=0.0050, over=0.0060
[2026-04-17 10:45:49] Market resolved: 11 vehicles → Over 9 wins
[2026-04-17 10:45:50] resolveMarket tx sent: 1d9bc6180fc782d3b897e2d8f9b478124e3a3a6196501ae2a9ef55e7304fab2c
[2026-04-17 10:45:52] resolveMarket confirmed (tx: 1d9bc6180fc782d3b897e2d8f9b478124e3a3a6196501ae2a9ef55e7304fab2c)
[2026-04-17 10:45:52] Ably publish OK: market_resolved
[2026-04-17 10:45:53] Winnings distributed: 0x3F06314157CF72988A38EeFB67992a4b1cead6b3 (tx: 40ea08c77f04ba4b3507fe9ad4f9a7859fe02eb86bf21a9edd9c2071e8a8bf9d)
[2026-04-17 10:45:53] Auto-distributed winnings (tx: 40ea08c77f04ba4b3507fe9ad4f9a7859fe02eb86bf21a9edd9c2071e8a8bf9d)
[2026-04-17 10:45:53] Ably publish OK: winnings_distributed
[2026-04-17 10:45:53] Ledger POST failed (non-fatal): HTTP Error 400: Bad Request
[2026-04-17 10:45:53] New threshold: 10 (avg of [9, 11])
[2026-04-17 10:45:53] Waiting 15s before Round #3...
[Prune] Removed 8 stale IDs (frame 6000)
[Prune] Removed 3 stale IDs (frame 6100)
[Prune] Removed 11 stale IDs (frame 6200)
[2026-04-17 10:46:08] Round #3 | Levi Ski Resort — Finland | threshold=10
[2026-04-17 10:46:09] createMarket tx sent: bb935e12f4af45a8d1e1c57a14772fa11485dfa892a2b012eaf9ca07e1f5e585
[Prune] Removed 6 stale IDs (frame 6300)
[2026-04-17 10:46:12] Market created: 0x241454FD6B4d8E924cE11A20aa7c388A4621eC4f (tx: bb935e12f4af45a8d1e1c57a14772fa11485dfa892a2b012eaf9ca07e1f5e585)
[2026-04-17 10:46:12] Ably publish OK: market_created
[2026-04-17 10:46:12] Counting vehicles for 150s...
[STATE] betting — market=0x241454FD... bet=150s count=150s round=3
[LineZone] (295,570) -> (1276,335)
[Counter] Line: (579, 10) -> (701, 710)
[2026-04-17 10:46:12] [StreamClient] Round 3 started on stream_server
[Prune] Removed 2 stale IDs (frame 100)
[Prune] Removed 10 stale IDs (frame 200)
[Prune] Removed 7 stale IDs (frame 300)
[Prune] Removed 10 stale IDs (frame 400)
[Evidence] Saved evidence/1776433572_30s.jpg (217588 bytes, sha256:e4229d0537b15...)
[Prune] Removed 12 stale IDs (frame 500)
[Prune] Removed 3 stale IDs (frame 600)
[Prune] Removed 5 stale IDs (frame 700)
[Prune] Removed 13 stale IDs (frame 800)
[Prune] Removed 12 stale IDs (frame 900)
[Evidence] Saved evidence/1776433572_60s.jpg (220476 bytes, sha256:2f1547f9e0a25...)
[Prune] Removed 12 stale IDs (frame 1000)
[Prune] Removed 19 stale IDs (frame 1100)
[Prune] Removed 10 stale IDs (frame 1200)
[Prune] Removed 20 stale IDs (frame 1300)
[Prune] Removed 29 stale IDs (frame 1400)
[Evidence] Saved evidence/1776433572_90s.jpg (215518 bytes, sha256:15c7d5b0ff275...)
[Prune] Removed 18 stale IDs (frame 1500)
[Prune] Removed 5 stale IDs (frame 1600)
[Prune] Removed 10 stale IDs (frame 1700)
[Prune] Removed 2 stale IDs (frame 1800)
[Prune] Removed 7 stale IDs (frame 1900)
[Evidence] Saved evidence/1776433572_120s.jpg (215301 bytes, sha256:4906471ba0e7c...)
[Prune] Removed 6 stale IDs (frame 2000)
[Prune] Removed 4 stale IDs (frame 2100)
[Prune] Removed 14 stale IDs (frame 2200)
[Prune] Removed 7 stale IDs (frame 2300)
[Prune] Removed 9 stale IDs (frame 2400)
[STATE] counting — market=0x241454FD... duration=150s round=3
[Evidence] Saved evidence/1776433572_150s.jpg (220194 bytes, sha256:e51a96ed1c836...)
[Prune] Removed 4 stale IDs (frame 2500)
[Prune] Removed 3 stale IDs (frame 2600)
[Prune] Removed 5 stale IDs (frame 2700)
[Prune] Removed 2 stale IDs (frame 2800)
[WS] Client connected (4 total)
[Prune] Removed 3 stale IDs (frame 2900)
[Evidence] Saved evidence/1776433572_180s.jpg (220278 bytes, sha256:8d9778c0874cd...)
[Prune] Removed 1 stale IDs (frame 3000)
[Prune] Removed 1 stale IDs (frame 3200)
[Evidence] Saved evidence/1776433572_210s.jpg (219636 bytes, sha256:e3e0311ccf9df...)
[Prune] Removed 3 stale IDs (frame 3400)
[Prune] Removed 4 stale IDs (frame 3500)
[Prune] Removed 5 stale IDs (frame 3600)
[Prune] Removed 7 stale IDs (frame 3700)
[Prune] Removed 6 stale IDs (frame 3800)
[Evidence] Saved evidence/1776433572_240s.jpg (219931 bytes, sha256:4b50da446130b...)
[Prune] Removed 8 stale IDs (frame 3900)
[Prune] Removed 6 stale IDs (frame 4000)
[Prune] Removed 11 stale IDs (frame 4100)
[Prune] Removed 15 stale IDs (frame 4200)
[Prune] Removed 7 stale IDs (frame 4300)
[Evidence] Saved evidence/1776433572_270s.jpg (219679 bytes, sha256:be229b3f93af1...)
[Prune] Removed 1 stale IDs (frame 4500)
[Prune] Removed 2 stale IDs (frame 4600)
[Prune] Removed 1 stale IDs (frame 4700)
[Prune] Removed 3 stale IDs (frame 4800)
[Evidence] Saved evidence/1776433572_final.jpg (220455 bytes, sha256:bbeca041a1f88...)
[Evidence] Saved evidence/1776433572_final.jpg (220325 bytes, sha256:c347bcbf8d435...)
[Evidence] Saved evidence/1776433572_final.jpg (220334 bytes, sha256:e53c527486268...)
[STATE] idle — round 3 complete: 17 vehicles
[Prune] Removed 6 stale IDs (frame 4900)
[Prune] Removed 7 stale IDs (frame 5000)
[Prune] Removed 7 stale IDs (frame 5100)
[WS] Client connected (4 total)
[Prune] Removed 4 stale IDs (frame 5200)
[WS] Client disconnected (3 total)
[Prune] Removed 5 stale IDs (frame 5300)
[Prune] Removed 6 stale IDs (frame 5400)
[2026-04-17 10:51:42] No round_complete via WS — reading result.json fallback
[2026-04-17 10:51:42] Count complete: 17 vehicles (in=1 out=16)
[2026-04-17 10:51:44] Pool check OK: total=0.0110 ETH, under=0.0050, over=0.0060
[2026-04-17 10:51:44] Market resolved: 17 vehicles → Over 10 wins
[2026-04-17 10:51:44] resolveMarket tx sent: b3a1996bc2c6bae03d5378d4088d42677a8ebcbfa8063f74b9d7d47682f8caee
[2026-04-17 10:51:47] resolveMarket confirmed (tx: b3a1996bc2c6bae03d5378d4088d42677a8ebcbfa8063f74b9d7d47682f8caee)
[2026-04-17 10:51:47] Ably publish OK: market_resolved
[Prune] Removed 4 stale IDs (frame 5500)
[2026-04-17 10:51:50] Winnings distributed: 0x241454FD6B4d8E924cE11A20aa7c388A4621eC4f (tx: e8346f0af6ec3c9426848d7348a946cc878b7592b2a413d73410c31f463bc885)
[2026-04-17 10:51:50] Auto-distributed winnings (tx: e8346f0af6ec3c9426848d7348a946cc878b7592b2a413d73410c31f463bc885)
[2026-04-17 10:51:50] Ably publish OK: winnings_distributed
[2026-04-17 10:51:50] Ledger POST failed (non-fatal): HTTP Error 400: Bad Request
[2026-04-17 10:51:50] New threshold: 14 (avg of [11, 17])
[2026-04-17 10:51:50] Waiting 15s before Round #4...
[Prune] Removed 7 stale IDs (frame 5600)
[WS] Client connected (4 total)
[WS] Client disconnected (3 total)
[Prune] Removed 4 stale IDs (frame 5700)
[2026-04-17 10:52:05] Round #4 | Levi Ski Resort — Finland | threshold=14
[Prune] Removed 9 stale IDs (frame 5800)
[2026-04-17 10:52:06] createMarket tx sent: 40bc6539f68dd0679183d58c9c71aee8ea82a645db5b821aa77ffdf9ec76bd75
[2026-04-17 10:52:09] Market created: 0xBCdd709B325E4356E1dc7B3bb90A18209Ea19A6b (tx: 40bc6539f68dd0679183d58c9c71aee8ea82a645db5b821aa77ffdf9ec76bd75)
[2026-04-17 10:52:09] Ably publish OK: market_created
[2026-04-17 10:52:09] Counting vehicles for 150s...
[STATE] betting — market=0xBCdd709B... bet=150s count=150s round=4
[LineZone] (295,570) -> (1276,335)
[2026-04-17 10:52:09] [StreamClient] Round 4 started on stream_server
[Counter] Line: (579, 10) -> (701, 710)
[Prune] Removed 3 stale IDs (frame 200)
[Prune] Removed 13 stale IDs (frame 300)
[Prune] Removed 13 stale IDs (frame 400)
[Prune] Removed 11 stale IDs (frame 500)
[Evidence] Saved evidence/1776433929_30s.jpg (220014 bytes, sha256:4da090160dbb6...)
[Prune] Removed 11 stale IDs (frame 600)
[Prune] Removed 4 stale IDs (frame 700)
[Prune] Removed 2 stale IDs (frame 800)
[Prune] Removed 3 stale IDs (frame 900)
[Prune] Removed 6 stale IDs (frame 1000)
[Evidence] Saved evidence/1776433929_60s.jpg (219409 bytes, sha256:3b3d99ee6bde5...)
[Prune] Removed 6 stale IDs (frame 1100)
[Prune] Removed 11 stale IDs (frame 1200)
[Prune] Removed 1 stale IDs (frame 1300)
[Prune] Removed 7 stale IDs (frame 1400)
[Prune] Removed 6 stale IDs (frame 1500)
[Evidence] Saved evidence/1776433929_90s.jpg (219853 bytes, sha256:e926158948e65...)
[Prune] Removed 10 stale IDs (frame 1600)
[Prune] Removed 18 stale IDs (frame 1700)
[Prune] Removed 10 stale IDs (frame 1800)
[WS] Client disconnected (3 total)
connection handler failed
Traceback (most recent call last):
  File "/home/lumen/miniconda3/lib/python3.13/asyncio/selector_events.py", line 1005, in _read_ready__data_received
    data = self._sock.recv(self.max_size)
ConnectionResetError: [Errno 104] Connection reset by peer

The above exception was the direct cause of the following exception:

Traceback (most recent call last):
  File "/home/lumen/miniconda3/lib/python3.13/site-packages/websockets/asyncio/server.py", line 376, in conn_handler
    await self.handler(connection)
  File "/home/lumen/.gemini/antigravity/scratch/rush/oracle/stream_server.py", line 1261, in handler
    async for msg in ws:
    ...<37 lines>...
            pass
  File "/home/lumen/miniconda3/lib/python3.13/site-packages/websockets/asyncio/connection.py", line 242, in __aiter__
    yield await self.recv()
          ^^^^^^^^^^^^^^^^^
  File "/home/lumen/miniconda3/lib/python3.13/site-packages/websockets/asyncio/connection.py", line 322, in recv
    raise self.protocol.close_exc from self.recv_exc
websockets.exceptions.ConnectionClosedError: no close frame received or sent
[WS] Client connected (4 total)
[Prune] Removed 10 stale IDs (frame 1900)
[Prune] Removed 12 stale IDs (frame 2000)
[Evidence] Saved evidence/1776433929_120s.jpg (220548 bytes, sha256:cd83e3f021764...)
[WS] Client connected (5 total)
[Prune] Removed 8 stale IDs (frame 2100)
[Prune] Removed 9 stale IDs (frame 2200)
[WS] Client disconnected (4 total)
[Prune] Removed 9 stale IDs (frame 2300)
[Prune] Removed 4 stale IDs (frame 2400)
[STATE] counting — market=0xBCdd709B... duration=150s round=4
[Evidence] Saved evidence/1776433929_150s.jpg (218509 bytes, sha256:eb9e60bbc038c...)
[Prune] Removed 8 stale IDs (frame 2500)
[Prune] Removed 12 stale IDs (frame 2600)
[Prune] Removed 9 stale IDs (frame 2700)
[Prune] Removed 2 stale IDs (frame 2800)
[Evidence] Saved evidence/1776433929_180s.jpg (219683 bytes, sha256:ae714820d5d88...)
[Prune] Removed 2 stale IDs (frame 2900)
[Prune] Removed 5 stale IDs (frame 3000)
[Prune] Removed 2 stale IDs (frame 3100)
[Prune] Removed 8 stale IDs (frame 3200)
[Prune] Removed 6 stale IDs (frame 3300)
[Evidence] Saved evidence/1776433929_210s.jpg (217521 bytes, sha256:2558a5a53e059...)
[Prune] Removed 6 stale IDs (frame 3400)
[WS] Client disconnected (3 total)
[Prune] Removed 7 stale IDs (frame 3500)
[Prune] Removed 6 stale IDs (frame 3600)
[Prune] Removed 6 stale IDs (frame 3700)
[Evidence] Saved evidence/1776433929_240s.jpg (216544 bytes, sha256:363d3dca447fc...)
[Prune] Removed 7 stale IDs (frame 3800)
[Prune] Removed 8 stale IDs (frame 3900)
[Prune] Removed 5 stale IDs (frame 4000)
[Prune] Removed 21 stale IDs (frame 4100)
[Prune] Removed 11 stale IDs (frame 4200)
[Evidence] Saved evidence/1776433929_270s.jpg (218719 bytes, sha256:71689704d3005...)
[Prune] Removed 6 stale IDs (frame 4300)
[Prune] Removed 7 stale IDs (frame 4400)
[Prune] Removed 4 stale IDs (frame 4500)
[Prune] Removed 4 stale IDs (frame 4600)
[Evidence] Saved evidence/1776433929_final.jpg (219836 bytes, sha256:e3274c4997049...)
[Evidence] Saved evidence/1776433929_final.jpg (219790 bytes, sha256:55e671791b3a0...)
[Evidence] Saved evidence/1776433929_final.jpg (219757 bytes, sha256:e2d8426177dc2...)
[STATE] idle — round 4 complete: 11 vehicles
[Prune] Removed 6 stale IDs (frame 4700)
[Prune] Removed 13 stale IDs (frame 4800)
[Prune] Removed 27 stale IDs (frame 4900)
[Prune] Removed 18 stale IDs (frame 5000)
[Prune] Removed 14 stale IDs (frame 5100)
[2026-04-17 10:57:39] No round_complete via WS — reading result.json fallback
[2026-04-17 10:57:39] Count complete: 11 vehicles (in=0 out=11)
[2026-04-17 10:57:41] Pool check OK: total=0.0110 ETH, under=0.0060, over=0.0050
[2026-04-17 10:57:41] Market resolved: 11 vehicles → Under 14 wins
[2026-04-17 10:57:41] resolveMarket tx sent: 80972666668cb06eeefdcc640f1536d2a4edbd1fe3c7a17d1abe92487e6d44dd
[Prune] Removed 7 stale IDs (frame 5200)
[2026-04-17 10:57:44] resolveMarket confirmed (tx: 80972666668cb06eeefdcc640f1536d2a4edbd1fe3c7a17d1abe92487e6d44dd)
[2026-04-17 10:57:44] Ably publish OK: market_resolved
[2026-04-17 10:57:45] Winnings distributed: 0xBCdd709B325E4356E1dc7B3bb90A18209Ea19A6b (tx: c8b70294301f8e1fdfe41df77883be35f6deeaaa5614759ec0b893f4ced73638)
[2026-04-17 10:57:45] Auto-distributed winnings (tx: c8b70294301f8e1fdfe41df77883be35f6deeaaa5614759ec0b893f4ced73638)
[2026-04-17 10:57:45] Ably publish OK: winnings_distributed
[2026-04-17 10:57:45] Ledger POST failed (non-fatal): HTTP Error 400: Bad Request
[2026-04-17 10:57:45] New threshold: 14 (avg of [17, 11])
[2026-04-17 10:57:45] Waiting 15s before Round #5...
[Prune] Removed 21 stale IDs (frame 5300)
[Prune] Removed 8 stale IDs (frame 5400)
[2026-04-17 10:58:00] Round #5 | Levi Ski Resort — Finland | threshold=14
[2026-04-17 10:58:01] createMarket tx sent: 3f2e49368274b9ad005aa794845002a66423a71b49720857df2e508580d270c6
[2026-04-17 10:58:02] Market created: 0xDF868F55508743D3A090b7202dD0Cc1DeC80a6ec (tx: 3f2e49368274b9ad005aa794845002a66423a71b49720857df2e508580d270c6)
[2026-04-17 10:58:02] Ably publish OK: market_created
[2026-04-17 10:58:02] Counting vehicles for 150s...
[STATE] betting — market=0xDF868F55... bet=150s count=150s round=5
[2026-04-17 10:58:02] [StreamClient] Round 5 started on stream_server
[LineZone] (295,570) -> (1276,335)
[Counter] Line: (579, 10) -> (701, 710)
[Prune] Removed 1 stale IDs (frame 100)
[Prune] Removed 3 stale IDs (frame 200)
[Prune] Removed 13 stale IDs (frame 300)
[Prune] Removed 4 stale IDs (frame 400)
[Prune] Removed 3 stale IDs (frame 500)
[Evidence] Saved evidence/1776434282_30s.jpg (218187 bytes, sha256:0e24781f3b397...)
[Prune] Removed 10 stale IDs (frame 600)
[Prune] Removed 13 stale IDs (frame 700)
[Prune] Removed 10 stale IDs (frame 800)
[Prune] Removed 7 stale IDs (frame 900)
[Prune] Removed 5 stale IDs (frame 1000)
[Evidence] Saved evidence/1776434282_60s.jpg (217500 bytes, sha256:b941127ecf86f...)
[Prune] Removed 2 stale IDs (frame 1100)
[Prune] Removed 7 stale IDs (frame 1200)
[Prune] Removed 11 stale IDs (frame 1300)
[Prune] Removed 8 stale IDs (frame 1400)
[Prune] Removed 6 stale IDs (frame 1500)
[Evidence] Saved evidence/1776434282_90s.jpg (217243 bytes, sha256:e75611beadf4c...)
[Prune] Removed 3 stale IDs (frame 1600)
[Prune] Removed 5 stale IDs (frame 1700)
[Prune] Removed 6 stale IDs (frame 1800)
[Prune] Removed 4 stale IDs (frame 2000)
[Evidence] Saved evidence/1776434282_120s.jpg (219739 bytes, sha256:20e22b548112f...)
[Prune] Removed 4 stale IDs (frame 2100)
[Prune] Removed 4 stale IDs (frame 2200)
[Prune] Removed 6 stale IDs (frame 2300)
[Prune] Removed 6 stale IDs (frame 2400)
[Prune] Removed 7 stale IDs (frame 2500)
[STATE] counting — market=0xDF868F55... duration=150s round=5
[Evidence] Saved evidence/1776434282_150s.jpg (220016 bytes, sha256:79235661c7df5...)
[Prune] Removed 17 stale IDs (frame 2600)
[Prune] Removed 3 stale IDs (frame 2700)
[Prune] Removed 8 stale IDs (frame 2800)
[WS] Client disconnected (2 total)
connection handler failed
Traceback (most recent call last):
  File "/home/lumen/miniconda3/lib/python3.13/asyncio/selector_events.py", line 1067, in write
    n = self._sock.send(data)
BrokenPipeError: [Errno 32] Broken pipe

The above exception was the direct cause of the following exception:

Traceback (most recent call last):
  File "/home/lumen/miniconda3/lib/python3.13/site-packages/websockets/asyncio/server.py", line 376, in conn_handler
    await self.handler(connection)
  File "/home/lumen/.gemini/antigravity/scratch/rush/oracle/stream_server.py", line 1261, in handler
    async for msg in ws:
    ...<37 lines>...
            pass
  File "/home/lumen/miniconda3/lib/python3.13/site-packages/websockets/asyncio/connection.py", line 242, in __aiter__
    yield await self.recv()
          ^^^^^^^^^^^^^^^^^
  File "/home/lumen/miniconda3/lib/python3.13/site-packages/websockets/asyncio/connection.py", line 322, in recv
    raise self.protocol.close_exc from self.recv_exc
websockets.exceptions.ConnectionClosedError: no close frame received or sent
[Prune] Removed 6 stale IDs (frame 2900)
[Prune] Removed 5 stale IDs (frame 3000)
[Evidence] Saved evidence/1776434282_180s.jpg (215407 bytes, sha256:92ed226a810b5...)
[Prune] Removed 10 stale IDs (frame 3100)
[Prune] Removed 7 stale IDs (frame 3200)
[Prune] Removed 3 stale IDs (frame 3300)
[Prune] Removed 3 stale IDs (frame 3400)
[Prune] Removed 6 stale IDs (frame 3500)
[Evidence] Saved evidence/1776434282_210s.jpg (220011 bytes, sha256:32aa1626718ac...)
[Prune] Removed 8 stale IDs (frame 3600)
[Prune] Removed 8 stale IDs (frame 3700)
[WS] Client connected (3 total)
[Prune] Removed 11 stale IDs (frame 3800)
[Prune] Removed 11 stale IDs (frame 3900)
[Prune] Removed 7 stale IDs (frame 4000)
[Evidence] Saved evidence/1776434282_240s.jpg (220875 bytes, sha256:eeb3c0c3056e7...)
[Prune] Removed 7 stale IDs (frame 4100)
[Prune] Removed 1 stale IDs (frame 4200)
[Prune] Removed 6 stale IDs (frame 4300)
[Prune] Removed 7 stale IDs (frame 4400)
[Prune] Removed 3 stale IDs (frame 4500)
[Evidence] Saved evidence/1776434282_270s.jpg (220685 bytes, sha256:2b7fd902b92f1...)
[WS] Client disconnected (2 total)
[Prune] Removed 7 stale IDs (frame 4800)
[Prune] Removed 4 stale IDs (frame 4900)
[Prune] Removed 4 stale IDs (frame 5000)
[Evidence] Saved evidence/1776434282_final.jpg (219027 bytes, sha256:46f647db323dd...)
[Evidence] Saved evidence/1776434282_final.jpg (219084 bytes, sha256:eca28fe653c39...)
[Evidence] Saved evidence/1776434282_final.jpg (219063 bytes, sha256:d46557986e0df...)
[STATE] idle — round 5 complete: 19 vehicles
[Prune] Removed 10 stale IDs (frame 5100)
[Prune] Removed 10 stale IDs (frame 5200)
[Prune] Removed 13 stale IDs (frame 5300)
[Prune] Removed 22 stale IDs (frame 5400)
[Prune] Removed 22 stale IDs (frame 5500)
[2026-04-17 11:03:32] No round_complete via WS — reading result.json fallback
[2026-04-17 11:03:32] Count complete: 19 vehicles (in=0 out=19)
[2026-04-17 11:03:34] Pool check OK: total=0.0100 ETH, under=0.0050, over=0.0050
[2026-04-17 11:03:34] Market resolved: 19 vehicles → Over 14 wins
[2026-04-17 11:03:34] resolveMarket tx sent: bfcc61430eed7aa2abe5ed0a38628fe4c66046a1d718b0e6e9295d99c9376edb
[Prune] Removed 27 stale IDs (frame 5600)
[2026-04-17 11:03:37] resolveMarket confirmed (tx: bfcc61430eed7aa2abe5ed0a38628fe4c66046a1d718b0e6e9295d99c9376edb)
[2026-04-17 11:03:37] Ably publish OK: market_resolved
[2026-04-17 11:03:40] Winnings distributed: 0xDF868F55508743D3A090b7202dD0Cc1DeC80a6ec (tx: 22436f2c70521652198d577cb28d8e5a8f82eded84b681f54b5bb26cf1f9eba4)
[2026-04-17 11:03:40] Auto-distributed winnings (tx: 22436f2c70521652198d577cb28d8e5a8f82eded84b681f54b5bb26cf1f9eba4)
[2026-04-17 11:03:40] Ably publish OK: winnings_distributed
[2026-04-17 11:03:40] Ledger POST OK: {"ok":true}
[2026-04-17 11:03:40] New threshold: 15 (avg of [11, 19])
[2026-04-17 11:03:40] Waiting 15s before Round #6...
[Prune] Removed 22 stale IDs (frame 5700)
[Prune] Removed 17 stale IDs (frame 5800)
[Prune] Removed 19 stale IDs (frame 5900)
[2026-04-17 11:03:55] Round #6 | Levi Ski Resort — Finland | threshold=15
[2026-04-17 11:03:57] createMarket tx sent: 7486d919f8390fe7276b709b4d7f4306244f09d9a827a59f0a61d3760640c048
[2026-04-17 11:03:59] Market created: 0x5e91EdEBb8a25095143b8026c2b9De9BF8DB2B49 (tx: 7486d919f8390fe7276b709b4d7f4306244f09d9a827a59f0a61d3760640c048)
[2026-04-17 11:03:59] Ably publish OK: market_created
[2026-04-17 11:03:59] Counting vehicles for 150s...
[STATE] betting — market=0x5e91EdEB... bet=150s count=150s round=6
[LineZone] (295,570) -> (1276,335)
[2026-04-17 11:04:00] [StreamClient] Round 6 started on stream_server
[Counter] Line: (579, 10) -> (701, 710)
[Prune] Removed 2 stale IDs (frame 100)
[Prune] Removed 4 stale IDs (frame 200)
[Prune] Removed 9 stale IDs (frame 300)
[Prune] Removed 3 stale IDs (frame 500)
[Evidence] Saved evidence/1776434640_30s.jpg (218633 bytes, sha256:cb1af330f9609...)
[Prune] Removed 3 stale IDs (frame 600)
[Prune] Removed 1 stale IDs (frame 700)
[Prune] Removed 2 stale IDs (frame 800)
[Prune] Removed 4 stale IDs (frame 900)
[Prune] Removed 6 stale IDs (frame 1000)
[Evidence] Saved evidence/1776434640_60s.jpg (219791 bytes, sha256:a3d4448ceb478...)
[Prune] Removed 4 stale IDs (frame 1100)
[Prune] Removed 7 stale IDs (frame 1200)
[Prune] Removed 5 stale IDs (frame 1300)
[Prune] Removed 3 stale IDs (frame 1400)
[Prune] Removed 3 stale IDs (frame 1500)
[Evidence] Saved evidence/1776434640_90s.jpg (214258 bytes, sha256:5818146ad930e...)
[Prune] Removed 1 stale IDs (frame 1700)
[Prune] Removed 1 stale IDs (frame 1800)
[Prune] Removed 1 stale IDs (frame 2100)
[Evidence] Saved evidence/1776434640_120s.jpg (217590 bytes, sha256:e386dc1bdea45...)
[Prune] Removed 5 stale IDs (frame 2300)
[Prune] Removed 14 stale IDs (frame 2400)
[Prune] Removed 4 stale IDs (frame 2500)
[Prune] Removed 4 stale IDs (frame 2600)
[Prune] Removed 13 stale IDs (frame 2700)
[STATE] counting — market=0x5e91EdEB... duration=150s round=6
[Evidence] Saved evidence/1776434640_150s.jpg (220643 bytes, sha256:1382c49c4f924...)
[Prune] Removed 4 stale IDs (frame 2800)
[WS] Client connected (3 total)
[Prune] Removed 4 stale IDs (frame 2900)
[WS] Client disconnected (1 total)
connection handler failed
Traceback (most recent call last):
  File "/home/lumen/miniconda3/lib/python3.13/asyncio/selector_events.py", line 1067, in write
    n = self._sock.send(data)
BrokenPipeError: [Errno 32] Broken pipe

The above exception was the direct cause of the following exception:

Traceback (most recent call last):
  File "/home/lumen/miniconda3/lib/python3.13/site-packages/websockets/asyncio/server.py", line 376, in conn_handler
    await self.handler(connection)
  File "/home/lumen/.gemini/antigravity/scratch/rush/oracle/stream_server.py", line 1261, in handler
    async for msg in ws:
    ...<37 lines>...
            pass
  File "/home/lumen/miniconda3/lib/python3.13/site-packages/websockets/asyncio/connection.py", line 242, in __aiter__
    yield await self.recv()
          ^^^^^^^^^^^^^^^^^
  File "/home/lumen/miniconda3/lib/python3.13/site-packages/websockets/asyncio/connection.py", line 322, in recv
    raise self.protocol.close_exc from self.recv_exc
websockets.exceptions.ConnectionClosedError: no close frame received or sent
[WS] Client disconnected (1 total)
connection handler failed
Traceback (most recent call last):
  File "/home/lumen/miniconda3/lib/python3.13/asyncio/selector_events.py", line 1005, in _read_ready__data_received
    data = self._sock.recv(self.max_size)
ConnectionResetError: [Errno 104] Connection reset by peer

The above exception was the direct cause of the following exception:

Traceback (most recent call last):
  File "/home/lumen/miniconda3/lib/python3.13/site-packages/websockets/asyncio/server.py", line 376, in conn_handler
    await self.handler(connection)
  File "/home/lumen/.gemini/antigravity/scratch/rush/oracle/stream_server.py", line 1261, in handler
    async for msg in ws:
    ...<37 lines>...
            pass
  File "/home/lumen/miniconda3/lib/python3.13/site-packages/websockets/asyncio/connection.py", line 242, in __aiter__
    yield await self.recv()
          ^^^^^^^^^^^^^^^^^
  File "/home/lumen/miniconda3/lib/python3.13/site-packages/websockets/asyncio/connection.py", line 322, in recv
    raise self.protocol.close_exc from self.recv_exc
websockets.exceptions.ConnectionClosedError: no close frame received or sent
[Prune] Removed 2 stale IDs (frame 3000)
[Prune] Removed 5 stale IDs (frame 3100)
[Prune] Removed 7 stale IDs (frame 3200)
[Prune] Removed 2 stale IDs (frame 3300)
[Evidence] Saved evidence/1776434640_180s.jpg (221915 bytes, sha256:9e2c78a746205...)
[Prune] Removed 4 stale IDs (frame 3400)
[Prune] Removed 3 stale IDs (frame 3500)
[Prune] Removed 1 stale IDs (frame 3600)
[Prune] Removed 1 stale IDs (frame 3700)
[Prune] Removed 3 stale IDs (frame 3900)
[Evidence] Saved evidence/1776434640_210s.jpg (222067 bytes, sha256:8bdde9e5098cb...)
[Prune] Removed 3 stale IDs (frame 4000)
[Prune] Removed 11 stale IDs (frame 4100)
[Prune] Removed 5 stale IDs (frame 4200)
[Prune] Removed 3 stale IDs (frame 4400)
[Prune] Removed 3 stale IDs (frame 4500)
[Evidence] Saved evidence/1776434640_240s.jpg (221997 bytes, sha256:fa985ffd24a47...)
[Prune] Removed 4 stale IDs (frame 4700)
[Prune] Removed 4 stale IDs (frame 4800)
[Prune] Removed 7 stale IDs (frame 4900)
[Prune] Removed 9 stale IDs (frame 5000)
[Prune] Removed 18 stale IDs (frame 5100)
[Prune] Removed 6 stale IDs (frame 5200)
[Evidence] Saved evidence/1776434640_270s.jpg (220693 bytes, sha256:942290d8e95bb...)
[Prune] Removed 7 stale IDs (frame 5300)
[Prune] Removed 5 stale IDs (frame 5400)
[WS] Client connected (2 total)
[Prune] Removed 10 stale IDs (frame 5500)
[Prune] Removed 9 stale IDs (frame 5600)
[Prune] Removed 9 stale IDs (frame 5700)
[Evidence] Saved evidence/1776434640_final.jpg (220899 bytes, sha256:ecc5f8c78ef4e...)
[Evidence] Saved evidence/1776434640_final.jpg (220885 bytes, sha256:822624baf6241...)
[Evidence] Saved evidence/1776434640_final.jpg (220916 bytes, sha256:9ba641c2c3708...)
[STATE] idle — round 6 complete: 10 vehicles
[Prune] Removed 13 stale IDs (frame 5800)
[Prune] Removed 9 stale IDs (frame 5900)
[Prune] Removed 30 stale IDs (frame 6000)
[Prune] Removed 14 stale IDs (frame 6100)
[Prune] Removed 4 stale IDs (frame 6200)
[Prune] Removed 4 stale IDs (frame 6300)
[2026-04-17 11:09:30] No round_complete via WS — reading result.json fallback
[2026-04-17 11:09:30] Count complete: 10 vehicles (in=0 out=10)
[2026-04-17 11:09:31] Pool check OK: total=0.0150 ETH, under=0.0050, over=0.0100
[2026-04-17 11:09:31] Market resolved: 10 vehicles → Under 15 wins
[2026-04-17 11:09:32] resolveMarket tx sent: 8308aa766b43096e94fada4f03681918e3733ac1ce819b30ab4b7414f8eaf234
[2026-04-17 11:09:32] resolveMarket confirmed (tx: 8308aa766b43096e94fada4f03681918e3733ac1ce819b30ab4b7414f8eaf234)
[2026-04-17 11:09:32] Ably publish OK: market_resolved
[Prune] Removed 6 stale IDs (frame 6400)
[2026-04-17 11:09:35] Winnings distributed: 0x5e91EdEBb8a25095143b8026c2b9De9BF8DB2B49 (tx: f5aa42c5a91a97cb680affa2ba83b27c7dbdcada657f78385f125f3363da85b5)
[2026-04-17 11:09:35] Auto-distributed winnings (tx: f5aa42c5a91a97cb680affa2ba83b27c7dbdcada657f78385f125f3363da85b5)
[2026-04-17 11:09:35] Ably publish OK: winnings_distributed
[2026-04-17 11:09:36] Ledger POST OK: {"ok":true}
[2026-04-17 11:09:36] New threshold: 14 (avg of [19, 10])
[2026-04-17 11:09:36] Waiting 15s before Round #7...
[Prune] Removed 14 stale IDs (frame 6500)
[Prune] Removed 9 stale IDs (frame 6600)
[Prune] Removed 6 stale IDs (frame 6700)
[2026-04-17 11:09:51] Round #7 | Levi Ski Resort — Finland | threshold=14
[2026-04-17 11:09:52] createMarket tx sent: 671467e2ddfa4319084550be9d48ce95e05a9dcd9109d2e6145af962e7929dc3
[2026-04-17 11:09:52] Market created: 0x4c7098414aa62320E2b5cA044d25E9AF2ed50272 (tx: 671467e2ddfa4319084550be9d48ce95e05a9dcd9109d2e6145af962e7929dc3)
[2026-04-17 11:09:53] Ably publish OK: market_created
[2026-04-17 11:09:53] Counting vehicles for 150s...
[STATE] betting — market=0x4c709841... bet=150s count=150s round=7
[LineZone] (295,570) -> (1276,335)
[Counter] Line: (579, 10) -> (701, 710)
[2026-04-17 11:09:53] [StreamClient] Round 7 started on stream_server
[Prune] Removed 2 stale IDs (frame 100)
[Prune] Removed 14 stale IDs (frame 200)
[Prune] Removed 10 stale IDs (frame 300)
[Prune] Removed 9 stale IDs (frame 400)
[Prune] Removed 7 stale IDs (frame 500)
[Evidence] Saved evidence/1776434993_30s.jpg (221826 bytes, sha256:1af230fd0cb4e...)
[Prune] Removed 7 stale IDs (frame 600)
[Prune] Removed 7 stale IDs (frame 700)
[Prune] Removed 5 stale IDs (frame 800)
[Prune] Removed 10 stale IDs (frame 900)
[Prune] Removed 7 stale IDs (frame 1000)
[Prune] Removed 20 stale IDs (frame 1100)
[Evidence] Saved evidence/1776434993_60s.jpg (220457 bytes, sha256:4dde1c1cf8e06...)
[Prune] Removed 20 stale IDs (frame 1200)
[Prune] Removed 13 stale IDs (frame 1300)
[Prune] Removed 7 stale IDs (frame 1400)
[Prune] Removed 5 stale IDs (frame 1500)
[Prune] Removed 2 stale IDs (frame 1600)
[Evidence] Saved evidence/1776434993_90s.jpg (221992 bytes, sha256:83355b1f550cd...)
[Prune] Removed 11 stale IDs (frame 1700)
[Prune] Removed 13 stale IDs (frame 1800)
[Prune] Removed 7 stale IDs (frame 1900)
[Prune] Removed 1 stale IDs (frame 2000)
[Prune] Removed 2 stale IDs (frame 2100)
[Prune] Removed 2 stale IDs (frame 2200)
[Evidence] Saved evidence/1776434993_120s.jpg (221562 bytes, sha256:cc2b0c46e3659...)
[Prune] Removed 3 stale IDs (frame 2300)
[Prune] Removed 1 stale IDs (frame 2400)
[Prune] Removed 1 stale IDs (frame 2600)
[STATE] counting — market=0x4c709841... duration=150s round=7
[Evidence] Saved evidence/1776434993_150s.jpg (221815 bytes, sha256:28ee2badbc12b...)
[Prune] Removed 2 stale IDs (frame 2800)
[Prune] Removed 2 stale IDs (frame 2900)
[Prune] Removed 4 stale IDs (frame 3000)
[Prune] Removed 8 stale IDs (frame 3100)
[Prune] Removed 2 stale IDs (frame 3200)
[Prune] Removed 3 stale IDs (frame 3300)
[Evidence] Saved evidence/1776434993_180s.jpg (221645 bytes, sha256:48c78949cb499...)
[Prune] Removed 4 stale IDs (frame 3400)
[Prune] Removed 4 stale IDs (frame 3700)
[Prune] Removed 2 stale IDs (frame 3800)
[Prune] Removed 7 stale IDs (frame 3900)
[Evidence] Saved evidence/1776434993_210s.jpg (218148 bytes, sha256:8bcc9f697a2ef...)
[Prune] Removed 12 stale IDs (frame 4000)
[Prune] Removed 5 stale IDs (frame 4100)
[Prune] Removed 8 stale IDs (frame 4200)
[Prune] Removed 13 stale IDs (frame 4300)
[Prune] Removed 9 stale IDs (frame 4400)
[Evidence] Saved evidence/1776434993_240s.jpg (222926 bytes, sha256:a54e946bffef0...)
[Prune] Removed 4 stale IDs (frame 4500)
[Prune] Removed 6 stale IDs (frame 4600)
[Prune] Removed 8 stale IDs (frame 4700)
[Prune] Removed 8 stale IDs (frame 4800)
[Prune] Removed 2 stale IDs (frame 4900)
[Prune] Removed 1 stale IDs (frame 5000)
[Evidence] Saved evidence/1776434993_270s.jpg (222545 bytes, sha256:69bf423a43751...)
[Prune] Removed 2 stale IDs (frame 5100)
[Prune] Removed 2 stale IDs (frame 5200)
[Prune] Removed 2 stale IDs (frame 5300)
[Prune] Removed 3 stale IDs (frame 5400)
[Prune] Removed 1 stale IDs (frame 5500)
[Prune] Removed 5 stale IDs (frame 5600)
[Evidence] Saved evidence/1776434993_final.jpg (222337 bytes, sha256:96fc54ea15a31...)
[Evidence] Saved evidence/1776434993_final.jpg (222360 bytes, sha256:1b1f66223edb0...)
[Evidence] Saved evidence/1776434993_final.jpg (222390 bytes, sha256:619400be76ebe...)
[STATE] idle — round 7 complete: 18 vehicles
[Prune] Removed 5 stale IDs (frame 5700)
[Prune] Removed 6 stale IDs (frame 5800)
[Prune] Removed 9 stale IDs (frame 5900)
[Prune] Removed 9 stale IDs (frame 6000)
[WS] Client connected (3 total)
[Prune] Removed 12 stale IDs (frame 6100)
[Prune] Removed 12 stale IDs (frame 6200)
[2026-04-17 11:15:23] No round_complete via WS — reading result.json fallback
[2026-04-17 11:15:23] Count complete: 18 vehicles (in=0 out=18)
[2026-04-17 11:15:24] Pool check OK: total=0.0150 ETH, under=0.0050, over=0.0100
[2026-04-17 11:15:24] Market resolved: 18 vehicles → Over 14 wins
[2026-04-17 11:15:25] resolveMarket tx sent: 76030255aa0131c1975df3202521cb990abc0c6aa1d83d86951f782c3dd17322
[2026-04-17 11:15:27] resolveMarket confirmed (tx: 76030255aa0131c1975df3202521cb990abc0c6aa1d83d86951f782c3dd17322)
[2026-04-17 11:15:27] Ably publish OK: market_resolved
[Prune] Removed 19 stale IDs (frame 6300)
[2026-04-17 11:15:30] Winnings distributed: 0x4c7098414aa62320E2b5cA044d25E9AF2ed50272 (tx: 92de48487ca31e06fbf6777b96e3cb0b230430a14ca37a28a9ebcbd944b60e6d)
[2026-04-17 11:15:30] Auto-distributed winnings (tx: 92de48487ca31e06fbf6777b96e3cb0b230430a14ca37a28a9ebcbd944b60e6d)
[2026-04-17 11:15:30] Ably publish OK: winnings_distributed
[2026-04-17 11:15:31] Ledger POST failed (non-fatal): HTTP Error 400: Bad Request
[2026-04-17 11:15:31] New threshold: 14 (avg of [10, 18])
[2026-04-17 11:15:31] Waiting 15s before Round #8...
[Prune] Removed 11 stale IDs (frame 6400)
[Prune] Removed 16 stale IDs (frame 6500)
[2026-04-17 11:15:46] Round #8 | Levi Ski Resort — Finland | threshold=14
[2026-04-17 11:15:47] createMarket tx sent: 7c7b2f256cd45867f210c320485545dd8bf4d75c3b9f11595c68ec3b51287125
[2026-04-17 11:15:47] Market created: 0x8af3B5850F34943152C432aAdAE68028d1a45dc5 (tx: 7c7b2f256cd45867f210c320485545dd8bf4d75c3b9f11595c68ec3b51287125)
[Prune] Removed 20 stale IDs (frame 6600)
[2026-04-17 11:15:48] Ably publish OK: market_created
[2026-04-17 11:15:48] Counting vehicles for 150s...
[STATE] betting — market=0x8af3B585... bet=150s count=150s round=8
[LineZone] (295,570) -> (1276,335)
[Counter] Line: (579, 10) -> (701, 710)
[2026-04-17 11:15:48] [StreamClient] Round 8 started on stream_server
[Prune] Removed 1 stale IDs (frame 100)
[Prune] Removed 13 stale IDs (frame 200)
[Prune] Removed 12 stale IDs (frame 300)
[Prune] Removed 5 stale IDs (frame 400)
[Evidence] Saved evidence/1776435348_30s.jpg (222305 bytes, sha256:384d117cab08d...)
[Prune] Removed 7 stale IDs (frame 500)
[Prune] Removed 6 stale IDs (frame 600)
[Prune] Removed 12 stale IDs (frame 700)
[WS] Client disconnected (2 total)
connection handler failed
Traceback (most recent call last):
  File "/home/lumen/miniconda3/lib/python3.13/asyncio/selector_events.py", line 1067, in write
    n = self._sock.send(data)
BrokenPipeError: [Errno 32] Broken pipe

The above exception was the direct cause of the following exception:

Traceback (most recent call last):
  File "/home/lumen/miniconda3/lib/python3.13/site-packages/websockets/asyncio/server.py", line 376, in conn_handler
    await self.handler(connection)
  File "/home/lumen/.gemini/antigravity/scratch/rush/oracle/stream_server.py", line 1261, in handler
    async for msg in ws:
    ...<37 lines>...
            pass
  File "/home/lumen/miniconda3/lib/python3.13/site-packages/websockets/asyncio/connection.py", line 242, in __aiter__
    yield await self.recv()
          ^^^^^^^^^^^^^^^^^
  File "/home/lumen/miniconda3/lib/python3.13/site-packages/websockets/asyncio/connection.py", line 322, in recv
    raise self.protocol.close_exc from self.recv_exc
websockets.exceptions.ConnectionClosedError: no close frame received or sent
[Prune] Removed 11 stale IDs (frame 800)
[Prune] Removed 7 stale IDs (frame 900)
[Evidence] Saved evidence/1776435348_60s.jpg (220238 bytes, sha256:4a6db82d70aff...)
[Prune] Removed 9 stale IDs (frame 1000)
[Prune] Removed 6 stale IDs (frame 1100)
[Prune] Removed 6 stale IDs (frame 1200)
[Prune] Removed 6 stale IDs (frame 1300)
[Prune] Removed 5 stale IDs (frame 1400)
[Evidence] Saved evidence/1776435348_90s.jpg (222622 bytes, sha256:584c923578a9e...)
[Prune] Removed 6 stale IDs (frame 1500)
[Prune] Removed 3 stale IDs (frame 1600)
[Prune] Removed 2 stale IDs (frame 1700)
[Prune] Removed 7 stale IDs (frame 1800)
[Prune] Removed 8 stale IDs (frame 1900)
[Evidence] Saved evidence/1776435348_120s.jpg (222710 bytes, sha256:4906357e46720...)
[Prune] Removed 10 stale IDs (frame 2000)
[Prune] Removed 7 stale IDs (frame 2100)
[Prune] Removed 10 stale IDs (frame 2200)
[Prune] Removed 1 stale IDs (frame 2500)
[STATE] counting — market=0x8af3B585... duration=150s round=8
[Evidence] Saved evidence/1776435348_150s.jpg (224207 bytes, sha256:e2d1f85bc3658...)
[Prune] Removed 1 stale IDs (frame 2600)
[Prune] Removed 6 stale IDs (frame 2700)
[Prune] Removed 3 stale IDs (frame 2800)
[Prune] Removed 11 stale IDs (frame 2900)
[Prune] Removed 9 stale IDs (frame 3000)
[Evidence] Saved evidence/1776435348_180s.jpg (224047 bytes, sha256:c841c8556cea1...)
[Prune] Removed 16 stale IDs (frame 3100)
[WS] Client connected (3 total)
[Prune] Removed 11 stale IDs (frame 3200)
[Prune] Removed 11 stale IDs (frame 3300)
[WS] Client disconnected (2 total)
connection handler failed
Traceback (most recent call last):
  File "/home/lumen/miniconda3/lib/python3.13/asyncio/selector_events.py", line 1067, in write
    n = self._sock.send(data)
BrokenPipeError: [Errno 32] Broken pipe

The above exception was the direct cause of the following exception:

Traceback (most recent call last):
  File "/home/lumen/miniconda3/lib/python3.13/site-packages/websockets/asyncio/server.py", line 376, in conn_handler
    await self.handler(connection)
  File "/home/lumen/.gemini/antigravity/scratch/rush/oracle/stream_server.py", line 1261, in handler
    async for msg in ws:
    ...<37 lines>...
            pass
  File "/home/lumen/miniconda3/lib/python3.13/site-packages/websockets/asyncio/connection.py", line 242, in __aiter__
    yield await self.recv()
          ^^^^^^^^^^^^^^^^^
  File "/home/lumen/miniconda3/lib/python3.13/site-packages/websockets/asyncio/connection.py", line 322, in recv
    raise self.protocol.close_exc from self.recv_exc
websockets.exceptions.ConnectionClosedError: no close frame received or sent
[Prune] Removed 18 stale IDs (frame 3400)
[Prune] Removed 9 stale IDs (frame 3500)
[Evidence] Saved evidence/1776435348_210s.jpg (224870 bytes, sha256:e5c4299e7e80c...)
[Prune] Removed 10 stale IDs (frame 3600)
[Prune] Removed 6 stale IDs (frame 3700)
[Prune] Removed 5 stale IDs (frame 3800)
[Prune] Removed 3 stale IDs (frame 3900)
[Prune] Removed 4 stale IDs (frame 4000)
[Evidence] Saved evidence/1776435348_240s.jpg (221631 bytes, sha256:4bf5f7a268625...)
[Prune] Removed 6 stale IDs (frame 4100)
[WS] Client connected (3 total)
[Prune] Removed 8 stale IDs (frame 4200)
[WS] Client disconnected (2 total)
connection handler failed
Traceback (most recent call last):
  File "/home/lumen/miniconda3/lib/python3.13/asyncio/selector_events.py", line 1067, in write
    n = self._sock.send(data)
BrokenPipeError: [Errno 32] Broken pipe

The above exception was the direct cause of the following exception:

Traceback (most recent call last):
  File "/home/lumen/miniconda3/lib/python3.13/site-packages/websockets/asyncio/server.py", line 376, in conn_handler
    await self.handler(connection)
  File "/home/lumen/.gemini/antigravity/scratch/rush/oracle/stream_server.py", line 1261, in handler
    async for msg in ws:
    ...<37 lines>...
            pass
  File "/home/lumen/miniconda3/lib/python3.13/site-packages/websockets/asyncio/connection.py", line 242, in __aiter__
    yield await self.recv()
          ^^^^^^^^^^^^^^^^^
  File "/home/lumen/miniconda3/lib/python3.13/site-packages/websockets/asyncio/connection.py", line 322, in recv
    raise self.protocol.close_exc from self.recv_exc
websockets.exceptions.ConnectionClosedError: no close frame received or sent
[Prune] Removed 8 stale IDs (frame 4300)
[Prune] Removed 9 stale IDs (frame 4400)
[Prune] Removed 10 stale IDs (frame 4500)
[Evidence] Saved evidence/1776435348_270s.jpg (223190 bytes, sha256:c00488553e528...)
[Prune] Removed 23 stale IDs (frame 4600)
[WS] Client connected (3 total)
[Prune] Removed 15 stale IDs (frame 4700)
[Prune] Removed 11 stale IDs (frame 4800)
[Prune] Removed 15 stale IDs (frame 4900)
[Prune] Removed 10 stale IDs (frame 5000)
[Evidence] Saved evidence/1776435348_final.jpg (223405 bytes, sha256:6f692b807d4f5...)
[Evidence] Saved evidence/1776435348_final.jpg (223407 bytes, sha256:39e20df4c1873...)
[Evidence] Saved evidence/1776435348_final.jpg (223398 bytes, sha256:76df91c4f91aa...)
[STATE] idle — round 8 complete: 20 vehicles
[Prune] Removed 13 stale IDs (frame 5100)
[Prune] Removed 8 stale IDs (frame 5200)
[Prune] Removed 2 stale IDs (frame 5300)
[Prune] Removed 6 stale IDs (frame 5400)
[Prune] Removed 3 stale IDs (frame 5500)
[Prune] Removed 1 stale IDs (frame 5600)
[2026-04-17 11:21:18] No round_complete via WS — reading result.json fallback
[2026-04-17 11:21:18] Count complete: 20 vehicles (in=1 out=19)
[2026-04-17 11:21:20] Pool check OK: total=0.0100 ETH, under=0.0050, over=0.0050
[2026-04-17 11:21:20] Market resolved: 20 vehicles → Over 14 wins
[2026-04-17 11:21:20] resolveMarket tx sent: 3192e5f9719c1a9bdbbab95b47d8e14478cc0b5cfb4b599453985851dc5e8898
[2026-04-17 11:21:23] resolveMarket confirmed (tx: 3192e5f9719c1a9bdbbab95b47d8e14478cc0b5cfb4b599453985851dc5e8898)
[2026-04-17 11:21:23] Ably publish OK: market_resolved
[Prune] Removed 1 stale IDs (frame 5700)
[2026-04-17 11:21:26] Winnings distributed: 0x8af3B5850F34943152C432aAdAE68028d1a45dc5 (tx: 4288385551972956c475b460fdcf3c890686e944430938c5f441fc9c0af71fc3)
[2026-04-17 11:21:26] Auto-distributed winnings (tx: 4288385551972956c475b460fdcf3c890686e944430938c5f441fc9c0af71fc3)
[2026-04-17 11:21:26] Ably publish OK: winnings_distributed
[2026-04-17 11:21:26] Ledger POST failed (non-fatal): HTTP Error 400: Bad Request
[2026-04-17 11:21:26] New threshold: 19 (avg of [18, 20])
[2026-04-17 11:21:26] Waiting 15s before Round #9...
[Prune] Removed 1 stale IDs (frame 5800)
[Prune] Removed 1 stale IDs (frame 5900)
[2026-04-17 11:21:41] Round #9 | Levi Ski Resort — Finland | threshold=19
[Prune] Removed 3 stale IDs (frame 6000)
[2026-04-17 11:21:42] createMarket tx sent: 39d354bb2593afe7023710a9524afdb9c62198342423521ed1cabbddb2b05abf
[2026-04-17 11:21:45] Market created: 0x57de71ad7BBE129BF010A324D3c1b5C88E88273a (tx: 39d354bb2593afe7023710a9524afdb9c62198342423521ed1cabbddb2b05abf)
[2026-04-17 11:21:45] Ably publish OK: market_created
[2026-04-17 11:21:45] Counting vehicles for 150s...
[STATE] betting — market=0x57de71ad... bet=150s count=150s round=9
[LineZone] (295,570) -> (1276,335)
[Counter] Line: (579, 10) -> (701, 710)
[2026-04-17 11:21:45] [StreamClient] Round 9 started on stream_server
[Prune] Removed 2 stale IDs (frame 200)
[Prune] Removed 5 stale IDs (frame 300)
[Prune] Removed 7 stale IDs (frame 400)
[Evidence] Saved evidence/1776435705_30s.jpg (224132 bytes, sha256:f392dc4b6de94...)
[Prune] Removed 22 stale IDs (frame 500)
[Prune] Removed 30 stale IDs (frame 600)
[Prune] Removed 32 stale IDs (frame 700)
[Prune] Removed 16 stale IDs (frame 800)
[Prune] Removed 9 stale IDs (frame 900)
[Evidence] Saved evidence/1776435705_60s.jpg (224936 bytes, sha256:2991e92553283...)
[Prune] Removed 5 stale IDs (frame 1000)
[Prune] Removed 11 stale IDs (frame 1100)
[Prune] Removed 17 stale IDs (frame 1200)
[Prune] Removed 9 stale IDs (frame 1300)
[Prune] Removed 13 stale IDs (frame 1400)
[Evidence] Saved evidence/1776435705_90s.jpg (224407 bytes, sha256:2e0ed6afa06a2...)
[Prune] Removed 5 stale IDs (frame 1500)
[Prune] Removed 3 stale IDs (frame 1600)
[Prune] Removed 1 stale IDs (frame 1700)
[Prune] Removed 2 stale IDs (frame 1800)
[Prune] Removed 3 stale IDs (frame 1900)
[Evidence] Saved evidence/1776435705_120s.jpg (224739 bytes, sha256:87c572910db50...)
[Prune] Removed 4 stale IDs (frame 2000)
[Prune] Removed 3 stale IDs (frame 2100)
[Prune] Removed 11 stale IDs (frame 2200)
[Prune] Removed 11 stale IDs (frame 2300)
[Prune] Removed 16 stale IDs (frame 2400)
[STATE] counting — market=0x57de71ad... duration=150s round=9
[Evidence] Saved evidence/1776435705_150s.jpg (224309 bytes, sha256:01b8bdbcc5394...)
[Prune] Removed 8 stale IDs (frame 2500)
[Prune] Removed 11 stale IDs (frame 2600)
[Prune] Removed 11 stale IDs (frame 2700)
[Prune] Removed 14 stale IDs (frame 2800)
[Prune] Removed 14 stale IDs (frame 2900)
[Evidence] Saved evidence/1776435705_180s.jpg (225102 bytes, sha256:b7766dcc8b120...)
[Prune] Removed 17 stale IDs (frame 3000)
[Prune] Removed 12 stale IDs (frame 3100)
[Prune] Removed 7 stale IDs (frame 3200)
[Prune] Removed 2 stale IDs (frame 3300)
[Prune] Removed 1 stale IDs (frame 3400)
[Evidence] Saved evidence/1776435705_210s.jpg (224223 bytes, sha256:3eca86fd3166c...)
[Prune] Removed 4 stale IDs (frame 3500)
[Prune] Removed 4 stale IDs (frame 3600)
[Prune] Removed 6 stale IDs (frame 3700)
[Prune] Removed 8 stale IDs (frame 3800)
[Prune] Removed 7 stale IDs (frame 3900)
[Evidence] Saved evidence/1776435705_240s.jpg (222881 bytes, sha256:0a33db0dc5d7b...)
[Prune] Removed 1 stale IDs (frame 4000)
[Prune] Removed 6 stale IDs (frame 4100)
[Prune] Removed 6 stale IDs (frame 4200)
[Prune] Removed 3 stale IDs (frame 4300)
[Prune] Removed 12 stale IDs (frame 4400)
[Evidence] Saved evidence/1776435705_270s.jpg (223833 bytes, sha256:f51408df65917...)
[Prune] Removed 1 stale IDs (frame 4600)
[Evidence] Saved evidence/1776435705_final.jpg (224563 bytes, sha256:f3d5338b7c631...)
[Evidence] Saved evidence/1776435705_final.jpg (224527 bytes, sha256:af0df5c564388...)
[Evidence] Saved evidence/1776435705_final.jpg (224480 bytes, sha256:d07c7acdb3fff...)
[STATE] idle — round 9 complete: 11 vehicles
[Prune] Removed 1 stale IDs (frame 4900)
[Prune] Removed 1 stale IDs (frame 5000)
[Prune] Removed 3 stale IDs (frame 5200)
[2026-04-17 11:27:15] No round_complete via WS — reading result.json fallback
[2026-04-17 11:27:15] Count complete: 11 vehicles (in=1 out=10)
[Prune] Removed 3 stale IDs (frame 5400)
[2026-04-17 11:27:17] Pool check OK: total=0.0100 ETH, under=0.0050, over=0.0050
[2026-04-17 11:27:17] Market resolved: 11 vehicles → Under 19 wins
[2026-04-17 11:27:17] resolveMarket tx sent: 51ef7814a0b43981a8b05994da0d658add0b20ad32c5ca491c300f2d4600baac
[2026-04-17 11:27:20] resolveMarket confirmed (tx: 51ef7814a0b43981a8b05994da0d658add0b20ad32c5ca491c300f2d4600baac)
[2026-04-17 11:27:20] Ably publish OK: market_resolved
[Prune] Removed 12 stale IDs (frame 5500)
[2026-04-17 11:27:23] Winnings distributed: 0x57de71ad7BBE129BF010A324D3c1b5C88E88273a (tx: ae804d4f60c01c11df7a0eb1cb4f30d578f096d5f1d1588e244f566cc871d212)
[2026-04-17 11:27:23] Auto-distributed winnings (tx: ae804d4f60c01c11df7a0eb1cb4f30d578f096d5f1d1588e244f566cc871d212)
[2026-04-17 11:27:23] Ably publish OK: winnings_distributed
[2026-04-17 11:27:23] Ledger POST failed (non-fatal): HTTP Error 400: Bad Request
[2026-04-17 11:27:23] New threshold: 15 (avg of [20, 11])
[2026-04-17 11:27:23] Waiting 15s before Round #10...
[Prune] Removed 1 stale IDs (frame 5600)
[Prune] Removed 8 stale IDs (frame 5700)
[2026-04-17 11:27:38] Round #10 | Levi Ski Resort — Finland | threshold=15
[Prune] Removed 11 stale IDs (frame 5800)
[2026-04-17 11:27:42] createMarket tx sent: b36adfb6fba5c5746d44c180ebe5da0959cd1c848dc83d490b619fa68dcd4fd7
[2026-04-17 11:27:45] Market created: 0xd9B515Bd928cc1fEAF5491bd094154271DEC4fc0 (tx: b36adfb6fba5c5746d44c180ebe5da0959cd1c848dc83d490b619fa68dcd4fd7)
[Prune] Removed 4 stale IDs (frame 5900)
[2026-04-17 11:27:45] Ably publish OK: market_created
[2026-04-17 11:27:45] Counting vehicles for 150s...
[STATE] betting — market=0xd9B515Bd... bet=150s count=150s round=10
[LineZone] (295,570) -> (1276,335)
[Counter] Line: (579, 10) -> (701, 710)
[2026-04-17 11:27:45] [StreamClient] Round 10 started on stream_server
[Prune] Removed 5 stale IDs (frame 200)
[Prune] Removed 10 stale IDs (frame 300)
[Prune] Removed 4 stale IDs (frame 400)
[Evidence] Saved evidence/1776436065_30s.jpg (224274 bytes, sha256:0376fafac8cff...)
[Prune] Removed 3 stale IDs (frame 500)
[Prune] Removed 6 stale IDs (frame 600)
[Prune] Removed 2 stale IDs (frame 800)
[Prune] Removed 7 stale IDs (frame 900)
[Evidence] Saved evidence/1776436065_60s.jpg (223343 bytes, sha256:ba6571fda6cce...)
[Prune] Removed 9 stale IDs (frame 1000)
[Prune] Removed 4 stale IDs (frame 1100)
[Prune] Removed 7 stale IDs (frame 1200)
[Prune] Removed 11 stale IDs (frame 1300)
[Prune] Removed 9 stale IDs (frame 1400)
[Evidence] Saved evidence/1776436065_90s.jpg (221197 bytes, sha256:7532ff677c023...)
[Prune] Removed 8 stale IDs (frame 1500)
[Prune] Removed 2 stale IDs (frame 1600)
[Prune] Removed 4 stale IDs (frame 1700)
[Prune] Removed 6 stale IDs (frame 1800)
[Prune] Removed 2 stale IDs (frame 1900)
[Evidence] Saved evidence/1776436065_120s.jpg (222997 bytes, sha256:9b9d99e29908f...)
[Prune] Removed 4 stale IDs (frame 2000)
[Prune] Removed 8 stale IDs (frame 2100)
[Prune] Removed 4 stale IDs (frame 2200)
[Prune] Removed 10 stale IDs (frame 2300)
[Prune] Removed 6 stale IDs (frame 2400)
[STATE] counting — market=0xd9B515Bd... duration=150s round=10
[Evidence] Saved evidence/1776436065_150s.jpg (224719 bytes, sha256:87d57748b4e52...)
[Prune] Removed 14 stale IDs (frame 2500)
[Prune] Removed 16 stale IDs (frame 2600)
[Prune] Removed 8 stale IDs (frame 2700)
[Prune] Removed 4 stale IDs (frame 2800)
[Prune] Removed 2 stale IDs (frame 2900)
[Evidence] Saved evidence/1776436065_180s.jpg (224195 bytes, sha256:3722e5d5eff7a...)
[Prune] Removed 5 stale IDs (frame 3000)
[Prune] Removed 8 stale IDs (frame 3100)
[Prune] Removed 3 stale IDs (frame 3200)
[Prune] Removed 7 stale IDs (frame 3300)
[Prune] Removed 7 stale IDs (frame 3400)
[Evidence] Saved evidence/1776436065_210s.jpg (223070 bytes, sha256:56b2703dea464...)
[Prune] Removed 16 stale IDs (frame 3500)
[Prune] Removed 9 stale IDs (frame 3600)
[Prune] Removed 10 stale IDs (frame 3700)
[Prune] Removed 11 stale IDs (frame 3800)
[Prune] Removed 18 stale IDs (frame 3900)
[Evidence] Saved evidence/1776436065_240s.jpg (226047 bytes, sha256:0112401dae0c3...)
[Prune] Removed 12 stale IDs (frame 4000)
[Prune] Removed 20 stale IDs (frame 4100)
[Prune] Removed 16 stale IDs (frame 4200)
[Prune] Removed 19 stale IDs (frame 4300)
[Evidence] Saved evidence/1776436065_270s.jpg (225657 bytes, sha256:648dc95f8ac98...)
[Prune] Removed 5 stale IDs (frame 4400)
[Prune] Removed 3 stale IDs (frame 4500)
[Prune] Removed 3 stale IDs (frame 4600)
[Prune] Removed 1 stale IDs (frame 4700)
[Prune] Removed 3 stale IDs (frame 4800)
[Evidence] Saved evidence/1776436065_final.jpg (221227 bytes, sha256:edd304de23882...)
[Evidence] Saved evidence/1776436065_final.jpg (221354 bytes, sha256:8323b58305a2a...)
[STATE] idle — round 10 complete: 24 vehicles
[Prune] Removed 2 stale IDs (frame 4900)
[Prune] Removed 2 stale IDs (frame 5000)
[Prune] Removed 1 stale IDs (frame 5100)
[Prune] Removed 1 stale IDs (frame 5200)
[2026-04-17 11:33:15] No round_complete via WS — reading result.json fallback
[2026-04-17 11:33:15] Count complete: 24 vehicles (in=0 out=24)
[2026-04-17 11:33:17] Pool check OK: total=0.0110 ETH, under=0.0050, over=0.0060
[2026-04-17 11:33:17] Market resolved: 24 vehicles → Over 15 wins
[2026-04-17 11:33:18] resolveMarket tx sent: 481601410eff076365653a80dae235c993ca337382ec74f898b893da7a22e72a
[2026-04-17 11:33:20] resolveMarket confirmed (tx: 481601410eff076365653a80dae235c993ca337382ec74f898b893da7a22e72a)
[2026-04-17 11:33:20] Ably publish OK: market_resolved
[2026-04-17 11:33:21] Winnings distributed: 0xd9B515Bd928cc1fEAF5491bd094154271DEC4fc0 (tx: 2fe7340db8f953ddcc262599972a31d5b165dee31118245bc3249d53b81a16ff)
[2026-04-17 11:33:21] Auto-distributed winnings (tx: 2fe7340db8f953ddcc262599972a31d5b165dee31118245bc3249d53b81a16ff)
[2026-04-17 11:33:21] Ably publish OK: winnings_distributed
[2026-04-17 11:33:21] Ledger POST failed (non-fatal): HTTP Error 400: Bad Request
[2026-04-17 11:33:21] New threshold: 17 (avg of [11, 24])
[2026-04-17 11:33:21] Waiting 15s before Round #11...
[Prune] Removed 2 stale IDs (frame 5600)
[2026-04-17 11:33:36] Round #11 | Levi Ski Resort — Finland | threshold=17
[2026-04-17 11:33:38] createMarket tx sent: 389097eea77604b3f2d24db49c1578a33a6ece3edf22804c174432b67a1244f0
[2026-04-17 11:33:38] Market created: 0xAc3194651D83aD1B6bDe3aAC6EeE6c2746E43Ee3 (tx: 389097eea77604b3f2d24db49c1578a33a6ece3edf22804c174432b67a1244f0)
[Prune] Removed 2 stale IDs (frame 5700)
[2026-04-17 11:33:39] Ably publish OK: market_created
[2026-04-17 11:33:39] Counting vehicles for 150s...
[STATE] betting — market=0xAc319465... bet=150s count=150s round=11
[LineZone] (295,570) -> (1276,335)
[Counter] Line: (579, 10) -> (701, 710)
[2026-04-17 11:33:39] [StreamClient] Round 11 started on stream_server
[Prune] Removed 1 stale IDs (frame 100)
[Prune] Removed 6 stale IDs (frame 200)
[Prune] Removed 4 stale IDs (frame 300)
[Prune] Removed 9 stale IDs (frame 400)
[Prune] Removed 7 stale IDs (frame 500)
[Evidence] Saved evidence/1776436419_30s.jpg (223455 bytes, sha256:be8cb55c8b9fa...)
[Prune] Removed 8 stale IDs (frame 600)
[Prune] Removed 1 stale IDs (frame 700)
[Prune] Removed 3 stale IDs (frame 800)
[Prune] Removed 2 stale IDs (frame 900)
[Prune] Removed 1 stale IDs (frame 1000)
[Evidence] Saved evidence/1776436419_60s.jpg (224957 bytes, sha256:83de4cb71bb61...)
[Prune] Removed 1 stale IDs (frame 1100)
[Prune] Removed 3 stale IDs (frame 1200)
[Prune] Removed 4 stale IDs (frame 1500)
[Evidence] Saved evidence/1776436419_90s.jpg (226162 bytes, sha256:b8ed29aca49e4...)
[Prune] Removed 4 stale IDs (frame 1600)
[Prune] Removed 12 stale IDs (frame 1700)
[Prune] Removed 4 stale IDs (frame 1800)
[Prune] Removed 1 stale IDs (frame 2000)
[Evidence] Saved evidence/1776436419_120s.jpg (225451 bytes, sha256:14372132cf682...)
[Prune] Removed 5 stale IDs (frame 2300)
[WS] Client disconnected (2 total)
connection handler failed
Traceback (most recent call last):
  File "/home/lumen/miniconda3/lib/python3.13/site-packages/websockets/asyncio/server.py", line 376, in conn_handler
    await self.handler(connection)
  File "/home/lumen/.gemini/antigravity/scratch/rush/oracle/stream_server.py", line 1261, in handler
    async for msg in ws:
    ...<37 lines>...
            pass
  File "/home/lumen/miniconda3/lib/python3.13/site-packages/websockets/asyncio/connection.py", line 242, in __aiter__
    yield await self.recv()
          ^^^^^^^^^^^^^^^^^
  File "/home/lumen/miniconda3/lib/python3.13/site-packages/websockets/asyncio/connection.py", line 322, in recv
    raise self.protocol.close_exc from self.recv_exc
websockets.exceptions.ConnectionClosedError: no close frame received or sent
[Prune] Removed 11 stale IDs (frame 2400)
[Prune] Removed 5 stale IDs (frame 2500)
[STATE] counting — market=0xAc319465... duration=150s round=11
[Evidence] Saved evidence/1776436419_150s.jpg (225681 bytes, sha256:967dbdb8f88f4...)
[Prune] Removed 1 stale IDs (frame 2600)
[Prune] Removed 1 stale IDs (frame 2700)
[Prune] Removed 4 stale IDs (frame 2800)
[Prune] Removed 4 stale IDs (frame 2900)
[Prune] Removed 2 stale IDs (frame 3000)
[Prune] Removed 3 stale IDs (frame 3100)
[Evidence] Saved evidence/1776436419_180s.jpg (225058 bytes, sha256:929e5e6cc74a9...)
[Prune] Removed 2 stale IDs (frame 3200)
[WS] Client connected (3 total)
[Prune] Removed 6 stale IDs (frame 3300)
[Prune] Removed 10 stale IDs (frame 3400)
[Prune] Removed 8 stale IDs (frame 3500)
[Prune] Removed 5 stale IDs (frame 3600)
[Evidence] Saved evidence/1776436419_210s.jpg (226015 bytes, sha256:2f770da74c988...)
[Prune] Removed 7 stale IDs (frame 3700)
[WS] Client disconnected (2 total)
connection handler failed
Traceback (most recent call last):
  File "/home/lumen/miniconda3/lib/python3.13/asyncio/selector_events.py", line 1067, in write
    n = self._sock.send(data)
BrokenPipeError: [Errno 32] Broken pipe

The above exception was the direct cause of the following exception:

Traceback (most recent call last):
  File "/home/lumen/miniconda3/lib/python3.13/site-packages/websockets/asyncio/server.py", line 376, in conn_handler
    await self.handler(connection)
  File "/home/lumen/.gemini/antigravity/scratch/rush/oracle/stream_server.py", line 1261, in handler
    async for msg in ws:
    ...<37 lines>...
            pass
  File "/home/lumen/miniconda3/lib/python3.13/site-packages/websockets/asyncio/connection.py", line 242, in __aiter__
    yield await self.recv()
          ^^^^^^^^^^^^^^^^^
  File "/home/lumen/miniconda3/lib/python3.13/site-packages/websockets/asyncio/connection.py", line 322, in recv
    raise self.protocol.close_exc from self.recv_exc
websockets.exceptions.ConnectionClosedError: no close frame received or sent
[Prune] Removed 18 stale IDs (frame 3800)
[Prune] Removed 14 stale IDs (frame 3900)
[Prune] Removed 4 stale IDs (frame 4000)
[Prune] Removed 8 stale IDs (frame 4100)
[Evidence] Saved evidence/1776436419_240s.jpg (225394 bytes, sha256:31d2d2012a2e6...)
[Prune] Removed 2 stale IDs (frame 4200)
[Prune] Removed 2 stale IDs (frame 4300)
[Prune] Removed 1 stale IDs (frame 4400)
[Prune] Removed 5 stale IDs (frame 4500)
[Prune] Removed 2 stale IDs (frame 4600)
[Prune] Removed 5 stale IDs (frame 4700)
[Evidence] Saved evidence/1776436419_270s.jpg (225780 bytes, sha256:3405908a6bab7...)
[Prune] Removed 6 stale IDs (frame 4800)
[Prune] Removed 5 stale IDs (frame 4900)
[Prune] Removed 3 stale IDs (frame 5000)
[Prune] Removed 7 stale IDs (frame 5100)
[Prune] Removed 3 stale IDs (frame 5200)
[Prune] Removed 1 stale IDs (frame 5300)
[Evidence] Saved evidence/1776436419_final.jpg (225609 bytes, sha256:9864145d3eca7...)
[Evidence] Saved evidence/1776436419_final.jpg (225649 bytes, sha256:90e2ba7698b98...)
[STATE] idle — round 11 complete: 5 vehicles
[Prune] Removed 5 stale IDs (frame 5400)
[Prune] Removed 4 stale IDs (frame 5500)
[Prune] Removed 10 stale IDs (frame 5600)
[Prune] Removed 12 stale IDs (frame 5700)
[Prune] Removed 17 stale IDs (frame 5800)
[Prune] Removed 16 stale IDs (frame 5900)
[2026-04-17 11:39:09] No round_complete via WS — reading result.json fallback
[2026-04-17 11:39:09] Count complete: 5 vehicles (in=0 out=5)
[2026-04-17 11:39:10] Pool check OK: total=0.0100 ETH, under=0.0050, over=0.0050
[2026-04-17 11:39:10] Market resolved: 5 vehicles → Under 17 wins
[2026-04-17 11:39:11] resolveMarket tx sent: a418b8a03af29e457befdcc06806a1a341212c7fa673859876f36c4bc89131f8
[Prune] Removed 6 stale IDs (frame 6000)
[2026-04-17 11:39:13] resolveMarket confirmed (tx: a418b8a03af29e457befdcc06806a1a341212c7fa673859876f36c4bc89131f8)
[2026-04-17 11:39:13] Ably publish OK: market_resolved
[2026-04-17 11:39:17] Winnings distributed: 0xAc3194651D83aD1B6bDe3aAC6EeE6c2746E43Ee3 (tx: 8c1b52a15269df450fe75daa563af3bf6c6960c4afb5445efd63e35cbbd565a8)
[2026-04-17 11:39:17] Auto-distributed winnings (tx: 8c1b52a15269df450fe75daa563af3bf6c6960c4afb5445efd63e35cbbd565a8)
[2026-04-17 11:39:17] Ably publish OK: winnings_distributed
[2026-04-17 11:39:17] Ledger POST failed (non-fatal): HTTP Error 400: Bad Request
[2026-04-17 11:39:17] New threshold: 14 (avg of [24, 5])
[2026-04-17 11:39:17] Waiting 15s before Round #12...
[Prune] Removed 6 stale IDs (frame 6100)
[Prune] Removed 10 stale IDs (frame 6200)
[2026-04-17 11:39:32] Round #12 | Levi Ski Resort — Finland | threshold=14
[2026-04-17 11:39:33] createMarket tx sent: 0485255f082ed7766a3fb7c8bf00152a221b0c11659846d4b8483f6b87bcf454
[2026-04-17 11:39:33] Market created: 0x643D06CaCEA5fa7E5C68F7F58Ac71D31eA08E87A (tx: 0485255f082ed7766a3fb7c8bf00152a221b0c11659846d4b8483f6b87bcf454)
[Prune] Removed 1 stale IDs (frame 6400)
[2026-04-17 11:39:34] Ably publish OK: market_created
[2026-04-17 11:39:34] Counting vehicles for 150s...
[STATE] betting — market=0x643D06Ca... bet=150s count=150s round=12
[LineZone] (295,570) -> (1276,335)
[Counter] Line: (579, 10) -> (701, 710)
[2026-04-17 11:39:34] [StreamClient] Round 12 started on stream_server
[Prune] Removed 1 stale IDs (frame 100)
[Prune] Removed 21 stale IDs (frame 200)
[Prune] Removed 12 stale IDs (frame 300)
[Prune] Removed 7 stale IDs (frame 400)
[Prune] Removed 2 stale IDs (frame 500)
[Evidence] Saved evidence/1776436774_30s.jpg (225940 bytes, sha256:1995dca5c33d8...)
[Prune] Removed 4 stale IDs (frame 600)
[Prune] Removed 1 stale IDs (frame 700)
[Prune] Removed 5 stale IDs (frame 800)
[Prune] Removed 6 stale IDs (frame 900)
[Prune] Removed 6 stale IDs (frame 1000)
[Prune] Removed 9 stale IDs (frame 1100)
[Evidence] Saved evidence/1776436774_60s.jpg (226771 bytes, sha256:6f6e21b18d282...)
[Prune] Removed 19 stale IDs (frame 1200)
[Prune] Removed 9 stale IDs (frame 1300)
[Prune] Removed 14 stale IDs (frame 1400)
[Prune] Removed 14 stale IDs (frame 1500)
[Prune] Removed 6 stale IDs (frame 1600)
[Evidence] Saved evidence/1776436774_90s.jpg (225029 bytes, sha256:be15de1048749...)
[Prune] Removed 10 stale IDs (frame 1700)
[Prune] Removed 16 stale IDs (frame 1800)
[Prune] Removed 20 stale IDs (frame 1900)
[WS] Client connected (3 total)
[Prune] Removed 5 stale IDs (frame 2000)
[WS] Client disconnected (2 total)
connection handler failed
Traceback (most recent call last):
  File "/home/lumen/miniconda3/lib/python3.13/asyncio/selector_events.py", line 1067, in write
    n = self._sock.send(data)
BrokenPipeError: [Errno 32] Broken pipe

The above exception was the direct cause of the following exception:

Traceback (most recent call last):
  File "/home/lumen/miniconda3/lib/python3.13/site-packages/websockets/asyncio/server.py", line 376, in conn_handler
    await self.handler(connection)
  File "/home/lumen/.gemini/antigravity/scratch/rush/oracle/stream_server.py", line 1261, in handler
    async for msg in ws:
    ...<37 lines>...
            pass
  File "/home/lumen/miniconda3/lib/python3.13/site-packages/websockets/asyncio/connection.py", line 242, in __aiter__
    yield await self.recv()
          ^^^^^^^^^^^^^^^^^
  File "/home/lumen/miniconda3/lib/python3.13/site-packages/websockets/asyncio/connection.py", line 322, in recv
    raise self.protocol.close_exc from self.recv_exc
websockets.exceptions.ConnectionClosedError: no close frame received or sent
[Prune] Removed 4 stale IDs (frame 2100)
[Evidence] Saved evidence/1776436774_120s.jpg (225960 bytes, sha256:aee553cc2dcce...)
[Prune] Removed 7 stale IDs (frame 2200)
[Prune] Removed 5 stale IDs (frame 2300)
[Prune] Removed 5 stale IDs (frame 2400)
[Prune] Removed 9 stale IDs (frame 2500)
[WS] Client disconnected (1 total)
connection handler failed
Traceback (most recent call last):
  File "/home/lumen/miniconda3/lib/python3.13/asyncio/selector_events.py", line 1067, in write
    n = self._sock.send(data)
ConnectionResetError: [Errno 104] Connection reset by peer

The above exception was the direct cause of the following exception:

Traceback (most recent call last):
  File "/home/lumen/miniconda3/lib/python3.13/site-packages/websockets/asyncio/server.py", line 376, in conn_handler
    await self.handler(connection)
  File "/home/lumen/.gemini/antigravity/scratch/rush/oracle/stream_server.py", line 1261, in handler
    async for msg in ws:
    ...<37 lines>...
            pass
  File "/home/lumen/miniconda3/lib/python3.13/site-packages/websockets/asyncio/connection.py", line 242, in __aiter__
    yield await self.recv()
          ^^^^^^^^^^^^^^^^^
  File "/home/lumen/miniconda3/lib/python3.13/site-packages/websockets/asyncio/connection.py", line 322, in recv
    raise self.protocol.close_exc from self.recv_exc
websockets.exceptions.ConnectionClosedError: no close frame received or sent
[Prune] Removed 1 stale IDs (frame 2600)
[Prune] Removed 1 stale IDs (frame 2700)
[STATE] counting — market=0x643D06Ca... duration=150s round=12
[Evidence] Saved evidence/1776436774_150s.jpg (226589 bytes, sha256:9892f5fbe2935...)
[Prune] Removed 3 stale IDs (frame 2800)
[Prune] Removed 1 stale IDs (frame 2900)
[Prune] Removed 3 stale IDs (frame 3000)
[Prune] Removed 2 stale IDs (frame 3100)
[Prune] Removed 2 stale IDs (frame 3200)
[Prune] Removed 3 stale IDs (frame 3300)
[Evidence] Saved evidence/1776436774_180s.jpg (223148 bytes, sha256:39b485e1ef12f...)
[Prune] Removed 2 stale IDs (frame 3400)
[Prune] Removed 8 stale IDs (frame 3500)
[Prune] Removed 6 stale IDs (frame 3600)
[Prune] Removed 11 stale IDs (frame 3700)
[Prune] Removed 13 stale IDs (frame 3800)
[Prune] Removed 16 stale IDs (frame 3900)
[Prune] Removed 13 stale IDs (frame 4000)
[Evidence] Saved evidence/1776436774_210s.jpg (225415 bytes, sha256:c8e4feaf51da7...)
[Prune] Removed 13 stale IDs (frame 4100)
[Prune] Removed 15 stale IDs (frame 4200)
[Prune] Removed 20 stale IDs (frame 4300)
[Prune] Removed 31 stale IDs (frame 4400)
[Prune] Removed 37 stale IDs (frame 4500)
[Prune] Removed 34 stale IDs (frame 4600)
[Evidence] Saved evidence/1776436774_240s.jpg (223193 bytes, sha256:6f26ac0c70c2d...)
[Prune] Removed 21 stale IDs (frame 4700)
[Prune] Removed 11 stale IDs (frame 4800)
[Prune] Removed 4 stale IDs (frame 4900)
[Prune] Removed 2 stale IDs (frame 5000)
[Prune] Removed 4 stale IDs (frame 5100)
[Evidence] Saved evidence/1776436774_270s.jpg (225307 bytes, sha256:cf1a485ffc0d3...)
[Prune] Removed 2 stale IDs (frame 5200)
[Prune] Removed 1 stale IDs (frame 5300)
[Prune] Removed 2 stale IDs (frame 5400)
[Prune] Removed 10 stale IDs (frame 5500)
[WS] Client connected (2 total)
[Prune] Removed 7 stale IDs (frame 5600)
[Prune] Removed 7 stale IDs (frame 5700)
[Evidence] Saved evidence/1776436774_final.jpg (226085 bytes, sha256:1fe0f9181565b...)
[Evidence] Saved evidence/1776436774_final.jpg (226115 bytes, sha256:288134553804b...)
[STATE] idle — round 12 complete: 24 vehicles
[Prune] Removed 15 stale IDs (frame 5800)
[Prune] Removed 8 stale IDs (frame 5900)
[Prune] Removed 5 stale IDs (frame 6000)
[WS] Client disconnected (1 total)
connection handler failed
Traceback (most recent call last):
  File "/home/lumen/miniconda3/lib/python3.13/asyncio/selector_events.py", line 1067, in write
    n = self._sock.send(data)
BrokenPipeError: [Errno 32] Broken pipe

The above exception was the direct cause of the following exception:

Traceback (most recent call last):
  File "/home/lumen/miniconda3/lib/python3.13/site-packages/websockets/asyncio/server.py", line 376, in conn_handler
    await self.handler(connection)
  File "/home/lumen/.gemini/antigravity/scratch/rush/oracle/stream_server.py", line 1261, in handler
    async for msg in ws:
    ...<37 lines>...
            pass
  File "/home/lumen/miniconda3/lib/python3.13/site-packages/websockets/asyncio/connection.py", line 242, in __aiter__
    yield await self.recv()
          ^^^^^^^^^^^^^^^^^
  File "/home/lumen/miniconda3/lib/python3.13/site-packages/websockets/asyncio/connection.py", line 322, in recv
    raise self.protocol.close_exc from self.recv_exc
websockets.exceptions.ConnectionClosedError: no close frame received or sent
[Prune] Removed 3 stale IDs (frame 6100)
[WS] Client connected (2 total)
[Prune] Removed 3 stale IDs (frame 6200)
[Prune] Removed 3 stale IDs (frame 6300)
[2026-04-17 11:45:04] No round_complete via WS — reading result.json fallback
[2026-04-17 11:45:04] Count complete: 24 vehicles (in=0 out=24)
[2026-04-17 11:45:06] Pool check OK: total=0.0100 ETH, under=0.0050, over=0.0050
[2026-04-17 11:45:06] Market resolved: 24 vehicles → Over 14 wins
[2026-04-17 11:45:06] resolveMarket tx sent: 5cb13045bff4e4b19ebaa5d0affddd932c1c0ab17fb5cc9d66ca9efa4feecccc
[Prune] Removed 3 stale IDs (frame 6400)
[2026-04-17 11:45:09] resolveMarket confirmed (tx: 5cb13045bff4e4b19ebaa5d0affddd932c1c0ab17fb5cc9d66ca9efa4feecccc)
[2026-04-17 11:45:09] Ably publish OK: market_resolved
[2026-04-17 11:45:10] Winnings distributed: 0x643D06CaCEA5fa7E5C68F7F58Ac71D31eA08E87A (tx: e5a79e761122d0d189181bbaf167936c74e898cbda63dedf7c527bd41ea7fca8)
[2026-04-17 11:45:10] Auto-distributed winnings (tx: e5a79e761122d0d189181bbaf167936c74e898cbda63dedf7c527bd41ea7fca8)
[2026-04-17 11:45:10] Ably publish OK: winnings_distributed
[2026-04-17 11:45:10] Ledger POST failed (non-fatal): HTTP Error 400: Bad Request
[2026-04-17 11:45:10] New threshold: 14 (avg of [5, 24])
[2026-04-17 11:45:10] Waiting 15s before Round #13...
[Prune] Removed 7 stale IDs (frame 6500)
[Prune] Removed 5 stale IDs (frame 6600)
[Prune] Removed 9 stale IDs (frame 6700)
[2026-04-17 11:45:25] Round #13 | Levi Ski Resort — Finland | threshold=14
[2026-04-17 11:45:27] createMarket tx sent: 03e1ec1b3935d96cc939ce1a7ef5fbce938543ad2bd04a60a3c1426d22d6178f
[2026-04-17 11:45:27] Market created: 0x4076f9981b59afF0f1F33D292308Ce7aB30E8698 (tx: 03e1ec1b3935d96cc939ce1a7ef5fbce938543ad2bd04a60a3c1426d22d6178f)
[2026-04-17 11:45:28] Ably publish OK: market_created
[2026-04-17 11:45:28] Counting vehicles for 150s...
[STATE] betting — market=0x4076f998... bet=150s count=150s round=13
[2026-04-17 11:45:28] [StreamClient] Round 13 started on stream_server
[LineZone] (295,570) -> (1276,335)
[Counter] Line: (579, 10) -> (701, 710)
[Prune] Removed 1 stale IDs (frame 100)
[Prune] Removed 5 stale IDs (frame 200)
[Prune] Removed 9 stale IDs (frame 300)
[Prune] Removed 11 stale IDs (frame 400)
[Prune] Removed 4 stale IDs (frame 500)
[Evidence] Saved evidence/1776437128_30s.jpg (225243 bytes, sha256:cc1185cce306a...)
[Prune] Removed 6 stale IDs (frame 600)
[Prune] Removed 9 stale IDs (frame 700)
[Prune] Removed 4 stale IDs (frame 800)
[Prune] Removed 10 stale IDs (frame 900)
[Prune] Removed 3 stale IDs (frame 1100)
[Evidence] Saved evidence/1776437128_60s.jpg (225620 bytes, sha256:c28b3ed1772f8...)
[Prune] Removed 1 stale IDs (frame 1300)
[Prune] Removed 4 stale IDs (frame 1400)
[Prune] Removed 1 stale IDs (frame 1500)
[Prune] Removed 1 stale IDs (frame 1600)
[Prune] Removed 7 stale IDs (frame 1700)
[Evidence] Saved evidence/1776437128_90s.jpg (225928 bytes, sha256:59e3bdc020bba...)
[Prune] Removed 6 stale IDs (frame 1800)
[Prune] Removed 10 stale IDs (frame 1900)
[Prune] Removed 2 stale IDs (frame 2000)
[Prune] Removed 5 stale IDs (frame 2100)
[Prune] Removed 5 stale IDs (frame 2300)
[Evidence] Saved evidence/1776437128_120s.jpg (226017 bytes, sha256:78c88105782ae...)
[Prune] Removed 6 stale IDs (frame 2400)
[Prune] Removed 15 stale IDs (frame 2500)
[Prune] Removed 12 stale IDs (frame 2600)
[Prune] Removed 4 stale IDs (frame 2700)
[Prune] Removed 3 stale IDs (frame 2800)
[Prune] Removed 2 stale IDs (frame 2900)
[STATE] counting — market=0x4076f998... duration=150s round=13
[Evidence] Saved evidence/1776437128_150s.jpg (225923 bytes, sha256:2f5a31ad68526...)
[Prune] Removed 3 stale IDs (frame 3000)
[Prune] Removed 3 stale IDs (frame 3100)
[Prune] Removed 13 stale IDs (frame 3200)
[Prune] Removed 5 stale IDs (frame 3300)
[Prune] Removed 5 stale IDs (frame 3400)
[Evidence] Saved evidence/1776437128_180s.jpg (225913 bytes, sha256:83ca086d372c9...)
[Prune] Removed 6 stale IDs (frame 3500)
[Prune] Removed 6 stale IDs (frame 3600)
[Prune] Removed 4 stale IDs (frame 3700)
[Prune] Removed 4 stale IDs (frame 3800)
[Prune] Removed 5 stale IDs (frame 3900)
[Prune] Removed 3 stale IDs (frame 4000)
[Evidence] Saved evidence/1776437128_210s.jpg (225854 bytes, sha256:fa06acc4f24a1...)
[Prune] Removed 3 stale IDs (frame 4100)
[Prune] Removed 7 stale IDs (frame 4200)
[Prune] Removed 2 stale IDs (frame 4300)
[Prune] Removed 5 stale IDs (frame 4400)
[Prune] Removed 2 stale IDs (frame 4600)
[Evidence] Saved evidence/1776437128_240s.jpg (226180 bytes, sha256:d6f78a2e7ff06...)
[Prune] Removed 6 stale IDs (frame 4700)
[Prune] Removed 8 stale IDs (frame 4800)
[Prune] Removed 6 stale IDs (frame 4900)
[Prune] Removed 11 stale IDs (frame 5000)
[Prune] Removed 20 stale IDs (frame 5100)
[Evidence] Saved evidence/1776437128_270s.jpg (226316 bytes, sha256:8e9ccbe94669f...)
[Prune] Removed 18 stale IDs (frame 5200)
[Prune] Removed 1 stale IDs (frame 5300)
[Prune] Removed 1 stale IDs (frame 5400)
[Prune] Removed 4 stale IDs (frame 5500)
[Prune] Removed 3 stale IDs (frame 5600)
[Prune] Removed 3 stale IDs (frame 5700)
[Evidence] Saved evidence/1776437128_final.jpg (226627 bytes, sha256:aed75b489e76c...)
[Evidence] Saved evidence/1776437128_final.jpg (226636 bytes, sha256:f48bd0337e15d...)
[Evidence] Saved evidence/1776437128_final.jpg (226602 bytes, sha256:8a6e186f82850...)
[STATE] idle — round 13 complete: 9 vehicles
[Prune] Removed 2 stale IDs (frame 6000)
[Prune] Removed 3 stale IDs (frame 6100)
[Prune] Removed 3 stale IDs (frame 6200)
[Prune] Removed 4 stale IDs (frame 6300)
[2026-04-17 11:50:58] No round_complete via WS — reading result.json fallback
[2026-04-17 11:50:58] Count complete: 9 vehicles (in=0 out=9)
[2026-04-17 11:50:59] Pool check OK: total=0.0110 ETH, under=0.0050, over=0.0060
[2026-04-17 11:50:59] Market resolved: 9 vehicles → Under 14 wins
[2026-04-17 11:51:00] resolveMarket tx sent: 9e4082f88447d575d29010c0ec1dba649b2ec75aa5c431e445ea12ea58f01727
[2026-04-17 11:51:00] resolveMarket confirmed (tx: 9e4082f88447d575d29010c0ec1dba649b2ec75aa5c431e445ea12ea58f01727)
[2026-04-17 11:51:00] Ably publish OK: market_resolved
[WS] Client connected (3 total)
[Prune] Removed 9 stale IDs (frame 6400)
[2026-04-17 11:51:03] Winnings distributed: 0x4076f9981b59afF0f1F33D292308Ce7aB30E8698 (tx: c833a22240af6886cdcae0740c896e3c5883aa8f52f1788ff9a9873ebb33f635)
[2026-04-17 11:51:03] Auto-distributed winnings (tx: c833a22240af6886cdcae0740c896e3c5883aa8f52f1788ff9a9873ebb33f635)
[2026-04-17 11:51:03] Ably publish OK: winnings_distributed
[2026-04-17 11:51:04] Ledger POST failed (non-fatal): HTTP Error 400: Bad Request
[2026-04-17 11:51:04] New threshold: 16 (avg of [24, 9])
[2026-04-17 11:51:04] Waiting 15s before Round #14...
[Prune] Removed 7 stale IDs (frame 6500)
[Prune] Removed 6 stale IDs (frame 6600)
[2026-04-17 11:51:19] Round #14 | Levi Ski Resort — Finland | threshold=16
[Prune] Removed 7 stale IDs (frame 6700)
[2026-04-17 11:51:20] createMarket tx sent: 305208b295c25212b3fe5782458eec3e8cf952fc85002d791d9000038aac5a75
[2026-04-17 11:51:20] Market created: 0x522A38AbF22EB82D1f9528308CEA04aA851D9052 (tx: 305208b295c25212b3fe5782458eec3e8cf952fc85002d791d9000038aac5a75)
[2026-04-17 11:51:21] Ably publish OK: market_created
[2026-04-17 11:51:21] Counting vehicles for 150s...
[STATE] betting — market=0x522A38Ab... bet=150s count=150s round=14
[LineZone] (295,570) -> (1276,335)
[Counter] Line: (579, 10) -> (701, 710)
[2026-04-17 11:51:21] [StreamClient] Round 14 started on stream_server
[Prune] Removed 5 stale IDs (frame 200)
[Prune] Removed 6 stale IDs (frame 300)
[Prune] Removed 6 stale IDs (frame 400)
[Evidence] Saved evidence/1776437481_30s.jpg (226099 bytes, sha256:093c16eeafe8f...)
[Prune] Removed 7 stale IDs (frame 500)
[Prune] Removed 4 stale IDs (frame 600)
[Prune] Removed 5 stale IDs (frame 700)
[Prune] Removed 5 stale IDs (frame 900)
[WS] Client connected (4 total)
[Evidence] Saved evidence/1776437481_60s.jpg (226200 bytes, sha256:426ddf86c3783...)
[Prune] Removed 2 stale IDs (frame 1000)
[Prune] Removed 1 stale IDs (frame 1100)
[Prune] Removed 4 stale IDs (frame 1300)
[Prune] Removed 6 stale IDs (frame 1400)
[Evidence] Saved evidence/1776437481_90s.jpg (227021 bytes, sha256:d2379a23e0273...)
[Prune] Removed 9 stale IDs (frame 1500)
[Prune] Removed 3 stale IDs (frame 1600)
[Prune] Removed 8 stale IDs (frame 1700)
[Prune] Removed 12 stale IDs (frame 1800)
[Evidence] Saved evidence/1776437481_120s.jpg (226339 bytes, sha256:6917635fa6775...)
[Prune] Removed 10 stale IDs (frame 1900)
[Prune] Removed 9 stale IDs (frame 2000)
[Prune] Removed 1 stale IDs (frame 2100)
[Prune] Removed 3 stale IDs (frame 2200)
[Prune] Removed 3 stale IDs (frame 2300)
[STATE] counting — market=0x522A38Ab... duration=150s round=14
[Evidence] Saved evidence/1776437481_150s.jpg (226950 bytes, sha256:997b09c72dac9...)
[Prune] Removed 4 stale IDs (frame 2400)
[Prune] Removed 7 stale IDs (frame 2500)
[Prune] Removed 2 stale IDs (frame 2600)
[Prune] Removed 5 stale IDs (frame 2700)
[WS] Client disconnected (3 total)
connection handler failed
Traceback (most recent call last):
  File "/home/lumen/miniconda3/lib/python3.13/site-packages/websockets/asyncio/server.py", line 376, in conn_handler
    await self.handler(connection)
  File "/home/lumen/.gemini/antigravity/scratch/rush/oracle/stream_server.py", line 1261, in handler
    async for msg in ws:
    ...<37 lines>...
            pass
  File "/home/lumen/miniconda3/lib/python3.13/site-packages/websockets/asyncio/connection.py", line 242, in __aiter__
    yield await self.recv()
          ^^^^^^^^^^^^^^^^^
  File "/home/lumen/miniconda3/lib/python3.13/site-packages/websockets/asyncio/connection.py", line 322, in recv
    raise self.protocol.close_exc from self.recv_exc
websockets.exceptions.ConnectionClosedError: no close frame received or sent
[Prune] Removed 8 stale IDs (frame 2800)
[Evidence] Saved evidence/1776437481_180s.jpg (225968 bytes, sha256:b3f41698480ff...)
[Prune] Removed 15 stale IDs (frame 2900)
[Prune] Removed 15 stale IDs (frame 3000)
[Prune] Removed 16 stale IDs (frame 3100)
[Prune] Removed 13 stale IDs (frame 3200)
[Prune] Removed 23 stale IDs (frame 3300)
[Evidence] Saved evidence/1776437481_210s.jpg (225148 bytes, sha256:dc3544a1f0323...)
[Prune] Removed 33 stale IDs (frame 3400)
[Prune] Removed 33 stale IDs (frame 3500)
[Prune] Removed 19 stale IDs (frame 3600)
[Prune] Removed 6 stale IDs (frame 3700)
[Prune] Removed 1 stale IDs (frame 3800)
[Evidence] Saved evidence/1776437481_240s.jpg (227121 bytes, sha256:d78bf388cd9c2...)
[Prune] Removed 13 stale IDs (frame 3900)
[Prune] Removed 25 stale IDs (frame 4000)
[Prune] Removed 28 stale IDs (frame 4100)
[Prune] Removed 13 stale IDs (frame 4200)
[Prune] Removed 13 stale IDs (frame 4300)
[Evidence] Saved evidence/1776437481_270s.jpg (226466 bytes, sha256:264ba7295b41e...)
[Prune] Removed 16 stale IDs (frame 4400)
[Prune] Removed 9 stale IDs (frame 4500)
[Prune] Removed 9 stale IDs (frame 4600)
[Prune] Removed 12 stale IDs (frame 4700)
[Prune] Removed 2 stale IDs (frame 4800)
[Evidence] Saved evidence/1776437481_final.jpg (225771 bytes, sha256:b490d15dbdedf...)
[Evidence] Saved evidence/1776437481_final.jpg (225749 bytes, sha256:c779c6aceb36e...)
[STATE] idle — round 14 complete: 18 vehicles
[Prune] Removed 10 stale IDs (frame 4900)
[Prune] Removed 4 stale IDs (frame 5000)
[Prune] Removed 5 stale IDs (frame 5300)
[2026-04-17 11:56:51] No round_complete via WS — reading result.json fallback
[2026-04-17 11:56:51] Count complete: 18 vehicles (in=1 out=17)
[2026-04-17 11:56:53] Pool check OK: total=0.0110 ETH, under=0.0060, over=0.0050
[2026-04-17 11:56:53] Market resolved: 18 vehicles → Over 16 wins
[Prune] Removed 4 stale IDs (frame 5400)
[2026-04-17 11:56:53] resolveMarket tx sent: 9ba163e48d52dcd144101bed72764b364c7e593a328ec6f804ec65b7cd71ad89
[2026-04-17 11:56:54] resolveMarket confirmed (tx: 9ba163e48d52dcd144101bed72764b364c7e593a328ec6f804ec65b7cd71ad89)
[2026-04-17 11:56:54] Ably publish OK: market_resolved
[2026-04-17 11:56:57] Winnings distributed: 0x522A38AbF22EB82D1f9528308CEA04aA851D9052 (tx: d5a9e14ce69c0c2cc45d936f4560aca23f6d44e3f40f9dac44e5983b5bd5cfba)
[2026-04-17 11:56:57] Auto-distributed winnings (tx: d5a9e14ce69c0c2cc45d936f4560aca23f6d44e3f40f9dac44e5983b5bd5cfba)
[2026-04-17 11:56:57] Ably publish OK: winnings_distributed
[2026-04-17 11:56:57] Ledger POST failed (non-fatal): HTTP Error 400: Bad Request
[2026-04-17 11:56:57] New threshold: 13 (avg of [9, 18])
[2026-04-17 11:56:57] Waiting 15s before Round #15...
[Prune] Removed 5 stale IDs (frame 5500)
[Prune] Removed 2 stale IDs (frame 5600)
[Prune] Removed 5 stale IDs (frame 5700)
[2026-04-17 11:57:12] Round #15 | Levi Ski Resort — Finland | threshold=13
[2026-04-17 11:57:14] createMarket tx sent: ec8d5acbfb55b5a91a09401bdf8b6a6a9099d19d8cf3753b8558e1b5b1376aa4
[2026-04-17 11:57:14] Market created: 0xa4873F082b941b4761863272719cB6a8d30b71a2 (tx: ec8d5acbfb55b5a91a09401bdf8b6a6a9099d19d8cf3753b8558e1b5b1376aa4)
[Prune] Removed 6 stale IDs (frame 5800)
[2026-04-17 11:57:15] Ably publish OK: market_created
[2026-04-17 11:57:15] Counting vehicles for 150s...
[STATE] betting — market=0xa4873F08... bet=150s count=150s round=15
[LineZone] (295,570) -> (1276,335)
[Counter] Line: (579, 10) -> (701, 710)
[2026-04-17 11:57:15] [StreamClient] Round 15 started on stream_server
[Prune] Removed 1 stale IDs (frame 100)
[Prune] Removed 11 stale IDs (frame 200)
[WS] Client disconnected (2 total)
connection handler failed
Traceback (most recent call last):
  File "/home/lumen/miniconda3/lib/python3.13/asyncio/selector_events.py", line 1067, in write
    n = self._sock.send(data)
BrokenPipeError: [Errno 32] Broken pipe

The above exception was the direct cause of the following exception:

Traceback (most recent call last):
  File "/home/lumen/miniconda3/lib/python3.13/site-packages/websockets/asyncio/server.py", line 376, in conn_handler
    await self.handler(connection)
  File "/home/lumen/.gemini/antigravity/scratch/rush/oracle/stream_server.py", line 1261, in handler
    async for msg in ws:
    ...<37 lines>...
            pass
  File "/home/lumen/miniconda3/lib/python3.13/site-packages/websockets/asyncio/connection.py", line 242, in __aiter__
    yield await self.recv()
          ^^^^^^^^^^^^^^^^^
  File "/home/lumen/miniconda3/lib/python3.13/site-packages/websockets/asyncio/connection.py", line 322, in recv
    raise self.protocol.close_exc from self.recv_exc
websockets.exceptions.ConnectionClosedError: no close frame received or sent
[Prune] Removed 7 stale IDs (frame 300)
[Prune] Removed 7 stale IDs (frame 400)
[Prune] Removed 6 stale IDs (frame 500)
[Evidence] Saved evidence/1776437835_30s.jpg (227388 bytes, sha256:468ec3c5db380...)
[Prune] Removed 10 stale IDs (frame 600)
[Prune] Removed 12 stale IDs (frame 700)
[Prune] Removed 23 stale IDs (frame 800)
[WS] Client connected (3 total)
[Prune] Removed 7 stale IDs (frame 900)
[Prune] Removed 8 stale IDs (frame 1000)
[Prune] Removed 4 stale IDs (frame 1100)
[Evidence] Saved evidence/1776437835_60s.jpg (223247 bytes, sha256:8431d7341e420...)
[Prune] Removed 15 stale IDs (frame 1200)
[Prune] Removed 16 stale IDs (frame 1300)
[Prune] Removed 17 stale IDs (frame 1400)
[Prune] Removed 23 stale IDs (frame 1500)
[Prune] Removed 25 stale IDs (frame 1600)
[Evidence] Saved evidence/1776437835_90s.jpg (227569 bytes, sha256:12a9288081ce9...)
[WS] Client connected (4 total)
[Prune] Removed 28 stale IDs (frame 1700)
[Prune] Removed 42 stale IDs (frame 1800)
[Prune] Removed 31 stale IDs (frame 1900)
[Prune] Removed 12 stale IDs (frame 2000)
[Evidence] Saved evidence/1776437835_120s.jpg (226904 bytes, sha256:9ffbf1142cf22...)
[Prune] Removed 4 stale IDs (frame 2100)
[Prune] Removed 12 stale IDs (frame 2200)
[Prune] Removed 2 stale IDs (frame 2300)
[Prune] Removed 6 stale IDs (frame 2400)
[STATE] counting — market=0xa4873F08... duration=150s round=15
[Evidence] Saved evidence/1776437835_150s.jpg (225987 bytes, sha256:430134630047f...)
[Prune] Removed 2 stale IDs (frame 2500)
[Prune] Removed 5 stale IDs (frame 2600)
[Prune] Removed 8 stale IDs (frame 2700)
[Prune] Removed 7 stale IDs (frame 2800)
[Prune] Removed 11 stale IDs (frame 2900)
[Evidence] Saved evidence/1776437835_180s.jpg (222476 bytes, sha256:04f24012d9a6d...)
[Prune] Removed 2 stale IDs (frame 3000)
[Prune] Removed 9 stale IDs (frame 3200)
[Prune] Removed 10 stale IDs (frame 3300)
[Evidence] Saved evidence/1776437835_210s.jpg (227357 bytes, sha256:f967cff9387d2...)
[Prune] Removed 11 stale IDs (frame 3400)
[Prune] Removed 12 stale IDs (frame 3500)
[Prune] Removed 16 stale IDs (frame 3600)
[Prune] Removed 8 stale IDs (frame 3700)
[Prune] Removed 11 stale IDs (frame 3800)
[Evidence] Saved evidence/1776437835_240s.jpg (227098 bytes, sha256:988f01f0c7272...)
[Prune] Removed 7 stale IDs (frame 3900)
[Prune] Removed 9 stale IDs (frame 4000)
[Prune] Removed 3 stale IDs (frame 4100)
[Prune] Removed 7 stale IDs (frame 4200)
[Prune] Removed 4 stale IDs (frame 4300)
[Evidence] Saved evidence/1776437835_270s.jpg (227681 bytes, sha256:b153b8354b58f...)
[Prune] Removed 5 stale IDs (frame 4400)
[Prune] Removed 4 stale IDs (frame 4500)
[Prune] Removed 8 stale IDs (frame 4600)
[Prune] Removed 5 stale IDs (frame 4700)
[Evidence] Saved evidence/1776437835_final.jpg (228275 bytes, sha256:4716cd9cfca44...)
[Evidence] Saved evidence/1776437835_final.jpg (228265 bytes, sha256:e4bc14a261754...)
[Evidence] Saved evidence/1776437835_final.jpg (228265 bytes, sha256:e4bb59dd43806...)
[STATE] idle — round 15 complete: 19 vehicles
[Prune] Removed 7 stale IDs (frame 4800)
[Prune] Removed 6 stale IDs (frame 4900)
[Prune] Removed 6 stale IDs (frame 5000)
[Prune] Removed 8 stale IDs (frame 5100)
[Prune] Removed 4 stale IDs (frame 5200)
[2026-04-17 12:02:45] No round_complete via WS — reading result.json fallback
[2026-04-17 12:02:45] Count complete: 19 vehicles (in=0 out=19)
[2026-04-17 12:02:46] Pool check OK: total=0.0100 ETH, under=0.0050, over=0.0050
[2026-04-17 12:02:46] Market resolved: 19 vehicles → Over 13 wins
[2026-04-17 12:02:47] resolveMarket tx sent: 16a11eb55f855e98457545472f3ccd4925f4e1bc5acb9558b05e58d7c93db1d0
[2026-04-17 12:02:47] resolveMarket confirmed (tx: 16a11eb55f855e98457545472f3ccd4925f4e1bc5acb9558b05e58d7c93db1d0)
[2026-04-17 12:02:47] Ably publish OK: market_resolved
[2026-04-17 12:02:48] Winnings distributed: 0xa4873F082b941b4761863272719cB6a8d30b71a2 (tx: 62cce3b99c48e18e97375f86aee35895f2bec1d0fd0f37adcecf450a4ed0c3b3)
[2026-04-17 12:02:48] Auto-distributed winnings (tx: 62cce3b99c48e18e97375f86aee35895f2bec1d0fd0f37adcecf450a4ed0c3b3)
[2026-04-17 12:02:48] Ably publish OK: winnings_distributed
[2026-04-17 12:02:48] Ledger POST OK: {"ok":true}
[2026-04-17 12:02:48] New threshold: 18 (avg of [18, 19])
[2026-04-17 12:02:48] Waiting 15s before Round #16...
[Prune] Removed 3 stale IDs (frame 5300)
[Prune] Removed 1 stale IDs (frame 5400)
[Prune] Removed 5 stale IDs (frame 5500)
[2026-04-17 12:03:03] Round #16 | Levi Ski Resort — Finland | threshold=18
[2026-04-17 12:03:05] createMarket tx sent: f75dca737c8783136050ff7b66b64a569145f4abbad4ef086a7c557fccf933b3
[2026-04-17 12:03:07] Market created: 0xB5aBb6fa3df263B13429c5A726A5050405Fa5914 (tx: f75dca737c8783136050ff7b66b64a569145f4abbad4ef086a7c557fccf933b3)
[2026-04-17 12:03:08] Ably publish OK: market_created
[2026-04-17 12:03:08] Counting vehicles for 150s...
[STATE] betting — market=0xB5aBb6fa... bet=150s count=150s round=16
[LineZone] (295,570) -> (1276,335)
[Counter] Line: (579, 10) -> (701, 710)
[2026-04-17 12:03:08] [StreamClient] Round 16 started on stream_server
[Prune] Removed 16 stale IDs (frame 200)
[Prune] Removed 21 stale IDs (frame 300)
[Prune] Removed 28 stale IDs (frame 400)
[Evidence] Saved evidence/1776438188_30s.jpg (226085 bytes, sha256:023f6276db8e5...)
[Prune] Removed 20 stale IDs (frame 500)
[Prune] Removed 36 stale IDs (frame 600)
[Prune] Removed 27 stale IDs (frame 700)
[Prune] Removed 32 stale IDs (frame 800)
[Prune] Removed 13 stale IDs (frame 900)
[Evidence] Saved evidence/1776438188_60s.jpg (226922 bytes, sha256:8706189b458dd...)
[Prune] Removed 10 stale IDs (frame 1000)
[Prune] Removed 4 stale IDs (frame 1100)
[Prune] Removed 2 stale IDs (frame 1200)
[Prune] Removed 1 stale IDs (frame 1300)
[Prune] Removed 6 stale IDs (frame 1400)
[Prune] Removed 16 stale IDs (frame 1500)
[Evidence] Saved evidence/1776438188_90s.jpg (226068 bytes, sha256:a9d8343c3ef92...)
[Prune] Removed 11 stale IDs (frame 1600)
[Prune] Removed 8 stale IDs (frame 1700)
[Prune] Removed 8 stale IDs (frame 1800)
[Prune] Removed 6 stale IDs (frame 1900)
[Prune] Removed 6 stale IDs (frame 2000)
[Prune] Removed 8 stale IDs (frame 2100)
[Evidence] Saved evidence/1776438188_120s.jpg (228404 bytes, sha256:997b56a24eae6...)
[Prune] Removed 21 stale IDs (frame 2200)
[WS] Client disconnected (1 total)
connection handler failed
Traceback (most recent call last):
  File "/home/lumen/miniconda3/lib/python3.13/asyncio/selector_events.py", line 1067, in write
    n = self._sock.send(data)
BrokenPipeError: [Errno 32] Broken pipe

The above exception was the direct cause of the following exception:

Traceback (most recent call last):
  File "/home/lumen/miniconda3/lib/python3.13/site-packages/websockets/asyncio/server.py", line 376, in conn_handler
    await self.handler(connection)
  File "/home/lumen/.gemini/antigravity/scratch/rush/oracle/stream_server.py", line 1261, in handler
    async for msg in ws:
    ...<37 lines>...
            pass
  File "/home/lumen/miniconda3/lib/python3.13/site-packages/websockets/asyncio/connection.py", line 242, in __aiter__
    yield await self.recv()
          ^^^^^^^^^^^^^^^^^
  File "/home/lumen/miniconda3/lib/python3.13/site-packages/websockets/asyncio/connection.py", line 322, in recv
    raise self.protocol.close_exc from self.recv_exc
websockets.exceptions.ConnectionClosedError: no close frame received or sent
[Prune] Removed 17 stale IDs (frame 2300)
[Prune] Removed 14 stale IDs (frame 2400)
[Prune] Removed 27 stale IDs (frame 2500)
[Prune] Removed 22 stale IDs (frame 2600)
[Prune] Removed 13 stale IDs (frame 2700)
[STATE] counting — market=0xB5aBb6fa... duration=150s round=16
[Evidence] Saved evidence/1776438188_150s.jpg (228032 bytes, sha256:4d07ed8dd2876...)
[Prune] Removed 13 stale IDs (frame 2800)
[Prune] Removed 15 stale IDs (frame 2900)
[Prune] Removed 12 stale IDs (frame 3000)
[Prune] Removed 10 stale IDs (frame 3100)
[Prune] Removed 8 stale IDs (frame 3200)
[Prune] Removed 4 stale IDs (frame 3300)
[Prune] Removed 5 stale IDs (frame 3400)
[Evidence] Saved evidence/1776438188_180s.jpg (226645 bytes, sha256:d7abe4cf43143...)
[Prune] Removed 16 stale IDs (frame 3500)
[Prune] Removed 10 stale IDs (frame 3600)
[Prune] Removed 7 stale IDs (frame 3700)
[WS] Client disconnected (1 total)
[WS] Client connected (2 total)
[Prune] Removed 10 stale IDs (frame 3800)
[Prune] Removed 6 stale IDs (frame 3900)
[Prune] Removed 11 stale IDs (frame 4000)
[Evidence] Saved evidence/1776438188_210s.jpg (226615 bytes, sha256:543e87b7b98ee...)
[Prune] Removed 7 stale IDs (frame 4100)
[Prune] Removed 1 stale IDs (frame 4200)
[Prune] Removed 4 stale IDs (frame 4300)
[Prune] Removed 8 stale IDs (frame 4400)
[Prune] Removed 3 stale IDs (frame 4500)
[Evidence] Saved evidence/1776438188_240s.jpg (227418 bytes, sha256:05a2196fc27cf...)
[Prune] Removed 8 stale IDs (frame 4600)
[Prune] Removed 6 stale IDs (frame 4700)
[Prune] Removed 8 stale IDs (frame 4800)
[Prune] Removed 7 stale IDs (frame 4900)
[Prune] Removed 7 stale IDs (frame 5000)
[Prune] Removed 12 stale IDs (frame 5100)
[Evidence] Saved evidence/1776438188_270s.jpg (227655 bytes, sha256:59373f472c33c...)
[Prune] Removed 8 stale IDs (frame 5200)
[Prune] Removed 18 stale IDs (frame 5300)
[Prune] Removed 7 stale IDs (frame 5400)
[Prune] Removed 11 stale IDs (frame 5500)
[Prune] Removed 18 stale IDs (frame 5600)
[Evidence] Saved evidence/1776438188_final.jpg (225135 bytes, sha256:793b8a68a6fc7...)
[Evidence] Saved evidence/1776438188_final.jpg (225104 bytes, sha256:43e29e6d4a0ec...)
[Evidence] Saved evidence/1776438188_final.jpg (224907 bytes, sha256:f89e9440c8812...)
[STATE] idle — round 16 complete: 27 vehicles
[Prune] Removed 8 stale IDs (frame 5700)
[Prune] Removed 6 stale IDs (frame 5800)
[Prune] Removed 4 stale IDs (frame 5900)
[Prune] Removed 11 stale IDs (frame 6000)
[Prune] Removed 8 stale IDs (frame 6100)
[Prune] Removed 4 stale IDs (frame 6200)
[2026-04-17 12:08:38] No round_complete via WS — reading result.json fallback
[2026-04-17 12:08:38] Count complete: 27 vehicles (in=0 out=27)
[2026-04-17 12:08:40] Pool check OK: total=0.0100 ETH, under=0.0050, over=0.0050
[2026-04-17 12:08:40] Market resolved: 27 vehicles → Over 18 wins
[2026-04-17 12:08:41] resolveMarket tx sent: a6b46003c56e358237c5ff3c2ee7fb4b0c1d6471fd7a78454cb71f38ff85aae4
[2026-04-17 12:08:41] resolveMarket confirmed (tx: a6b46003c56e358237c5ff3c2ee7fb4b0c1d6471fd7a78454cb71f38ff85aae4)
[2026-04-17 12:08:41] Ably publish OK: market_resolved
[Prune] Removed 4 stale IDs (frame 6300)
[2026-04-17 12:08:42] Winnings distributed: 0xB5aBb6fa3df263B13429c5A726A5050405Fa5914 (tx: 305fd6bbe2ba346050390cee7382bf5c792c6afc00885baa7d18f946eb75917f)
[2026-04-17 12:08:42] Auto-distributed winnings (tx: 305fd6bbe2ba346050390cee7382bf5c792c6afc00885baa7d18f946eb75917f)
[2026-04-17 12:08:42] Ably publish OK: winnings_distributed
[2026-04-17 12:08:42] Ledger POST failed (non-fatal): HTTP Error 400: Bad Request
[2026-04-17 12:08:42] New threshold: 23 (avg of [19, 27])
[2026-04-17 12:08:42] Waiting 15s before Round #17...
[Prune] Removed 6 stale IDs (frame 6400)
[Prune] Removed 5 stale IDs (frame 6500)
[Prune] Removed 5 stale IDs (frame 6600)
[2026-04-17 12:08:57] Round #17 | Levi Ski Resort — Finland | threshold=23
[2026-04-17 12:08:59] createMarket tx sent: bbea87dc5c9c7b22238cee647f3eb1cf9b6b9206df04e237da35840fedc55538
[2026-04-17 12:08:59] Market created: 0xAB36881188f8B084f9d3e979577A3cabe2De7584 (tx: bbea87dc5c9c7b22238cee647f3eb1cf9b6b9206df04e237da35840fedc55538)
[2026-04-17 12:09:00] Ably publish OK: market_created
[2026-04-17 12:09:00] Counting vehicles for 150s...
[STATE] betting — market=0xAB368811... bet=150s count=150s round=17
[2026-04-17 12:09:00] [StreamClient] Round 17 started on stream_server
[LineZone] (295,570) -> (1276,335)
[Counter] Line: (579, 10) -> (701, 710)
[Prune] Removed 1 stale IDs (frame 100)
[Prune] Removed 2 stale IDs (frame 200)
[Prune] Removed 4 stale IDs (frame 300)
[Prune] Removed 4 stale IDs (frame 400)
[Prune] Removed 4 stale IDs (frame 500)
[Evidence] Saved evidence/1776438540_30s.jpg (225813 bytes, sha256:ce8ffab97fe72...)
[Prune] Removed 6 stale IDs (frame 600)
[Prune] Removed 1 stale IDs (frame 700)
[Prune] Removed 5 stale IDs (frame 800)
[Prune] Removed 4 stale IDs (frame 900)
[Prune] Removed 9 stale IDs (frame 1000)
[Prune] Removed 9 stale IDs (frame 1100)
[Evidence] Saved evidence/1776438540_60s.jpg (226492 bytes, sha256:97dff9c4ae2fd...)
[Prune] Removed 7 stale IDs (frame 1200)
[Prune] Removed 4 stale IDs (frame 1300)
[Prune] Removed 2 stale IDs (frame 1400)
[Prune] Removed 5 stale IDs (frame 1500)
[Prune] Removed 2 stale IDs (frame 1600)
[Prune] Removed 2 stale IDs (frame 1700)
[Evidence] Saved evidence/1776438540_90s.jpg (227450 bytes, sha256:b8313821aafe7...)
[Prune] Removed 3 stale IDs (frame 1800)
[Prune] Removed 1 stale IDs (frame 1900)
[Prune] Removed 2 stale IDs (frame 2000)
[Prune] Removed 4 stale IDs (frame 2100)
[Prune] Removed 12 stale IDs (frame 2200)
[Evidence] Saved evidence/1776438540_120s.jpg (227317 bytes, sha256:e40d9e15f975d...)
[Prune] Removed 12 stale IDs (frame 2300)
[Prune] Removed 4 stale IDs (frame 2400)
[Prune] Removed 3 stale IDs (frame 2500)
[Prune] Removed 1 stale IDs (frame 2600)
[Prune] Removed 2 stale IDs (frame 2700)
[Prune] Removed 6 stale IDs (frame 2800)
[STATE] counting — market=0xAB368811... duration=150s round=17
[Prune] Removed 12 stale IDs (frame 2900)
[Evidence] Saved evidence/1776438540_150s.jpg (227603 bytes, sha256:352f7d34e2960...)
[Prune] Removed 5 stale IDs (frame 3000)
[Prune] Removed 5 stale IDs (frame 3100)
[Prune] Removed 4 stale IDs (frame 3200)
[Prune] Removed 4 stale IDs (frame 3400)
[Prune] Removed 1 stale IDs (frame 3500)
[Evidence] Saved evidence/1776438540_180s.jpg (227277 bytes, sha256:b58303865f9da...)
[Prune] Removed 2 stale IDs (frame 3600)
[Prune] Removed 5 stale IDs (frame 3700)
[Prune] Removed 20 stale IDs (frame 3800)
[Prune] Removed 30 stale IDs (frame 3900)
[Prune] Removed 47 stale IDs (frame 4000)
[Prune] Removed 40 stale IDs (frame 4100)
[Evidence] Saved evidence/1776438540_210s.jpg (227449 bytes, sha256:18d47106581f3...)
[Prune] Removed 30 stale IDs (frame 4200)
[Prune] Removed 6 stale IDs (frame 4300)
[Prune] Removed 3 stale IDs (frame 4400)
[Prune] Removed 2 stale IDs (frame 4500)
[Prune] Removed 1 stale IDs (frame 4600)
[Evidence] Saved evidence/1776438540_240s.jpg (227703 bytes, sha256:5c1860c1f4620...)
[Prune] Removed 11 stale IDs (frame 4700)
[Prune] Removed 5 stale IDs (frame 4800)
[Prune] Removed 1 stale IDs (frame 5000)
[Prune] Removed 1 stale IDs (frame 5200)
[Evidence] Saved evidence/1776438540_270s.jpg (228089 bytes, sha256:21c6323771986...)
[Prune] Removed 2 stale IDs (frame 5300)
[Prune] Removed 8 stale IDs (frame 5500)
[Prune] Removed 11 stale IDs (frame 5600)
[Prune] Removed 18 stale IDs (frame 5700)
[Prune] Removed 9 stale IDs (frame 5800)
[Evidence] Saved evidence/1776438540_final.jpg (228256 bytes, sha256:6e938f1093388...)
[Evidence] Saved evidence/1776438540_final.jpg (228241 bytes, sha256:a538dac972965...)
[Evidence] Saved evidence/1776438540_final.jpg (228207 bytes, sha256:a752969b3c0be...)
[STATE] idle — round 17 complete: 19 vehicles
[Prune] Removed 4 stale IDs (frame 5900)
[Prune] Removed 1 stale IDs (frame 6000)
[Prune] Removed 3 stale IDs (frame 6100)
[WS] Client disconnected (1 total)
[Prune] Removed 6 stale IDs (frame 6200)
[WS] Client connected (2 total)
[Prune] Removed 11 stale IDs (frame 6300)
[Prune] Removed 25 stale IDs (frame 6400)
[2026-04-17 12:14:30] No round_complete via WS — reading result.json fallback
[2026-04-17 12:14:30] Count complete: 19 vehicles (in=0 out=19)
[2026-04-17 12:14:31] Pool check OK: total=0.0100 ETH, under=0.0050, over=0.0050
[2026-04-17 12:14:31] Market resolved: 19 vehicles → Under 23 wins
[2026-04-17 12:14:32] resolveMarket tx sent: 10f16ce73a638228abb60b8f2d25099b1f8df1138a421988d12d552a26fd3a1f
[2026-04-17 12:14:32] resolveMarket confirmed (tx: 10f16ce73a638228abb60b8f2d25099b1f8df1138a421988d12d552a26fd3a1f)
[2026-04-17 12:14:32] Ably publish OK: market_resolved
[2026-04-17 12:14:33] Winnings distributed: 0xAB36881188f8B084f9d3e979577A3cabe2De7584 (tx: b46ae5efae57f23cb31dfde042596cd65bc21eddef3dc0cf707a4330153f4df6)
[2026-04-17 12:14:33] Auto-distributed winnings (tx: b46ae5efae57f23cb31dfde042596cd65bc21eddef3dc0cf707a4330153f4df6)
[2026-04-17 12:14:33] Ably publish OK: winnings_distributed
[Prune] Removed 19 stale IDs (frame 6500)
[2026-04-17 12:14:33] Ledger POST failed (non-fatal): HTTP Error 400: Bad Request
[2026-04-17 12:14:33] New threshold: 23 (avg of [27, 19])
[2026-04-17 12:14:33] Waiting 15s before Round #18...
[Prune] Removed 15 stale IDs (frame 6600)
[Prune] Removed 19 stale IDs (frame 6700)
[2026-04-17 12:14:48] Round #18 | Levi Ski Resort — Finland | threshold=23
[2026-04-17 12:14:50] createMarket tx sent: a3c4f67b1c173419f35b91bc2eb39bfce39989bc8c4c5d043fed296923b01553
[Prune] Removed 5 stale IDs (frame 6800)
[2026-04-17 12:14:50] Market created: 0xA9AB56ed351a327E58EAb78eB3324b3aabdf25FD (tx: a3c4f67b1c173419f35b91bc2eb39bfce39989bc8c4c5d043fed296923b01553)
[2026-04-17 12:14:51] Ably publish OK: market_created
[2026-04-17 12:14:51] Counting vehicles for 150s...
[STATE] betting — market=0xA9AB56ed... bet=150s count=150s round=18
[LineZone] (295,570) -> (1276,335)[2026-04-17 12:14:51] [StreamClient] Round 18 started on stream_server

[Counter] Line: (579, 10) -> (701, 710)
[Prune] Removed 3 stale IDs (frame 200)
[Prune] Removed 9 stale IDs (frame 300)
[Prune] Removed 1 stale IDs (frame 400)
[Prune] Removed 7 stale IDs (frame 500)
[Evidence] Saved evidence/1776438891_30s.jpg (228368 bytes, sha256:2619264b1df75...)
[Prune] Removed 2 stale IDs (frame 600)
[WS] Client connected (3 total)
[Prune] Removed 6 stale IDs (frame 700)
[Prune] Removed 7 stale IDs (frame 800)
[Prune] Removed 3 stale IDs (frame 900)
[Prune] Removed 7 stale IDs (frame 1000)
[Evidence] Saved evidence/1776438891_60s.jpg (227656 bytes, sha256:9c74dc48ab173...)
[Prune] Removed 4 stale IDs (frame 1100)
[Prune] Removed 8 stale IDs (frame 1200)
[Prune] Removed 6 stale IDs (frame 1300)
[WS] Client disconnected (2 total)
[WS] Client connected (3 total)
[Prune] Removed 4 stale IDs (frame 1400)
[Prune] Removed 1 stale IDs (frame 1500)
[Evidence] Saved evidence/1776438891_90s.jpg (227660 bytes, sha256:5c504229d4de6...)
[Prune] Removed 3 stale IDs (frame 1600)
[Prune] Removed 1 stale IDs (frame 1700)
[Prune] Removed 2 stale IDs (frame 1800)
[Prune] Removed 3 stale IDs (frame 1900)
[Prune] Removed 4 stale IDs (frame 2000)
[Evidence] Saved evidence/1776438891_120s.jpg (228151 bytes, sha256:a85b2c36c8051...)
[Prune] Removed 4 stale IDs (frame 2100)
[Prune] Removed 15 stale IDs (frame 2200)
[Prune] Removed 2 stale IDs (frame 2300)
[Prune] Removed 3 stale IDs (frame 2400)
[Prune] Removed 3 stale IDs (frame 2500)
[STATE] counting — market=0xA9AB56ed... duration=150s round=18
[Evidence] Saved evidence/1776438891_150s.jpg (227216 bytes, sha256:64b99d4d3786a...)
[Prune] Removed 8 stale IDs (frame 2600)
[Prune] Removed 12 stale IDs (frame 2700)
[Prune] Removed 7 stale IDs (frame 2800)
[Prune] Removed 9 stale IDs (frame 2900)
[WS] Client disconnected (2 total)
connection handler failed
Traceback (most recent call last):
  File "/home/lumen/miniconda3/lib/python3.13/asyncio/selector_events.py", line 1067, in write
    n = self._sock.send(data)
BrokenPipeError: [Errno 32] Broken pipe

The above exception was the direct cause of the following exception:

Traceback (most recent call last):
  File "/home/lumen/miniconda3/lib/python3.13/site-packages/websockets/asyncio/server.py", line 376, in conn_handler
    await self.handler(connection)
  File "/home/lumen/.gemini/antigravity/scratch/rush/oracle/stream_server.py", line 1261, in handler
    async for msg in ws:
    ...<37 lines>...
            pass
  File "/home/lumen/miniconda3/lib/python3.13/site-packages/websockets/asyncio/connection.py", line 242, in __aiter__
    yield await self.recv()
          ^^^^^^^^^^^^^^^^^
  File "/home/lumen/miniconda3/lib/python3.13/site-packages/websockets/asyncio/connection.py", line 322, in recv
    raise self.protocol.close_exc from self.recv_exc
websockets.exceptions.ConnectionClosedError: no close frame received or sent
[Prune] Removed 10 stale IDs (frame 3000)
[Evidence] Saved evidence/1776438891_180s.jpg (226362 bytes, sha256:149c3f040167a...)
[Prune] Removed 16 stale IDs (frame 3100)
[WS] Client connected (3 total)
[Prune] Removed 5 stale IDs (frame 3200)
[Prune] Removed 9 stale IDs (frame 3300)
[Prune] Removed 20 stale IDs (frame 3400)
[Prune] Removed 13 stale IDs (frame 3500)
[Evidence] Saved evidence/1776438891_210s.jpg (228522 bytes, sha256:83246ac4fd2bd...)
[Prune] Removed 15 stale IDs (frame 3600)
[Prune] Removed 5 stale IDs (frame 3700)
[Prune] Removed 12 stale IDs (frame 3800)
[Prune] Removed 9 stale IDs (frame 3900)
[Prune] Removed 22 stale IDs (frame 4000)
[Evidence] Saved evidence/1776438891_240s.jpg (227587 bytes, sha256:fd5bc06099983...)
[Prune] Removed 9 stale IDs (frame 4100)
[Prune] Removed 9 stale IDs (frame 4200)
[Prune] Removed 8 stale IDs (frame 4400)
[Prune] Removed 10 stale IDs (frame 4500)
[Evidence] Saved evidence/1776438891_270s.jpg (227627 bytes, sha256:ccd598dd0bb98...)
[Prune] Removed 7 stale IDs (frame 4600)
[Prune] Removed 3 stale IDs (frame 4700)
[Prune] Removed 8 stale IDs (frame 4800)
[Prune] Removed 5 stale IDs (frame 4900)
[Prune] Removed 6 stale IDs (frame 5000)
[Evidence] Saved evidence/1776438891_final.jpg (228032 bytes, sha256:5a2dd25fded75...)
[Evidence] Saved evidence/1776438891_final.jpg (227951 bytes, sha256:4e0acaf5ac343...)
[Evidence] Saved evidence/1776438891_final.jpg (227956 bytes, sha256:fe1670e2d1953...)
[STATE] idle — round 18 complete: 11 vehicles
[Prune] Removed 8 stale IDs (frame 5100)
[Prune] Removed 12 stale IDs (frame 5200)
[Prune] Removed 13 stale IDs (frame 5300)
[Prune] Removed 15 stale IDs (frame 5400)
[Prune] Removed 6 stale IDs (frame 5500)
[2026-04-17 12:20:21] No round_complete via WS — reading result.json fallback
[2026-04-17 12:20:21] Count complete: 11 vehicles (in=0 out=11)
[Prune] Removed 11 stale IDs (frame 5600)
[2026-04-17 12:20:22] Pool check OK: total=0.0110 ETH, under=0.0060, over=0.0050
[2026-04-17 12:20:22] Market resolved: 11 vehicles → Under 23 wins
[2026-04-17 12:20:23] resolveMarket tx sent: 48c289da4ce28bd258e2c09b3f813cbff8f7e082b82d39438bccdc3b65692a3f
[2026-04-17 12:20:23] resolveMarket confirmed (tx: 48c289da4ce28bd258e2c09b3f813cbff8f7e082b82d39438bccdc3b65692a3f)
[2026-04-17 12:20:24] Ably publish OK: market_resolved
[2026-04-17 12:20:27] Winnings distributed: 0xA9AB56ed351a327E58EAb78eB3324b3aabdf25FD (tx: de0aad1b762481a6c4a85ffbac09337927690204ac416101caed8586f3a3b014)
[2026-04-17 12:20:27] Auto-distributed winnings (tx: de0aad1b762481a6c4a85ffbac09337927690204ac416101caed8586f3a3b014)
[2026-04-17 12:20:27] Ably publish OK: winnings_distributed
[2026-04-17 12:20:27] Ledger POST failed (non-fatal): HTTP Error 400: Bad Request
[2026-04-17 12:20:27] New threshold: 15 (avg of [19, 11])
[2026-04-17 12:20:27] Waiting 15s before Round #19...
[Prune] Removed 6 stale IDs (frame 5700)
[Prune] Removed 13 stale IDs (frame 5800)
[Prune] Removed 18 stale IDs (frame 5900)
[2026-04-17 12:20:42] Round #19 | Levi Ski Resort — Finland | threshold=15
[2026-04-17 12:20:43] createMarket tx sent: ad172534a133e20bc0f1e6da7f31d1ce6a61f732bf3c89626e808885ccdb7366
[2026-04-17 12:20:43] Market created: 0xFB3494cC68062fd486b38930E2067BdE028FF694 (tx: ad172534a133e20bc0f1e6da7f31d1ce6a61f732bf3c89626e808885ccdb7366)
[2026-04-17 12:20:44] Ably publish OK: market_created
[2026-04-17 12:20:44] Counting vehicles for 150s...
[STATE] betting — market=0xFB3494cC... bet=150s count=150s round=19
[2026-04-17 12:20:44] [StreamClient] Round 19 started on stream_server
[LineZone] (295,570) -> (1276,335)
[Counter] Line: (579, 10) -> (701, 710)
[Prune] Removed 8 stale IDs (frame 200)
[Prune] Removed 8 stale IDs (frame 300)
[Prune] Removed 17 stale IDs (frame 400)
[Prune] Removed 12 stale IDs (frame 500)
[Evidence] Saved evidence/1776439244_30s.jpg (227867 bytes, sha256:b2f750bcbeab6...)
[Prune] Removed 6 stale IDs (frame 600)
[Prune] Removed 17 stale IDs (frame 700)
[Prune] Removed 10 stale IDs (frame 800)
[Prune] Removed 12 stale IDs (frame 900)
[Evidence] Saved evidence/1776439244_60s.jpg (227191 bytes, sha256:0532d734eb661...)
[Prune] Removed 15 stale IDs (frame 1000)
[Prune] Removed 9 stale IDs (frame 1100)
[Prune] Removed 6 stale IDs (frame 1200)
[Prune] Removed 10 stale IDs (frame 1300)
[Prune] Removed 9 stale IDs (frame 1400)
[Evidence] Saved evidence/1776439244_90s.jpg (227922 bytes, sha256:d50eafcb21fa2...)
[Prune] Removed 4 stale IDs (frame 1500)
[Prune] Removed 5 stale IDs (frame 1600)
[Prune] Removed 16 stale IDs (frame 1700)
[Prune] Removed 19 stale IDs (frame 1800)
[Prune] Removed 2 stale IDs (frame 1900)
[Evidence] Saved evidence/1776439244_120s.jpg (227819 bytes, sha256:2eb4688a86e98...)
[Prune] Removed 3 stale IDs (frame 2000)
[Prune] Removed 2 stale IDs (frame 2300)
[Prune] Removed 2 stale IDs (frame 2400)
[STATE] counting — market=0xFB3494cC... duration=150s round=19
[Evidence] Saved evidence/1776439244_150s.jpg (227441 bytes, sha256:3331d4fb35085...)
[Prune] Removed 3 stale IDs (frame 2600)
[Prune] Removed 3 stale IDs (frame 2700)
[Prune] Removed 3 stale IDs (frame 2900)
[Prune] Removed 4 stale IDs (frame 3000)
[Prune] Removed 5 stale IDs (frame 3100)
[Prune] Removed 3 stale IDs (frame 3200)
[Evidence] Saved evidence/1776439244_180s.jpg (226982 bytes, sha256:26b059c721f4e...)
[Prune] Removed 3 stale IDs (frame 3300)
[Prune] Removed 5 stale IDs (frame 3400)
[Prune] Removed 2 stale IDs (frame 3700)
[Evidence] Saved evidence/1776439244_210s.jpg (227214 bytes, sha256:076157161409c...)
[Prune] Removed 1 stale IDs (frame 3800)
[Prune] Removed 2 stale IDs (frame 3900)
[Prune] Removed 5 stale IDs (frame 4000)
[Prune] Removed 4 stale IDs (frame 4100)
[Prune] Removed 5 stale IDs (frame 4200)
[Prune] Removed 7 stale IDs (frame 4300)
[Evidence] Saved evidence/1776439244_240s.jpg (227921 bytes, sha256:ff861397e206a...)
[Prune] Removed 7 stale IDs (frame 4400)
[Prune] Removed 8 stale IDs (frame 4500)
[Prune] Removed 10 stale IDs (frame 4600)
[Prune] Removed 6 stale IDs (frame 4700)
[Prune] Removed 5 stale IDs (frame 4800)
[Prune] Removed 6 stale IDs (frame 4900)
[Evidence] Saved evidence/1776439244_270s.jpg (227448 bytes, sha256:7c2e95d762d8e...)
[Prune] Removed 4 stale IDs (frame 5000)
[Prune] Removed 2 stale IDs (frame 5100)
[Prune] Removed 1 stale IDs (frame 5200)
[Prune] Removed 6 stale IDs (frame 5300)
[Prune] Removed 9 stale IDs (frame 5400)
[Prune] Removed 6 stale IDs (frame 5500)
[Evidence] Saved evidence/1776439244_final.jpg (228350 bytes, sha256:119e814822778...)
[Evidence] Saved evidence/1776439244_final.jpg (228263 bytes, sha256:202b2dc3f2ad7...)
[Evidence] Saved evidence/1776439244_final.jpg (228271 bytes, sha256:31c4b94de4449...)
[STATE] idle — round 19 complete: 16 vehicles
[Prune] Removed 1 stale IDs (frame 5600)
[Prune] Removed 10 stale IDs (frame 5700)
[Prune] Removed 7 stale IDs (frame 5800)
[Prune] Removed 1 stale IDs (frame 5900)
[Prune] Removed 2 stale IDs (frame 6000)
[2026-04-17 12:26:14] No round_complete via WS — reading result.json fallback
[2026-04-17 12:26:14] Count complete: 16 vehicles (in=0 out=16)
[2026-04-17 12:26:16] Pool check OK: total=0.0100 ETH, under=0.0050, over=0.0050
[2026-04-17 12:26:16] Market resolved: 16 vehicles → Over 15 wins
[2026-04-17 12:26:17] resolveMarket tx sent: cbf901eba109cfaf506deb2f4a7758b57246fbb25f1abfc9cce0097ea45e8210
[Prune] Removed 4 stale IDs (frame 6200)
[2026-04-17 12:26:19] resolveMarket confirmed (tx: cbf901eba109cfaf506deb2f4a7758b57246fbb25f1abfc9cce0097ea45e8210)
[2026-04-17 12:26:19] Ably publish OK: market_resolved
[WS] Client connected (3 total)
[2026-04-17 12:26:22] Winnings distributed: 0xFB3494cC68062fd486b38930E2067BdE028FF694 (tx: 232c8c817d049bdf8366ae32c3dd0ce12e981d1a5784dc1271d6b8531c41787b)
[2026-04-17 12:26:22] Auto-distributed winnings (tx: 232c8c817d049bdf8366ae32c3dd0ce12e981d1a5784dc1271d6b8531c41787b)
[2026-04-17 12:26:22] Ably publish OK: winnings_distributed
[2026-04-17 12:26:22] Ledger POST failed (non-fatal): HTTP Error 400: Bad Request
[2026-04-17 12:26:22] New threshold: 13 (avg of [11, 16])
[2026-04-17 12:26:22] Waiting 15s before Round #20...
[Prune] Removed 8 stale IDs (frame 6300)
[Prune] Removed 7 stale IDs (frame 6400)
[Prune] Removed 4 stale IDs (frame 6500)
[2026-04-17 12:26:37] Round #20 | Levi Ski Resort — Finland | threshold=13
[2026-04-17 12:26:39] createMarket tx sent: 0e7462898b796c557ae5b4cc66048b650d0d585cee93bf84a3d10b4d279153c5
[2026-04-17 12:26:39] Market created: 0xa423343dc39369c354563307f501c11fCCAc9450 (tx: 0e7462898b796c557ae5b4cc66048b650d0d585cee93bf84a3d10b4d279153c5)
[2026-04-17 12:26:40] Ably publish OK: market_created
[2026-04-17 12:26:40] Counting vehicles for 150s...
[STATE] betting — market=0xa423343d... bet=150s count=150s round=20
[LineZone] (295,570) -> (1276,335)[2026-04-17 12:26:40] [StreamClient] Round 20 started on stream_server

[Counter] Line: (579, 10) -> (701, 710)
[Evidence] Saved evidence/1776439600_30s.jpg (228126 bytes, sha256:e8f43f76a21ab...)
[Prune] Removed 2 stale IDs (frame 700)
[Evidence] Saved evidence/1776439600_60s.jpg (227355 bytes, sha256:f723e6c105a21...)
[Prune] Removed 3 stale IDs (frame 1000)
[Prune] Removed 4 stale IDs (frame 1100)
[Prune] Removed 6 stale IDs (frame 1300)
[Prune] Removed 2 stale IDs (frame 1400)
[Evidence] Saved evidence/1776439600_90s.jpg (228246 bytes, sha256:308ad869bbc2a...)
[Prune] Removed 1 stale IDs (frame 1500)
[Prune] Removed 2 stale IDs (frame 1600)
[Prune] Removed 1 stale IDs (frame 1700)
[Prune] Removed 3 stale IDs (frame 1800)
[Prune] Removed 4 stale IDs (frame 1900)
[Prune] Removed 1 stale IDs (frame 2000)
[Evidence] Saved evidence/1776439600_120s.jpg (227844 bytes, sha256:6c24898d4ca88...)
[Prune] Removed 9 stale IDs (frame 2100)
[Prune] Removed 8 stale IDs (frame 2200)
[Prune] Removed 8 stale IDs (frame 2300)
[Prune] Removed 5 stale IDs (frame 2400)
[Prune] Removed 1 stale IDs (frame 2500)
[STATE] counting — market=0xa423343d... duration=150s round=20
[Evidence] Saved evidence/1776439600_150s.jpg (224251 bytes, sha256:bf3e64690eee0...)
[Prune] Removed 5 stale IDs (frame 2600)
[Prune] Removed 2 stale IDs (frame 2700)
[Prune] Removed 4 stale IDs (frame 2800)
[Prune] Removed 12 stale IDs (frame 2900)
[Prune] Removed 6 stale IDs (frame 3000)
[Evidence] Saved evidence/1776439600_180s.jpg (229703 bytes, sha256:53586805174ae...)
[Prune] Removed 6 stale IDs (frame 3100)
[Prune] Removed 2 stale IDs (frame 3200)
[Prune] Removed 2 stale IDs (frame 3300)
[Prune] Removed 7 stale IDs (frame 3400)
[Prune] Removed 9 stale IDs (frame 3500)
[Evidence] Saved evidence/1776439600_210s.jpg (229128 bytes, sha256:589652fe47527...)
[Prune] Removed 11 stale IDs (frame 3600)
[Prune] Removed 11 stale IDs (frame 3700)
[Prune] Removed 7 stale IDs (frame 3800)
[Prune] Removed 8 stale IDs (frame 3900)
[Evidence] Saved evidence/1776439600_240s.jpg (228451 bytes, sha256:41f80d7d2e46c...)
[Prune] Removed 6 stale IDs (frame 4000)
[Prune] Removed 5 stale IDs (frame 4100)
[Prune] Removed 9 stale IDs (frame 4200)
[Prune] Removed 7 stale IDs (frame 4300)
[Prune] Removed 17 stale IDs (frame 4400)
[Evidence] Saved evidence/1776439600_270s.jpg (232065 bytes, sha256:89671047731e1...)
[Prune] Removed 9 stale IDs (frame 4500)
[Prune] Removed 2 stale IDs (frame 4600)
[Prune] Removed 10 stale IDs (frame 4700)
[Prune] Removed 6 stale IDs (frame 4800)
[Prune] Removed 9 stale IDs (frame 4900)
[Evidence] Saved evidence/1776439600_final.jpg (231442 bytes, sha256:796c8d671a835...)
[Evidence] Saved evidence/1776439600_final.jpg (231457 bytes, sha256:9a2b5d46ca366...)
[Evidence] Saved evidence/1776439600_final.jpg (231400 bytes, sha256:59f8059912e9b...)
[STATE] idle — round 20 complete: 13 vehicles
[Prune] Removed 3 stale IDs (frame 5100)
[Prune] Removed 1 stale IDs (frame 5200)
[Prune] Removed 1 stale IDs (frame 5300)
[Prune] Removed 3 stale IDs (frame 5400)
[Prune] Removed 6 stale IDs (frame 5500)
[2026-04-17 12:32:10] No round_complete via WS — reading result.json fallback
[2026-04-17 12:32:10] Count complete: 13 vehicles (in=0 out=13)
[2026-04-17 12:32:11] Pool check OK: total=0.0100 ETH, under=0.0050, over=0.0050
[2026-04-17 12:32:11] Market resolved: 13 vehicles → Under 13 wins
[2026-04-17 12:32:12] resolveMarket tx sent: b3ff4f89cd8a9368d853b18cb918b731c7e38a14894ccd4462a0126a62f45b83
[2026-04-17 12:32:12] resolveMarket confirmed (tx: b3ff4f89cd8a9368d853b18cb918b731c7e38a14894ccd4462a0126a62f45b83)
[2026-04-17 12:32:12] Ably publish OK: market_resolved
[2026-04-17 12:32:13] Winnings distributed: 0xa423343dc39369c354563307f501c11fCCAc9450 (tx: d6c11cbdbfb54058d1fdfb88ee31c8f7334fc470b63e758225489e269c021010)
[2026-04-17 12:32:13] Auto-distributed winnings (tx: d6c11cbdbfb54058d1fdfb88ee31c8f7334fc470b63e758225489e269c021010)
[2026-04-17 12:32:13] Ably publish OK: winnings_distributed
[2026-04-17 12:32:14] Ledger POST failed (non-fatal): HTTP Error 400: Bad Request
[2026-04-17 12:32:14] New threshold: 14 (avg of [16, 13])
[2026-04-17 12:32:14] Waiting 15s before Round #21...
[Prune] Removed 12 stale IDs (frame 5600)
[Prune] Removed 8 stale IDs (frame 5700)
[2026-04-17 12:32:29] Round #21 | Levi Ski Resort — Finland | threshold=14
[2026-04-17 12:32:30] createMarket tx sent: 79556efd8b098695258bd817df872794d4895dab3b50a90d2bb12cb8591f9bc5
[2026-04-17 12:32:30] Market created: 0x75F6Dd5307E9C2FF7860493808F2e652E3f66817 (tx: 79556efd8b098695258bd817df872794d4895dab3b50a90d2bb12cb8591f9bc5)
[Prune] Removed 1 stale IDs (frame 5900)
[2026-04-17 12:32:31] Ably publish OK: market_created
[2026-04-17 12:32:31] Counting vehicles for 150s...
[STATE] betting — market=0x75F6Dd53... bet=150s count=150s round=21
[LineZone] (295,570) -> (1276,335)
[Counter] Line: (579, 10) -> (701, 710)
[2026-04-17 12:32:31] [StreamClient] Round 21 started on stream_server
[Prune] Removed 4 stale IDs (frame 200)
[Prune] Removed 5 stale IDs (frame 300)
[Prune] Removed 2 stale IDs (frame 400)
[Evidence] Saved evidence/1776439951_30s.jpg (228009 bytes, sha256:9389cceeccc89...)
[Prune] Removed 3 stale IDs (frame 500)
[Prune] Removed 6 stale IDs (frame 600)
[Prune] Removed 5 stale IDs (frame 700)
[Prune] Removed 12 stale IDs (frame 800)
[Prune] Removed 9 stale IDs (frame 900)
[Evidence] Saved evidence/1776439951_60s.jpg (227352 bytes, sha256:47e073dba73f9...)
[Prune] Removed 11 stale IDs (frame 1000)
[Prune] Removed 8 stale IDs (frame 1100)
[Prune] Removed 15 stale IDs (frame 1200)
[Prune] Removed 5 stale IDs (frame 1300)
[Prune] Removed 5 stale IDs (frame 1400)
[Evidence] Saved evidence/1776439951_90s.jpg (231660 bytes, sha256:b362f6a9c699d...)
[Prune] Removed 12 stale IDs (frame 1500)
[Prune] Removed 4 stale IDs (frame 1600)
[Prune] Removed 7 stale IDs (frame 1700)
[Prune] Removed 1 stale IDs (frame 1900)
[Evidence] Saved evidence/1776439951_120s.jpg (231462 bytes, sha256:0171092cd7af2...)
[Prune] Removed 2 stale IDs (frame 2000)
[Prune] Removed 4 stale IDs (frame 2200)
[Prune] Removed 3 stale IDs (frame 2300)
[Prune] Removed 1 stale IDs (frame 2400)
[STATE] counting — market=0x75F6Dd53... duration=150s round=21
[Evidence] Saved evidence/1776439951_150s.jpg (231721 bytes, sha256:58e7374cb2bcb...)
[Prune] Removed 2 stale IDs (frame 2500)
[Prune] Removed 4 stale IDs (frame 2600)
[Prune] Removed 11 stale IDs (frame 2700)
[Prune] Removed 2 stale IDs (frame 2800)
[Prune] Removed 6 stale IDs (frame 2900)
[Evidence] Saved evidence/1776439951_180s.jpg (232289 bytes, sha256:a228a31939a59...)
[Prune] Removed 8 stale IDs (frame 3000)
[Prune] Removed 3 stale IDs (frame 3100)
[Prune] Removed 7 stale IDs (frame 3300)
[Prune] Removed 11 stale IDs (frame 3400)
[Evidence] Saved evidence/1776439951_210s.jpg (231796 bytes, sha256:ef0d7bd788f16...)
[Prune] Removed 31 stale IDs (frame 3500)
[Prune] Removed 30 stale IDs (frame 3600)
[Prune] Removed 25 stale IDs (frame 3700)
[Prune] Removed 21 stale IDs (frame 3800)
[Prune] Removed 8 stale IDs (frame 3900)
[Evidence] Saved evidence/1776439951_240s.jpg (230793 bytes, sha256:951a945b317bb...)
[Prune] Removed 1 stale IDs (frame 4000)
[Prune] Removed 4 stale IDs (frame 4100)
[Prune] Removed 5 stale IDs (frame 4200)
[Prune] Removed 4 stale IDs (frame 4300)
[Prune] Removed 2 stale IDs (frame 4400)
[Evidence] Saved evidence/1776439951_270s.jpg (229714 bytes, sha256:ddc4c07e5dec5...)
[WS] Client disconnected (2 total)
connection handler failed
Traceback (most recent call last):
  File "/home/lumen/miniconda3/lib/python3.13/asyncio/selector_events.py", line 1067, in write
    n = self._sock.send(data)
BrokenPipeError: [Errno 32] Broken pipe

The above exception was the direct cause of the following exception:

Traceback (most recent call last):
  File "/home/lumen/miniconda3/lib/python3.13/site-packages/websockets/asyncio/server.py", line 376, in conn_handler
    await self.handler(connection)
  File "/home/lumen/.gemini/antigravity/scratch/rush/oracle/stream_server.py", line 1261, in handler
    async for msg in ws:
    ...<37 lines>...
            pass
  File "/home/lumen/miniconda3/lib/python3.13/site-packages/websockets/asyncio/connection.py", line 242, in __aiter__
    yield await self.recv()
          ^^^^^^^^^^^^^^^^^
  File "/home/lumen/miniconda3/lib/python3.13/site-packages/websockets/asyncio/connection.py", line 322, in recv
    raise self.protocol.close_exc from self.recv_exc
websockets.exceptions.ConnectionClosedError: no close frame received or sent
[Prune] Removed 14 stale IDs (frame 4500)
[Prune] Removed 8 stale IDs (frame 4600)
[Prune] Removed 11 stale IDs (frame 4700)
[Prune] Removed 5 stale IDs (frame 4800)
[Prune] Removed 6 stale IDs (frame 4900)
[Evidence] Saved evidence/1776439951_final.jpg (230931 bytes, sha256:e20564a92c97e...)
[Evidence] Saved evidence/1776439951_final.jpg (230795 bytes, sha256:6d066d2492360...)
[STATE] idle — round 21 complete: 11 vehicles
[Prune] Removed 1 stale IDs (frame 5000)
[Prune] Removed 7 stale IDs (frame 5100)
[Prune] Removed 3 stale IDs (frame 5200)
[Prune] Removed 4 stale IDs (frame 5300)
[Prune] Removed 5 stale IDs (frame 5500)
[2026-04-17 12:38:01] No round_complete via WS — reading result.json fallback
[2026-04-17 12:38:01] Count complete: 11 vehicles (in=0 out=11)
[2026-04-17 12:38:02] Pool check OK: total=0.0100 ETH, under=0.0050, over=0.0050
[2026-04-17 12:38:02] Market resolved: 11 vehicles → Under 14 wins
[2026-04-17 12:38:03] resolveMarket tx sent: 687aa27d0d7693f4e9cf5210c6b9ab5ecef9437a313864c30483b7fce033fb94
[2026-04-17 12:38:03] resolveMarket confirmed (tx: 687aa27d0d7693f4e9cf5210c6b9ab5ecef9437a313864c30483b7fce033fb94)
[2026-04-17 12:38:03] Ably publish OK: market_resolved
[Prune] Removed 2 stale IDs (frame 5600)
[2026-04-17 12:38:06] Winnings distributed: 0x75F6Dd5307E9C2FF7860493808F2e652E3f66817 (tx: af8a3277419ac9c4ee88e84e678b90929d3d8a33ec704606e33d8ba71ecc52d3)
[2026-04-17 12:38:06] Auto-distributed winnings (tx: af8a3277419ac9c4ee88e84e678b90929d3d8a33ec704606e33d8ba71ecc52d3)
[2026-04-17 12:38:06] Ably publish OK: winnings_distributed
[2026-04-17 12:38:07] Ledger POST failed (non-fatal): HTTP Error 400: Bad Request
[2026-04-17 12:38:07] New threshold: 12 (avg of [13, 11])
[2026-04-17 12:38:07] Waiting 15s before Round #22...
[Prune] Removed 2 stale IDs (frame 5700)
[Prune] Removed 4 stale IDs (frame 5800)
[Prune] Removed 7 stale IDs (frame 5900)
[2026-04-17 12:38:22] Round #22 | Levi Ski Resort — Finland | threshold=12
[2026-04-17 12:38:23] createMarket tx sent: a2363735d554c640063f1e0b6f252fe09aafd868a7baa5d32d1fedb26b52c71d
[Prune] Removed 1 stale IDs (frame 6000)
[2026-04-17 12:38:25] Market created: 0x8cF66D842f1dafE2095BD725De6a8aE0B0A53F06 (tx: a2363735d554c640063f1e0b6f252fe09aafd868a7baa5d32d1fedb26b52c71d)
[2026-04-17 12:38:26] Ably publish OK: market_created
[2026-04-17 12:38:26] Counting vehicles for 150s...
[STATE] betting — market=0x8cF66D84... bet=150s count=150s round=22
[LineZone] (295,570) -> (1276,335)
[Counter] Line: (579, 10) -> (701, 710)
[2026-04-17 12:38:26] [StreamClient] Round 22 started on stream_server
[Prune] Removed 4 stale IDs (frame 200)
[Prune] Removed 6 stale IDs (frame 300)
[Prune] Removed 5 stale IDs (frame 500)
[Evidence] Saved evidence/1776440306_30s.jpg (231789 bytes, sha256:604974ae66215...)
[Prune] Removed 3 stale IDs (frame 700)
[Prune] Removed 2 stale IDs (frame 800)
[Prune] Removed 4 stale IDs (frame 900)
[Prune] Removed 8 stale IDs (frame 1000)
[Prune] Removed 5 stale IDs (frame 1100)
[Evidence] Saved evidence/1776440306_60s.jpg (231221 bytes, sha256:48bf91e1a1966...)
[Prune] Removed 1 stale IDs (frame 1200)
[Evidence] Saved evidence/1776440306_90s.jpg (232006 bytes, sha256:8a1418a3c04bf...)
[Prune] Removed 1 stale IDs (frame 1800)
[WS] Client connected (3 total)
[Prune] Removed 1 stale IDs (frame 2000)
[Prune] Removed 1 stale IDs (frame 2200)
[Evidence] Saved evidence/1776440306_120s.jpg (231600 bytes, sha256:821e412ca5458...)
[Prune] Removed 3 stale IDs (frame 2300)
[Prune] Removed 1 stale IDs (frame 2500)
[Prune] Removed 2 stale IDs (frame 2600)
[STATE] counting — market=0x8cF66D84... duration=150s round=22
[Evidence] Saved evidence/1776440306_150s.jpg (231869 bytes, sha256:ba94ea774d909...)
[Prune] Removed 2 stale IDs (frame 2900)
[Prune] Removed 1 stale IDs (frame 3200)
[Evidence] Saved evidence/1776440306_180s.jpg (232093 bytes, sha256:d01628666522f...)
[Prune] Removed 4 stale IDs (frame 3400)
[Prune] Removed 6 stale IDs (frame 3500)
[Prune] Removed 4 stale IDs (frame 3600)
[Prune] Removed 1 stale IDs (frame 3700)
[Prune] Removed 1 stale IDs (frame 3800)
[Prune] Removed 3 stale IDs (frame 3900)
[Evidence] Saved evidence/1776440306_210s.jpg (231662 bytes, sha256:f534d29d4ebeb...)
[Prune] Removed 3 stale IDs (frame 4100)
[Prune] Removed 4 stale IDs (frame 4200)
[Prune] Removed 1 stale IDs (frame 4300)
[Prune] Removed 2 stale IDs (frame 4400)
[Evidence] Saved evidence/1776440306_240s.jpg (232158 bytes, sha256:a9ebfcb7af6e7...)
[Prune] Removed 5 stale IDs (frame 4500)
[Prune] Removed 3 stale IDs (frame 4600)
[Prune] Removed 3 stale IDs (frame 4700)
[Prune] Removed 4 stale IDs (frame 4800)
[Prune] Removed 8 stale IDs (frame 4900)
[Prune] Removed 4 stale IDs (frame 5000)
[Evidence] Saved evidence/1776440306_270s.jpg (232326 bytes, sha256:710d91fb9f1ca...)
[Prune] Removed 4 stale IDs (frame 5100)
[Prune] Removed 4 stale IDs (frame 5200)
[Prune] Removed 3 stale IDs (frame 5400)
[Prune] Removed 3 stale IDs (frame 5500)
[Prune] Removed 1 stale IDs (frame 5600)
[Evidence] Saved evidence/1776440306_final.jpg (232424 bytes, sha256:00c0571c027e7...)
[Evidence] Saved evidence/1776440306_final.jpg (232358 bytes, sha256:86b10c64ec45b...)
[Evidence] Saved evidence/1776440306_final.jpg (232422 bytes, sha256:b6f54de9777a3...)
[STATE] idle — round 22 complete: 4 vehicles
[Prune] Removed 4 stale IDs (frame 5700)
[Prune] Removed 6 stale IDs (frame 5800)
[Prune] Removed 4 stale IDs (frame 5900)
[Prune] Removed 3 stale IDs (frame 6000)
[Prune] Removed 9 stale IDs (frame 6100)
[2026-04-17 12:43:56] No round_complete via WS — reading result.json fallback
[2026-04-17 12:43:56] Count complete: 4 vehicles (in=0 out=4)
[2026-04-17 12:43:57] Pool check OK: total=0.0100 ETH, under=0.0050, over=0.0050
[2026-04-17 12:43:57] Market resolved: 4 vehicles → Under 12 wins
[2026-04-17 12:43:58] resolveMarket tx sent: 1fa94c4daa891e44161b5cad4e015efd32495ca8b694d5ab94b615c0f64b0c47
[2026-04-17 12:43:58] resolveMarket confirmed (tx: 1fa94c4daa891e44161b5cad4e015efd32495ca8b694d5ab94b615c0f64b0c47)
[2026-04-17 12:43:58] Ably publish OK: market_resolved
[2026-04-17 12:43:59] Winnings distributed: 0x8cF66D842f1dafE2095BD725De6a8aE0B0A53F06 (tx: 28e5eed7d82dbf88dc9411e28eba13d26a6dd6618746e37930f7b6b5dbec3aaa)
[2026-04-17 12:43:59] Auto-distributed winnings (tx: 28e5eed7d82dbf88dc9411e28eba13d26a6dd6618746e37930f7b6b5dbec3aaa)
[2026-04-17 12:43:59] Ably publish OK: winnings_distributed
[2026-04-17 12:44:00] Ledger POST failed (non-fatal): HTTP Error 400: Bad Request
[2026-04-17 12:44:00] New threshold: 7 (avg of [11, 4])
[2026-04-17 12:44:00] Waiting 15s before Round #23...
[Prune] Removed 3 stale IDs (frame 6300)
[2026-04-17 12:44:15] Round #23 | Levi Ski Resort — Finland | threshold=7
[2026-04-17 12:44:16] createMarket tx sent: 096ab9cf12fc460c7d05ac555eaef56a925d597ede3bdb7a73c3e102a324aeee
[Prune] Removed 2 stale IDs (frame 6500)
[2026-04-17 12:44:18] Market created: 0x71d63884d07C9185b676489FEb98D2e6e6635A1E (tx: 096ab9cf12fc460c7d05ac555eaef56a925d597ede3bdb7a73c3e102a324aeee)
[2026-04-17 12:44:19] Ably publish OK: market_created
[2026-04-17 12:44:19] Counting vehicles for 150s...
[STATE] betting — market=0x71d63884... bet=150s count=150s round=23
[LineZone] (295,570) -> (1276,335)
[Counter] Line: (579, 10) -> (701, 710)
[2026-04-17 12:44:19] [StreamClient] Round 23 started on stream_server
[Prune] Removed 3 stale IDs (frame 300)
[Prune] Removed 7 stale IDs (frame 400)
[Prune] Removed 4 stale IDs (frame 500)
[Evidence] Saved evidence/1776440659_30s.jpg (231288 bytes, sha256:be8215274d87a...)
[Prune] Removed 13 stale IDs (frame 600)
[Prune] Removed 10 stale IDs (frame 700)
[Prune] Removed 10 stale IDs (frame 800)
[Prune] Removed 15 stale IDs (frame 900)
[Prune] Removed 3 stale IDs (frame 1000)
[Evidence] Saved evidence/1776440659_60s.jpg (231609 bytes, sha256:21a03cd1615ba...)
[Prune] Removed 2 stale IDs (frame 1100)
[Prune] Removed 11 stale IDs (frame 1200)
[Prune] Removed 17 stale IDs (frame 1300)
[WS] Client connected (4 total)
[Prune] Removed 6 stale IDs (frame 1400)
[Evidence] Saved evidence/1776440659_90s.jpg (232008 bytes, sha256:a2ecb45a79a68...)
[Prune] Removed 3 stale IDs (frame 1700)
[WS] Client disconnected (3 total)
connection handler failed
Traceback (most recent call last):
  File "/home/lumen/miniconda3/lib/python3.13/site-packages/websockets/asyncio/server.py", line 376, in conn_handler
    await self.handler(connection)
  File "/home/lumen/.gemini/antigravity/scratch/rush/oracle/stream_server.py", line 1261, in handler
    async for msg in ws:
    ...<37 lines>...
            pass
  File "/home/lumen/miniconda3/lib/python3.13/site-packages/websockets/asyncio/connection.py", line 242, in __aiter__
    yield await self.recv()
          ^^^^^^^^^^^^^^^^^
  File "/home/lumen/miniconda3/lib/python3.13/site-packages/websockets/asyncio/connection.py", line 322, in recv
    raise self.protocol.close_exc from self.recv_exc
websockets.exceptions.ConnectionClosedError: no close frame received or sent
[Prune] Removed 2 stale IDs (frame 1900)
[Prune] Removed 1 stale IDs (frame 2000)
[Evidence] Saved evidence/1776440659_120s.jpg (232133 bytes, sha256:0663f206e4ce4...)
[Prune] Removed 3 stale IDs (frame 2100)
[Prune] Removed 5 stale IDs (frame 2200)
[Prune] Removed 6 stale IDs (frame 2300)
[Prune] Removed 4 stale IDs (frame 2400)
[STATE] counting — market=0x71d63884... duration=150s round=23
[Evidence] Saved evidence/1776440659_150s.jpg (230937 bytes, sha256:a569814efc32e...)
[Prune] Removed 14 stale IDs (frame 2500)
[Prune] Removed 10 stale IDs (frame 2600)
[Prune] Removed 4 stale IDs (frame 2700)
[Prune] Removed 1 stale IDs (frame 2800)
[WS] Client connected (4 total)
[Prune] Removed 2 stale IDs (frame 2900)
[Evidence] Saved evidence/1776440659_180s.jpg (232440 bytes, sha256:477aef12fb6e3...)
[Prune] Removed 2 stale IDs (frame 3000)
[Prune] Removed 7 stale IDs (frame 3100)
[Prune] Removed 9 stale IDs (frame 3200)
[WS] Client disconnected (3 total)
connection handler failed
Traceback (most recent call last):
  File "/home/lumen/miniconda3/lib/python3.13/asyncio/selector_events.py", line 1067, in write
    n = self._sock.send(data)
BrokenPipeError: [Errno 32] Broken pipe

The above exception was the direct cause of the following exception:

Traceback (most recent call last):
  File "/home/lumen/miniconda3/lib/python3.13/site-packages/websockets/asyncio/server.py", line 376, in conn_handler
    await self.handler(connection)
  File "/home/lumen/.gemini/antigravity/scratch/rush/oracle/stream_server.py", line 1261, in handler
    async for msg in ws:
    ...<37 lines>...
            pass
  File "/home/lumen/miniconda3/lib/python3.13/site-packages/websockets/asyncio/connection.py", line 242, in __aiter__
    yield await self.recv()
          ^^^^^^^^^^^^^^^^^
  File "/home/lumen/miniconda3/lib/python3.13/site-packages/websockets/asyncio/connection.py", line 322, in recv
    raise self.protocol.close_exc from self.recv_exc
websockets.exceptions.ConnectionClosedError: no close frame received or sent
[Prune] Removed 2 stale IDs (frame 3300)
[Prune] Removed 2 stale IDs (frame 3400)
[Evidence] Saved evidence/1776440659_210s.jpg (232646 bytes, sha256:8dd94c9a6c9ca...)
[Prune] Removed 4 stale IDs (frame 3500)
[Prune] Removed 1 stale IDs (frame 3600)
[Prune] Removed 6 stale IDs (frame 3700)
[Prune] Removed 6 stale IDs (frame 3800)
[Prune] Removed 9 stale IDs (frame 3900)
[Evidence] Saved evidence/1776440659_240s.jpg (233172 bytes, sha256:0e2f1279d5bfa...)
[Prune] Removed 9 stale IDs (frame 4000)
[Prune] Removed 3 stale IDs (frame 4100)
[Prune] Removed 3 stale IDs (frame 4200)
[Prune] Removed 6 stale IDs (frame 4300)
[Prune] Removed 7 stale IDs (frame 4400)
[Evidence] Saved evidence/1776440659_270s.jpg (232533 bytes, sha256:4f723d342a8c0...)
[Prune] Removed 5 stale IDs (frame 4500)
[Prune] Removed 7 stale IDs (frame 4600)
[Prune] Removed 11 stale IDs (frame 4700)
[Prune] Removed 14 stale IDs (frame 4800)
[WS] Client connected (4 total)
[Prune] Removed 16 stale IDs (frame 4900)
[Evidence] Saved evidence/1776440659_final.jpg (233394 bytes, sha256:fce97d6f04a6a...)
[Evidence] Saved evidence/1776440659_final.jpg (233344 bytes, sha256:64c7b262d2376...)
[Evidence] Saved evidence/1776440659_final.jpg (233357 bytes, sha256:aa809dbaed009...)
[STATE] idle — round 23 complete: 8 vehicles
[Prune] Removed 7 stale IDs (frame 5000)
[Prune] Removed 4 stale IDs (frame 5100)
[Prune] Removed 6 stale IDs (frame 5200)
[Prune] Removed 2 stale IDs (frame 5300)
[Prune] Removed 4 stale IDs (frame 5400)
[2026-04-17 12:49:49] No round_complete via WS — reading result.json fallback
[2026-04-17 12:49:49] Count complete: 8 vehicles (in=0 out=8)
[2026-04-17 12:49:50] Pool check OK: total=0.0100 ETH, under=0.0050, over=0.0050
[2026-04-17 12:49:50] Market resolved: 8 vehicles → Over 7 wins
[2026-04-17 12:49:51] resolveMarket tx sent: f81d193c195e708e2be36f4d2f441b6840b1fff48e383f50f4529a1b5b78a0c7
[2026-04-17 12:49:51] resolveMarket confirmed (tx: f81d193c195e708e2be36f4d2f441b6840b1fff48e383f50f4529a1b5b78a0c7)
[2026-04-17 12:49:51] Ably publish OK: market_resolved
[2026-04-17 12:49:54] Winnings distributed: 0x71d63884d07C9185b676489FEb98D2e6e6635A1E (tx: d91480752892dde8325289e4e48910964cd843cdd71a1aa44c9a19b344b035dc)
[2026-04-17 12:49:54] Auto-distributed winnings (tx: d91480752892dde8325289e4e48910964cd843cdd71a1aa44c9a19b344b035dc)
[2026-04-17 12:49:55] Ably publish OK: winnings_distributed
[2026-04-17 12:49:55] Ledger POST failed (non-fatal): HTTP Error 400: Bad Request
[2026-04-17 12:49:55] New threshold: 6 (avg of [4, 8])
[2026-04-17 12:49:55] Waiting 15s before Round #24...
[Prune] Removed 3 stale IDs (frame 5500)
[Prune] Removed 2 stale IDs (frame 5600)
[Prune] Removed 3 stale IDs (frame 5700)
[2026-04-17 12:50:10] Round #24 | Levi Ski Resort — Finland | threshold=6
[2026-04-17 12:50:11] createMarket tx sent: 547c47971623d80acc049bcbfe09531c660ce20d8af7d8c2e5921befee1fa948
[2026-04-17 12:50:11] Market created: 0xeB26013eE4AD8561A139fD836f2aBfC72F365f68 (tx: 547c47971623d80acc049bcbfe09531c660ce20d8af7d8c2e5921befee1fa948)
[2026-04-17 12:50:12] Ably publish OK: market_created
[2026-04-17 12:50:12] Counting vehicles for 150s...
[STATE] betting — market=0xeB26013e... bet=150s count=150s round=24
[LineZone] (295,570) -> (1276,335)
[Counter] Line: (579, 10) -> (701, 710)
[2026-04-17 12:50:12] [StreamClient] Round 24 started on stream_server
[Prune] Removed 1 stale IDs (frame 200)
[Prune] Removed 3 stale IDs (frame 300)
[Prune] Removed 1 stale IDs (frame 400)
[Evidence] Saved evidence/1776441012_30s.jpg (232175 bytes, sha256:97ac1fa9ae7ae...)
[Prune] Removed 5 stale IDs (frame 500)
[Prune] Removed 1 stale IDs (frame 600)
[Prune] Removed 2 stale IDs (frame 700)
[Prune] Removed 2 stale IDs (frame 800)
[Prune] Removed 1 stale IDs (frame 900)
[Evidence] Saved evidence/1776441012_60s.jpg (231687 bytes, sha256:2eec730d81862...)
[Prune] Removed 2 stale IDs (frame 1000)
[Prune] Removed 3 stale IDs (frame 1100)
[Prune] Removed 3 stale IDs (frame 1200)
[Prune] Removed 2 stale IDs (frame 1300)
[Evidence] Saved evidence/1776441012_90s.jpg (232561 bytes, sha256:a2b4a5da61a07...)
[Prune] Removed 1 stale IDs (frame 1400)
[Prune] Removed 1 stale IDs (frame 1500)
[Prune] Removed 9 stale IDs (frame 1600)
[Prune] Removed 11 stale IDs (frame 1700)
[Prune] Removed 4 stale IDs (frame 1800)
[Evidence] Saved evidence/1776441012_120s.jpg (232345 bytes, sha256:97ebf786ac387...)
[Prune] Removed 11 stale IDs (frame 1900)
[Prune] Removed 10 stale IDs (frame 2000)
[Prune] Removed 5 stale IDs (frame 2100)
[Prune] Removed 9 stale IDs (frame 2200)
[Prune] Removed 1 stale IDs (frame 2300)
[STATE] counting — market=0xeB26013e... duration=150s round=24
[Evidence] Saved evidence/1776441012_150s.jpg (231606 bytes, sha256:770ba7513e75e...)
[Prune] Removed 1 stale IDs (frame 2500)
[Prune] Removed 2 stale IDs (frame 2600)
[Prune] Removed 4 stale IDs (frame 2700)
[Evidence] Saved evidence/1776441012_180s.jpg (232432 bytes, sha256:e359dcc03494b...)
[Prune] Removed 1 stale IDs (frame 2900)
[Prune] Removed 3 stale IDs (frame 3200)
[Evidence] Saved evidence/1776441012_210s.jpg (232410 bytes, sha256:dffb5ba9455da...)
[WS] Client connected (5 total)
[Prune] Removed 1 stale IDs (frame 3300)
[WS] Client disconnected (4 total)
connection handler failed
Traceback (most recent call last):
  File "/home/lumen/miniconda3/lib/python3.13/asyncio/selector_events.py", line 1067, in write
    n = self._sock.send(data)
BrokenPipeError: [Errno 32] Broken pipe

The above exception was the direct cause of the following exception:

Traceback (most recent call last):
  File "/home/lumen/miniconda3/lib/python3.13/site-packages/websockets/asyncio/server.py", line 376, in conn_handler
    await self.handler(connection)
  File "/home/lumen/.gemini/antigravity/scratch/rush/oracle/stream_server.py", line 1261, in handler
    async for msg in ws:
    ...<37 lines>...
            pass
  File "/home/lumen/miniconda3/lib/python3.13/site-packages/websockets/asyncio/connection.py", line 242, in __aiter__
    yield await self.recv()
          ^^^^^^^^^^^^^^^^^
  File "/home/lumen/miniconda3/lib/python3.13/site-packages/websockets/asyncio/connection.py", line 322, in recv
    raise self.protocol.close_exc from self.recv_exc
websockets.exceptions.ConnectionClosedError: no close frame received or sent
[Prune] Removed 2 stale IDs (frame 3600)
[Evidence] Saved evidence/1776441012_240s.jpg (232331 bytes, sha256:291df291e25c9...)
[Prune] Removed 1 stale IDs (frame 3700)
[Prune] Removed 3 stale IDs (frame 4000)
[WS] Client connected (5 total)
[Evidence] Saved evidence/1776441012_270s.jpg (231882 bytes, sha256:29baed5ce0707...)
[WS] Client disconnected (4 total)
connection handler failed
Traceback (most recent call last):
  File "/home/lumen/miniconda3/lib/python3.13/asyncio/selector_events.py", line 1067, in write
    n = self._sock.send(data)
BrokenPipeError: [Errno 32] Broken pipe

The above exception was the direct cause of the following exception:

Traceback (most recent call last):
  File "/home/lumen/miniconda3/lib/python3.13/site-packages/websockets/asyncio/server.py", line 376, in conn_handler
    await self.handler(connection)
  File "/home/lumen/.gemini/antigravity/scratch/rush/oracle/stream_server.py", line 1261, in handler
    async for msg in ws:
    ...<37 lines>...
            pass
  File "/home/lumen/miniconda3/lib/python3.13/site-packages/websockets/asyncio/connection.py", line 242, in __aiter__
    yield await self.recv()
          ^^^^^^^^^^^^^^^^^
  File "/home/lumen/miniconda3/lib/python3.13/site-packages/websockets/asyncio/connection.py", line 322, in recv
    raise self.protocol.close_exc from self.recv_exc
websockets.exceptions.ConnectionClosedError: no close frame received or sent
[Prune] Removed 1 stale IDs (frame 4300)
[Prune] Removed 2 stale IDs (frame 4400)
[Prune] Removed 4 stale IDs (frame 4600)
[Evidence] Saved evidence/1776441012_final.jpg (232134 bytes, sha256:d640393bbec19...)
[Evidence] Saved evidence/1776441012_final.jpg (232058 bytes, sha256:15b505bfb9ddd...)
[Evidence] Saved evidence/1776441012_final.jpg (231982 bytes, sha256:4d2c5794c3b6a...)
[STATE] idle — round 24 complete: 7 vehicles
[Prune] Removed 3 stale IDs (frame 4700)
[Prune] Removed 1 stale IDs (frame 4800)
[Prune] Removed 3 stale IDs (frame 4900)
[Prune] Removed 5 stale IDs (frame 5000)
[Prune] Removed 6 stale IDs (frame 5100)
[2026-04-17 12:55:42] No round_complete via WS — reading result.json fallback
[2026-04-17 12:55:42] Count complete: 7 vehicles (in=0 out=7)
[2026-04-17 12:55:44] Pool check OK: total=0.0110 ETH, under=0.0050, over=0.0060
[2026-04-17 12:55:44] Market resolved: 7 vehicles → Over 6 wins
[2026-04-17 12:55:44] resolveMarket tx sent: b489373e01004b3cfae6232fee30c090d2bdb74ded611e8265084f07ce671851
[2026-04-17 12:55:47] resolveMarket confirmed (tx: b489373e01004b3cfae6232fee30c090d2bdb74ded611e8265084f07ce671851)
[2026-04-17 12:55:47] Ably publish OK: market_resolved
[2026-04-17 12:55:48] Winnings distributed: 0xeB26013eE4AD8561A139fD836f2aBfC72F365f68 (tx: 84a48c4f3de5a7a6b0e1a4aae08264df2bca30bc192a3072fe88f179bda46278)
[2026-04-17 12:55:48] Auto-distributed winnings (tx: 84a48c4f3de5a7a6b0e1a4aae08264df2bca30bc192a3072fe88f179bda46278)
[Prune] Removed 7 stale IDs (frame 5200)
[2026-04-17 12:55:48] Ably publish OK: winnings_distributed
[2026-04-17 12:55:48] Ledger POST failed (non-fatal): HTTP Error 400: Bad Request
[2026-04-17 12:55:48] New threshold: 7 (avg of [8, 7])
[2026-04-17 12:55:48] Waiting 15s before Round #25...
[Prune] Removed 2 stale IDs (frame 5300)
[Prune] Removed 4 stale IDs (frame 5400)
[2026-04-17 12:56:03] Round #25 | Levi Ski Resort — Finland | threshold=7
[2026-04-17 12:56:04] createMarket tx sent: d4f60b2605031a480d9d0a906e17b6ae4bd98fdaecc14d79aac80025cf727e1b
[2026-04-17 12:56:07] Market created: 0x6DF282d3CeAE95290580f25c700b93393632838a (tx: d4f60b2605031a480d9d0a906e17b6ae4bd98fdaecc14d79aac80025cf727e1b)
[Prune] Removed 5 stale IDs (frame 5500)
[2026-04-17 12:56:07] Ably publish OK: market_created
[2026-04-17 12:56:07] Counting vehicles for 150s...
[STATE] betting — market=0x6DF282d3... bet=150s count=150s round=25
[LineZone] (295,570) -> (1276,335)
[Counter] Line: (579, 10) -> (701, 710)
[2026-04-17 12:56:08] [StreamClient] Round 25 started on stream_server
[Prune] Removed 1 stale IDs (frame 200)
[Prune] Removed 2 stale IDs (frame 300)
[Prune] Removed 2 stale IDs (frame 400)
[Evidence] Saved evidence/1776441368_30s.jpg (232331 bytes, sha256:55a9a16e5cd47...)
[Prune] Removed 1 stale IDs (frame 500)
[WS] Client connected (5 total)
[Prune] Removed 4 stale IDs (frame 700)
[Prune] Removed 1 stale IDs (frame 800)
[WS] Client disconnected (4 total)
connection handler failed
Traceback (most recent call last):
  File "/home/lumen/miniconda3/lib/python3.13/asyncio/selector_events.py", line 1067, in write
    n = self._sock.send(data)
BrokenPipeError: [Errno 32] Broken pipe

The above exception was the direct cause of the following exception:

Traceback (most recent call last):
  File "/home/lumen/miniconda3/lib/python3.13/site-packages/websockets/asyncio/server.py", line 376, in conn_handler
    await self.handler(connection)
  File "/home/lumen/.gemini/antigravity/scratch/rush/oracle/stream_server.py", line 1261, in handler
    async for msg in ws:
    ...<37 lines>...
            pass
  File "/home/lumen/miniconda3/lib/python3.13/site-packages/websockets/asyncio/connection.py", line 242, in __aiter__
    yield await self.recv()
          ^^^^^^^^^^^^^^^^^
  File "/home/lumen/miniconda3/lib/python3.13/site-packages/websockets/asyncio/connection.py", line 322, in recv
    raise self.protocol.close_exc from self.recv_exc
websockets.exceptions.ConnectionClosedError: no close frame received or sent
[Evidence] Saved evidence/1776441368_60s.jpg (232323 bytes, sha256:2f58a0a1324c8...)
[Prune] Removed 1 stale IDs (frame 1000)
[Prune] Removed 1 stale IDs (frame 1100)
[WS] Client connected (5 total)
[Prune] Removed 1 stale IDs (frame 1300)
[Prune] Removed 4 stale IDs (frame 1400)
[Evidence] Saved evidence/1776441368_90s.jpg (231851 bytes, sha256:1ca32f7e76b9d...)
[WS] Client disconnected (4 total)
connection handler failed
Traceback (most recent call last):
  File "/home/lumen/miniconda3/lib/python3.13/asyncio/selector_events.py", line 1005, in _read_ready__data_received
    data = self._sock.recv(self.max_size)
ConnectionResetError: [Errno 104] Connection reset by peer

The above exception was the direct cause of the following exception:

Traceback (most recent call last):
  File "/home/lumen/miniconda3/lib/python3.13/site-packages/websockets/asyncio/server.py", line 376, in conn_handler
    await self.handler(connection)
  File "/home/lumen/.gemini/antigravity/scratch/rush/oracle/stream_server.py", line 1261, in handler
    async for msg in ws:
    ...<37 lines>...
            pass
  File "/home/lumen/miniconda3/lib/python3.13/site-packages/websockets/asyncio/connection.py", line 242, in __aiter__
    yield await self.recv()
          ^^^^^^^^^^^^^^^^^
  File "/home/lumen/miniconda3/lib/python3.13/site-packages/websockets/asyncio/connection.py", line 322, in recv
    raise self.protocol.close_exc from self.recv_exc
websockets.exceptions.ConnectionClosedError: no close frame received or sent
[Prune] Removed 8 stale IDs (frame 1500)
[Prune] Removed 13 stale IDs (frame 1600)
[WS] Client connected (5 total)
[Prune] Removed 5 stale IDs (frame 1700)
[WS] Client disconnected (4 total)
[Evidence] Saved evidence/1776441368_120s.jpg (231928 bytes, sha256:8127854c9d262...)
[Prune] Removed 4 stale IDs (frame 1900)
[Prune] Removed 9 stale IDs (frame 2300)
[STATE] counting — market=0x6DF282d3... duration=150s round=25
[Evidence] Saved evidence/1776441368_150s.jpg (232317 bytes, sha256:98d2244d951d8...)
[Prune] Removed 3 stale IDs (frame 2400)
[Prune] Removed 2 stale IDs (frame 2500)
[WS] Client disconnected (3 total)
connection handler failed
Traceback (most recent call last):
  File "/home/lumen/miniconda3/lib/python3.13/asyncio/selector_events.py", line 1067, in write
    n = self._sock.send(data)
BrokenPipeError: [Errno 32] Broken pipe

The above exception was the direct cause of the following exception:

Traceback (most recent call last):
  File "/home/lumen/miniconda3/lib/python3.13/site-packages/websockets/asyncio/server.py", line 376, in conn_handler
    await self.handler(connection)
  File "/home/lumen/.gemini/antigravity/scratch/rush/oracle/stream_server.py", line 1261, in handler
    async for msg in ws:
    ...<37 lines>...
            pass
  File "/home/lumen/miniconda3/lib/python3.13/site-packages/websockets/asyncio/connection.py", line 242, in __aiter__
    yield await self.recv()
          ^^^^^^^^^^^^^^^^^
  File "/home/lumen/miniconda3/lib/python3.13/site-packages/websockets/asyncio/connection.py", line 322, in recv
    raise self.protocol.close_exc from self.recv_exc
websockets.exceptions.ConnectionClosedError: no close frame received or sent
[Prune] Removed 1 stale IDs (frame 2600)
[Prune] Removed 9 stale IDs (frame 2800)
[Evidence] Saved evidence/1776441368_180s.jpg (233476 bytes, sha256:b003295d8ee31...)
[Prune] Removed 5 stale IDs (frame 2900)
[Prune] Removed 8 stale IDs (frame 3000)
[Prune] Removed 9 stale IDs (frame 3100)
[Prune] Removed 24 stale IDs (frame 3200)
[Prune] Removed 14 stale IDs (frame 3300)
[Evidence] Saved evidence/1776441368_210s.jpg (231816 bytes, sha256:8c3eba38eeadb...)
[Prune] Removed 9 stale IDs (frame 3400)
[Prune] Removed 8 stale IDs (frame 3500)
[Prune] Removed 12 stale IDs (frame 3600)
[Prune] Removed 10 stale IDs (frame 3700)
[Prune] Removed 4 stale IDs (frame 3800)
[Evidence] Saved evidence/1776441368_240s.jpg (232222 bytes, sha256:89907b33c595d...)
[Prune] Removed 4 stale IDs (frame 3900)
[Prune] Removed 3 stale IDs (frame 4000)
[Prune] Removed 2 stale IDs (frame 4100)
[Prune] Removed 4 stale IDs (frame 4200)
[Prune] Removed 5 stale IDs (frame 4300)
[Evidence] Saved evidence/1776441368_270s.jpg (233161 bytes, sha256:40e2d23f29864...)
[Prune] Removed 7 stale IDs (frame 4400)
[Prune] Removed 5 stale IDs (frame 4500)
[Prune] Removed 12 stale IDs (frame 4600)
[Prune] Removed 8 stale IDs (frame 4700)
[Evidence] Saved evidence/1776441368_final.jpg (232735 bytes, sha256:fb09ecc4cfbc0...)
[Evidence] Saved evidence/1776441368_final.jpg (232750 bytes, sha256:8c3eca3617fa3...)
[STATE] idle — round 25 complete: 12 vehicles
[Prune] Removed 1 stale IDs (frame 4800)
[Prune] Removed 1 stale IDs (frame 4900)
[Prune] Removed 1 stale IDs (frame 5000)
[Prune] Removed 3 stale IDs (frame 5100)
[Prune] Removed 3 stale IDs (frame 5200)
[Prune] Removed 2 stale IDs (frame 5300)
[2026-04-17 13:01:38] No round_complete via WS — reading result.json fallback
[2026-04-17 13:01:38] Count complete: 12 vehicles (in=0 out=12)
[2026-04-17 13:01:39] Pool check OK: total=0.0100 ETH, under=0.0050, over=0.0050
[2026-04-17 13:01:39] Market resolved: 12 vehicles → Over 7 wins
[2026-04-17 13:01:40] resolveMarket tx sent: 5afc633a9495ab30331f58eeff5b0e4c422346b1a4f18efb7da85867510c7e8b
[2026-04-17 13:01:40] resolveMarket confirmed (tx: 5afc633a9495ab30331f58eeff5b0e4c422346b1a4f18efb7da85867510c7e8b)
[2026-04-17 13:01:40] Ably publish OK: market_resolved
[Prune] Removed 3 stale IDs (frame 5400)
[2026-04-17 13:01:43] Winnings distributed: 0x6DF282d3CeAE95290580f25c700b93393632838a (tx: d2fcc527cffe911ef46ce34f08da232a047199aa4cf673ba738a5daf46e7ea98)
[2026-04-17 13:01:43] Auto-distributed winnings (tx: d2fcc527cffe911ef46ce34f08da232a047199aa4cf673ba738a5daf46e7ea98)
[2026-04-17 13:01:43] Ably publish OK: winnings_distributed
[2026-04-17 13:01:43] Ledger POST OK: {"ok":true}
[2026-04-17 13:01:43] New threshold: 9 (avg of [7, 12])
[2026-04-17 13:01:43] Waiting 15s before Round #26...
[Prune] Removed 6 stale IDs (frame 5500)
[WS] Client connected (4 total)
[2026-04-17 13:01:58] Round #26 | Levi Ski Resort — Finland | threshold=9
[2026-04-17 13:01:59] createMarket tx sent: a7454cd93ab09d12a43909eeadee02c491bde627d0b187087c7515d460a4f019
[2026-04-17 13:02:02] Market created: 0xf1E8A7B9f6F461216558aC0417c4D15Eb6638554 (tx: a7454cd93ab09d12a43909eeadee02c491bde627d0b187087c7515d460a4f019)
[2026-04-17 13:02:02] Ably publish OK: market_created
[2026-04-17 13:02:02] Counting vehicles for 150s...
[STATE] betting — market=0xf1E8A7B9... bet=150s count=150s round=26
[LineZone] (295,570) -> (1276,335)
[Counter] Line: (579, 10) -> (701, 710)
[2026-04-17 13:02:02] [StreamClient] Round 26 started on stream_server
[Prune] Removed 6 stale IDs (frame 200)
[Prune] Removed 3 stale IDs (frame 300)
[Prune] Removed 1 stale IDs (frame 400)
[Evidence] Saved evidence/1776441722_30s.jpg (232354 bytes, sha256:29c26d2b2d87c...)
[Prune] Removed 1 stale IDs (frame 600)
[Prune] Removed 1 stale IDs (frame 700)
[Prune] Removed 1 stale IDs (frame 800)
[Prune] Removed 7 stale IDs (frame 900)
[Evidence] Saved evidence/1776441722_60s.jpg (232200 bytes, sha256:852c6624978e6...)
[Prune] Removed 2 stale IDs (frame 1200)
[Evidence] Saved evidence/1776441722_90s.jpg (231978 bytes, sha256:5a17f8e30318c...)
[Prune] Removed 2 stale IDs (frame 1700)
[Prune] Removed 2 stale IDs (frame 1800)
[Prune] Removed 2 stale IDs (frame 1900)
[Prune] Removed 2 stale IDs (frame 2000)
[Evidence] Saved evidence/1776441722_120s.jpg (232599 bytes, sha256:d5f111de6576b...)
[Prune] Removed 1 stale IDs (frame 2100)
[STATE] counting — market=0xf1E8A7B9... duration=150s round=26
[Evidence] Saved evidence/1776441722_150s.jpg (232491 bytes, sha256:b6dad1a8a6071...)
[WS] Client connected (5 total)
[Prune] Removed 2 stale IDs (frame 2700)
[Prune] Removed 2 stale IDs (frame 2900)
[Evidence] Saved evidence/1776441722_180s.jpg (232137 bytes, sha256:f1bbf5ae3db78...)
[Prune] Removed 2 stale IDs (frame 3100)
[Prune] Removed 8 stale IDs (frame 3200)
[WS] Client disconnected (5 total)
[WS] Client connected (6 total)
[Prune] Removed 1 stale IDs (frame 3400)
[Evidence] Saved evidence/1776441722_210s.jpg (232598 bytes, sha256:551b9bd1492e0...)
[Prune] Removed 1 stale IDs (frame 3500)
[Evidence] Saved evidence/1776441722_240s.jpg (232700 bytes, sha256:cf55ab24e4af2...)
[Prune] Removed 1 stale IDs (frame 4000)
[Evidence] Saved evidence/1776441722_270s.jpg (232183 bytes, sha256:d0cd6c47a4b6f...)
[Prune] Removed 3 stale IDs (frame 4400)
[Prune] Removed 2 stale IDs (frame 4500)
[Evidence] Saved evidence/1776441722_final.jpg (232559 bytes, sha256:92faad8de4f8a...)
[Evidence] Saved evidence/1776441722_final.jpg (232478 bytes, sha256:4c43df695ea9f...)
[STATE] idle — round 26 complete: 3 vehicles
[WS] Client disconnected (5 total)
[WS] Client connected (6 total)
[WS] Client disconnected (5 total)
[Prune] Removed 2 stale IDs (frame 5000)
[2026-04-17 13:07:32] No round_complete via WS — reading result.json fallback
[2026-04-17 13:07:32] Count complete: 3 vehicles (in=0 out=3)
[Prune] Removed 1 stale IDs (frame 5100)
[2026-04-17 13:07:34] Pool check OK: total=0.0110 ETH, under=0.0060, over=0.0050
[2026-04-17 13:07:34] Market resolved: 3 vehicles → Under 9 wins
[2026-04-17 13:07:35] resolveMarket tx sent: efd22b47293b69b86b9622a03a7f0e541a0f85aa46227b5f79c11a07ebab6818
[2026-04-17 13:07:35] resolveMarket confirmed (tx: efd22b47293b69b86b9622a03a7f0e541a0f85aa46227b5f79c11a07ebab6818)
[2026-04-17 13:07:35] Ably publish OK: market_resolved
[2026-04-17 13:07:36] Winnings distributed: 0xf1E8A7B9f6F461216558aC0417c4D15Eb6638554 (tx: 0c3ed5a4512abf8d5c6f0185029cf54f60492ce362205a2ab1f46870f1b8520d)
[2026-04-17 13:07:36] Auto-distributed winnings (tx: 0c3ed5a4512abf8d5c6f0185029cf54f60492ce362205a2ab1f46870f1b8520d)
[2026-04-17 13:07:36] Ably publish OK: winnings_distributed
[2026-04-17 13:07:36] Ledger POST failed (non-fatal): HTTP Error 400: Bad Request
[2026-04-17 13:07:36] New threshold: 7 (avg of [12, 3])
[2026-04-17 13:07:36] Waiting 15s before Round #27...
[2026-04-17 13:07:51] Round #27 | Levi Ski Resort — Finland | threshold=7
[2026-04-17 13:07:53] createMarket tx sent: 53e065601cfb3ab3a04e3fc8c63002d57afb45848e247d28b74edd1e1cc31ebd
[2026-04-17 13:07:53] Market created: 0xd094Ca3eF74d00A16757f2586E437A255Db55904 (tx: 53e065601cfb3ab3a04e3fc8c63002d57afb45848e247d28b74edd1e1cc31ebd)
[2026-04-17 13:07:54] Ably publish OK: market_created
[2026-04-17 13:07:54] Counting vehicles for 150s...
[STATE] betting — market=0xd094Ca3e... bet=150s count=150s round=27
[LineZone] (295,570) -> (1276,335)
[Counter] Line: (579, 10) -> (701, 710)
[2026-04-17 13:07:54] [StreamClient] Round 27 started on stream_server
[Prune] Removed 2 stale IDs (frame 400)
[Evidence] Saved evidence/1776442074_30s.jpg (232937 bytes, sha256:7b57ee02e2487...)
[Prune] Removed 5 stale IDs (frame 500)
[Prune] Removed 5 stale IDs (frame 600)
[Prune] Removed 4 stale IDs (frame 700)
[Prune] Removed 9 stale IDs (frame 800)
[Evidence] Saved evidence/1776442074_60s.jpg (232317 bytes, sha256:ac0e289a1cf9a...)
[Prune] Removed 7 stale IDs (frame 900)
[Prune] Removed 1 stale IDs (frame 1000)
[Prune] Removed 2 stale IDs (frame 1100)
[Prune] Removed 5 stale IDs (frame 1200)
[Evidence] Saved evidence/1776442074_90s.jpg (232025 bytes, sha256:eb8558df07387...)
[Prune] Removed 3 stale IDs (frame 1400)
[Prune] Removed 1 stale IDs (frame 1500)
[Prune] Removed 2 stale IDs (frame 1600)
[Prune] Removed 7 stale IDs (frame 1700)
[Prune] Removed 7 stale IDs (frame 1800)
[Evidence] Saved evidence/1776442074_120s.jpg (233020 bytes, sha256:77acf3c900cb7...)
[Prune] Removed 8 stale IDs (frame 1900)
[Prune] Removed 10 stale IDs (frame 2000)
[Prune] Removed 5 stale IDs (frame 2100)
[Prune] Removed 4 stale IDs (frame 2200)
[STATE] counting — market=0xd094Ca3e... duration=150s round=27
[Evidence] Saved evidence/1776442074_150s.jpg (233035 bytes, sha256:df9b1db84bd9c...)
[Prune] Removed 3 stale IDs (frame 2300)
[Prune] Removed 1 stale IDs (frame 2400)
[WS] Client disconnected (4 total)
connection handler failed
Traceback (most recent call last):
  File "/home/lumen/miniconda3/lib/python3.13/asyncio/selector_events.py", line 1067, in write
    n = self._sock.send(data)
BrokenPipeError: [Errno 32] Broken pipe

The above exception was the direct cause of the following exception:

Traceback (most recent call last):
  File "/home/lumen/miniconda3/lib/python3.13/site-packages/websockets/asyncio/server.py", line 376, in conn_handler
    await self.handler(connection)
  File "/home/lumen/.gemini/antigravity/scratch/rush/oracle/stream_server.py", line 1261, in handler
    async for msg in ws:
    ...<37 lines>...
            pass
  File "/home/lumen/miniconda3/lib/python3.13/site-packages/websockets/asyncio/connection.py", line 242, in __aiter__
    yield await self.recv()
          ^^^^^^^^^^^^^^^^^
  File "/home/lumen/miniconda3/lib/python3.13/site-packages/websockets/asyncio/connection.py", line 322, in recv
    raise self.protocol.close_exc from self.recv_exc
websockets.exceptions.ConnectionClosedError: no close frame received or sent
[Prune] Removed 2 stale IDs (frame 2500)
[Prune] Removed 3 stale IDs (frame 2700)
[Evidence] Saved evidence/1776442074_180s.jpg (231496 bytes, sha256:83a4f7863a46b...)
[WS] Client connected (5 total)
[Prune] Removed 6 stale IDs (frame 2800)
[Prune] Removed 4 stale IDs (frame 2900)
[Prune] Removed 1 stale IDs (frame 3000)
[Prune] Removed 3 stale IDs (frame 3100)
[Evidence] Saved evidence/1776442074_210s.jpg (233998 bytes, sha256:49b5d93e16674...)
[Prune] Removed 1 stale IDs (frame 3200)
[Prune] Removed 2 stale IDs (frame 3300)
[Prune] Removed 1 stale IDs (frame 3500)
[Evidence] Saved evidence/1776442074_240s.jpg (233004 bytes, sha256:f8ca750e12ce1...)
[Prune] Removed 1 stale IDs (frame 3700)
[WS] Client connected (6 total)
[Prune] Removed 2 stale IDs (frame 3800)
[WS] Client disconnected (5 total)
connection handler failed
Traceback (most recent call last):
  File "/home/lumen/miniconda3/lib/python3.13/asyncio/selector_events.py", line 1067, in write
    n = self._sock.send(data)
BrokenPipeError: [Errno 32] Broken pipe

The above exception was the direct cause of the following exception:

Traceback (most recent call last):
  File "/home/lumen/miniconda3/lib/python3.13/site-packages/websockets/asyncio/server.py", line 376, in conn_handler
    await self.handler(connection)
  File "/home/lumen/.gemini/antigravity/scratch/rush/oracle/stream_server.py", line 1261, in handler
    async for msg in ws:
    ...<37 lines>...
            pass
  File "/home/lumen/miniconda3/lib/python3.13/site-packages/websockets/asyncio/connection.py", line 242, in __aiter__
    yield await self.recv()
          ^^^^^^^^^^^^^^^^^
  File "/home/lumen/miniconda3/lib/python3.13/site-packages/websockets/asyncio/connection.py", line 322, in recv
    raise self.protocol.close_exc from self.recv_exc
websockets.exceptions.ConnectionClosedError: no close frame received or sent
[Prune] Removed 4 stale IDs (frame 3900)
[Prune] Removed 1 stale IDs (frame 4000)
[Prune] Removed 1 stale IDs (frame 4100)
[Evidence] Saved evidence/1776442074_270s.jpg (233827 bytes, sha256:f7ce04a46b483...)
[Prune] Removed 1 stale IDs (frame 4200)
[Prune] Removed 1 stale IDs (frame 4500)
[Evidence] Saved evidence/1776442074_final.jpg (233050 bytes, sha256:44578b2baad8b...)
[Evidence] Saved evidence/1776442074_final.jpg (233049 bytes, sha256:472feea4292f9...)
[Evidence] Saved evidence/1776442074_final.jpg (232945 bytes, sha256:ec35575eb159f...)
[STATE] idle — round 27 complete: 11 vehicles
[Prune] Removed 4 stale IDs (frame 4600)
[Prune] Removed 6 stale IDs (frame 4700)
[Prune] Removed 3 stale IDs (frame 4800)
[Prune] Removed 1 stale IDs (frame 4900)
[2026-04-17 13:13:24] No round_complete via WS — reading result.json fallback
[2026-04-17 13:13:24] Count complete: 11 vehicles (in=0 out=11)
[2026-04-17 13:13:26] Pool check OK: total=0.0110 ETH, under=0.0050, over=0.0060
[2026-04-17 13:13:26] Market resolved: 11 vehicles → Over 7 wins
[2026-04-17 13:13:26] resolveMarket tx sent: 22d9a29f31938d120a94187cf4b9551a62085bb1ead4f60dfd2d718828ab66a0
[2026-04-17 13:13:29] resolveMarket confirmed (tx: 22d9a29f31938d120a94187cf4b9551a62085bb1ead4f60dfd2d718828ab66a0)
[2026-04-17 13:13:29] Ably publish OK: market_resolved
[2026-04-17 13:13:30] Winnings distributed: 0xd094Ca3eF74d00A16757f2586E437A255Db55904 (tx: 1091fee54e9b8c1ad629f074010a6e51bacdb6ff4a01aa73158de8432f2f87b1)
[2026-04-17 13:13:30] Auto-distributed winnings (tx: 1091fee54e9b8c1ad629f074010a6e51bacdb6ff4a01aa73158de8432f2f87b1)
[2026-04-17 13:13:30] Ably publish OK: winnings_distributed
[2026-04-17 13:13:30] Ledger POST failed (non-fatal): HTTP Error 400: Bad Request
[2026-04-17 13:13:30] New threshold: 7 (avg of [3, 11])
[2026-04-17 13:13:30] Waiting 15s before Round #28...
[Prune] Removed 2 stale IDs (frame 5300)
[2026-04-17 13:13:45] Round #28 | Levi Ski Resort — Finland | threshold=7
[2026-04-17 13:13:46] createMarket tx sent: a29d8064af3c779e505ef1a2e41e4d4d39120dfcd6481ee1c48c8b0a2a3e4ad2
[2026-04-17 13:13:48] Market created: 0xe4f3ce1FFc2BE9278945C39295CE6De2689C744f (tx: a29d8064af3c779e505ef1a2e41e4d4d39120dfcd6481ee1c48c8b0a2a3e4ad2)
[2026-04-17 13:13:49] Ably publish OK: market_created
[2026-04-17 13:13:49] Counting vehicles for 150s...
[STATE] betting — market=0xe4f3ce1F... bet=150s count=150s round=28
[LineZone] (295,570) -> (1276,335)
[Counter] Line: (579, 10) -> (701, 710)
[2026-04-17 13:13:49] [StreamClient] Round 28 started on stream_server
[Prune] Removed 6 stale IDs (frame 200)
[Prune] Removed 3 stale IDs (frame 300)
[Prune] Removed 8 stale IDs (frame 400)
[Evidence] Saved evidence/1776442429_30s.jpg (232984 bytes, sha256:56a4566b98e32...)
[Prune] Removed 14 stale IDs (frame 500)
[Prune] Removed 5 stale IDs (frame 600)
[Prune] Removed 15 stale IDs (frame 700)
[Prune] Removed 14 stale IDs (frame 800)
[Evidence] Saved evidence/1776442429_60s.jpg (233486 bytes, sha256:b436296db136b...)
[Prune] Removed 7 stale IDs (frame 900)
[Prune] Removed 4 stale IDs (frame 1000)
[Prune] Removed 1 stale IDs (frame 1100)
[Prune] Removed 5 stale IDs (frame 1200)
[Evidence] Saved evidence/1776442429_90s.jpg (233764 bytes, sha256:792838c144667...)
[Prune] Removed 4 stale IDs (frame 1300)
[Prune] Removed 7 stale IDs (frame 1400)
[Prune] Removed 6 stale IDs (frame 1500)
[Prune] Removed 6 stale IDs (frame 1600)
[Evidence] Saved evidence/1776442429_120s.jpg (231919 bytes, sha256:b676677e11c0f...)
[Prune] Removed 3 stale IDs (frame 1700)
[Prune] Removed 1 stale IDs (frame 1800)
[Prune] Removed 2 stale IDs (frame 1900)
[Prune] Removed 6 stale IDs (frame 2000)
[STATE] counting — market=0xe4f3ce1F... duration=150s round=28
[Prune] Removed 4 stale IDs (frame 2100)
[Evidence] Saved evidence/1776442429_150s.jpg (232556 bytes, sha256:233c1d70f2e3c...)
[Prune] Removed 5 stale IDs (frame 2200)
[Prune] Removed 2 stale IDs (frame 2300)
[Evidence] Saved evidence/1776442429_180s.jpg (233018 bytes, sha256:51a912d32799d...)
[Prune] Removed 3 stale IDs (frame 2600)
[Prune] Removed 1 stale IDs (frame 2700)
[Prune] Removed 2 stale IDs (frame 2800)
[Prune] Removed 3 stale IDs (frame 2900)
[Evidence] Saved evidence/1776442429_210s.jpg (233451 bytes, sha256:a38c948acef46...)
[Prune] Removed 4 stale IDs (frame 3000)
[Prune] Removed 2 stale IDs (frame 3100)
[Prune] Removed 3 stale IDs (frame 3200)
[Prune] Removed 3 stale IDs (frame 3300)
[Evidence] Saved evidence/1776442429_240s.jpg (232534 bytes, sha256:bf4eceedffb09...)
[Prune] Removed 1 stale IDs (frame 3600)
[Prune] Removed 5 stale IDs (frame 3700)
[Evidence] Saved evidence/1776442429_270s.jpg (233060 bytes, sha256:4f1c531aea86b...)
[Prune] Removed 4 stale IDs (frame 3800)
[Prune] Removed 1 stale IDs (frame 3900)
[Prune] Removed 3 stale IDs (frame 4000)
[Prune] Removed 4 stale IDs (frame 4100)
[Evidence] Saved evidence/1776442429_final.jpg (232386 bytes, sha256:4ab8725d14872...)
[Evidence] Saved evidence/1776442429_final.jpg (232471 bytes, sha256:e1150d83a814e...)
[Evidence] Saved evidence/1776442429_final.jpg (232481 bytes, sha256:c3cd9d0ec99fa...)
[STATE] idle — round 28 complete: 7 vehicles
[Prune] Removed 3 stale IDs (frame 4200)
[Prune] Removed 3 stale IDs (frame 4300)
[Prune] Removed 2 stale IDs (frame 4400)
[Prune] Removed 8 stale IDs (frame 4500)
[2026-04-17 13:19:19] No round_complete via WS — reading result.json fallback
[2026-04-17 13:19:19] Count complete: 7 vehicles (in=0 out=7)
[2026-04-17 13:19:21] Pool check OK: total=0.0100 ETH, under=0.0050, over=0.0050
[2026-04-17 13:19:21] Market resolved: 7 vehicles → Under 7 wins
[Prune] Removed 3 stale IDs (frame 4600)
[2026-04-17 13:19:22] resolveMarket tx sent: 7b2f59927964fc28afaf7dea7c1f9f8aacb933b35bbd163c17dbdc293a9961a1
[2026-04-17 13:19:22] resolveMarket confirmed (tx: 7b2f59927964fc28afaf7dea7c1f9f8aacb933b35bbd163c17dbdc293a9961a1)
[2026-04-17 13:19:22] Ably publish OK: market_resolved
[2026-04-17 13:19:23] Winnings distributed: 0xe4f3ce1FFc2BE9278945C39295CE6De2689C744f (tx: 1cf40bbefa2d0cfee8f4f254db22774a42380b3317ab41cd6a69ceede4af9d06)
[2026-04-17 13:19:23] Auto-distributed winnings (tx: 1cf40bbefa2d0cfee8f4f254db22774a42380b3317ab41cd6a69ceede4af9d06)
[2026-04-17 13:19:23] Ably publish OK: winnings_distributed
[2026-04-17 13:19:23] Ledger POST OK: {"ok":true}
[2026-04-17 13:19:23] New threshold: 9 (avg of [11, 7])
[2026-04-17 13:19:23] Waiting 15s before Round #29...
[Prune] Removed 8 stale IDs (frame 4700)
[Prune] Removed 2 stale IDs (frame 4800)
[2026-04-17 13:19:38] Round #29 | Levi Ski Resort — Finland | threshold=9
[2026-04-17 13:19:40] createMarket tx sent: b2614815fda4451df52e0b31c2b4a0e4506a3013bc6c7857582e8249a667ac8d
[Prune] Removed 3 stale IDs (frame 4900)
[2026-04-17 13:19:42] Market created: 0x0356a50B1bF5bfEFDB1A03FcfaC6Be6E8C8De5e6 (tx: b2614815fda4451df52e0b31c2b4a0e4506a3013bc6c7857582e8249a667ac8d)
[2026-04-17 13:19:43] Ably publish OK: market_created
[2026-04-17 13:19:43] Counting vehicles for 150s...
[STATE] betting — market=0x0356a50B... bet=150s count=150s round=29
[LineZone] (295,570) -> (1276,335)
[Counter] Line: (579, 10) -> (701, 710)
[2026-04-17 13:19:43] [StreamClient] Round 29 started on stream_server
[Prune] Removed 3 stale IDs (frame 200)
[Prune] Removed 5 stale IDs (frame 300)
[Prune] Removed 1 stale IDs (frame 400)
[Evidence] Saved evidence/1776442783_30s.jpg (231184 bytes, sha256:732803b992295...)
[Prune] Removed 1 stale IDs (frame 800)
[Evidence] Saved evidence/1776442783_60s.jpg (231480 bytes, sha256:4e9553a984b52...)
[Prune] Removed 6 stale IDs (frame 900)
[Prune] Removed 10 stale IDs (frame 1000)
[Prune] Removed 7 stale IDs (frame 1100)
[Prune] Removed 3 stale IDs (frame 1200)
[Prune] Removed 3 stale IDs (frame 1300)
[WS] Client connected (5 total)
[Evidence] Saved evidence/1776442783_90s.jpg (232154 bytes, sha256:de745d698c867...)
[Prune] Removed 4 stale IDs (frame 1400)
[Prune] Removed 7 stale IDs (frame 1500)
[Prune] Removed 4 stale IDs (frame 1600)
[Prune] Removed 3 stale IDs (frame 1700)
[Evidence] Saved evidence/1776442783_120s.jpg (233601 bytes, sha256:686fb7c531cc9...)
[WS] Client disconnected (4 total)
connection handler failed
Traceback (most recent call last):
  File "/home/lumen/miniconda3/lib/python3.13/asyncio/selector_events.py", line 1067, in write
    n = self._sock.send(data)
BrokenPipeError: [Errno 32] Broken pipe

The above exception was the direct cause of the following exception:

Traceback (most recent call last):
  File "/home/lumen/miniconda3/lib/python3.13/site-packages/websockets/asyncio/server.py", line 376, in conn_handler
    await self.handler(connection)
  File "/home/lumen/.gemini/antigravity/scratch/rush/oracle/stream_server.py", line 1261, in handler
    async for msg in ws:
    ...<37 lines>...
            pass
  File "/home/lumen/miniconda3/lib/python3.13/site-packages/websockets/asyncio/connection.py", line 242, in __aiter__
    yield await self.recv()
          ^^^^^^^^^^^^^^^^^
  File "/home/lumen/miniconda3/lib/python3.13/site-packages/websockets/asyncio/connection.py", line 322, in recv
    raise self.protocol.close_exc from self.recv_exc
websockets.exceptions.ConnectionClosedError: no close frame received or sent
[Prune] Removed 3 stale IDs (frame 1800)
[Prune] Removed 1 stale IDs (frame 2000)
[STATE] counting — market=0x0356a50B... duration=150s round=29
[Evidence] Saved evidence/1776442783_150s.jpg (234105 bytes, sha256:9751a113a4efc...)
[Prune] Removed 2 stale IDs (frame 2200)
[Prune] Removed 2 stale IDs (frame 2300)
[Prune] Removed 1 stale IDs (frame 2500)
[Prune] Removed 5 stale IDs (frame 2600)
[Evidence] Saved evidence/1776442783_180s.jpg (233496 bytes, sha256:434f4414ebaad...)
[Prune] Removed 5 stale IDs (frame 2700)
[Prune] Removed 1 stale IDs (frame 2800)
[Prune] Removed 1 stale IDs (frame 2900)
[Prune] Removed 6 stale IDs (frame 3000)
[Evidence] Saved evidence/1776442783_210s.jpg (233579 bytes, sha256:457086478d3dc...)
[Prune] Removed 6 stale IDs (frame 3100)
[Prune] Removed 11 stale IDs (frame 3200)
[Prune] Removed 10 stale IDs (frame 3300)
[Prune] Removed 5 stale IDs (frame 3400)
[Prune] Removed 1 stale IDs (frame 3500)
[Evidence] Saved evidence/1776442783_240s.jpg (233090 bytes, sha256:214ebbec2f065...)
[Prune] Removed 1 stale IDs (frame 3600)
[Prune] Removed 3 stale IDs (frame 3700)
[Prune] Removed 2 stale IDs (frame 3800)
[Evidence] Saved evidence/1776442783_270s.jpg (232624 bytes, sha256:e743908745d1f...)
[Prune] Removed 1 stale IDs (frame 4000)
[Prune] Removed 3 stale IDs (frame 4300)
[Evidence] Saved evidence/1776442783_final.jpg (232934 bytes, sha256:3d70797d37aa5...)
[Evidence] Saved evidence/1776442783_final.jpg (232966 bytes, sha256:9644c582832d7...)
[STATE] idle — round 29 complete: 10 vehicles
[Prune] Removed 3 stale IDs (frame 4400)
[Prune] Removed 2 stale IDs (frame 4500)
[Prune] Removed 3 stale IDs (frame 4600)
[Prune] Removed 4 stale IDs (frame 4700)
[Prune] Removed 1 stale IDs (frame 4800)
[2026-04-17 13:25:13] No round_complete via WS — reading result.json fallback
[2026-04-17 13:25:13] Count complete: 10 vehicles (in=0 out=10)
[2026-04-17 13:25:14] Pool check OK: total=0.0100 ETH, under=0.0050, over=0.0050
[2026-04-17 13:25:14] Market resolved: 10 vehicles → Over 9 wins
[2026-04-17 13:25:15] resolveMarket tx sent: 0ee2f2993cbd9333716662e5954e8ce7379951a5e19ce291e9b908867a79223c
[Prune] Removed 4 stale IDs (frame 4900)
[2026-04-17 13:25:17] resolveMarket confirmed (tx: 0ee2f2993cbd9333716662e5954e8ce7379951a5e19ce291e9b908867a79223c)
[2026-04-17 13:25:17] Ably publish OK: market_resolved
[2026-04-17 13:25:18] Winnings distributed: 0x0356a50B1bF5bfEFDB1A03FcfaC6Be6E8C8De5e6 (tx: dfdd054e06612119472ce526617be460b45230510d781f11260cc63fb0bb5ba5)
[2026-04-17 13:25:18] Auto-distributed winnings (tx: dfdd054e06612119472ce526617be460b45230510d781f11260cc63fb0bb5ba5)
[2026-04-17 13:25:18] Ably publish OK: winnings_distributed
[2026-04-17 13:25:18] Ledger POST failed (non-fatal): HTTP Error 400: Bad Request
[2026-04-17 13:25:18] New threshold: 8 (avg of [7, 10])
[2026-04-17 13:25:18] Waiting 15s before Round #30...
[Prune] Removed 2 stale IDs (frame 5000)
[Prune] Removed 4 stale IDs (frame 5100)
[2026-04-17 13:25:33] Round #30 | Levi Ski Resort — Finland | threshold=8
[2026-04-17 13:25:35] createMarket tx sent: fafd284089c0e811b23529a2915021144c440a7eadbcc4ccd7e85b388108f269
[2026-04-17 13:25:37] Market created: 0x89A16F616E5A86FE1B250386B91B8BcF6e3c2dcb (tx: fafd284089c0e811b23529a2915021144c440a7eadbcc4ccd7e85b388108f269)
[2026-04-17 13:25:38] Ably publish OK: market_created
[2026-04-17 13:25:38] Counting vehicles for 150s...
[STATE] betting — market=0x89A16F61... bet=150s count=150s round=30
[LineZone] (295,570) -> (1276,335)
[Counter] Line: (579, 10) -> (701, 710)
[2026-04-17 13:25:38] [StreamClient] Round 30 started on stream_server
[Prune] Removed 1 stale IDs (frame 400)
[Evidence] Saved evidence/1776443138_30s.jpg (234007 bytes, sha256:258336d594679...)
[Evidence] Saved evidence/1776443138_60s.jpg (233855 bytes, sha256:7ad5e930dfa35...)
[Prune] Removed 4 stale IDs (frame 1000)
[Prune] Removed 5 stale IDs (frame 1100)
[Prune] Removed 4 stale IDs (frame 1200)
[Prune] Removed 8 stale IDs (frame 1300)
[Evidence] Saved evidence/1776443138_90s.jpg (233392 bytes, sha256:a1b3c4d930643...)
[Prune] Removed 2 stale IDs (frame 1400)
[Evidence] Saved evidence/1776443138_120s.jpg (233541 bytes, sha256:d999917929a4b...)
[Prune] Removed 2 stale IDs (frame 2100)
[Prune] Removed 2 stale IDs (frame 2200)
[STATE] counting — market=0x89A16F61... duration=150s round=30
[Evidence] Saved evidence/1776443138_150s.jpg (233694 bytes, sha256:5a5edbeea6394...)
[Prune] Removed 2 stale IDs (frame 2300)
[Prune] Removed 2 stale IDs (frame 2400)
[WS] Client disconnected (3 total)
connection handler failed
Traceback (most recent call last):
  File "/home/lumen/miniconda3/lib/python3.13/asyncio/selector_events.py", line 1067, in write
    n = self._sock.send(data)
BrokenPipeError: [Errno 32] Broken pipe

The above exception was the direct cause of the following exception:

Traceback (most recent call last):
  File "/home/lumen/miniconda3/lib/python3.13/site-packages/websockets/asyncio/server.py", line 376, in conn_handler
    await self.handler(connection)
  File "/home/lumen/.gemini/antigravity/scratch/rush/oracle/stream_server.py", line 1261, in handler
    async for msg in ws:
    ...<37 lines>...
            pass
  File "/home/lumen/miniconda3/lib/python3.13/site-packages/websockets/asyncio/connection.py", line 242, in __aiter__
    yield await self.recv()
          ^^^^^^^^^^^^^^^^^
  File "/home/lumen/miniconda3/lib/python3.13/site-packages/websockets/asyncio/connection.py", line 322, in recv
    raise self.protocol.close_exc from self.recv_exc
websockets.exceptions.ConnectionClosedError: no close frame received or sent
[Prune] Removed 5 stale IDs (frame 2500)
[Prune] Removed 4 stale IDs (frame 2600)
[Evidence] Saved evidence/1776443138_180s.jpg (230830 bytes, sha256:6184687bdfc67...)
[Prune] Removed 2 stale IDs (frame 2800)
[Evidence] Saved evidence/1776443138_210s.jpg (233912 bytes, sha256:044ecdec5202f...)
[Prune] Removed 2 stale IDs (frame 3300)
[Prune] Removed 2 stale IDs (frame 3400)
[Prune] Removed 2 stale IDs (frame 3500)
[WS] Client connected (4 total)
[Evidence] Saved evidence/1776443138_240s.jpg (233926 bytes, sha256:5e44fa0be0ed9...)
[WS] Client disconnected (3 total)
connection handler failed
Traceback (most recent call last):
  File "/home/lumen/miniconda3/lib/python3.13/site-packages/websockets/asyncio/server.py", line 376, in conn_handler
    await self.handler(connection)
  File "/home/lumen/.gemini/antigravity/scratch/rush/oracle/stream_server.py", line 1261, in handler
    async for msg in ws:
    ...<37 lines>...
            pass
  File "/home/lumen/miniconda3/lib/python3.13/site-packages/websockets/asyncio/connection.py", line 242, in __aiter__
    yield await self.recv()
          ^^^^^^^^^^^^^^^^^
  File "/home/lumen/miniconda3/lib/python3.13/site-packages/websockets/asyncio/connection.py", line 322, in recv
    raise self.protocol.close_exc from self.recv_exc
websockets.exceptions.ConnectionClosedError: no close frame received or sent
[Prune] Removed 1 stale IDs (frame 4000)
[Evidence] Saved evidence/1776443138_270s.jpg (234164 bytes, sha256:ffc0f08891fa2...)
[WS] Client connected (4 total)
[WS] Client connected (5 total)
[WS] Client connected (6 total)
[WS] Client disconnected (5 total)
connection handler failed
Traceback (most recent call last):
  File "/home/lumen/miniconda3/lib/python3.13/asyncio/selector_events.py", line 1067, in write
    n = self._sock.send(data)
BrokenPipeError: [Errno 32] Broken pipe

The above exception was the direct cause of the following exception:

Traceback (most recent call last):
  File "/home/lumen/miniconda3/lib/python3.13/site-packages/websockets/asyncio/server.py", line 376, in conn_handler
    await self.handler(connection)
  File "/home/lumen/.gemini/antigravity/scratch/rush/oracle/stream_server.py", line 1261, in handler
    async for msg in ws:
    ...<37 lines>...
            pass
  File "/home/lumen/miniconda3/lib/python3.13/site-packages/websockets/asyncio/connection.py", line 242, in __aiter__
    yield await self.recv()
          ^^^^^^^^^^^^^^^^^
  File "/home/lumen/miniconda3/lib/python3.13/site-packages/websockets/asyncio/connection.py", line 322, in recv
    raise self.protocol.close_exc from self.recv_exc
websockets.exceptions.ConnectionClosedError: no close frame received or sent
[WS] Client disconnected (4 total)
[WS] Client connected (5 total)
[Prune] Removed 1 stale IDs (frame 4600)
[Evidence] Saved evidence/1776443138_final.jpg (233800 bytes, sha256:f83aad031a7bc...)
[Evidence] Saved evidence/1776443138_final.jpg (233741 bytes, sha256:3fa9a7f573ce6...)
[Evidence] Saved evidence/1776443138_final.jpg (233728 bytes, sha256:003912bb164ff...)
[STATE] idle — round 30 complete: 3 vehicles
[WS] Client disconnected (4 total)
connection handler failed
Traceback (most recent call last):
  File "/home/lumen/miniconda3/lib/python3.13/asyncio/selector_events.py", line 1067, in write
    n = self._sock.send(data)
BrokenPipeError: [Errno 32] Broken pipe

The above exception was the direct cause of the following exception:

Traceback (most recent call last):
  File "/home/lumen/miniconda3/lib/python3.13/site-packages/websockets/asyncio/server.py", line 376, in conn_handler
    await self.handler(connection)
  File "/home/lumen/.gemini/antigravity/scratch/rush/oracle/stream_server.py", line 1261, in handler
    async for msg in ws:
    ...<37 lines>...
            pass
  File "/home/lumen/miniconda3/lib/python3.13/site-packages/websockets/asyncio/connection.py", line 242, in __aiter__
    yield await self.recv()
          ^^^^^^^^^^^^^^^^^
  File "/home/lumen/miniconda3/lib/python3.13/site-packages/websockets/asyncio/connection.py", line 322, in recv
    raise self.protocol.close_exc from self.recv_exc
websockets.exceptions.ConnectionClosedError: no close frame received or sent
[WS] Client connected (5 total)
[2026-04-17 13:31:08] No round_complete via WS — reading result.json fallback
[2026-04-17 13:31:08] Count complete: 3 vehicles (in=0 out=3)
[2026-04-17 13:31:09] Pool check OK: total=0.0100 ETH, under=0.0050, over=0.0050
[2026-04-17 13:31:09] Market resolved: 3 vehicles → Under 8 wins
[Prune] Removed 1 stale IDs (frame 5100)
[2026-04-17 13:31:10] resolveMarket tx sent: 342f3b9fb776515917c0d6340e353a3d73b5d5c05d2d58e3a9935f47916a3032
[2026-04-17 13:31:12] resolveMarket confirmed (tx: 342f3b9fb776515917c0d6340e353a3d73b5d5c05d2d58e3a9935f47916a3032)
[2026-04-17 13:31:12] Ably publish OK: market_resolved
[2026-04-17 13:31:15] Winnings distributed: 0x89A16F616E5A86FE1B250386B91B8BcF6e3c2dcb (tx: b458d13b6050d3e062aa26fd9aefd20c78d6a985c04682c7acd222ccb7d5d68a)
[2026-04-17 13:31:15] Auto-distributed winnings (tx: b458d13b6050d3e062aa26fd9aefd20c78d6a985c04682c7acd222ccb7d5d68a)
[2026-04-17 13:31:16] Ably publish OK: winnings_distributed
[2026-04-17 13:31:16] Ledger POST OK: {"ok":true}
[2026-04-17 13:31:16] New threshold: 6 (avg of [10, 3])
[2026-04-17 13:31:16] Waiting 15s before Round #31...
[Prune] Removed 3 stale IDs (frame 5200)
[Prune] Removed 7 stale IDs (frame 5300)
[Prune] Removed 8 stale IDs (frame 5400)
[2026-04-17 13:31:31] Round #31 | Levi Ski Resort — Finland | threshold=6
[2026-04-17 13:31:32] createMarket tx sent: 42282bc76bde28d3fdd7489d349d2034a80a662c803f63e0ae2922e4072ee287
[2026-04-17 13:31:35] Market created: 0x2AF63D1F470922bd785a24f38B8F518fa1c36bfc (tx: 42282bc76bde28d3fdd7489d349d2034a80a662c803f63e0ae2922e4072ee287)
[2026-04-17 13:31:35] Ably publish OK: market_created
[2026-04-17 13:31:35] Counting vehicles for 150s...
[STATE] betting — market=0x2AF63D1F... bet=150s count=150s round=31
[LineZone] (295,570) -> (1276,335)
[2026-04-17 13:31:35] [StreamClient] Round 31 started on stream_server
[Counter] Line: (579, 10) -> (701, 710)
[Prune] Removed 2 stale IDs (frame 100)
[Prune] Removed 15 stale IDs (frame 200)
[Prune] Removed 2 stale IDs (frame 300)
[WS] Client disconnected (4 total)
connection handler failed
Traceback (most recent call last):
  File "/home/lumen/miniconda3/lib/python3.13/asyncio/selector_events.py", line 1005, in _read_ready__data_received
    data = self._sock.recv(self.max_size)
ConnectionResetError: [Errno 104] Connection reset by peer

The above exception was the direct cause of the following exception:

Traceback (most recent call last):
  File "/home/lumen/miniconda3/lib/python3.13/site-packages/websockets/asyncio/server.py", line 376, in conn_handler
    await self.handler(connection)
  File "/home/lumen/.gemini/antigravity/scratch/rush/oracle/stream_server.py", line 1261, in handler
    async for msg in ws:
    ...<37 lines>...
            pass
  File "/home/lumen/miniconda3/lib/python3.13/site-packages/websockets/asyncio/connection.py", line 242, in __aiter__
    yield await self.recv()
          ^^^^^^^^^^^^^^^^^
  File "/home/lumen/miniconda3/lib/python3.13/site-packages/websockets/asyncio/connection.py", line 322, in recv
    raise self.protocol.close_exc from self.recv_exc
websockets.exceptions.ConnectionClosedError: no close frame received or sent
[Prune] Removed 5 stale IDs (frame 400)
[Evidence] Saved evidence/1776443495_30s.jpg (234096 bytes, sha256:05f4d727c428b...)
[Prune] Removed 1 stale IDs (frame 500)
[Prune] Removed 5 stale IDs (frame 600)
[Prune] Removed 10 stale IDs (frame 700)
[Prune] Removed 10 stale IDs (frame 800)
[Prune] Removed 11 stale IDs (frame 900)
[Evidence] Saved evidence/1776443495_60s.jpg (233629 bytes, sha256:caefbc4656dd9...)
[Prune] Removed 2 stale IDs (frame 1100)
[Prune] Removed 1 stale IDs (frame 1200)
[Prune] Removed 3 stale IDs (frame 1300)
[Evidence] Saved evidence/1776443495_90s.jpg (234635 bytes, sha256:cab3ef3c09a20...)
[Prune] Removed 2 stale IDs (frame 1500)
[Prune] Removed 3 stale IDs (frame 1600)
[Prune] Removed 3 stale IDs (frame 1700)
[Evidence] Saved evidence/1776443495_120s.jpg (234549 bytes, sha256:14a217ddfd950...)
[Prune] Removed 1 stale IDs (frame 1900)
[STATE] counting — market=0x2AF63D1F... duration=150s round=31
[Evidence] Saved evidence/1776443495_150s.jpg (234456 bytes, sha256:f8969b1b80ecd...)
[Prune] Removed 1 stale IDs (frame 2700)
[Evidence] Saved evidence/1776443495_180s.jpg (233853 bytes, sha256:43dd391324f87...)
[Prune] Removed 2 stale IDs (frame 3000)
[Prune] Removed 1 stale IDs (frame 3200)
[Evidence] Saved evidence/1776443495_210s.jpg (233770 bytes, sha256:cb420668282e5...)
[Prune] Removed 4 stale IDs (frame 3300)
[Prune] Removed 5 stale IDs (frame 3400)
[Prune] Removed 1 stale IDs (frame 3500)
[Evidence] Saved evidence/1776443495_240s.jpg (234034 bytes, sha256:1c2044014463b...)
[Prune] Removed 5 stale IDs (frame 3900)
[Prune] Removed 5 stale IDs (frame 4000)
[Evidence] Saved evidence/1776443495_270s.jpg (234341 bytes, sha256:18058faf07cb5...)
[Prune] Removed 11 stale IDs (frame 4100)
[Prune] Removed 15 stale IDs (frame 4200)
[Prune] Removed 10 stale IDs (frame 4300)
[Prune] Removed 3 stale IDs (frame 4400)
[Evidence] Saved evidence/1776443495_final.jpg (231062 bytes, sha256:1e614d4e7d84a...)
[Evidence] Saved evidence/1776443495_final.jpg (230990 bytes, sha256:9c2e99bb545be...)
[STATE] idle — round 31 complete: 6 vehicles
[Prune] Removed 3 stale IDs (frame 4500)
[Prune] Removed 2 stale IDs (frame 4600)
[Prune] Removed 2 stale IDs (frame 4700)
[Prune] Removed 2 stale IDs (frame 4800)
[Prune] Removed 6 stale IDs (frame 4900)
[2026-04-17 13:37:05] No round_complete via WS — reading result.json fallback
[2026-04-17 13:37:05] Count complete: 6 vehicles (in=0 out=6)
[2026-04-17 13:37:07] Pool check OK: total=0.0100 ETH, under=0.0050, over=0.0050
[2026-04-17 13:37:07] Market resolved: 6 vehicles → Under 6 wins
[2026-04-17 13:37:07] resolveMarket tx sent: 0fb10315e4d9ab39efe9085fc043dabc32b4df4729eefbb55bfb25933233ec49
[2026-04-17 13:37:08] resolveMarket confirmed (tx: 0fb10315e4d9ab39efe9085fc043dabc32b4df4729eefbb55bfb25933233ec49)
[2026-04-17 13:37:08] Ably publish OK: market_resolved
[2026-04-17 13:37:09] Winnings distributed: 0x2AF63D1F470922bd785a24f38B8F518fa1c36bfc (tx: ba164d94102ade58b43300b5b6bfe5eec96412004ab5cad556f1c85c03a0af7d)
[2026-04-17 13:37:09] Auto-distributed winnings (tx: ba164d94102ade58b43300b5b6bfe5eec96412004ab5cad556f1c85c03a0af7d)
[2026-04-17 13:37:09] Ably publish OK: winnings_distributed
[2026-04-17 13:37:09] Ledger POST failed (non-fatal): HTTP Error 400: Bad Request
[2026-04-17 13:37:09] New threshold: 4 (avg of [3, 6])
[2026-04-17 13:37:09] Waiting 15s before Round #32...
[Prune] Removed 7 stale IDs (frame 5000)
[Prune] Removed 4 stale IDs (frame 5100)
[2026-04-17 13:37:24] Round #32 | Levi Ski Resort — Finland | threshold=4
[Prune] Removed 9 stale IDs (frame 5200)
[2026-04-17 13:37:25] createMarket tx sent: 95116a02df7e954cc411a7077d3fe5f0696f3de2ed5b5a3529b51d464478e180
[2026-04-17 13:37:26] Market created: 0x6cbc59764093c424EfE0117eD427b4c15E0aCe8d (tx: 95116a02df7e954cc411a7077d3fe5f0696f3de2ed5b5a3529b51d464478e180)
[2026-04-17 13:37:26] Ably publish OK: market_created
[2026-04-17 13:37:26] Counting vehicles for 150s...
[STATE] betting — market=0x6cbc5976... bet=150s count=150s round=32
[LineZone] (295,570) -> (1276,335)
[Counter] Line: (579, 10) -> (701, 710)
[2026-04-17 13:37:27] [StreamClient] Round 32 started on stream_server
[Prune] Removed 10 stale IDs (frame 200)
[Prune] Removed 4 stale IDs (frame 300)
[Prune] Removed 9 stale IDs (frame 400)
[Evidence] Saved evidence/1776443847_30s.jpg (233959 bytes, sha256:db3b915ef061b...)
[Prune] Removed 7 stale IDs (frame 500)
[Prune] Removed 4 stale IDs (frame 600)
[Prune] Removed 1 stale IDs (frame 700)
[Prune] Removed 3 stale IDs (frame 800)
[Evidence] Saved evidence/1776443847_60s.jpg (234032 bytes, sha256:452889e5fa083...)
[Prune] Removed 7 stale IDs (frame 900)
[Prune] Removed 7 stale IDs (frame 1000)
[Prune] Removed 4 stale IDs (frame 1100)
[Prune] Removed 8 stale IDs (frame 1200)
[Prune] Removed 16 stale IDs (frame 1300)
[Evidence] Saved evidence/1776443847_90s.jpg (234624 bytes, sha256:7ef3b6fea4ad0...)
[Prune] Removed 4 stale IDs (frame 1400)
[Prune] Removed 2 stale IDs (frame 1500)
[Prune] Removed 2 stale IDs (frame 1600)
[Evidence] Saved evidence/1776443847_120s.jpg (234848 bytes, sha256:53c33c64b01ef...)
[Prune] Removed 1 stale IDs (frame 1900)
[Prune] Removed 3 stale IDs (frame 2000)
[Prune] Removed 2 stale IDs (frame 2200)
[STATE] counting — market=0x6cbc5976... duration=150s round=32
[Evidence] Saved evidence/1776443847_150s.jpg (233464 bytes, sha256:41053c8c8a9cd...)
[Prune] Removed 4 stale IDs (frame 2300)
[Prune] Removed 6 stale IDs (frame 2400)
[Prune] Removed 6 stale IDs (frame 2500)
[Prune] Removed 3 stale IDs (frame 2600)
[Evidence] Saved evidence/1776443847_180s.jpg (234290 bytes, sha256:4cc6bd33cbe9e...)
[Prune] Removed 3 stale IDs (frame 2700)
[WS] Client connected (5 total)
[WS] Client connected (6 total)
[WS] Client disconnected (5 total)
[Prune] Removed 4 stale IDs (frame 2900)
[WS] Client disconnected (4 total)
[Prune] Removed 5 stale IDs (frame 3000)
[Evidence] Saved evidence/1776443847_210s.jpg (234503 bytes, sha256:cb7cb909fb0af...)
[Prune] Removed 1 stale IDs (frame 3100)
[Prune] Removed 1 stale IDs (frame 3500)
[Evidence] Saved evidence/1776443847_240s.jpg (234983 bytes, sha256:2730e7cd02a59...)
[Prune] Removed 3 stale IDs (frame 3600)
[WS] Client connected (5 total)
[Prune] Removed 8 stale IDs (frame 3700)
[WS] Client disconnected (4 total)
[Prune] Removed 8 stale IDs (frame 3800)
[Prune] Removed 3 stale IDs (frame 3900)
[Evidence] Saved evidence/1776443847_270s.jpg (234963 bytes, sha256:6c45091e044f8...)
[Prune] Removed 1 stale IDs (frame 4300)
[Prune] Removed 1 stale IDs (frame 4400)
[Evidence] Saved evidence/1776443847_final.jpg (234710 bytes, sha256:ab22f114bbb3b...)
[Evidence] Saved evidence/1776443847_final.jpg (234773 bytes, sha256:6460861db3af6...)
[STATE] idle — round 32 complete: 6 vehicles
[Prune] Removed 2 stale IDs (frame 4500)
[Prune] Removed 1 stale IDs (frame 4800)
[2026-04-17 13:42:57] No round_complete via WS — reading result.json fallback
[2026-04-17 13:42:57] Count complete: 6 vehicles (in=0 out=6)
[2026-04-17 13:42:58] Pool check OK: total=0.0100 ETH, under=0.0050, over=0.0050
[2026-04-17 13:42:58] Market resolved: 6 vehicles → Over 4 wins
[Prune] Removed 2 stale IDs (frame 4900)
[2026-04-17 13:42:59] resolveMarket tx sent: 8803ee9babda8944e3843c482b25e4307e8e61b2ceaaa0bd7e30fb7aa11fc468
[2026-04-17 13:42:59] resolveMarket confirmed (tx: 8803ee9babda8944e3843c482b25e4307e8e61b2ceaaa0bd7e30fb7aa11fc468)
[2026-04-17 13:42:59] Ably publish OK: market_resolved
[2026-04-17 13:43:00] Winnings distributed: 0x6cbc59764093c424EfE0117eD427b4c15E0aCe8d (tx: 51fdaf1ee20da23858aa6b40abcbc4711b88e853515e6f71c7e96ab3291ab05f)
[2026-04-17 13:43:00] Auto-distributed winnings (tx: 51fdaf1ee20da23858aa6b40abcbc4711b88e853515e6f71c7e96ab3291ab05f)
[2026-04-17 13:43:00] Ably publish OK: winnings_distributed
[2026-04-17 13:43:01] Ledger POST OK: {"ok":true}
[2026-04-17 13:43:01] New threshold: 6 (avg of [6, 6])
[2026-04-17 13:43:01] Waiting 15s before Round #33...
[Prune] Removed 3 stale IDs (frame 5000)
[Prune] Removed 1 stale IDs (frame 5100)
[2026-04-17 13:43:16] Round #33 | Levi Ski Resort — Finland | threshold=6
[2026-04-17 13:43:17] createMarket tx sent: bdf3fbae2f4abcc692bc1ae8511f61788be3b6422915978648a4d502ae00d1b9
[2026-04-17 13:43:17] Market created: 0xA16e31c9743eae7F1ce73923F844D4BcdAB09832 (tx: bdf3fbae2f4abcc692bc1ae8511f61788be3b6422915978648a4d502ae00d1b9)
[2026-04-17 13:43:18] Ably publish OK: market_created
[2026-04-17 13:43:18] Counting vehicles for 150s...
[STATE] betting — market=0xA16e31c9... bet=150s count=150s round=33
[LineZone] (295,570) -> (1276,335)
[Counter] Line: (579, 10) -> (701, 710)
[2026-04-17 13:43:18] [StreamClient] Round 33 started on stream_server
[Evidence] Saved evidence/1776444198_30s.jpg (234627 bytes, sha256:84914f31bdfe5...)
[Evidence] Saved evidence/1776444198_60s.jpg (235190 bytes, sha256:8badb0251d5a7...)
[Prune] Removed 1 stale IDs (frame 1300)
[Evidence] Saved evidence/1776444198_90s.jpg (234744 bytes, sha256:ff56317ab3f7d...)
[Prune] Removed 2 stale IDs (frame 1400)
[WS] Client connected (5 total)
[Prune] Removed 3 stale IDs (frame 1600)
[WS] Client disconnected (4 total)
[WS] Client connected (5 total)
[Evidence] Saved evidence/1776444198_120s.jpg (234375 bytes, sha256:0764662e568c5...)
[Prune] Removed 1 stale IDs (frame 1800)
[WS] Client disconnected (4 total)
connection handler failed
Traceback (most recent call last):
  File "/home/lumen/miniconda3/lib/python3.13/asyncio/selector_events.py", line 1067, in write
    n = self._sock.send(data)
BrokenPipeError: [Errno 32] Broken pipe

The above exception was the direct cause of the following exception:

Traceback (most recent call last):
  File "/home/lumen/miniconda3/lib/python3.13/site-packages/websockets/asyncio/server.py", line 376, in conn_handler
    await self.handler(connection)
  File "/home/lumen/.gemini/antigravity/scratch/rush/oracle/stream_server.py", line 1261, in handler
    async for msg in ws:
    ...<37 lines>...
            pass
  File "/home/lumen/miniconda3/lib/python3.13/site-packages/websockets/asyncio/connection.py", line 242, in __aiter__
    yield await self.recv()
          ^^^^^^^^^^^^^^^^^
  File "/home/lumen/miniconda3/lib/python3.13/site-packages/websockets/asyncio/connection.py", line 322, in recv
    raise self.protocol.close_exc from self.recv_exc
websockets.exceptions.ConnectionClosedError: no close frame received or sent
[WS] Client connected (5 total)
[Prune] Removed 1 stale IDs (frame 2100)
[WS] Client disconnected (4 total)
connection handler failed
Traceback (most recent call last):
  File "/home/lumen/miniconda3/lib/python3.13/asyncio/selector_events.py", line 1067, in write
    n = self._sock.send(data)
ConnectionResetError: [Errno 104] Connection reset by peer

The above exception was the direct cause of the following exception:

Traceback (most recent call last):
  File "/home/lumen/miniconda3/lib/python3.13/site-packages/websockets/asyncio/server.py", line 376, in conn_handler
    await self.handler(connection)
  File "/home/lumen/.gemini/antigravity/scratch/rush/oracle/stream_server.py", line 1261, in handler
    async for msg in ws:
    ...<37 lines>...
            pass
  File "/home/lumen/miniconda3/lib/python3.13/site-packages/websockets/asyncio/connection.py", line 242, in __aiter__
    yield await self.recv()
          ^^^^^^^^^^^^^^^^^
  File "/home/lumen/miniconda3/lib/python3.13/site-packages/websockets/asyncio/connection.py", line 322, in recv
    raise self.protocol.close_exc from self.recv_exc
websockets.exceptions.ConnectionClosedError: no close frame received or sent
[STATE] counting — market=0xA16e31c9... duration=150s round=33
[Evidence] Saved evidence/1776444198_150s.jpg (235111 bytes, sha256:c150c4ed6c026...)
[Prune] Removed 1 stale IDs (frame 2300)
[Prune] Removed 3 stale IDs (frame 2500)
[Evidence] Saved evidence/1776444198_180s.jpg (235487 bytes, sha256:c5530da7b7ecc...)
[Prune] Removed 5 stale IDs (frame 2600)
[Prune] Removed 10 stale IDs (frame 2700)
[Prune] Removed 1 stale IDs (frame 2800)
[Prune] Removed 1 stale IDs (frame 2900)
[Prune] Removed 2 stale IDs (frame 3000)
[Evidence] Saved evidence/1776444198_210s.jpg (234987 bytes, sha256:8f96f2280b42c...)
[Prune] Removed 1 stale IDs (frame 3100)
[WS] Client connected (5 total)
[WS] Client disconnected (4 total)
[Evidence] Saved evidence/1776444198_240s.jpg (235423 bytes, sha256:be9739582d8a5...)
[Prune] Removed 3 stale IDs (frame 3800)
[Evidence] Saved evidence/1776444198_270s.jpg (235824 bytes, sha256:999403285f3cb...)
[Prune] Removed 3 stale IDs (frame 3900)
[Prune] Removed 15 stale IDs (frame 4000)
[Prune] Removed 10 stale IDs (frame 4100)
[Prune] Removed 14 stale IDs (frame 4200)
[Prune] Removed 5 stale IDs (frame 4300)
[Evidence] Saved evidence/1776444198_final.jpg (235571 bytes, sha256:260fd7669d334...)
[Evidence] Saved evidence/1776444198_final.jpg (235546 bytes, sha256:4cafa8e8cd958...)
[Evidence] Saved evidence/1776444198_final.jpg (235547 bytes, sha256:346b5885f076b...)
[STATE] idle — round 33 complete: 3 vehicles
[Prune] Removed 3 stale IDs (frame 4400)
[Prune] Removed 2 stale IDs (frame 4500)
[Prune] Removed 3 stale IDs (frame 4600)
[Prune] Removed 3 stale IDs (frame 4700)
[2026-04-17 13:48:48] No round_complete via WS — reading result.json fallback
[2026-04-17 13:48:48] Count complete: 3 vehicles (in=0 out=3)
[2026-04-17 13:48:49] Pool check OK: total=0.0110 ETH, under=0.0060, over=0.0050
[2026-04-17 13:48:49] Market resolved: 3 vehicles → Under 6 wins
[2026-04-17 13:48:50] resolveMarket tx sent: 495fd790dd770227c86c3de75e5f076ffaca9a42ec739cf004442308e4b50096
[2026-04-17 13:48:50] resolveMarket confirmed (tx: 495fd790dd770227c86c3de75e5f076ffaca9a42ec739cf004442308e4b50096)
[2026-04-17 13:48:50] Ably publish OK: market_resolved
[Prune] Removed 1 stale IDs (frame 4800)
[2026-04-17 13:48:51] Winnings distributed: 0xA16e31c9743eae7F1ce73923F844D4BcdAB09832 (tx: eec575b7690f424f8075acdd84ebe84671777e9cd56136b33507b5a0b7dd754f)
[2026-04-17 13:48:51] Auto-distributed winnings (tx: eec575b7690f424f8075acdd84ebe84671777e9cd56136b33507b5a0b7dd754f)
[2026-04-17 13:48:51] Ably publish OK: winnings_distributed
[2026-04-17 13:48:52] Ledger POST failed (non-fatal): HTTP Error 400: Bad Request
[2026-04-17 13:48:52] New threshold: 4 (avg of [6, 3])
[2026-04-17 13:48:52] Waiting 15s before Round #34...
[Prune] Removed 1 stale IDs (frame 4900)
[Prune] Removed 3 stale IDs (frame 5000)
[2026-04-17 13:49:07] Round #34 | Levi Ski Resort — Finland | threshold=4
[2026-04-17 13:49:08] createMarket tx sent: 7db356b7a1c8ae85adf3276688dc8209c33775c24b7cda7c09fe1b879dba2728
[2026-04-17 13:49:08] Market created: 0x436E0026496804b79017C7B96F35704e2E0f96E7 (tx: 7db356b7a1c8ae85adf3276688dc8209c33775c24b7cda7c09fe1b879dba2728)
[2026-04-17 13:49:09] Ably publish OK: market_created
[2026-04-17 13:49:09] Counting vehicles for 150s...
[STATE] betting — market=0x436E0026... bet=150s count=150s round=34
[LineZone] (295,570) -> (1276,335)
[Counter] Line: (579, 10) -> (701, 710)
[2026-04-17 13:49:09] [StreamClient] Round 34 started on stream_server
[Prune] Removed 1 stale IDs (frame 400)
[Evidence] Saved evidence/1776444549_30s.jpg (234821 bytes, sha256:8fdb6690e7041...)
[Evidence] Saved evidence/1776444549_60s.jpg (235148 bytes, sha256:16a547b0e87b1...)
[Prune] Removed 1 stale IDs (frame 900)
[Prune] Removed 3 stale IDs (frame 1100)
[Prune] Removed 4 stale IDs (frame 1200)
[Prune] Removed 8 stale IDs (frame 1300)
[Evidence] Saved evidence/1776444549_90s.jpg (233911 bytes, sha256:bbd427165cdd8...)
[Prune] Removed 9 stale IDs (frame 1400)
[Prune] Removed 5 stale IDs (frame 1500)
[Prune] Removed 4 stale IDs (frame 1600)
[Prune] Removed 10 stale IDs (frame 1700)
[Evidence] Saved evidence/1776444549_120s.jpg (235057 bytes, sha256:84ae54d115b2c...)
[Prune] Removed 8 stale IDs (frame 1800)
[Prune] Removed 6 stale IDs (frame 1900)
[Prune] Removed 4 stale IDs (frame 2000)
[Prune] Removed 3 stale IDs (frame 2100)
[STATE] counting — market=0x436E0026... duration=150s round=34
[Evidence] Saved evidence/1776444549_150s.jpg (235365 bytes, sha256:b3436f1731d1d...)
[Prune] Removed 1 stale IDs (frame 2300)
[WS] Client connected (5 total)
[Prune] Removed 1 stale IDs (frame 2500)
[WS] Client disconnected (4 total)
connection handler failed
Traceback (most recent call last):
  File "/home/lumen/miniconda3/lib/python3.13/asyncio/selector_events.py", line 1067, in write
    n = self._sock.send(data)
BrokenPipeError: [Errno 32] Broken pipe

The above exception was the direct cause of the following exception:

Traceback (most recent call last):
  File "/home/lumen/miniconda3/lib/python3.13/site-packages/websockets/asyncio/server.py", line 376, in conn_handler
    await self.handler(connection)
  File "/home/lumen/.gemini/antigravity/scratch/rush/oracle/stream_server.py", line 1261, in handler
    async for msg in ws:
    ...<37 lines>...
            pass
  File "/home/lumen/miniconda3/lib/python3.13/site-packages/websockets/asyncio/connection.py", line 242, in __aiter__
    yield await self.recv()
          ^^^^^^^^^^^^^^^^^
  File "/home/lumen/miniconda3/lib/python3.13/site-packages/websockets/asyncio/connection.py", line 322, in recv
    raise self.protocol.close_exc from self.recv_exc
websockets.exceptions.ConnectionClosedError: no close frame received or sent
[Prune] Removed 1 stale IDs (frame 2600)
[Evidence] Saved evidence/1776444549_180s.jpg (236449 bytes, sha256:6b81bd0af2019...)
[Prune] Removed 1 stale IDs (frame 2700)
[WS] Client connected (5 total)
[Prune] Removed 4 stale IDs (frame 2800)
[Prune] Removed 1 stale IDs (frame 2900)
[Prune] Removed 1 stale IDs (frame 3000)
[Evidence] Saved evidence/1776444549_210s.jpg (235600 bytes, sha256:b9ce67bbc6be5...)
[WS] Client disconnected (4 total)
connection handler failed
Traceback (most recent call last):
  File "/home/lumen/miniconda3/lib/python3.13/site-packages/websockets/asyncio/server.py", line 376, in conn_handler
    await self.handler(connection)
  File "/home/lumen/.gemini/antigravity/scratch/rush/oracle/stream_server.py", line 1261, in handler
    async for msg in ws:
    ...<37 lines>...
            pass
  File "/home/lumen/miniconda3/lib/python3.13/site-packages/websockets/asyncio/connection.py", line 242, in __aiter__
    yield await self.recv()
          ^^^^^^^^^^^^^^^^^
  File "/home/lumen/miniconda3/lib/python3.13/site-packages/websockets/asyncio/connection.py", line 322, in recv
    raise self.protocol.close_exc from self.recv_exc
websockets.exceptions.ConnectionClosedError: no close frame received or sent
[Evidence] Saved evidence/1776444549_240s.jpg (236237 bytes, sha256:9f45750b984c8...)
[Prune] Removed 3 stale IDs (frame 3800)
[Prune] Removed 6 stale IDs (frame 3900)
[Evidence] Saved evidence/1776444549_270s.jpg (236313 bytes, sha256:9da6b93cd64d8...)
[Prune] Removed 9 stale IDs (frame 4000)
[Prune] Removed 2 stale IDs (frame 4100)
[Prune] Removed 11 stale IDs (frame 4200)
[Prune] Removed 6 stale IDs (frame 4300)
[Prune] Removed 4 stale IDs (frame 4400)
[Evidence] Saved evidence/1776444549_final.jpg (235533 bytes, sha256:edc201785494e...)
[Evidence] Saved evidence/1776444549_final.jpg (235536 bytes, sha256:8d4dcc6903cf1...)
[Evidence] Saved evidence/1776444549_final.jpg (235547 bytes, sha256:c287c91000ef6...)
[STATE] idle — round 34 complete: 3 vehicles
[Prune] Removed 9 stale IDs (frame 4500)
[Prune] Removed 4 stale IDs (frame 4600)
[Prune] Removed 1 stale IDs (frame 4700)
[2026-04-17 13:54:39] No round_complete via WS — reading result.json fallback
[2026-04-17 13:54:39] Count complete: 3 vehicles (in=0 out=3)
[2026-04-17 13:54:40] Pool check OK: total=0.0100 ETH, under=0.0050, over=0.0050
[2026-04-17 13:54:40] Market resolved: 3 vehicles → Under 4 wins
[2026-04-17 13:54:41] resolveMarket tx sent: cd22a033edc1b36df3ff84f31e66e68675e2d872c4822036f0e3301a469d623a
[2026-04-17 13:54:43] resolveMarket confirmed (tx: cd22a033edc1b36df3ff84f31e66e68675e2d872c4822036f0e3301a469d623a)
[2026-04-17 13:54:43] Ably publish OK: market_resolved
[2026-04-17 13:54:44] Winnings distributed: 0x436E0026496804b79017C7B96F35704e2E0f96E7 (tx: e27b4dfc404fc4f19862bca48b2a0ec7f3de12644e5ac07ee06e25cff3801b46)
[2026-04-17 13:54:44] Auto-distributed winnings (tx: e27b4dfc404fc4f19862bca48b2a0ec7f3de12644e5ac07ee06e25cff3801b46)
[2026-04-17 13:54:44] Ably publish OK: winnings_distributed
[2026-04-17 13:54:45] Ledger POST failed (non-fatal): HTTP Error 400: Bad Request
[2026-04-17 13:54:45] New threshold: 3 (avg of [3, 3])
[2026-04-17 13:54:45] Waiting 15s before Round #35...
[Prune] Removed 1 stale IDs (frame 5100)
[2026-04-17 13:55:00] Round #35 | Levi Ski Resort — Finland | threshold=3
[2026-04-17 13:55:01] createMarket tx sent: e9bf04b783f9acae40f3057c3a496b094a74b55cef55deeb8bee961902fcd411
[2026-04-17 13:55:03] Market created: 0x5F4d1708E36017bB50d472cA850788d4B46811ce (tx: e9bf04b783f9acae40f3057c3a496b094a74b55cef55deeb8bee961902fcd411)
[2026-04-17 13:55:04] Ably publish OK: market_created
[2026-04-17 13:55:04] Counting vehicles for 150s...
[STATE] betting — market=0x5F4d1708... bet=150s count=150s round=35
[LineZone] (295,570) -> (1276,335)
[Counter] Line: (579, 10) -> (701, 710)
[2026-04-17 13:55:04] [StreamClient] Round 35 started on stream_server
[WS] Client disconnected (3 total)
connection handler failed
Traceback (most recent call last):
  File "/home/lumen/miniconda3/lib/python3.13/site-packages/websockets/asyncio/server.py", line 376, in conn_handler
    await self.handler(connection)
  File "/home/lumen/.gemini/antigravity/scratch/rush/oracle/stream_server.py", line 1261, in handler
    async for msg in ws:
    ...<37 lines>...
            pass
  File "/home/lumen/miniconda3/lib/python3.13/site-packages/websockets/asyncio/connection.py", line 242, in __aiter__
    yield await self.recv()
          ^^^^^^^^^^^^^^^^^
  File "/home/lumen/miniconda3/lib/python3.13/site-packages/websockets/asyncio/connection.py", line 322, in recv
    raise self.protocol.close_exc from self.recv_exc
websockets.exceptions.ConnectionClosedError: no close frame received or sent
[Prune] Removed 4 stale IDs (frame 200)
[Prune] Removed 4 stale IDs (frame 300)
[Prune] Removed 3 stale IDs (frame 400)
[Evidence] Saved evidence/1776444904_30s.jpg (236419 bytes, sha256:023ec20b7f0e0...)
[Prune] Removed 4 stale IDs (frame 500)
[Prune] Removed 8 stale IDs (frame 600)
[Prune] Removed 10 stale IDs (frame 700)
[Prune] Removed 5 stale IDs (frame 800)
[Prune] Removed 2 stale IDs (frame 900)
[Evidence] Saved evidence/1776444904_60s.jpg (236975 bytes, sha256:7b500cb1e907a...)
[Prune] Removed 1 stale IDs (frame 1000)
[Prune] Removed 6 stale IDs (frame 1100)
[Prune] Removed 9 stale IDs (frame 1200)
[Prune] Removed 13 stale IDs (frame 1300)
[Prune] Removed 12 stale IDs (frame 1400)
[Evidence] Saved evidence/1776444904_90s.jpg (235963 bytes, sha256:b273271053e73...)
[Prune] Removed 11 stale IDs (frame 1500)
[Prune] Removed 12 stale IDs (frame 1600)
[Prune] Removed 6 stale IDs (frame 1700)
[Prune] Removed 29 stale IDs (frame 1800)
[Prune] Removed 26 stale IDs (frame 1900)
[Evidence] Saved evidence/1776444904_120s.jpg (233516 bytes, sha256:ee7b38861241d...)
[Prune] Removed 26 stale IDs (frame 2000)
[Prune] Removed 11 stale IDs (frame 2100)
[Prune] Removed 1 stale IDs (frame 2200)
[Prune] Removed 1 stale IDs (frame 2400)
[STATE] counting — market=0x5F4d1708... duration=150s round=35
[Evidence] Saved evidence/1776444904_150s.jpg (235649 bytes, sha256:3dc6dce5949d8...)
[Prune] Removed 5 stale IDs (frame 2700)
[Prune] Removed 8 stale IDs (frame 2800)
[Evidence] Saved evidence/1776444904_180s.jpg (235873 bytes, sha256:c70e091c4d3ba...)
[Prune] Removed 1 stale IDs (frame 2900)
[Prune] Removed 4 stale IDs (frame 3000)
[Prune] Removed 3 stale IDs (frame 3100)
[Prune] Removed 2 stale IDs (frame 3200)
[WS] Client connected (4 total)
[Evidence] Saved evidence/1776444904_210s.jpg (236579 bytes, sha256:d57dfd4c398f1...)
[Prune] Removed 3 stale IDs (frame 3600)
[WS] Client disconnected (3 total)
connection handler failed
Traceback (most recent call last):
  File "/home/lumen/miniconda3/lib/python3.13/asyncio/selector_events.py", line 1067, in write
    n = self._sock.send(data)
BrokenPipeError: [Errno 32] Broken pipe

The above exception was the direct cause of the following exception:

Traceback (most recent call last):
  File "/home/lumen/miniconda3/lib/python3.13/site-packages/websockets/asyncio/server.py", line 376, in conn_handler
    await self.handler(connection)
  File "/home/lumen/.gemini/antigravity/scratch/rush/oracle/stream_server.py", line 1261, in handler
    async for msg in ws:
    ...<37 lines>...
            pass
  File "/home/lumen/miniconda3/lib/python3.13/site-packages/websockets/asyncio/connection.py", line 242, in __aiter__
    yield await self.recv()
          ^^^^^^^^^^^^^^^^^
  File "/home/lumen/miniconda3/lib/python3.13/site-packages/websockets/asyncio/connection.py", line 322, in recv
    raise self.protocol.close_exc from self.recv_exc
websockets.exceptions.ConnectionClosedError: no close frame received or sent
[Prune] Removed 9 stale IDs (frame 3700)
[Prune] Removed 6 stale IDs (frame 3800)
[Evidence] Saved evidence/1776444904_240s.jpg (236028 bytes, sha256:a85f40044c007...)
[Prune] Removed 8 stale IDs (frame 3900)
[Prune] Removed 8 stale IDs (frame 4000)
[Prune] Removed 6 stale IDs (frame 4100)
[Prune] Removed 6 stale IDs (frame 4200)
[Prune] Removed 5 stale IDs (frame 4300)
[Evidence] Saved evidence/1776444904_270s.jpg (233224 bytes, sha256:c8a399373e8f7...)
[Prune] Removed 10 stale IDs (frame 4400)
[Prune] Removed 13 stale IDs (frame 4500)
[Prune] Removed 12 stale IDs (frame 4600)
[Prune] Removed 4 stale IDs (frame 4700)
[WS] Client connected (4 total)
[Prune] Removed 6 stale IDs (frame 4800)
[Evidence] Saved evidence/1776444904_final.jpg (235041 bytes, sha256:821acc79a190a...)
[Evidence] Saved evidence/1776444904_final.jpg (234805 bytes, sha256:e2da141b532c9...)
[Evidence] Saved evidence/1776444904_final.jpg (234508 bytes, sha256:ecf47dd5571c3...)
[STATE] idle — round 35 complete: 19 vehicles
[Prune] Removed 3 stale IDs (frame 4900)
[WS] Client disconnected (3 total)
connection handler failed
Traceback (most recent call last):
  File "/home/lumen/miniconda3/lib/python3.13/asyncio/selector_events.py", line 1067, in write
    n = self._sock.send(data)
BrokenPipeError: [Errno 32] Broken pipe

The above exception was the direct cause of the following exception:

Traceback (most recent call last):
  File "/home/lumen/miniconda3/lib/python3.13/site-packages/websockets/asyncio/server.py", line 376, in conn_handler
    await self.handler(connection)
  File "/home/lumen/.gemini/antigravity/scratch/rush/oracle/stream_server.py", line 1261, in handler
    async for msg in ws:
    ...<37 lines>...
            pass
  File "/home/lumen/miniconda3/lib/python3.13/site-packages/websockets/asyncio/connection.py", line 242, in __aiter__
    yield await self.recv()
          ^^^^^^^^^^^^^^^^^
  File "/home/lumen/miniconda3/lib/python3.13/site-packages/websockets/asyncio/connection.py", line 322, in recv
    raise self.protocol.close_exc from self.recv_exc
websockets.exceptions.ConnectionClosedError: no close frame received or sent
[Prune] Removed 8 stale IDs (frame 5000)
[Prune] Removed 3 stale IDs (frame 5100)
[Prune] Removed 3 stale IDs (frame 5200)
[2026-04-17 14:00:34] No round_complete via WS — reading result.json fallback
[2026-04-17 14:00:34] Count complete: 19 vehicles (in=0 out=19)
[2026-04-17 14:00:35] Pool check OK: total=0.0100 ETH, under=0.0050, over=0.0050
[2026-04-17 14:00:35] Market resolved: 19 vehicles → Over 3 wins
[2026-04-17 14:00:36] resolveMarket tx sent: bf3b252aa85ba3698a3c7393bf2a7c78da145ff3bdd3e9c6efb4c70d47058347
[2026-04-17 14:00:38] resolveMarket confirmed (tx: bf3b252aa85ba3698a3c7393bf2a7c78da145ff3bdd3e9c6efb4c70d47058347)
[2026-04-17 14:00:38] Ably publish OK: market_resolved
[Prune] Removed 1 stale IDs (frame 5400)
[2026-04-17 14:00:41] Winnings distributed: 0x5F4d1708E36017bB50d472cA850788d4B46811ce (tx: fd865e001758861d3b09fd58ef4648c637f2c1fde417a007724e2bc484a0fb17)
[2026-04-17 14:00:41] Auto-distributed winnings (tx: fd865e001758861d3b09fd58ef4648c637f2c1fde417a007724e2bc484a0fb17)
[2026-04-17 14:00:42] Ably publish OK: winnings_distributed
[2026-04-17 14:00:42] Ledger POST failed (non-fatal): HTTP Error 400: Bad Request
[2026-04-17 14:00:42] New threshold: 11 (avg of [3, 19])
[2026-04-17 14:00:42] Waiting 15s before Round #36...
[Prune] Removed 1 stale IDs (frame 5600)
[WS] Client connected (4 total)
[WS] Client disconnected (3 total)
[Prune] Removed 1 stale IDs (frame 5700)
[2026-04-17 14:00:57] Round #36 | Levi Ski Resort — Finland | threshold=11
[2026-04-17 14:00:58] createMarket tx sent: 1f0d763cae308d54a461cdea781bb475eeb107f3ac72c621c3721a4fcd438e61
[2026-04-17 14:00:58] Market created: 0xB2EB772bE92B9c242E7Ba561f549220B2f13746D (tx: 1f0d763cae308d54a461cdea781bb475eeb107f3ac72c621c3721a4fcd438e61)
[2026-04-17 14:00:59] Ably publish OK: market_created
[2026-04-17 14:00:59] Counting vehicles for 150s...
[STATE] betting — market=0xB2EB772b... bet=150s count=150s round=36
[LineZone] (295,570) -> (1276,335)
[Counter] Line: (579, 10) -> (701, 710)
[2026-04-17 14:00:59] [StreamClient] Round 36 started on stream_server
[Prune] Removed 3 stale IDs (frame 200)
[Prune] Removed 6 stale IDs (frame 300)
[Prune] Removed 5 stale IDs (frame 400)
[Prune] Removed 7 stale IDs (frame 500)
[Evidence] Saved evidence/1776445259_30s.jpg (235837 bytes, sha256:6b9ec700e19fa...)
[Prune] Removed 12 stale IDs (frame 600)
[Prune] Removed 1 stale IDs (frame 700)
[WS] Client disconnected (2 total)
connection handler failed
Traceback (most recent call last):
  File "/home/lumen/miniconda3/lib/python3.13/asyncio/selector_events.py", line 1005, in _read_ready__data_received
    data = self._sock.recv(self.max_size)
ConnectionResetError: [Errno 104] Connection reset by peer

The above exception was the direct cause of the following exception:

Traceback (most recent call last):
  File "/home/lumen/miniconda3/lib/python3.13/site-packages/websockets/asyncio/server.py", line 376, in conn_handler
    await self.handler(connection)
  File "/home/lumen/.gemini/antigravity/scratch/rush/oracle/stream_server.py", line 1261, in handler
    async for msg in ws:
    ...<37 lines>...
            pass
  File "/home/lumen/miniconda3/lib/python3.13/site-packages/websockets/asyncio/connection.py", line 242, in __aiter__
    yield await self.recv()
          ^^^^^^^^^^^^^^^^^
  File "/home/lumen/miniconda3/lib/python3.13/site-packages/websockets/asyncio/connection.py", line 322, in recv
    raise self.protocol.close_exc from self.recv_exc
websockets.exceptions.ConnectionClosedError: no close frame received or sent
[Prune] Removed 2 stale IDs (frame 800)
[Prune] Removed 3 stale IDs (frame 900)
[Prune] Removed 2 stale IDs (frame 1000)
[Evidence] Saved evidence/1776445259_60s.jpg (236476 bytes, sha256:93b91f5408af9...)
[Prune] Removed 7 stale IDs (frame 1100)
[Prune] Removed 5 stale IDs (frame 1200)
[Prune] Removed 3 stale IDs (frame 1300)
[Prune] Removed 8 stale IDs (frame 1400)
[Prune] Removed 2 stale IDs (frame 1500)
[Evidence] Saved evidence/1776445259_90s.jpg (236638 bytes, sha256:887cacec44adf...)
[WS] Client connected (3 total)
[Prune] Removed 3 stale IDs (frame 1600)
[Prune] Removed 5 stale IDs (frame 1700)
[Prune] Removed 10 stale IDs (frame 1800)
[Prune] Removed 15 stale IDs (frame 1900)
[Evidence] Saved evidence/1776445259_120s.jpg (236648 bytes, sha256:46917cfc92ef1...)
[Prune] Removed 10 stale IDs (frame 2000)
[Prune] Removed 7 stale IDs (frame 2100)
[Prune] Removed 11 stale IDs (frame 2200)
[Prune] Removed 7 stale IDs (frame 2300)
[Prune] Removed 6 stale IDs (frame 2400)
[STATE] counting — market=0xB2EB772b... duration=150s round=36
[Evidence] Saved evidence/1776445259_150s.jpg (236442 bytes, sha256:68b78deb1a822...)
[Prune] Removed 2 stale IDs (frame 2500)
[Prune] Removed 7 stale IDs (frame 2600)
[Prune] Removed 7 stale IDs (frame 2700)
[Prune] Removed 6 stale IDs (frame 2800)
[Prune] Removed 1 stale IDs (frame 2900)
[Evidence] Saved evidence/1776445259_180s.jpg (232418 bytes, sha256:6aa6666d133ae...)
[Prune] Removed 5 stale IDs (frame 3000)
[Prune] Removed 1 stale IDs (frame 3100)
[Prune] Removed 1 stale IDs (frame 3200)
[Prune] Removed 2 stale IDs (frame 3300)
[Prune] Removed 8 stale IDs (frame 3500)
[Evidence] Saved evidence/1776445259_210s.jpg (235952 bytes, sha256:5815e9c7f3671...)
[Prune] Removed 3 stale IDs (frame 3600)
[Prune] Removed 9 stale IDs (frame 3700)
[Prune] Removed 1 stale IDs (frame 3800)
[Prune] Removed 8 stale IDs (frame 3900)
[Evidence] Saved evidence/1776445259_240s.jpg (235782 bytes, sha256:2831be0b6b130...)
[Prune] Removed 6 stale IDs (frame 4000)
[Prune] Removed 11 stale IDs (frame 4100)
[Prune] Removed 1 stale IDs (frame 4200)
[Evidence] Saved evidence/1776445259_270s.jpg (235726 bytes, sha256:7cdaa53dfa4d0...)
[Prune] Removed 2 stale IDs (frame 4800)
[Prune] Removed 2 stale IDs (frame 4900)
[Prune] Removed 1 stale IDs (frame 5000)
[Evidence] Saved evidence/1776445259_final.jpg (235636 bytes, sha256:e9e9965131093...)
[Evidence] Saved evidence/1776445259_final.jpg (235643 bytes, sha256:bb19d00bae54c...)
[Evidence] Saved evidence/1776445259_final.jpg (235591 bytes, sha256:eff3b0c14a3fc...)
[STATE] idle — round 36 complete: 7 vehicles
[Prune] Removed 3 stale IDs (frame 5200)
[Prune] Removed 1 stale IDs (frame 5500)
[2026-04-17 14:06:29] No round_complete via WS — reading result.json fallback
[2026-04-17 14:06:29] Count complete: 7 vehicles (in=0 out=7)
[2026-04-17 14:06:31] Pool check OK: total=0.0110 ETH, under=0.0060, over=0.0050
[2026-04-17 14:06:31] Market resolved: 7 vehicles → Under 11 wins
[2026-04-17 14:06:31] resolveMarket tx sent: adc7bfec6022598b8146775a6d52ee859c0b5c521485072b434ec16dc1aa2120
[2026-04-17 14:06:31] resolveMarket confirmed (tx: adc7bfec6022598b8146775a6d52ee859c0b5c521485072b434ec16dc1aa2120)
[2026-04-17 14:06:32] Ably publish OK: market_resolved
[2026-04-17 14:06:35] Winnings distributed: 0xB2EB772bE92B9c242E7Ba561f549220B2f13746D (tx: 180904e5b54ebaa7d66ce7d70d1d8738d438f8952c6e12d6be23bfba8c52eada)
[2026-04-17 14:06:35] Auto-distributed winnings (tx: 180904e5b54ebaa7d66ce7d70d1d8738d438f8952c6e12d6be23bfba8c52eada)
[2026-04-17 14:06:35] Ably publish OK: winnings_distributed
[2026-04-17 14:06:35] Ledger POST OK: {"ok":true}
[2026-04-17 14:06:35] New threshold: 13 (avg of [19, 7])
[2026-04-17 14:06:35] Waiting 15s before Round #37...
[Prune] Removed 2 stale IDs (frame 5700)
[Prune] Removed 1 stale IDs (frame 5800)
[Prune] Removed 2 stale IDs (frame 5900)
[2026-04-17 14:06:50] Round #37 | Levi Ski Resort — Finland | threshold=13
[2026-04-17 14:06:51] createMarket tx sent: 2bab4300e7f7c4b719df772af7d8fa20bf384d3223cf8bf68faa2b5297c057f9
[2026-04-17 14:06:52] Market created: 0xba49cf5ad9C1c7731E309177ABE192A570914fD1 (tx: 2bab4300e7f7c4b719df772af7d8fa20bf384d3223cf8bf68faa2b5297c057f9)
[Prune] Removed 1 stale IDs (frame 6000)
[2026-04-17 14:06:53] Ably publish OK: market_created
[2026-04-17 14:06:53] Counting vehicles for 150s...
[STATE] betting — market=0xba49cf5a... bet=150s count=150s round=37
[LineZone] (295,570) -> (1276,335)
[Counter] Line: (579, 10) -> (701, 710)
[2026-04-17 14:06:53] [StreamClient] Round 37 started on stream_server
[Evidence] Saved evidence/1776445613_30s.jpg (235994 bytes, sha256:fa72fbb675d0c...)
[Prune] Removed 1 stale IDs (frame 800)
[Evidence] Saved evidence/1776445613_60s.jpg (236118 bytes, sha256:467190f0fdbd4...)
[Prune] Removed 1 stale IDs (frame 1100)
[Evidence] Saved evidence/1776445613_90s.jpg (236712 bytes, sha256:a8e46698aea4a...)
[Prune] Removed 1 stale IDs (frame 1700)
[Prune] Removed 2 stale IDs (frame 1800)
[Prune] Removed 2 stale IDs (frame 1900)
[Prune] Removed 4 stale IDs (frame 2000)
[Evidence] Saved evidence/1776445613_120s.jpg (237286 bytes, sha256:474bc35ea8195...)
[Prune] Removed 12 stale IDs (frame 2100)
[Prune] Removed 8 stale IDs (frame 2200)
[Prune] Removed 6 stale IDs (frame 2300)
[Prune] Removed 8 stale IDs (frame 2400)
[Prune] Removed 7 stale IDs (frame 2500)
[STATE] counting — market=0xba49cf5a... duration=150s round=37
[Evidence] Saved evidence/1776445613_150s.jpg (237358 bytes, sha256:260ec9e4bdf0b...)
[Prune] Removed 1 stale IDs (frame 3100)
[Evidence] Saved evidence/1776445613_180s.jpg (237428 bytes, sha256:fa5beb61b5d43...)
[Prune] Removed 1 stale IDs (frame 3200)
[Prune] Removed 3 stale IDs (frame 3300)
[Prune] Removed 5 stale IDs (frame 3400)
[Prune] Removed 3 stale IDs (frame 3500)
[Prune] Removed 1 stale IDs (frame 3700)
[Evidence] Saved evidence/1776445613_210s.jpg (237312 bytes, sha256:0529074f54567...)
[Prune] Removed 1 stale IDs (frame 4100)
[Prune] Removed 1 stale IDs (frame 4200)
[Evidence] Saved evidence/1776445613_240s.jpg (237906 bytes, sha256:4438d8bc81b8d...)
[Prune] Removed 1 stale IDs (frame 4400)
[Prune] Removed 1 stale IDs (frame 4500)
[Prune] Removed 2 stale IDs (frame 4600)
[Prune] Removed 1 stale IDs (frame 4700)
[Evidence] Saved evidence/1776445613_270s.jpg (238308 bytes, sha256:27ef0be470e41...)
[Prune] Removed 1 stale IDs (frame 4900)
[Prune] Removed 1 stale IDs (frame 5100)
[Prune] Removed 1 stale IDs (frame 5200)
[Prune] Removed 1 stale IDs (frame 5300)
[Evidence] Saved evidence/1776445613_final.jpg (237913 bytes, sha256:ba61d12535de7...)
[Evidence] Saved evidence/1776445613_final.jpg (237909 bytes, sha256:9adc1aa92f83c...)
[STATE] idle — round 37 complete: 8 vehicles
[Prune] Removed 4 stale IDs (frame 5400)
[Prune] Removed 3 stale IDs (frame 5500)
[2026-04-17 14:12:23] No round_complete via WS — reading result.json fallback
[2026-04-17 14:12:23] Count complete: 8 vehicles (in=1 out=7)
[2026-04-17 14:12:24] Pool check OK: total=0.0110 ETH, under=0.0060, over=0.0050
[2026-04-17 14:12:24] Market resolved: 8 vehicles → Under 13 wins
[2026-04-17 14:12:25] resolveMarket tx sent: e0518fed65654e965b9d7bfee07a3e4c478f7214eb954da4941c4d8c534b31e8
[2026-04-17 14:12:27] resolveMarket confirmed (tx: e0518fed65654e965b9d7bfee07a3e4c478f7214eb954da4941c4d8c534b31e8)
[2026-04-17 14:12:27] Ably publish OK: market_resolved
[2026-04-17 14:12:31] Winnings distributed: 0xba49cf5ad9C1c7731E309177ABE192A570914fD1 (tx: d5ce866c5af7b096f26babd184d8dde68513556c8fe541847045a7268054009a)
[2026-04-17 14:12:31] Auto-distributed winnings (tx: d5ce866c5af7b096f26babd184d8dde68513556c8fe541847045a7268054009a)
[2026-04-17 14:12:31] Ably publish OK: winnings_distributed
[2026-04-17 14:12:31] Ledger POST failed (non-fatal): HTTP Error 400: Bad Request
[2026-04-17 14:12:31] New threshold: 7 (avg of [7, 8])
[2026-04-17 14:12:31] Waiting 15s before Round #38...
[2026-04-17 14:12:46] Round #38 | Levi Ski Resort — Finland | threshold=7
[2026-04-17 14:12:47] createMarket tx sent: 5b03107526babc1edb473bb7e168a2fafa53fd16482871b8eb1b129380a1955b
[2026-04-17 14:12:50] Market created: 0x8a13cfd4a686298E3a708817b38c9b9bd3Aeca52 (tx: 5b03107526babc1edb473bb7e168a2fafa53fd16482871b8eb1b129380a1955b)
[2026-04-17 14:12:50] Ably publish OK: market_created
[2026-04-17 14:12:50] Counting vehicles for 150s...
[STATE] betting — market=0x8a13cfd4... bet=150s count=150s round=38
[LineZone] (295,570) -> (1276,335)
[Counter] Line: (579, 10) -> (701, 710)
[2026-04-17 14:12:50] [StreamClient] Round 38 started on stream_server
[Prune] Removed 2 stale IDs (frame 100)
[Prune] Removed 7 stale IDs (frame 200)
[Prune] Removed 7 stale IDs (frame 300)
[Prune] Removed 1 stale IDs (frame 400)
[Evidence] Saved evidence/1776445970_30s.jpg (238009 bytes, sha256:a9521fc2815c8...)
[Prune] Removed 2 stale IDs (frame 1000)
[Evidence] Saved evidence/1776445970_60s.jpg (238042 bytes, sha256:b5cf2c3bd6ee2...)
[Prune] Removed 4 stale IDs (frame 1200)
[Prune] Removed 1 stale IDs (frame 1300)
[Evidence] Saved evidence/1776445970_90s.jpg (239049 bytes, sha256:35d5661dcd8e7...)
[Prune] Removed 6 stale IDs (frame 2000)
[Evidence] Saved evidence/1776445970_120s.jpg (236694 bytes, sha256:8e67515686862...)
[Prune] Removed 9 stale IDs (frame 2100)
[Prune] Removed 10 stale IDs (frame 2200)
[Prune] Removed 8 stale IDs (frame 2300)
[Prune] Removed 1 stale IDs (frame 2400)
[Prune] Removed 1 stale IDs (frame 2500)
[STATE] counting — market=0x8a13cfd4... duration=150s round=38
[Evidence] Saved evidence/1776445970_150s.jpg (237273 bytes, sha256:dbf99a904ddb9...)
[Prune] Removed 4 stale IDs (frame 2900)
[Prune] Removed 5 stale IDs (frame 3000)
[Prune] Removed 6 stale IDs (frame 3100)
[Evidence] Saved evidence/1776445970_180s.jpg (237150 bytes, sha256:5164651882455...)
[Prune] Removed 2 stale IDs (frame 3300)
[Prune] Removed 1 stale IDs (frame 3400)
[Prune] Removed 1 stale IDs (frame 3500)
[Prune] Removed 2 stale IDs (frame 3600)
[Prune] Removed 2 stale IDs (frame 3700)
[Evidence] Saved evidence/1776445970_210s.jpg (237697 bytes, sha256:7644a1bd82a8e...)
[Prune] Removed 2 stale IDs (frame 3900)
[Prune] Removed 1 stale IDs (frame 4100)
[Evidence] Saved evidence/1776445970_240s.jpg (237218 bytes, sha256:f2d9e357df390...)
[Prune] Removed 2 stale IDs (frame 4700)
[Evidence] Saved evidence/1776445970_270s.jpg (238284 bytes, sha256:0a45c755a4348...)
[Prune] Removed 1 stale IDs (frame 4900)
[Prune] Removed 7 stale IDs (frame 5000)
[Prune] Removed 2 stale IDs (frame 5100)
[Prune] Removed 2 stale IDs (frame 5300)
[Evidence] Saved evidence/1776445970_final.jpg (237470 bytes, sha256:b4a670ebf8b18...)
[Evidence] Saved evidence/1776445970_final.jpg (237426 bytes, sha256:acc9b64bae23b...)
[STATE] idle — round 38 complete: 7 vehicles
[Prune] Removed 15 stale IDs (frame 5600)
[Prune] Removed 19 stale IDs (frame 5700)
[Prune] Removed 13 stale IDs (frame 5800)
[2026-04-17 14:18:20] No round_complete via WS — reading result.json fallback
[2026-04-17 14:18:20] Count complete: 7 vehicles (in=0 out=7)
[2026-04-17 14:18:22] Pool check OK: total=0.0110 ETH, under=0.0060, over=0.0050
[2026-04-17 14:18:22] Market resolved: 7 vehicles → Under 7 wins
[2026-04-17 14:18:23] resolveMarket tx sent: 773b362414bbb26d9b6b8f3145fe45ae47936c5b65f4b6dcce0566e2660aba28
[2026-04-17 14:18:23] resolveMarket confirmed (tx: 773b362414bbb26d9b6b8f3145fe45ae47936c5b65f4b6dcce0566e2660aba28)
[2026-04-17 14:18:23] Ably publish OK: market_resolved
[Prune] Removed 8 stale IDs (frame 5900)
[2026-04-17 14:18:24] Winnings distributed: 0x8a13cfd4a686298E3a708817b38c9b9bd3Aeca52 (tx: 6b617dbc1d2c6f04fec32281aa1357ed163e4b63264aaea67de3ebc3fef71dbf)
[2026-04-17 14:18:24] Auto-distributed winnings (tx: 6b617dbc1d2c6f04fec32281aa1357ed163e4b63264aaea67de3ebc3fef71dbf)
[2026-04-17 14:18:24] Ably publish OK: winnings_distributed
[2026-04-17 14:18:24] Ledger POST OK: {"ok":true}
[2026-04-17 14:18:24] New threshold: 7 (avg of [8, 7])
[2026-04-17 14:18:24] Waiting 15s before Round #39...
[Prune] Removed 9 stale IDs (frame 6000)
[Prune] Removed 2 stale IDs (frame 6100)
[2026-04-17 14:18:39] Round #39 | Levi Ski Resort — Finland | threshold=7
[Prune] Removed 9 stale IDs (frame 6200)
[2026-04-17 14:18:41] createMarket tx sent: 756d010b104da11716c7afbb906c5811dab187f6eebc624b1aab888b8562672e
[2026-04-17 14:18:41] Market created: 0x04Bd9fB38906a583030A4db80C2bda7bB419B068 (tx: 756d010b104da11716c7afbb906c5811dab187f6eebc624b1aab888b8562672e)
[2026-04-17 14:18:42] Ably publish OK: market_created
[2026-04-17 14:18:42] Counting vehicles for 150s...
[STATE] betting — market=0x04Bd9fB3... bet=150s count=150s round=39
[2026-04-17 14:18:42] [StreamClient] Round 39 started on stream_server
[LineZone] (295,570) -> (1276,335)
[Counter] Line: (579, 10) -> (701, 710)
[Evidence] Saved evidence/1776446322_30s.jpg (238465 bytes, sha256:00b8df7f9af48...)
[Evidence] Saved evidence/1776446322_60s.jpg (238424 bytes, sha256:2341e9ec6cfc1...)
[Prune] Removed 1 stale IDs (frame 1100)
[Evidence] Saved evidence/1776446322_90s.jpg (238535 bytes, sha256:b4de4311d972e...)
[Prune] Removed 1 stale IDs (frame 1900)
[Evidence] Saved evidence/1776446322_120s.jpg (238184 bytes, sha256:c11e7596dc6e0...)
[Prune] Removed 1 stale IDs (frame 2200)
[Prune] Removed 1 stale IDs (frame 2300)
[STATE] counting — market=0x04Bd9fB3... duration=150s round=39
[Evidence] Saved evidence/1776446322_150s.jpg (238972 bytes, sha256:d970ffa2981a3...)
[Prune] Removed 1 stale IDs (frame 3000)
[Evidence] Saved evidence/1776446322_180s.jpg (238331 bytes, sha256:c1519ba18a4be...)
[Prune] Removed 6 stale IDs (frame 3300)
[Prune] Removed 2 stale IDs (frame 3400)
[Prune] Removed 3 stale IDs (frame 3500)
[Prune] Removed 2 stale IDs (frame 3600)
[Prune] Removed 7 stale IDs (frame 3700)
[Evidence] Saved evidence/1776446322_210s.jpg (238582 bytes, sha256:8498aa6f25cdb...)
[Prune] Removed 13 stale IDs (frame 3800)
[Prune] Removed 10 stale IDs (frame 3900)
[Prune] Removed 12 stale IDs (frame 4000)
[Prune] Removed 5 stale IDs (frame 4100)
[Prune] Removed 4 stale IDs (frame 4200)
[Evidence] Saved evidence/1776446322_240s.jpg (238647 bytes, sha256:40e88fd7b37c0...)
[Prune] Removed 21 stale IDs (frame 4300)
[Prune] Removed 23 stale IDs (frame 4400)
[Prune] Removed 22 stale IDs (frame 4500)
[Prune] Removed 16 stale IDs (frame 4600)
[Prune] Removed 11 stale IDs (frame 4700)
[Evidence] Saved evidence/1776446322_270s.jpg (238189 bytes, sha256:ed06e0ba068b4...)
[WS] Client disconnected (2 total)
connection handler failed
Traceback (most recent call last):
  File "/home/lumen/miniconda3/lib/python3.13/site-packages/websockets/asyncio/server.py", line 376, in conn_handler
    await self.handler(connection)
  File "/home/lumen/.gemini/antigravity/scratch/rush/oracle/stream_server.py", line 1261, in handler
    async for msg in ws:
    ...<37 lines>...
            pass
  File "/home/lumen/miniconda3/lib/python3.13/site-packages/websockets/asyncio/connection.py", line 242, in __aiter__
    yield await self.recv()
          ^^^^^^^^^^^^^^^^^
  File "/home/lumen/miniconda3/lib/python3.13/site-packages/websockets/asyncio/connection.py", line 322, in recv
    raise self.protocol.close_exc from self.recv_exc
websockets.exceptions.ConnectionClosedError: no close frame received or sent
[Prune] Removed 1 stale IDs (frame 4800)
[Prune] Removed 5 stale IDs (frame 5000)
[Prune] Removed 1 stale IDs (frame 5100)
[Prune] Removed 7 stale IDs (frame 5200)
[Evidence] Saved evidence/1776446322_final.jpg (238393 bytes, sha256:24e366ecdf7dd...)
[Evidence] Saved evidence/1776446322_final.jpg (238384 bytes, sha256:089d2d0e25f09...)
[STATE] idle — round 39 complete: 13 vehicles
[Prune] Removed 4 stale IDs (frame 5300)
[Prune] Removed 5 stale IDs (frame 5400)
[Prune] Removed 3 stale IDs (frame 5500)
[Prune] Removed 3 stale IDs (frame 5600)
[Prune] Removed 2 stale IDs (frame 5700)
[2026-04-17 14:24:12] No round_complete via WS — reading result.json fallback
[2026-04-17 14:24:12] Count complete: 13 vehicles (in=0 out=13)
[2026-04-17 14:24:13] Pool check OK: total=0.0100 ETH, under=0.0050, over=0.0050
[2026-04-17 14:24:13] Market resolved: 13 vehicles → Over 7 wins
[2026-04-17 14:24:14] resolveMarket tx sent: 98ebfd3c23dd4460079d8e83fefc36b7b8af360cb8f0dbee3b696c9c50bc7608
[2026-04-17 14:24:14] resolveMarket confirmed (tx: 98ebfd3c23dd4460079d8e83fefc36b7b8af360cb8f0dbee3b696c9c50bc7608)
[2026-04-17 14:24:14] Ably publish OK: market_resolved
[2026-04-17 14:24:15] Winnings distributed: 0x04Bd9fB38906a583030A4db80C2bda7bB419B068 (tx: 8b13a510166a321829835dedee3f24c351dd3d8a1097a5006df0e1598001fb1e)
[2026-04-17 14:24:15] Auto-distributed winnings (tx: 8b13a510166a321829835dedee3f24c351dd3d8a1097a5006df0e1598001fb1e)
[2026-04-17 14:24:15] Ably publish OK: winnings_distributed
[2026-04-17 14:24:16] Ledger POST failed (non-fatal): HTTP Error 400: Bad Request
[2026-04-17 14:24:16] New threshold: 10 (avg of [7, 13])
[2026-04-17 14:24:16] Waiting 15s before Round #40...
[Prune] Removed 1 stale IDs (frame 5900)
[Prune] Removed 2 stale IDs (frame 6000)
[Prune] Removed 2 stale IDs (frame 6100)
[2026-04-17 14:24:31] Round #40 | Levi Ski Resort — Finland | threshold=10
[2026-04-17 14:24:32] createMarket tx sent: a83029d5c9b79db133012813466240f95e93c6b349d83ed267c8462395d3d8cf
[2026-04-17 14:24:32] Market created: 0xE5a9b66D60c43C60d7E64Dc81DE8465D25598fDf (tx: a83029d5c9b79db133012813466240f95e93c6b349d83ed267c8462395d3d8cf)
[2026-04-17 14:24:33] Ably publish OK: market_created
[2026-04-17 14:24:33] Counting vehicles for 150s...
[STATE] betting — market=0xE5a9b66D... bet=150s count=150s round=40
[LineZone] (295,570) -> (1276,335)
[Counter] Line: (579, 10) -> (701, 710)
[2026-04-17 14:24:33] [StreamClient] Round 40 started on stream_server
[Prune] Removed 3 stale IDs (frame 200)
[Prune] Removed 1 stale IDs (frame 300)
[Prune] Removed 6 stale IDs (frame 500)
[Evidence] Saved evidence/1776446673_30s.jpg (239214 bytes, sha256:da134ea0635c2...)
[Prune] Removed 1 stale IDs (frame 600)
[Prune] Removed 1 stale IDs (frame 700)
[Prune] Removed 2 stale IDs (frame 800)
[Prune] Removed 2 stale IDs (frame 900)
[Prune] Removed 4 stale IDs (frame 1000)
[Evidence] Saved evidence/1776446673_60s.jpg (237390 bytes, sha256:22f4d18ce5d43...)
[Prune] Removed 2 stale IDs (frame 1100)
[Prune] Removed 2 stale IDs (frame 1200)
[Prune] Removed 1 stale IDs (frame 1300)
[Prune] Removed 4 stale IDs (frame 1500)
[Prune] Removed 2 stale IDs (frame 1600)
[Evidence] Saved evidence/1776446673_90s.jpg (237695 bytes, sha256:6474732bf8a5b...)
[WS] Client connected (3 total)
[Prune] Removed 4 stale IDs (frame 1700)
[Prune] Removed 3 stale IDs (frame 1800)
[Prune] Removed 1 stale IDs (frame 1900)
[Prune] Removed 3 stale IDs (frame 2000)
[Prune] Removed 1 stale IDs (frame 2100)
[Evidence] Saved evidence/1776446673_120s.jpg (237734 bytes, sha256:4214db86db388...)
[Prune] Removed 1 stale IDs (frame 2200)
[Prune] Removed 1 stale IDs (frame 2300)
[Prune] Removed 1 stale IDs (frame 2500)
[Prune] Removed 3 stale IDs (frame 2600)
[STATE] counting — market=0xE5a9b66D... duration=150s round=40
[Evidence] Saved evidence/1776446673_150s.jpg (237976 bytes, sha256:f36ff6cb51bd1...)
[Prune] Removed 2 stale IDs (frame 2800)
[Prune] Removed 3 stale IDs (frame 3100)
[Evidence] Saved evidence/1776446673_180s.jpg (238219 bytes, sha256:83f7607f99b2d...)
[Prune] Removed 2 stale IDs (frame 3300)
[Prune] Removed 10 stale IDs (frame 3400)
[Prune] Removed 6 stale IDs (frame 3500)
[Prune] Removed 3 stale IDs (frame 3600)
[Evidence] Saved evidence/1776446673_210s.jpg (239235 bytes, sha256:ff237e55d3861...)
[Prune] Removed 3 stale IDs (frame 3700)
[Prune] Removed 4 stale IDs (frame 3800)
[Prune] Removed 1 stale IDs (frame 3900)
[Prune] Removed 2 stale IDs (frame 4000)
[Prune] Removed 3 stale IDs (frame 4100)
[Evidence] Saved evidence/1776446673_240s.jpg (239452 bytes, sha256:6297f409b4b87...)
[Prune] Removed 4 stale IDs (frame 4200)
[Prune] Removed 7 stale IDs (frame 4300)
[Prune] Removed 7 stale IDs (frame 4400)
[Prune] Removed 5 stale IDs (frame 4500)
[Prune] Removed 13 stale IDs (frame 4600)
[Evidence] Saved evidence/1776446673_270s.jpg (239425 bytes, sha256:3ae31cf3e7dec...)
[Prune] Removed 8 stale IDs (frame 4700)
[Prune] Removed 5 stale IDs (frame 4800)
[Prune] Removed 5 stale IDs (frame 4900)
[Prune] Removed 11 stale IDs (frame 5000)
[Evidence] Saved evidence/1776446673_final.jpg (239195 bytes, sha256:3ea9549dd43fa...)
[Evidence] Saved evidence/1776446673_final.jpg (239275 bytes, sha256:dbe2cdf733646...)
[STATE] idle — round 40 complete: 6 vehicles
[Prune] Removed 4 stale IDs (frame 5100)
[Prune] Removed 2 stale IDs (frame 5200)
[Prune] Removed 2 stale IDs (frame 5300)
[Prune] Removed 3 stale IDs (frame 5400)
[Prune] Removed 1 stale IDs (frame 5500)
[2026-04-17 14:30:03] No round_complete via WS — reading result.json fallback
[2026-04-17 14:30:03] Count complete: 6 vehicles (in=0 out=6)
[Prune] Removed 1 stale IDs (frame 5600)
[2026-04-17 14:30:04] Pool check OK: total=0.0100 ETH, under=0.0050, over=0.0050
[2026-04-17 14:30:04] Market resolved: 6 vehicles → Under 10 wins
[2026-04-17 14:30:05] resolveMarket tx sent: 26e85ca375cf395b5c63d6dbd0f6816d38fedacd74a90968f96b235377d05c9a
[2026-04-17 14:30:05] resolveMarket confirmed (tx: 26e85ca375cf395b5c63d6dbd0f6816d38fedacd74a90968f96b235377d05c9a)
[2026-04-17 14:30:05] Ably publish OK: market_resolved
[2026-04-17 14:30:08] Winnings distributed: 0xE5a9b66D60c43C60d7E64Dc81DE8465D25598fDf (tx: f0f9d22378a72690158311f1b5325293c61a006ceb353c6a3a25cf7ace22eac0)
[2026-04-17 14:30:08] Auto-distributed winnings (tx: f0f9d22378a72690158311f1b5325293c61a006ceb353c6a3a25cf7ace22eac0)
[2026-04-17 14:30:08] Ably publish OK: winnings_distributed
[2026-04-17 14:30:09] Ledger POST OK: {"ok":true}
[2026-04-17 14:30:09] New threshold: 9 (avg of [13, 6])
[2026-04-17 14:30:09] Waiting 15s before Round #41...
[Prune] Removed 5 stale IDs (frame 5700)
[2026-04-17 14:30:24] Round #41 | Levi Ski Resort — Finland | threshold=9
[Prune] Removed 2 stale IDs (frame 6000)
[Prune] Removed 2 stale IDs (frame 6100)
[2026-04-17 14:30:37] createMarket tx sent: be55febd142302527deb20fbee35ab7a90bd553f688bd169928e7cf01204f308
[Prune] Removed 2 stale IDs (frame 6200)
[2026-04-17 14:30:39] Market created: 0xFf2599C64574dBf9244f6aD81Ad70474988687d7 (tx: be55febd142302527deb20fbee35ab7a90bd553f688bd169928e7cf01204f308)
[2026-04-17 14:30:39] Ably publish OK: market_created
[2026-04-17 14:30:39] Counting vehicles for 150s...
[STATE] betting — market=0xFf2599C6... bet=150s count=150s round=41
[LineZone] (295,570) -> (1276,335)
[Counter] Line: (579, 10) -> (701, 710)
[2026-04-17 14:30:40] [StreamClient] Round 41 started on stream_server
[Prune] Removed 1 stale IDs (frame 300)
[WS] Client disconnected (2 total)
connection handler failed
Traceback (most recent call last):
  File "/home/lumen/miniconda3/lib/python3.13/asyncio/selector_events.py", line 1067, in write
    n = self._sock.send(data)
BrokenPipeError: [Errno 32] Broken pipe

The above exception was the direct cause of the following exception:

Traceback (most recent call last):
  File "/home/lumen/miniconda3/lib/python3.13/site-packages/websockets/asyncio/server.py", line 376, in conn_handler
    await self.handler(connection)
  File "/home/lumen/.gemini/antigravity/scratch/rush/oracle/stream_server.py", line 1261, in handler
    async for msg in ws:
    ...<37 lines>...
            pass
  File "/home/lumen/miniconda3/lib/python3.13/site-packages/websockets/asyncio/connection.py", line 242, in __aiter__
    yield await self.recv()
          ^^^^^^^^^^^^^^^^^
  File "/home/lumen/miniconda3/lib/python3.13/site-packages/websockets/asyncio/connection.py", line 322, in recv
    raise self.protocol.close_exc from self.recv_exc
websockets.exceptions.ConnectionClosedError: no close frame received or sent
[Prune] Removed 1 stale IDs (frame 500)
[Evidence] Saved evidence/1776447040_30s.jpg (239012 bytes, sha256:939b184e8ec81...)
[WS] Client connected (3 total)
[Prune] Removed 1 stale IDs (frame 1000)
[Evidence] Saved evidence/1776447040_60s.jpg (239756 bytes, sha256:908a1cf35344f...)
[Prune] Removed 1 stale IDs (frame 1100)
[Evidence] Saved evidence/1776447040_90s.jpg (239485 bytes, sha256:93820b6ee4ef9...)
[Prune] Removed 1 stale IDs (frame 1600)
[Prune] Removed 2 stale IDs (frame 1700)
[Prune] Removed 5 stale IDs (frame 1800)
[Prune] Removed 6 stale IDs (frame 1900)
[Prune] Removed 8 stale IDs (frame 2000)
[Prune] Removed 4 stale IDs (frame 2100)
[Evidence] Saved evidence/1776447040_120s.jpg (239798 bytes, sha256:a7a156a96431f...)
[Prune] Removed 1 stale IDs (frame 2200)
[Prune] Removed 9 stale IDs (frame 2300)
[Prune] Removed 3 stale IDs (frame 2400)
[Prune] Removed 9 stale IDs (frame 2500)
[Prune] Removed 11 stale IDs (frame 2600)
[STATE] counting — market=0xFf2599C6... duration=150s round=41
[Evidence] Saved evidence/1776447040_150s.jpg (240263 bytes, sha256:cc3b35de00e01...)
[Prune] Removed 39 stale IDs (frame 2700)
[Prune] Removed 19 stale IDs (frame 2800)
[Prune] Removed 14 stale IDs (frame 2900)
[Prune] Removed 8 stale IDs (frame 3000)
[Prune] Removed 2 stale IDs (frame 3100)
[Evidence] Saved evidence/1776447040_180s.jpg (237367 bytes, sha256:b0cefc4e3efc6...)
[Prune] Removed 1 stale IDs (frame 3200)
[Prune] Removed 1 stale IDs (frame 3300)
[Prune] Removed 5 stale IDs (frame 3600)
[Evidence] Saved evidence/1776447040_210s.jpg (239798 bytes, sha256:e296be4f0583f...)
[Prune] Removed 1 stale IDs (frame 3700)
[Prune] Removed 2 stale IDs (frame 3800)
[Prune] Removed 1 stale IDs (frame 4000)
[Evidence] Saved evidence/1776447040_240s.jpg (239945 bytes, sha256:a96f3c8b9ae91...)
[Prune] Removed 5 stale IDs (frame 4600)
[Evidence] Saved evidence/1776447040_270s.jpg (233472 bytes, sha256:1c6a409034341...)
[Prune] Removed 1 stale IDs (frame 4700)
[Prune] Removed 2 stale IDs (frame 4800)
[Evidence] Saved evidence/1776447040_final.jpg (239508 bytes, sha256:dd62ad8b408f7...)
[Evidence] Saved evidence/1776447040_final.jpg (239453 bytes, sha256:fadf108f23054...)
[Evidence] Saved evidence/1776447040_final.jpg (239451 bytes, sha256:d2b56172362ba...)
[STATE] idle — round 41 complete: 7 vehicles
[Prune] Removed 2 stale IDs (frame 5200)
[2026-04-17 14:36:10] No round_complete via WS — reading result.json fallback
[2026-04-17 14:36:10] Count complete: 7 vehicles (in=1 out=6)
[2026-04-17 14:36:11] Pool check OK: total=0.0100 ETH, under=0.0050, over=0.0050
[2026-04-17 14:36:11] Market resolved: 7 vehicles → Under 9 wins
[2026-04-17 14:36:12] resolveMarket tx sent: f2f89c6ac3d3a265ffe7ea55249214ee4f1723b12b7c817369c5c526d125c1fa
[2026-04-17 14:36:12] resolveMarket confirmed (tx: f2f89c6ac3d3a265ffe7ea55249214ee4f1723b12b7c817369c5c526d125c1fa)
[2026-04-17 14:36:12] Ably publish OK: market_resolved
[2026-04-17 14:36:13] Winnings distributed: 0xFf2599C64574dBf9244f6aD81Ad70474988687d7 (tx: 2b558544955a8f9dd76305d81d68c68f940ba14c094453e9b23dfac7c9ef0bb9)
[2026-04-17 14:36:13] Auto-distributed winnings (tx: 2b558544955a8f9dd76305d81d68c68f940ba14c094453e9b23dfac7c9ef0bb9)
[2026-04-17 14:36:13] Ably publish OK: winnings_distributed
[2026-04-17 14:36:13] Ledger POST OK: {"ok":true}
[2026-04-17 14:36:13] New threshold: 6 (avg of [6, 7])
[2026-04-17 14:36:13] Waiting 15s before Round #42...
[2026-04-17 14:36:28] Round #42 | Levi Ski Resort — Finland | threshold=6
[2026-04-17 14:36:29] createMarket tx sent: b026d55d1d13b9f8926d5afd59e80b95426789946044c6ec535f4eca4cd5b9c8
[2026-04-17 14:36:32] Market created: 0xc11903AaaAc15B7feD313Beb26D2A1a777FAde6E (tx: b026d55d1d13b9f8926d5afd59e80b95426789946044c6ec535f4eca4cd5b9c8)
[2026-04-17 14:36:32] Ably publish OK: market_created
[2026-04-17 14:36:32] Counting vehicles for 150s...
[STATE] betting — market=0xc11903Aa... bet=150s count=150s round=42
[LineZone] (295,570) -> (1276,335)
[2026-04-17 14:36:33] [StreamClient] Round 42 started on stream_server
[Counter] Line: (579, 10) -> (701, 710)
[Prune] Removed 2 stale IDs (frame 400)
[Prune] Removed 1 stale IDs (frame 500)
[Evidence] Saved evidence/1776447393_30s.jpg (239436 bytes, sha256:d9cec627a33e5...)
[Prune] Removed 5 stale IDs (frame 600)
[Evidence] Saved evidence/1776447393_60s.jpg (240141 bytes, sha256:08764ac5be41d...)
[Prune] Removed 3 stale IDs (frame 1300)
[Evidence] Saved evidence/1776447393_90s.jpg (240030 bytes, sha256:76935a36fd23b...)
[Evidence] Saved evidence/1776447393_120s.jpg (240130 bytes, sha256:fd606bbfe1666...)
[Prune] Removed 1 stale IDs (frame 2200)
[STATE] counting — market=0xc11903Aa... duration=150s round=42
[Evidence] Saved evidence/1776447393_150s.jpg (240517 bytes, sha256:318d15d46be5b...)
[Evidence] Saved evidence/1776447393_180s.jpg (239677 bytes, sha256:4daa1a086c84f...)
[Prune] Removed 2 stale IDs (frame 3600)
[Evidence] Saved evidence/1776447393_210s.jpg (238915 bytes, sha256:a5a3e3e4017d9...)
[Prune] Removed 1 stale IDs (frame 3800)
[Evidence] Saved evidence/1776447393_240s.jpg (240434 bytes, sha256:6b5f55aa11e62...)
[Prune] Removed 2 stale IDs (frame 4300)
[Prune] Removed 2 stale IDs (frame 4400)
[Prune] Removed 1 stale IDs (frame 4500)
[Evidence] Saved evidence/1776447393_270s.jpg (239671 bytes, sha256:875e9b1d88663...)
[Evidence] Saved evidence/1776447393_final.jpg (239994 bytes, sha256:c8c1152314dd2...)
[Evidence] Saved evidence/1776447393_final.jpg (240002 bytes, sha256:7faf0493ea460...)
[Evidence] Saved evidence/1776447393_final.jpg (239988 bytes, sha256:3f1867cb6b49e...)
[STATE] idle — round 42 complete: 2 vehicles
[Prune] Removed 1 stale IDs (frame 5200)
[WS] Client disconnected (2 total)
[Prune] Removed 3 stale IDs (frame 5500)
[Prune] Removed 1 stale IDs (frame 5600)
[2026-04-17 14:42:03] No round_complete via WS — reading result.json fallback
[2026-04-17 14:42:03] Count complete: 2 vehicles (in=0 out=2)
[Prune] Removed 3 stale IDs (frame 5700)
[2026-04-17 14:42:04] Pool check OK: total=0.0110 ETH, under=0.0060, over=0.0050
[2026-04-17 14:42:04] Market resolved: 2 vehicles → Under 6 wins
[2026-04-17 14:42:05] resolveMarket tx sent: 24684588142521766ca7fccd2c7f054cfff95ed47aecc69389827fbb1e5e0a86
[2026-04-17 14:42:05] resolveMarket confirmed (tx: 24684588142521766ca7fccd2c7f054cfff95ed47aecc69389827fbb1e5e0a86)
[2026-04-17 14:42:05] Ably publish OK: market_resolved
[2026-04-17 14:42:06] Winnings distributed: 0xc11903AaaAc15B7feD313Beb26D2A1a777FAde6E (tx: fb8cd23b8fe2e6941bbf585ff81c6c87870952e8d450426f3f3ec1f527cea987)
[2026-04-17 14:42:06] Auto-distributed winnings (tx: fb8cd23b8fe2e6941bbf585ff81c6c87870952e8d450426f3f3ec1f527cea987)
[2026-04-17 14:42:06] Ably publish OK: winnings_distributed
[2026-04-17 14:42:06] Ledger POST failed (non-fatal): HTTP Error 400: Bad Request
[2026-04-17 14:42:06] New threshold: 4 (avg of [7, 2])
[2026-04-17 14:42:06] Waiting 15s before Round #43...
[Prune] Removed 3 stale IDs (frame 5800)
[Prune] Removed 1 stale IDs (frame 5900)
[Prune] Removed 1 stale IDs (frame 6000)
[2026-04-17 14:42:21] Round #43 | Levi Ski Resort — Finland | threshold=4
[2026-04-17 14:42:22] createMarket tx sent: d2f473326ae9bf83753adcce1d98d123aa7d0447db6e9a02b19a8c4caf6162a2
[2026-04-17 14:42:25] Market created: 0xda43616cb2537DA3d806E33e9cc31767EEC4C5c1 (tx: d2f473326ae9bf83753adcce1d98d123aa7d0447db6e9a02b19a8c4caf6162a2)
[Prune] Removed 4 stale IDs (frame 6100)
[2026-04-17 14:42:25] Ably publish OK: market_created
[2026-04-17 14:42:25] Counting vehicles for 150s...
[STATE] betting — market=0xda43616c... bet=150s count=150s round=43
[LineZone] (295,570) -> (1276,335)
[Counter] Line: (579, 10) -> (701, 710)
[2026-04-17 14:42:26] [StreamClient] Round 43 started on stream_server
[Evidence] Saved evidence/1776447746_30s.jpg (240773 bytes, sha256:78ce52bcb2a9a...)
[Evidence] Saved evidence/1776447746_60s.jpg (241017 bytes, sha256:3023cda9167d6...)
[Prune] Removed 2 stale IDs (frame 1300)
[Prune] Removed 4 stale IDs (frame 1400)
[Prune] Removed 2 stale IDs (frame 1500)
[Prune] Removed 5 stale IDs (frame 1600)
[Evidence] Saved evidence/1776447746_90s.jpg (240759 bytes, sha256:70f978c8cc521...)
[Prune] Removed 5 stale IDs (frame 1700)
[Prune] Removed 4 stale IDs (frame 1800)
[Prune] Removed 5 stale IDs (frame 1900)
[Prune] Removed 1 stale IDs (frame 2000)
[Prune] Removed 1 stale IDs (frame 2100)
[Prune] Removed 2 stale IDs (frame 2200)
[Evidence] Saved evidence/1776447746_120s.jpg (240644 bytes, sha256:9a20664913e94...)
[Prune] Removed 3 stale IDs (frame 2300)
[Prune] Removed 1 stale IDs (frame 2700)
[STATE] counting — market=0xda43616c... duration=150s round=43
[Prune] Removed 1 stale IDs (frame 2900)
[Evidence] Saved evidence/1776447746_150s.jpg (240761 bytes, sha256:71fe428f68ebe...)
[Prune] Removed 3 stale IDs (frame 3100)
[Prune] Removed 8 stale IDs (frame 3200)
[Prune] Removed 4 stale IDs (frame 3300)
[Prune] Removed 4 stale IDs (frame 3400)
[Evidence] Saved evidence/1776447746_180s.jpg (240452 bytes, sha256:a7a4799693732...)
[Prune] Removed 8 stale IDs (frame 3500)
[Prune] Removed 3 stale IDs (frame 3600)
[Prune] Removed 4 stale IDs (frame 3900)
[Evidence] Saved evidence/1776447746_210s.jpg (240180 bytes, sha256:8981068835abd...)
[Prune] Removed 4 stale IDs (frame 4000)
[Prune] Removed 1 stale IDs (frame 4100)
[Prune] Removed 2 stale IDs (frame 4200)
[Prune] Removed 1 stale IDs (frame 4300)
[WS] Client connected (3 total)
[Prune] Removed 6 stale IDs (frame 4400)
[Evidence] Saved evidence/1776447746_240s.jpg (241505 bytes, sha256:23740c6c6a147...)
[Prune] Removed 2 stale IDs (frame 4500)
[Prune] Removed 2 stale IDs (frame 4600)
[Prune] Removed 1 stale IDs (frame 4700)
[Prune] Removed 1 stale IDs (frame 4800)
[Evidence] Saved evidence/1776447746_270s.jpg (241707 bytes, sha256:5103aabc0fb2e...)
[Prune] Removed 6 stale IDs (frame 5200)
[Prune] Removed 3 stale IDs (frame 5300)
[Evidence] Saved evidence/1776447746_final.jpg (241456 bytes, sha256:146b7011e597a...)
[Evidence] Saved evidence/1776447746_final.jpg (241472 bytes, sha256:a4fcd2e6333d3...)
[STATE] idle — round 43 complete: 6 vehicles
[Prune] Removed 1 stale IDs (frame 5500)
[Prune] Removed 1 stale IDs (frame 5700)
[2026-04-17 14:47:56] No round_complete via WS — reading result.json fallback
[2026-04-17 14:47:56] Count complete: 6 vehicles (in=0 out=6)
[2026-04-17 14:47:57] Pool check OK: total=0.0110 ETH, under=0.0060, over=0.0050
[2026-04-17 14:47:57] Market resolved: 6 vehicles → Over 4 wins
[2026-04-17 14:47:58] resolveMarket tx sent: 1271c9b7e938b93a22ddbd908dc296dd6c0a640d039b07e40393e959ede7840e
[2026-04-17 14:47:58] resolveMarket confirmed (tx: 1271c9b7e938b93a22ddbd908dc296dd6c0a640d039b07e40393e959ede7840e)
[2026-04-17 14:47:58] Ably publish OK: market_resolved
[2026-04-17 14:47:59] Winnings distributed: 0xda43616cb2537DA3d806E33e9cc31767EEC4C5c1 (tx: 0a92bb5099106f8d8fb32075f084e1732c4e6c43770e1f5571f93b97b0027ba7)
[2026-04-17 14:47:59] Auto-distributed winnings (tx: 0a92bb5099106f8d8fb32075f084e1732c4e6c43770e1f5571f93b97b0027ba7)
[2026-04-17 14:47:59] Ably publish OK: winnings_distributed
[2026-04-17 14:48:00] Ledger POST failed (non-fatal): HTTP Error 400: Bad Request
[2026-04-17 14:48:00] New threshold: 4 (avg of [2, 6])
[2026-04-17 14:48:00] Waiting 15s before Round #44...
[2026-04-17 14:48:15] Round #44 | Levi Ski Resort — Finland | threshold=4
[2026-04-17 14:48:16] createMarket tx sent: ddcd1e3da34c70d29816441a898a822b1c7d3a50e1f2763420bdf74d6baee84d
[2026-04-17 14:48:18] Market created: 0x59a2B8e9B8e37eECcc9A67539cBBfa0F19797B7D (tx: ddcd1e3da34c70d29816441a898a822b1c7d3a50e1f2763420bdf74d6baee84d)
[Prune] Removed 1 stale IDs (frame 6300)
[2026-04-17 14:48:19] Ably publish OK: market_created
[2026-04-17 14:48:19] Counting vehicles for 150s...
[STATE] betting — market=0x59a2B8e9... bet=150s count=150s round=44
[LineZone] (295,570) -> (1276,335)
[Counter] Line: (579, 10) -> (701, 710)
[2026-04-17 14:48:19] [StreamClient] Round 44 started on stream_server
[Prune] Removed 4 stale IDs (frame 200)
[Prune] Removed 9 stale IDs (frame 300)
[Prune] Removed 3 stale IDs (frame 400)
[Evidence] Saved evidence/1776448099_30s.jpg (242638 bytes, sha256:fb863814ee9fb...)
[Prune] Removed 1 stale IDs (frame 500)
[Prune] Removed 5 stale IDs (frame 600)
[Prune] Removed 1 stale IDs (frame 800)
[Prune] Removed 1 stale IDs (frame 900)
[Evidence] Saved evidence/1776448099_60s.jpg (242244 bytes, sha256:e0cce6611cd5f...)
[Prune] Removed 1 stale IDs (frame 1000)
[Prune] Removed 1 stale IDs (frame 1100)
[WS] Client disconnected (2 total)
[Prune] Removed 2 stale IDs (frame 1200)
[Prune] Removed 1 stale IDs (frame 1300)
[Evidence] Saved evidence/1776448099_90s.jpg (242099 bytes, sha256:5fa47583c380b...)
[WS] Client connected (3 total)
[WS] Client disconnected (2 total)
connection handler failed
Traceback (most recent call last):
  File "/home/lumen/miniconda3/lib/python3.13/asyncio/selector_events.py", line 1067, in write
    n = self._sock.send(data)
BrokenPipeError: [Errno 32] Broken pipe

The above exception was the direct cause of the following exception:

Traceback (most recent call last):
  File "/home/lumen/miniconda3/lib/python3.13/site-packages/websockets/asyncio/server.py", line 376, in conn_handler
    await self.handler(connection)
  File "/home/lumen/.gemini/antigravity/scratch/rush/oracle/stream_server.py", line 1261, in handler
    async for msg in ws:
    ...<37 lines>...
            pass
  File "/home/lumen/miniconda3/lib/python3.13/site-packages/websockets/asyncio/connection.py", line 242, in __aiter__
    yield await self.recv()
          ^^^^^^^^^^^^^^^^^
  File "/home/lumen/miniconda3/lib/python3.13/site-packages/websockets/asyncio/connection.py", line 322, in recv
    raise self.protocol.close_exc from self.recv_exc
websockets.exceptions.ConnectionClosedError: no close frame received or sent
[Evidence] Saved evidence/1776448099_120s.jpg (240995 bytes, sha256:b955091182951...)
[STATE] counting — market=0x59a2B8e9... duration=150s round=44
[Evidence] Saved evidence/1776448099_150s.jpg (241286 bytes, sha256:ae8be58a56a2b...)
[Prune] Removed 1 stale IDs (frame 2700)
[Prune] Removed 3 stale IDs (frame 2800)
[Prune] Removed 3 stale IDs (frame 2900)
[Prune] Removed 3 stale IDs (frame 3000)
[Evidence] Saved evidence/1776448099_180s.jpg (241363 bytes, sha256:7db3c2674c5a3...)
[Prune] Removed 1 stale IDs (frame 3100)
[Prune] Removed 2 stale IDs (frame 3300)
[Prune] Removed 2 stale IDs (frame 3400)
[Prune] Removed 1 stale IDs (frame 3500)
[Prune] Removed 1 stale IDs (frame 3600)
[Evidence] Saved evidence/1776448099_210s.jpg (241982 bytes, sha256:da5b8de6bc6f6...)
[Prune] Removed 4 stale IDs (frame 3700)
[Prune] Removed 2 stale IDs (frame 3800)
[Prune] Removed 2 stale IDs (frame 3900)
[Prune] Removed 1 stale IDs (frame 4000)
[Prune] Removed 2 stale IDs (frame 4200)
[Evidence] Saved evidence/1776448099_240s.jpg (241686 bytes, sha256:676b304d802db...)
[Prune] Removed 3 stale IDs (frame 4300)
[Prune] Removed 4 stale IDs (frame 4400)
[Prune] Removed 2 stale IDs (frame 4500)
[Prune] Removed 2 stale IDs (frame 4700)
[Evidence] Saved evidence/1776448099_270s.jpg (234430 bytes, sha256:bc7dcb03eb7a6...)
[Prune] Removed 3 stale IDs (frame 4900)
[Prune] Removed 1 stale IDs (frame 5000)
[Evidence] Saved evidence/1776448099_final.jpg (242163 bytes, sha256:d9cbc1ea4a581...)
[Evidence] Saved evidence/1776448099_final.jpg (242185 bytes, sha256:e4002713cb47d...)
[Evidence] Saved evidence/1776448099_final.jpg (242186 bytes, sha256:1e308c64fb629...)
[STATE] idle — round 44 complete: 2 vehicles
[Prune] Removed 4 stale IDs (frame 5500)
[Prune] Removed 4 stale IDs (frame 5600)
[Prune] Removed 6 stale IDs (frame 5700)
[Prune] Removed 1 stale IDs (frame 5800)
[2026-04-17 14:53:49] No round_complete via WS — reading result.json fallback
[2026-04-17 14:53:49] Count complete: 2 vehicles (in=0 out=2)
[Prune] Removed 1 stale IDs (frame 6000)
[2026-04-17 14:53:50] Pool check OK: total=0.0100 ETH, under=0.0050, over=0.0050
[2026-04-17 14:53:50] Market resolved: 2 vehicles → Under 4 wins
[2026-04-17 14:53:51] resolveMarket tx sent: 1de32b1c412536bdabaabd0523b09acc74178e50bedf195259a1b3126355d6f0
[2026-04-17 14:53:51] resolveMarket confirmed (tx: 1de32b1c412536bdabaabd0523b09acc74178e50bedf195259a1b3126355d6f0)
[2026-04-17 14:53:51] Ably publish OK: market_resolved
[2026-04-17 14:53:52] Winnings distributed: 0x59a2B8e9B8e37eECcc9A67539cBBfa0F19797B7D (tx: e8a65a000e5b40ba05a514c2e246eda007d4f2d1d44b58d611eb36b5e9ab3e42)
[2026-04-17 14:53:52] Auto-distributed winnings (tx: e8a65a000e5b40ba05a514c2e246eda007d4f2d1d44b58d611eb36b5e9ab3e42)
[2026-04-17 14:53:52] Ably publish OK: winnings_distributed
[2026-04-17 14:53:53] Ledger POST OK: {"ok":true}
[2026-04-17 14:53:53] New threshold: 4 (avg of [6, 2])
[2026-04-17 14:53:53] Waiting 15s before Round #45...
[Prune] Removed 6 stale IDs (frame 6100)
[Prune] Removed 8 stale IDs (frame 6200)
[Prune] Removed 5 stale IDs (frame 6300)
[2026-04-17 14:54:08] Round #45 | Levi Ski Resort — Finland | threshold=4
[2026-04-17 14:54:09] createMarket tx sent: d86a54254d021416d79115e189beb33864a76362a320547ec688cfc6b2af9581
[2026-04-17 14:54:09] Market created: 0xe11dd45B37CC035Ee1898F2d0620F7E827551EC7 (tx: d86a54254d021416d79115e189beb33864a76362a320547ec688cfc6b2af9581)
[2026-04-17 14:54:10] Ably publish OK: market_created
[2026-04-17 14:54:10] Counting vehicles for 150s...
[STATE] betting — market=0xe11dd45B... bet=150s count=150s round=45
[LineZone] (295,570) -> (1276,335)
[Counter] Line: (579, 10) -> (701, 710)
[2026-04-17 14:54:10] [StreamClient] Round 45 started on stream_server
[Prune] Removed 1 stale IDs (frame 100)
[Prune] Removed 4 stale IDs (frame 200)
[Evidence] Saved evidence/1776448450_30s.jpg (242242 bytes, sha256:2687bce61bca8...)
[Prune] Removed 1 stale IDs (frame 600)
[Prune] Removed 1 stale IDs (frame 700)
opening handshake failed
Traceback (most recent call last):
  File "/home/lumen/miniconda3/lib/python3.13/site-packages/websockets/asyncio/server.py", line 356, in conn_handler
    await connection.handshake(
    ...<3 lines>...
    )
  File "/home/lumen/miniconda3/lib/python3.13/site-packages/websockets/asyncio/server.py", line 207, in handshake
    raise self.protocol.handshake_exc
  File "/home/lumen/miniconda3/lib/python3.13/site-packages/websockets/server.py", line 138, in accept
    ) = self.process_request(request)
        ~~~~~~~~~~~~~~~~~~~~^^^^^^^^^
  File "/home/lumen/miniconda3/lib/python3.13/site-packages/websockets/server.py", line 233, in process_request
    raise InvalidUpgrade(
        "Connection", ", ".join(connection) if connection else None
    )
websockets.exceptions.InvalidUpgrade: invalid Connection header: keep-alive
[WS] Client connected (3 total)
[WS] Client connected (4 total)
[Prune] Removed 1 stale IDs (frame 1000)
[Evidence] Saved evidence/1776448450_60s.jpg (242145 bytes, sha256:37020d6321892...)
[Prune] Removed 1 stale IDs (frame 1200)
[Prune] Removed 1 stale IDs (frame 1300)
[WS] Client disconnected (3 total)
[Prune] Removed 3 stale IDs (frame 1500)
[WS] Client disconnected (2 total)
connection handler failed
Traceback (most recent call last):
  File "/home/lumen/miniconda3/lib/python3.13/site-packages/websockets/asyncio/server.py", line 376, in conn_handler
    await self.handler(connection)
  File "/home/lumen/.gemini/antigravity/scratch/rush/oracle/stream_server.py", line 1261, in handler
    async for msg in ws:
    ...<37 lines>...
            pass
  File "/home/lumen/miniconda3/lib/python3.13/site-packages/websockets/asyncio/connection.py", line 242, in __aiter__
    yield await self.recv()
          ^^^^^^^^^^^^^^^^^
  File "/home/lumen/miniconda3/lib/python3.13/site-packages/websockets/asyncio/connection.py", line 322, in recv
    raise self.protocol.close_exc from self.recv_exc
websockets.exceptions.ConnectionClosedError: sent 1011 (internal error) keepalive ping timeout; no close frame received
[Evidence] Saved evidence/1776448450_90s.jpg (242377 bytes, sha256:f8b1489edb9c8...)
[Prune] Removed 2 stale IDs (frame 1600)
[Prune] Removed 8 stale IDs (frame 1700)
[Prune] Removed 10 stale IDs (frame 1800)
[Prune] Removed 5 stale IDs (frame 1900)
[Prune] Removed 5 stale IDs (frame 2000)
[Evidence] Saved evidence/1776448450_120s.jpg (242404 bytes, sha256:c4a51b7ae90a8...)
[Prune] Removed 6 stale IDs (frame 2100)
[Prune] Removed 1 stale IDs (frame 2200)
[Prune] Removed 6 stale IDs (frame 2300)
[WS] Client connected (3 total)
[Prune] Removed 5 stale IDs (frame 2400)
[Prune] Removed 3 stale IDs (frame 2500)
[Prune] Removed 5 stale IDs (frame 2600)
[STATE] counting — market=0xe11dd45B... duration=150s round=45
[Evidence] Saved evidence/1776448450_150s.jpg (242744 bytes, sha256:49e4d1467cbac...)
[Prune] Removed 5 stale IDs (frame 2700)
[Prune] Removed 2 stale IDs (frame 2800)
[Prune] Removed 2 stale IDs (frame 2900)
[Prune] Removed 8 stale IDs (frame 3000)
[Prune] Removed 2 stale IDs (frame 3100)
[Evidence] Saved evidence/1776448450_180s.jpg (242376 bytes, sha256:ebda1a1dc3aa4...)
[Prune] Removed 4 stale IDs (frame 3200)
[Prune] Removed 32 stale IDs (frame 3300)
[Prune] Removed 16 stale IDs (frame 3400)
[Prune] Removed 3 stale IDs (frame 3500)
[Evidence] Saved evidence/1776448450_210s.jpg (242148 bytes, sha256:5e332e7689a70...)
[Evidence] Saved evidence/1776448450_240s.jpg (242223 bytes, sha256:aefa331c20f4d...)
[Evidence] Saved evidence/1776448450_270s.jpg (242146 bytes, sha256:ec006513212b5...)
[WS] Client disconnected (2 total)
[Prune] Removed 1 stale IDs (frame 4700)
[Prune] Removed 4 stale IDs (frame 4800)
[Prune] Removed 6 stale IDs (frame 4900)
[Evidence] Saved evidence/1776448450_final.jpg (241829 bytes, sha256:110c3bc7913d4...)
[Evidence] Saved evidence/1776448450_final.jpg (241783 bytes, sha256:5701f690201f2...)
[Evidence] Saved evidence/1776448450_final.jpg (241811 bytes, sha256:581d89a9f3bcb...)
[STATE] idle — round 45 complete: 3 vehicles
[Prune] Removed 1 stale IDs (frame 5000)
[Prune] Removed 1 stale IDs (frame 5300)
[Prune] Removed 1 stale IDs (frame 5400)
[Prune] Removed 5 stale IDs (frame 5500)
[2026-04-17 14:59:40] No round_complete via WS — reading result.json fallback
[2026-04-17 14:59:40] Count complete: 3 vehicles (in=0 out=3)
[2026-04-17 14:59:41] Pool check OK: total=0.0110 ETH, under=0.0060, over=0.0050
[2026-04-17 14:59:41] Market resolved: 3 vehicles → Under 4 wins
[2026-04-17 14:59:42] resolveMarket tx sent: 0c65567bcd388dd6f87b45d717116a64a7206243067c1c78f20fe32f34d4adb3
[Prune] Removed 2 stale IDs (frame 5600)
[2026-04-17 14:59:44] resolveMarket confirmed (tx: 0c65567bcd388dd6f87b45d717116a64a7206243067c1c78f20fe32f34d4adb3)
[2026-04-17 14:59:44] Ably publish OK: market_resolved
[2026-04-17 14:59:45] Winnings distributed: 0xe11dd45B37CC035Ee1898F2d0620F7E827551EC7 (tx: 6b13ab413c3208ef6d4da23cbc3d1ce920144b9e7734ae8c489367bb6b80dd9e)
[2026-04-17 14:59:45] Auto-distributed winnings (tx: 6b13ab413c3208ef6d4da23cbc3d1ce920144b9e7734ae8c489367bb6b80dd9e)
[2026-04-17 14:59:46] Ably publish OK: winnings_distributed
[2026-04-17 14:59:46] Ledger POST failed (non-fatal): HTTP Error 400: Bad Request
[2026-04-17 14:59:46] New threshold: 2 (avg of [2, 3])
[2026-04-17 14:59:46] Waiting 15s before Round #46...
[Prune] Removed 9 stale IDs (frame 5700)
[Prune] Removed 7 stale IDs (frame 5800)
[Prune] Removed 1 stale IDs (frame 5900)
[2026-04-17 15:00:01] Round #46 | Levi Ski Resort — Finland | threshold=2
[2026-04-17 15:00:02] createMarket tx sent: ffc603b6c7180cfe2a6d9664c4b1fc3b2ae5dbf97c91025efa2246e8a0976c0a
[2026-04-17 15:00:02] Market created: 0x2A25CE010129eC7a062b39D4463A61BF2CB70252 (tx: ffc603b6c7180cfe2a6d9664c4b1fc3b2ae5dbf97c91025efa2246e8a0976c0a)
[2026-04-17 15:00:03] Ably publish OK: market_created
[2026-04-17 15:00:03] Counting vehicles for 150s...
[STATE] betting — market=0x2A25CE01... bet=150s count=150s round=46
[2026-04-17 15:00:03] [StreamClient] Round 46 started on stream_server
[LineZone] (295,570) -> (1276,335)
[Counter] Line: (579, 10) -> (701, 710)
[Prune] Removed 2 stale IDs (frame 100)
[Prune] Removed 37 stale IDs (frame 200)
[Prune] Removed 29 stale IDs (frame 300)
[Prune] Removed 3 stale IDs (frame 400)
[Evidence] Saved evidence/1776448803_30s.jpg (242353 bytes, sha256:3bbe558cc00a7...)
[Evidence] Saved evidence/1776448803_60s.jpg (242199 bytes, sha256:ea3adcd4c1dbc...)
[Prune] Removed 1 stale IDs (frame 1100)
[Prune] Removed 1 stale IDs (frame 1400)
[Prune] Removed 1 stale IDs (frame 1500)
[Prune] Removed 2 stale IDs (frame 1600)
[Evidence] Saved evidence/1776448803_90s.jpg (242743 bytes, sha256:fdacd1bf0d23b...)
[Prune] Removed 1 stale IDs (frame 1700)
[WS] Client connected (3 total)
[Evidence] Saved evidence/1776448803_120s.jpg (242405 bytes, sha256:b3e93dfd9b000...)
[STATE] counting — market=0x2A25CE01... duration=150s round=46
[Evidence] Saved evidence/1776448803_150s.jpg (242255 bytes, sha256:b7cb950ef6f8b...)
[Evidence] Saved evidence/1776448803_180s.jpg (242573 bytes, sha256:814f3e05029a3...)
[Evidence] Saved evidence/1776448803_210s.jpg (241573 bytes, sha256:e8561f568beed...)
[Evidence] Saved evidence/1776448803_240s.jpg (242516 bytes, sha256:3c9e9d4329773...)
[WS] Client disconnected (2 total)
[Evidence] Saved evidence/1776448803_270s.jpg (242374 bytes, sha256:ccd2566f19156...)
[Evidence] Saved evidence/1776448803_final.jpg (242036 bytes, sha256:543275fe62098...)
[Evidence] Saved evidence/1776448803_final.jpg (242011 bytes, sha256:3a916e12b22f9...)
[STATE] idle — round 46 complete: 9 vehicles
[2026-04-17 15:05:33] No round_complete via WS — reading result.json fallback
[2026-04-17 15:05:33] Count complete: 9 vehicles (in=0 out=9)
[2026-04-17 15:05:35] Pool check OK: total=0.0150 ETH, under=0.0050, over=0.0100
[2026-04-17 15:05:35] Market resolved: 9 vehicles → Over 2 wins
[2026-04-17 15:05:35] resolveMarket tx sent: 18ade2999a9448916eea5c3883d3bc39c14fcb46cdd324ab3a32302b0f7cdf5d
[2026-04-17 15:05:37] resolveMarket confirmed (tx: 18ade2999a9448916eea5c3883d3bc39c14fcb46cdd324ab3a32302b0f7cdf5d)
[2026-04-17 15:05:38] Ably publish OK: market_resolved
[2026-04-17 15:05:41] Winnings distributed: 0x2A25CE010129eC7a062b39D4463A61BF2CB70252 (tx: 4826f7f7d0c6623fa35d9ceaf2bd66b7ae714866e0dfe7056ae1563874415ef1)
[2026-04-17 15:05:41] Auto-distributed winnings (tx: 4826f7f7d0c6623fa35d9ceaf2bd66b7ae714866e0dfe7056ae1563874415ef1)
[2026-04-17 15:05:41] Ably publish OK: winnings_distributed
[2026-04-17 15:05:41] Ledger POST failed (non-fatal): HTTP Error 400: Bad Request
[2026-04-17 15:05:41] New threshold: 6 (avg of [3, 9])
[2026-04-17 15:05:41] Waiting 15s before Round #47...
[2026-04-17 15:05:56] Round #47 | Levi Ski Resort — Finland | threshold=6
[2026-04-17 15:05:57] createMarket tx sent: 44afc3786e693fe6bf36eaafe7e87fb4ddd492a970350439ef626e42c484c15e
[2026-04-17 15:05:57] Market created: 0x7910C91A99D9946C0bFB2fffE9f186377395b5ca (tx: 44afc3786e693fe6bf36eaafe7e87fb4ddd492a970350439ef626e42c484c15e)
[2026-04-17 15:05:58] Ably publish OK: market_created
[2026-04-17 15:05:58] Counting vehicles for 150s...
[STATE] betting — market=0x7910C91A... bet=150s count=150s round=47
[LineZone] (295,570) -> (1276,335)
[Counter] Line: (579, 10) -> (701, 710)
[2026-04-17 15:05:58] [StreamClient] Round 47 started on stream_server
[Evidence] Saved evidence/1776449158_30s.jpg (241851 bytes, sha256:50eff0eb38d54...)
[Evidence] Saved evidence/1776449158_60s.jpg (242239 bytes, sha256:8fec6dab63e31...)
[Prune] Removed 1 stale IDs (frame 1600)
[Evidence] Saved evidence/1776449158_90s.jpg (241680 bytes, sha256:cf3f83fb4849e...)
