[Launcher] Loaded .env from /home/lumen/.gemini/antigravity/scratch/rush/.env
[Launcher] Cleaning previous instances (preserving named tunnel)...
═══════════════════════════════════════════════════
  Rush Oracle Launcher
  WebSocket port: 9000
  Public hostname: wss://oracle.rushgame.vip (named tunnel)
═══════════════════════════════════════════════════
[Launcher] Named tunnel cloudflared is up — WS will be reachable at oracle.rushgame.vip
[Launcher] Starting persistent stream server...
[Launcher] Stream server PID: 1668908 (camera: peace-bridge, port: 9000)
[Launcher] Waiting for stream server to be ready...
[Camera] Confidence override: 0.08
[Camera] Peace Bridge — USA/Canada Border (Peace Bridge Authority) — YOUTUBE
[Camera] Line zones: 1 (canonical sv.LineZone, threshold=2)

=======================================================
  SinalBet Live Oracle Server (v4 — Persistent)
  WebSocket: ws://0.0.0.0:9000
  Stream: https://www.youtube.com/watch?v=DnUFAShZKus
  Camera: peace-bridge
  Model: yolo12s.pt
  Mode: persistent (rounds via WS control)
  Target FPS: 8
=======================================================

[yt-dlp] OK: https://manifest.googlevideo.com/api/manifest/hls_playlist/expire/1776335916/ei/...

[Stream] Probing stream...
[Stream] 1280x720 @ 30.0fps
[Stream] ffmpeg spawned (PID 1669172)
[STATE] idle — waiting for round
[Stream] Throttle target: 30.0 fps
[WS] Client connected (1 total)
[WS] Client connected (2 total)
opening handshake failed
Traceback (most recent call last):
  File "/home/lumen/miniconda3/lib/python3.13/site-packages/websockets/asyncio/server.py", line 356, in conn_handler
    await connection.handshake(
    ...<3 lines>...
    )
  File "/home/lumen/miniconda3/lib/python3.13/site-packages/websockets/asyncio/server.py", line 142, in handshake
    async with self.send_context(expected_state=CONNECTING):
               ~~~~~~~~~~~~~~~~~^^^^^^^^^^^^^^^^^^^^^^^^^^^
  File "/home/lumen/miniconda3/lib/python3.13/contextlib.py", line 214, in __aenter__
    return await anext(self.gen)
           ^^^^^^^^^^^^^^^^^^^^^
  File "/home/lumen/miniconda3/lib/python3.13/site-packages/websockets/asyncio/connection.py", line 957, in send_context
    raise self.protocol.close_exc from original_exc
websockets.exceptions.ConnectionClosedError: no close frame received or sent
[WS] Client connected (3 total)
[WS] Client disconnected (2 total)
[Launcher] Stream server ready!
[Launcher] Starting watchdog (round manager)...
[Launcher] Mode: Supervised Round Manager (watchdog.py)
[Launcher] Watchdog PID: 1669184
[2026-04-16 01:38:40] INFO ============================================================
[2026-04-16 01:38:40] INFO   Rush Oracle Watchdog
[2026-04-16 01:38:40] INFO   Managing: /home/lumen/.gemini/antigravity/scratch/rush/oracle/round_manager_rush.py
[2026-04-16 01:38:40] INFO   Heartbeat: /tmp/rush_oracle_heartbeat.json
[2026-04-16 01:38:40] INFO   Log: /tmp/rush_oracle.log
[2026-04-16 01:38:40] INFO ============================================================
[2026-04-16 01:38:40] INFO Running startup orphan scan...
[LineZone] (307,432) -> (960,432)
[Counter] Line: (579, 10) -> (701, 710)
[2026-04-16 01:38:41] INFO Orphan scan: 1 active market(s) found
[2026-04-16 01:38:42] INFO No orphan markets found
[2026-04-16 01:38:42] INFO Starting child: /home/lumen/miniconda3/bin/python3 -u /home/lumen/.gemini/antigravity/scratch/rush/oracle/round_manager_rush.py
[2026-04-16 01:38:42] INFO Child started (PID 1669385)
[2026-04-16 01:38:43] Chain: connected to https://base-mainnet.core.chainstack.com/977532e58b2430d1f01739e7d209d236 (chain_id=8453)
[2026-04-16 01:38:43] Oracle wallet: 0x4c385830c2E241EfeEd070Eb92606B6AedeDA277
[2026-04-16 01:38:43] Loaded 23 cameras from /home/lumen/.gemini/antigravity/scratch/rush/oracle/cameras.json
[2026-04-16 01:38:43] ============================================================
[2026-04-16 01:38:43]   SinalBet Rush Round Manager
[2026-04-16 01:38:43]   Factory:  0x5b04F3DFaE780A7e109066E754d27f491Af55Af9
[2026-04-16 01:38:43]   Duration: 150s per round
[2026-04-16 01:38:43]   Cameras:  Peace Bridge — USA/Canada Border
[2026-04-16 01:38:43] ============================================================
[2026-04-16 01:38:43] Round #1 | Peace Bridge — USA/Canada Border | threshold=50
[2026-04-16 01:38:43] Cancelling orphan market: 0xC12a445f6aF61f33442C0724BA1cc7f58cee576a
[2026-04-16 01:38:44] Market cancelled: 0xC12a445f6aF61f33442C0724BA1cc7f58cee576a (tx: 85d9cc96b1697565b034b30ad34daed0c11f6fc5dd4266a246df2051fb82f83d)
[2026-04-16 01:38:44] Ably publish OK: market_cancelled
[2026-04-16 01:38:45] Refunds distributed: 0xC12a445f6aF61f33442C0724BA1cc7f58cee576a (tx: bf7df32746cbd4f04230a45cf242328f91cacb9a2025f11b62d7ae21f8c1a288)
[2026-04-16 01:38:45] Cancelled 1 orphan market(s)
[2026-04-16 01:38:46] createMarket tx sent: ffc8b6fb5de4a7bd122b380cc5707f4010d91eea3473f7319280ed2c9773c39e
[2026-04-16 01:38:46] Market created: 0xd0b190f3E1F1fb6426627A39D5CE7d9518f8fFc1 (tx: ffc8b6fb5de4a7bd122b380cc5707f4010d91eea3473f7319280ed2c9773c39e)
[2026-04-16 01:38:47] Ably publish OK: market_created
[2026-04-16 01:38:47] Counting vehicles for 150s...
[2026-04-16 01:38:47] [StreamClient] Reconnecting...
[WS] Client connected (3 total)
[2026-04-16 01:38:47] [StreamClient] Connected to ws://localhost:9000
[2026-04-16 01:38:47] [StreamClient] Unexpected response: {'type': 'init', 'stream': 'https://www.youtube.com/watch?v=DnUFAShZKus', 'state': 'idle', 'count': 0, 'cameraId': 'peace-bridge'}
[STATE] betting — market=0xd0b190f3... bet=150s count=150s round=1
[LineZone] (307,432) -> (960,432)
[Counter] Line: (579, 10) -> (701, 710)
[Prune] Removed 2 stale IDs (frame 800)
[Evidence] Saved evidence/1776314327_30s.jpg (99954 bytes, sha256:8187cca65d673...)
[Prune] Removed 2 stale IDs (frame 900)
[Prune] Removed 4 stale IDs (frame 1000)
[Prune] Removed 2 stale IDs (frame 1200)
[Prune] Removed 2 stale IDs (frame 1400)
[Prune] Removed 2 stale IDs (frame 1700)
[Evidence] Saved evidence/1776314327_60s.jpg (98243 bytes, sha256:26d738b8d03ce...)
[Prune] Removed 1 stale IDs (frame 1900)
[Prune] Removed 4 stale IDs (frame 2000)
[Prune] Removed 1 stale IDs (frame 2100)
[Prune] Removed 1 stale IDs (frame 2300)
[Evidence] Saved evidence/1776314327_90s.jpg (96554 bytes, sha256:707d1a157d513...)
[Prune] Removed 1 stale IDs (frame 2700)
[Prune] Removed 1 stale IDs (frame 2800)
[Prune] Removed 2 stale IDs (frame 2900)
[Prune] Removed 2 stale IDs (frame 3000)
[Evidence] Saved evidence/1776314327_120s.jpg (99476 bytes, sha256:1ea35ba59ed86...)
[STATE] counting — market=0xd0b190f3... duration=150s round=1
[Evidence] Saved evidence/1776314327_150s.jpg (99394 bytes, sha256:f9078b5b38b26...)
[Prune] Removed 3 stale IDs (frame 4700)
[Prune] Removed 1 stale IDs (frame 4900)
[Prune] Removed 3 stale IDs (frame 5000)
[Prune] Removed 1 stale IDs (frame 5100)
[Evidence] Saved evidence/1776314327_180s.jpg (99240 bytes, sha256:70b5d83b12676...)
[Prune] Removed 2 stale IDs (frame 5400)
[Evidence] Saved evidence/1776314327_210s.jpg (97276 bytes, sha256:14a33d1407d38...)
[Prune] Removed 2 stale IDs (frame 6800)
[Prune] Removed 1 stale IDs (frame 6900)
[Evidence] Saved evidence/1776314327_240s.jpg (95024 bytes, sha256:312147e31e61e...)
[Evidence] Saved evidence/1776314327_270s.jpg (99287 bytes, sha256:ed4ec783be050...)
[Prune] Removed 4 stale IDs (frame 8600)
[Prune] Removed 2 stale IDs (frame 8700)
[Evidence] Saved evidence/1776314327_final.jpg (100017 bytes, sha256:e2e4939811273...)
[Evidence] Saved evidence/1776314327_final.jpg (99875 bytes, sha256:626ec13c8c3be...)
[Evidence] Saved evidence/1776314327_final.jpg (96590 bytes, sha256:426ab8fe72e6f...)
[STATE] idle — round 1 complete: 13 vehicles
[2026-04-16 01:43:47] Count complete: 13 vehicles (in=7 out=6)
[2026-04-16 01:43:49] No bets placed — cancelling market
[2026-04-16 01:43:49] Market cancelled: 0xd0b190f3E1F1fb6426627A39D5CE7d9518f8fFc1 (tx: 40f91800ad6a90ad7f8fd37380b2850f2c1cb3dc76a921367aaa3fea5c855ae0)
[2026-04-16 01:43:49] Ably publish OK: market_cancelled
[2026-04-16 01:43:50] Refunds distributed: 0xd0b190f3E1F1fb6426627A39D5CE7d9518f8fFc1 (tx: 432a7583b653880a2b539c28acd5091e0f6ba700e063af2fa10b1e93890c36e0)
[2026-04-16 01:43:50] Ledger POST failed (non-fatal): HTTP Error 400: Bad Request
[2026-04-16 01:43:50] New threshold: 13 (avg of [13])
[2026-04-16 01:43:50] Waiting 15s before Round #2...
[2026-04-16 01:44:06] Round #2 | Peace Bridge — USA/Canada Border | threshold=13
[2026-04-16 01:44:07] createMarket tx sent: 9a8e282fd3133eb0d6ea74c8369d8c0950bbcf8ba087d8b0c8b73d60bae7eb10
[2026-04-16 01:44:07] Market created: 0x60C6f567819B1EB97a22C3D95A9CC42302d96Bad (tx: 9a8e282fd3133eb0d6ea74c8369d8c0950bbcf8ba087d8b0c8b73d60bae7eb10)
[2026-04-16 01:44:08] Ably publish OK: market_created
[2026-04-16 01:44:08] Counting vehicles for 150s...
[2026-04-16 01:44:08] [StreamClient] Unexpected response: {'type': 'idle', 'state': 'waiting', 'cameraId': 'peace-bridge'}
[STATE] betting — market=0x60C6f567... bet=150s count=150s round=2
[LineZone] (307,432) -> (960,432)
[Counter] Line: (579, 10) -> (701, 710)
[Prune] Removed 3 stale IDs (frame 200)
[Prune] Removed 2 stale IDs (frame 300)
[Evidence] Saved evidence/1776314648_30s.jpg (98063 bytes, sha256:00ceec463390c...)
[Prune] Removed 1 stale IDs (frame 1100)
[Prune] Removed 1 stale IDs (frame 1200)
[Evidence] Saved evidence/1776314648_60s.jpg (99141 bytes, sha256:44eecf573f1a1...)
[Prune] Removed 1 stale IDs (frame 2500)
[Prune] Removed 1 stale IDs (frame 2600)
[Evidence] Saved evidence/1776314648_90s.jpg (97895 bytes, sha256:aa2edfa423e19...)
[Prune] Removed 1 stale IDs (frame 2800)
[Prune] Removed 1 stale IDs (frame 2900)
[Evidence] Saved evidence/1776314648_120s.jpg (97539 bytes, sha256:1cf984cbcbf85...)
[Prune] Removed 1 stale IDs (frame 3900)
[Prune] Removed 1 stale IDs (frame 4000)
[Prune] Removed 1 stale IDs (frame 4200)
[Prune] Removed 1 stale IDs (frame 4300)
[STATE] counting — market=0x60C6f567... duration=150s round=2
[Evidence] Saved evidence/1776314648_150s.jpg (96263 bytes, sha256:04da091a240ad...)
[Prune] Removed 1 stale IDs (frame 4800)
[Prune] Removed 1 stale IDs (frame 5000)
[Prune] Removed 1 stale IDs (frame 5100)
[Evidence] Saved evidence/1776314648_180s.jpg (95176 bytes, sha256:f1a942d9b0808...)
[Prune] Removed 1 stale IDs (frame 5800)
[Prune] Removed 1 stale IDs (frame 6000)
[Evidence] Saved evidence/1776314648_210s.jpg (93564 bytes, sha256:a5c51409802f6...)
[Prune] Removed 3 stale IDs (frame 6200)
[Prune] Removed 3 stale IDs (frame 6300)
[Prune] Removed 1 stale IDs (frame 6400)
[Prune] Removed 1 stale IDs (frame 6800)
[Evidence] Saved evidence/1776314648_240s.jpg (88658 bytes, sha256:1518f83b500fa...)
[Prune] Removed 3 stale IDs (frame 7100)
[Prune] Removed 2 stale IDs (frame 7200)
[Prune] Removed 1 stale IDs (frame 7400)
[Evidence] Saved evidence/1776314648_270s.jpg (97800 bytes, sha256:db2f1ff1c5bb9...)
[Evidence] Saved evidence/1776314648_final.jpg (91535 bytes, sha256:fb32e63bc6afd...)
[Evidence] Saved evidence/1776314648_final.jpg (91520 bytes, sha256:c42adcbbb26e4...)
[Evidence] Saved evidence/1776314648_final.jpg (96075 bytes, sha256:a30a3f4583df8...)
[STATE] idle — round 2 complete: 9 vehicles
[Prune] Removed 2 stale IDs (frame 9200)
[Prune] Removed 1 stale IDs (frame 9300)
[Prune] Removed 1 stale IDs (frame 9400)
[2026-04-16 01:49:38] No round_complete via WS — reading result.json fallback
[2026-04-16 01:49:38] Count complete: 9 vehicles (in=6 out=3)
[2026-04-16 01:49:39] No bets placed — cancelling market
[2026-04-16 01:49:40] Market cancelled: 0x60C6f567819B1EB97a22C3D95A9CC42302d96Bad (tx: 8eec1afd61746d5fb0ed1115c618262d141b6aed87514c97f357e1bf7861e8ce)
[2026-04-16 01:49:40] Ably publish OK: market_cancelled
[2026-04-16 01:49:43] Refunds distributed: 0x60C6f567819B1EB97a22C3D95A9CC42302d96Bad (tx: 659bf11b5a6c9477b5563398dbc33509bd33526096cf95801bed780b740481df)
[2026-04-16 01:49:43] Ledger POST failed (non-fatal): HTTP Error 400: Bad Request
[2026-04-16 01:49:43] New threshold: 11 (avg of [13, 9])
[2026-04-16 01:49:43] Waiting 15s before Round #3...
[2026-04-16 01:49:58] Round #3 | Peace Bridge — USA/Canada Border | threshold=11
[2026-04-16 01:49:59] createMarket tx sent: a562f52e78f7bdc747571af10f4f9c8c057e0edbbd48f8f3fad7c2a160cc6789
[2026-04-16 01:50:00] Market created: 0x5a91F2420a0CE58726E7108d7f4C3e30e44D35F1 (tx: a562f52e78f7bdc747571af10f4f9c8c057e0edbbd48f8f3fad7c2a160cc6789)
[2026-04-16 01:50:00] Ably publish OK: market_created
[2026-04-16 01:50:00] Counting vehicles for 150s...
[STATE] betting — market=0x5a91F242... bet=150s count=150s round=3
[LineZone] (307,432) -> (960,432)
[Counter] Line: (579, 10) -> (701, 710)
[2026-04-16 01:50:00] [StreamClient] Round 3 started on stream_server
[Evidence] Saved evidence/1776315000_30s.jpg (95324 bytes, sha256:1efb5c58e973e...)
[Prune] Removed 1 stale IDs (frame 1400)
[Prune] Removed 5 stale IDs (frame 1500)
[Prune] Removed 1 stale IDs (frame 1600)
[Prune] Removed 2 stale IDs (frame 1700)
[Evidence] Saved evidence/1776315000_60s.jpg (95634 bytes, sha256:d6cb29f57b84d...)
[Prune] Removed 2 stale IDs (frame 1800)
[Prune] Removed 2 stale IDs (frame 2100)
[Prune] Removed 2 stale IDs (frame 2200)
[Prune] Removed 2 stale IDs (frame 2300)
[Evidence] Saved evidence/1776315000_90s.jpg (90150 bytes, sha256:4e0be9cda3b52...)
[Prune] Removed 2 stale IDs (frame 3000)
[Prune] Removed 2 stale IDs (frame 3100)
[Prune] Removed 2 stale IDs (frame 3400)
[Evidence] Saved evidence/1776315000_120s.jpg (79297 bytes, sha256:130fa442716a3...)
[Prune] Removed 1 stale IDs (frame 3500)
[Prune] Removed 1 stale IDs (frame 3700)
[Prune] Removed 2 stale IDs (frame 4000)
[Prune] Removed 2 stale IDs (frame 4100)
[STATE] counting — market=0x5a91F242... duration=150s round=3
[Evidence] Saved evidence/1776315000_150s.jpg (73286 bytes, sha256:2e0d6437d1dd6...)
[Prune] Removed 1 stale IDs (frame 4400)
[Prune] Removed 3 stale IDs (frame 4500)
[Prune] Removed 1 stale IDs (frame 4600)
[Evidence] Saved evidence/1776315000_180s.jpg (69590 bytes, sha256:6267a18a13302...)
[Prune] Removed 2 stale IDs (frame 5300)
[Prune] Removed 2 stale IDs (frame 5400)
[WS] Client connected (3 total)
[Prune] Removed 2 stale IDs (frame 6100)
[Evidence] Saved evidence/1776315000_210s.jpg (67147 bytes, sha256:b841ca8ac91b0...)
[WS] Client disconnected (2 total)
[Prune] Removed 2 stale IDs (frame 6600)
[Evidence] Saved evidence/1776315000_240s.jpg (65205 bytes, sha256:54c82c0bfb83a...)
[Evidence] Saved evidence/1776315000_270s.jpg (67409 bytes, sha256:2b433a3a33c75...)
[Prune] Removed 3 stale IDs (frame 8000)
[Prune] Removed 2 stale IDs (frame 8100)
[Prune] Removed 3 stale IDs (frame 8200)
[Prune] Removed 2 stale IDs (frame 8300)
[Evidence] Saved evidence/1776315000_final.jpg (71481 bytes, sha256:83084e569574a...)
[Evidence] Saved evidence/1776315000_final.jpg (71424 bytes, sha256:53168d6ea2374...)
[Evidence] Saved evidence/1776315000_final.jpg (71457 bytes, sha256:9fad3651142e5...)
[STATE] idle — round 3 complete: 7 vehicles
[Prune] Removed 1 stale IDs (frame 9400)
[Prune] Removed 3 stale IDs (frame 9500)
[WS] Client connected (3 total)
[WS] Client disconnected (2 total)
[2026-04-16 01:55:30] No round_complete via WS — reading result.json fallback
[2026-04-16 01:55:30] Count complete: 7 vehicles (in=4 out=3)
[WS] Client connected (3 total)
[2026-04-16 01:55:32] No bets placed — cancelling market
[WS] Client disconnected (2 total)
connection handler failed
Traceback (most recent call last):
  File "/home/lumen/miniconda3/lib/python3.13/asyncio/selector_events.py", line 1005, in _read_ready__data_received
    data = self._sock.recv(self.max_size)
ConnectionResetError: [Errno 104] Connection reset by peer

The above exception was the direct cause of the following exception:

Traceback (most recent call last):
  File "/home/lumen/miniconda3/lib/python3.13/site-packages/websockets/asyncio/server.py", line 376, in conn_handler
    await self.handler(connection)
  File "/home/lumen/.gemini/antigravity/scratch/rush/oracle/stream_server.py", line 1261, in handler
    async for msg in ws:
    ...<37 lines>...
            pass
  File "/home/lumen/miniconda3/lib/python3.13/site-packages/websockets/asyncio/connection.py", line 242, in __aiter__
    yield await self.recv()
          ^^^^^^^^^^^^^^^^^
  File "/home/lumen/miniconda3/lib/python3.13/site-packages/websockets/asyncio/connection.py", line 322, in recv
    raise self.protocol.close_exc from self.recv_exc
websockets.exceptions.ConnectionClosedError: no close frame received or sent
[WS] Client connected (3 total)
[2026-04-16 01:55:33] Market cancelled: 0x5a91F2420a0CE58726E7108d7f4C3e30e44D35F1 (tx: 29ef03cfb07471f0a59d9f48f5431074eefeaa88bc2285ac86332167cc696b98)
[2026-04-16 01:55:33] Ably publish OK: market_cancelled
[2026-04-16 01:55:34] Refunds distributed: 0x5a91F2420a0CE58726E7108d7f4C3e30e44D35F1 (tx: b3a9adbf5bdec86c44fcd2e351045a27ba98cc3112d88285a957e73979581a83)
[2026-04-16 01:55:34] Ledger POST failed (non-fatal): HTTP Error 400: Bad Request
[2026-04-16 01:55:34] New threshold: 8 (avg of [9, 7])
[2026-04-16 01:55:34] Waiting 15s before Round #4...
[2026-04-16 01:55:49] Round #4 | Peace Bridge — USA/Canada Border | threshold=8
[2026-04-16 01:55:50] createMarket tx sent: 993d0d948f33fe995a68f2f4e95d060b42734c5c4d2ac20a246dfd7e3260b125
[2026-04-16 01:55:52] Market created: 0x0537e9F6B3F5741D62f0A5774664a301C8a8fD7C (tx: 993d0d948f33fe995a68f2f4e95d060b42734c5c4d2ac20a246dfd7e3260b125)
[2026-04-16 01:55:53] Ably publish OK: market_created
[2026-04-16 01:55:53] Counting vehicles for 150s...
[STATE] betting — market=0x0537e9F6... bet=150s count=150s round=4
[LineZone] (307,432) -> (960,432)
[Counter] Line: (579, 10) -> (701, 710)
[2026-04-16 01:55:53] [StreamClient] Round 4 started on stream_server
[Prune] Removed 1 stale IDs (frame 800)
[Evidence] Saved evidence/1776315353_30s.jpg (71840 bytes, sha256:d190fc9e7bdf5...)
[Prune] Removed 1 stale IDs (frame 1000)
[Prune] Removed 7 stale IDs (frame 1100)
[Prune] Removed 7 stale IDs (frame 1200)
[Prune] Removed 4 stale IDs (frame 1300)
[Prune] Removed 3 stale IDs (frame 1500)
[Prune] Removed 5 stale IDs (frame 1600)
[Evidence] Saved evidence/1776315353_60s.jpg (68744 bytes, sha256:1196f46dde579...)
[Prune] Removed 5 stale IDs (frame 2500)
[Evidence] Saved evidence/1776315353_90s.jpg (72581 bytes, sha256:6abf1d6367856...)
[WS] Client disconnected (2 total)
[Evidence] Saved evidence/1776315353_120s.jpg (71874 bytes, sha256:c9f1ce9971131...)
[Prune] Removed 2 stale IDs (frame 4100)
[WS] Client connected (3 total)
[Prune] Removed 1 stale IDs (frame 4300)
[WS] Client disconnected (2 total)
[Prune] Removed 4 stale IDs (frame 4400)
[STATE] counting — market=0x0537e9F6... duration=150s round=4
[Evidence] Saved evidence/1776315353_150s.jpg (74333 bytes, sha256:6f6370b86458d...)
[WS] Client connected (3 total)
[Prune] Removed 2 stale IDs (frame 4500)
[Prune] Removed 1 stale IDs (frame 4600)
[WS] Client disconnected (2 total)
[Evidence] Saved evidence/1776315353_180s.jpg (71366 bytes, sha256:98063885342af...)
[Evidence] Saved evidence/1776315353_210s.jpg (70131 bytes, sha256:64e8992e59fad...)
[WS] Client connected (3 total)
[Evidence] Saved evidence/1776315353_240s.jpg (68960 bytes, sha256:7f95c320cbc02...)
[WS] Client disconnected (2 total)
connection handler failed
Traceback (most recent call last):
  File "/home/lumen/miniconda3/lib/python3.13/asyncio/selector_events.py", line 1067, in write
    n = self._sock.send(data)
BrokenPipeError: [Errno 32] Broken pipe

The above exception was the direct cause of the following exception:

Traceback (most recent call last):
  File "/home/lumen/miniconda3/lib/python3.13/site-packages/websockets/asyncio/server.py", line 376, in conn_handler
    await self.handler(connection)
  File "/home/lumen/.gemini/antigravity/scratch/rush/oracle/stream_server.py", line 1261, in handler
    async for msg in ws:
    ...<37 lines>...
            pass
  File "/home/lumen/miniconda3/lib/python3.13/site-packages/websockets/asyncio/connection.py", line 242, in __aiter__
    yield await self.recv()
          ^^^^^^^^^^^^^^^^^
  File "/home/lumen/miniconda3/lib/python3.13/site-packages/websockets/asyncio/connection.py", line 322, in recv
    raise self.protocol.close_exc from self.recv_exc
websockets.exceptions.ConnectionClosedError: no close frame received or sent
[Evidence] Saved evidence/1776315353_270s.jpg (69617 bytes, sha256:398b1f03eb752...)
[Evidence] Saved evidence/1776315353_final.jpg (70375 bytes, sha256:ae9a986241686...)
[Evidence] Saved evidence/1776315353_final.jpg (70356 bytes, sha256:56e6d54127338...)
[Evidence] Saved evidence/1776315353_final.jpg (70359 bytes, sha256:a22891d15e61f...)
[STATE] idle — round 4 complete: 8 vehicles
[Prune] Removed 3 stale IDs (frame 9000)
[2026-04-16 02:01:23] No round_complete via WS — reading result.json fallback
[2026-04-16 02:01:23] Count complete: 8 vehicles (in=5 out=3)
[2026-04-16 02:01:25] No bets placed — cancelling market
[2026-04-16 02:01:26] Market cancelled: 0x0537e9F6B3F5741D62f0A5774664a301C8a8fD7C (tx: 3ac31f1e7541ae1b784770fc39ddee560ff5992dfbb88d06f2f1b01d34077fc9)
[2026-04-16 02:01:26] Ably publish OK: market_cancelled
[2026-04-16 02:01:29] Refunds distributed: 0x0537e9F6B3F5741D62f0A5774664a301C8a8fD7C (tx: 28b21753a91c5c916ac00afa86decbcfdd244f7951f98c0431aa4aac1429943b)
[2026-04-16 02:01:29] Ledger POST failed (non-fatal): HTTP Error 400: Bad Request
[2026-04-16 02:01:29] New threshold: 7 (avg of [7, 8])
[2026-04-16 02:01:29] Waiting 15s before Round #5...
[Prune] Removed 2 stale IDs (frame 10200)
[2026-04-16 02:01:44] Round #5 | Peace Bridge — USA/Canada Border | threshold=7
[2026-04-16 02:01:49] createMarket tx sent: 746b71eb071132ae180dca3eec33e0db594bfa822eb647de3e0cfe108f4da853
[2026-04-16 02:01:52] Market created: 0x5bfADA98ae42c4a91766Ee6F7DA1C0c6423aB056 (tx: 746b71eb071132ae180dca3eec33e0db594bfa822eb647de3e0cfe108f4da853)
[2026-04-16 02:01:52] Ably publish OK: market_created
[2026-04-16 02:01:52] Counting vehicles for 150s...
[STATE] betting — market=0x5bfADA98... bet=150s count=150s round=5
[LineZone] (307,432) -> (960,432)
[Counter] Line: (579, 10) -> (701, 710)
[2026-04-16 02:01:52] [StreamClient] Round 5 started on stream_server
[Evidence] Saved evidence/1776315712_30s.jpg (70978 bytes, sha256:39a41a0ee1ecd...)
[Prune] Removed 1 stale IDs (frame 1100)
[Evidence] Saved evidence/1776315712_60s.jpg (73166 bytes, sha256:23610b031cc68...)
[Evidence] Saved evidence/1776315712_90s.jpg (71330 bytes, sha256:15247616199b7...)
[Prune] Removed 4 stale IDs (frame 3400)
[Evidence] Saved evidence/1776315712_120s.jpg (71352 bytes, sha256:192d54bc49014...)
[STATE] counting — market=0x5bfADA98... duration=150s round=5
[Evidence] Saved evidence/1776315712_150s.jpg (67245 bytes, sha256:22422e291b8a6...)
[Evidence] Saved evidence/1776315712_180s.jpg (72943 bytes, sha256:beba3a32539df...)
[Prune] Removed 2 stale IDs (frame 5600)
[Prune] Removed 4 stale IDs (frame 5700)
[Prune] Removed 1 stale IDs (frame 6100)
[Evidence] Saved evidence/1776315712_210s.jpg (67422 bytes, sha256:945e2777020b4...)
[Prune] Removed 2 stale IDs (frame 6200)
[Prune] Removed 3 stale IDs (frame 6400)
[Evidence] Saved evidence/1776315712_240s.jpg (69783 bytes, sha256:08880de7347a9...)
[Prune] Removed 5 stale IDs (frame 7400)
[Evidence] Saved evidence/1776315712_270s.jpg (69753 bytes, sha256:2d3a95a302424...)
[Evidence] Saved evidence/1776315712_final.jpg (66289 bytes, sha256:f25586226f6b5...)
[Evidence] Saved evidence/1776315712_final.jpg (66281 bytes, sha256:c0a2fa8548172...)
[Evidence] Saved evidence/1776315712_final.jpg (66284 bytes, sha256:b28b818fb6d8d...)
[STATE] idle — round 5 complete: 1 vehicles
[2026-04-16 02:07:22] No round_complete via WS — reading result.json fallback
[2026-04-16 02:07:22] Count complete: 1 vehicles (in=1 out=0)
[2026-04-16 02:07:24] No bets placed — cancelling market
[2026-04-16 02:07:25] Market cancelled: 0x5bfADA98ae42c4a91766Ee6F7DA1C0c6423aB056 (tx: acd36e877e2345b563f6898a04e7cd9017322bff4040f17a6abd92a69eb0cfed)
[2026-04-16 02:07:25] Ably publish OK: market_cancelled
[2026-04-16 02:07:26] Refunds distributed: 0x5bfADA98ae42c4a91766Ee6F7DA1C0c6423aB056 (tx: 101ff51f99064fb39f5d7a275dbfaab43fcc8daa49381b96ed23271a686944de)
[2026-04-16 02:07:26] Ledger POST failed (non-fatal): HTTP Error 400: Bad Request
[2026-04-16 02:07:26] New threshold: 4 (avg of [8, 1])
[2026-04-16 02:07:26] Waiting 15s before Round #6...
[2026-04-16 02:07:41] Round #6 | Peace Bridge — USA/Canada Border | threshold=4
[2026-04-16 02:07:42] createMarket tx sent: d1b544e71418a160f20efc8076178470d47561e5e7b643e4468aa2f6ee4235df
[2026-04-16 02:07:44] Market created: 0xE258CEDD1891E6b41aCfA15020ea122659d7D617 (tx: d1b544e71418a160f20efc8076178470d47561e5e7b643e4468aa2f6ee4235df)
[2026-04-16 02:07:45] Ably publish OK: market_created
[2026-04-16 02:07:45] Counting vehicles for 150s...
[STATE] betting — market=0xE258CEDD... bet=150s count=150s round=6
[LineZone] (307,432) -> (960,432)
[Counter] Line: (579, 10) -> (701, 710)
[2026-04-16 02:07:45] [StreamClient] Round 6 started on stream_server
[Evidence] Saved evidence/1776316065_30s.jpg (65554 bytes, sha256:6e0974e91a80a...)
[Evidence] Saved evidence/1776316065_60s.jpg (69377 bytes, sha256:54ca7aa1fd9c4...)
[Prune] Removed 1 stale IDs (frame 1900)
[Evidence] Saved evidence/1776316065_90s.jpg (67209 bytes, sha256:addb3be5ea901...)
[Prune] Removed 2 stale IDs (frame 2800)
[Evidence] Saved evidence/1776316065_120s.jpg (65834 bytes, sha256:96972a7b6d1fb...)
[Prune] Removed 1 stale IDs (frame 4000)
[Prune] Removed 1 stale IDs (frame 4100)
[STATE] counting — market=0xE258CEDD... duration=150s round=6
[Evidence] Saved evidence/1776316065_150s.jpg (67788 bytes, sha256:0b0f373bb11ba...)
[Prune] Removed 2 stale IDs (frame 5100)
[Evidence] Saved evidence/1776316065_180s.jpg (70328 bytes, sha256:f5f35b2e03f2d...)
[Prune] Removed 2 stale IDs (frame 5300)
[Evidence] Saved evidence/1776316065_210s.jpg (67215 bytes, sha256:d2edfa0fe544a...)
[Prune] Removed 2 stale IDs (frame 6400)
[Prune] Removed 1 stale IDs (frame 6500)
[Prune] Removed 3 stale IDs (frame 6600)
[Evidence] Saved evidence/1776316065_240s.jpg (69788 bytes, sha256:c5590a636f3d7...)
[Evidence] Saved evidence/1776316065_270s.jpg (68092 bytes, sha256:ccfd7c3fdd8b6...)
[Evidence] Saved evidence/1776316065_final.jpg (68306 bytes, sha256:28217c2adba3e...)
[Evidence] Saved evidence/1776316065_final.jpg (68395 bytes, sha256:764b7679cbb63...)
[Evidence] Saved evidence/1776316065_final.jpg (68401 bytes, sha256:dfda685a898d4...)
[Evidence] Saved evidence/1776316065_final.jpg (68409 bytes, sha256:a076e0dcd5c6e...)
[STATE] idle — round 6 complete: 2 vehicles
[Prune] Removed 3 stale IDs (frame 8800)
[2026-04-16 02:13:15] No round_complete via WS — reading result.json fallback
[2026-04-16 02:13:15] Count complete: 2 vehicles (in=1 out=1)
[2026-04-16 02:13:17] No bets placed — cancelling market
[2026-04-16 02:13:20] Market cancelled: 0xE258CEDD1891E6b41aCfA15020ea122659d7D617 (tx: ecc6f4016153fb480704f808feb156e607c1545bb432c06dc5017819755d3f8d)
[2026-04-16 02:13:20] Ably publish OK: market_cancelled
[2026-04-16 02:13:23] Refunds distributed: 0xE258CEDD1891E6b41aCfA15020ea122659d7D617 (tx: 1457152c95c9d5515f8cb4ff5934a773aa1a6c529ab5e627541834007f1cdda1)
[2026-04-16 02:13:23] Ledger POST failed (non-fatal): HTTP Error 400: Bad Request
[2026-04-16 02:13:23] New threshold: 1 (avg of [1, 2])
[2026-04-16 02:13:23] Waiting 15s before Round #7...
[2026-04-16 02:13:38] Round #7 | Peace Bridge — USA/Canada Border | threshold=1
[2026-04-16 02:13:41] createMarket tx sent: 5c23531a66049aca55c41986d9ac59647dfbae2ce1d4920d94caeddcc789765c
[2026-04-16 02:13:44] Market created: 0xc69d93149DF655E72fb7C6Ee1c180E13aa8BBE30 (tx: 5c23531a66049aca55c41986d9ac59647dfbae2ce1d4920d94caeddcc789765c)
[2026-04-16 02:13:44] Ably publish OK: market_created
[2026-04-16 02:13:44] Counting vehicles for 150s...
[STATE] betting — market=0xc69d9314... bet=150s count=150s round=7
[LineZone] (307,432) -> (960,432)
[Counter] Line: (579, 10) -> (701, 710)
[2026-04-16 02:13:44] [StreamClient] Round 7 started on stream_server
[Prune] Removed 2 stale IDs (frame 200)
[Prune] Removed 1 stale IDs (frame 300)
[Prune] Removed 2 stale IDs (frame 400)
[Evidence] Saved evidence/1776316424_30s.jpg (68325 bytes, sha256:57641dbf10369...)
[Evidence] Saved evidence/1776316424_60s.jpg (68862 bytes, sha256:63778aefe9e7e...)
[Prune] Removed 1 stale IDs (frame 2600)
[Evidence] Saved evidence/1776316424_90s.jpg (68406 bytes, sha256:3610ba25677a4...)
[Prune] Removed 3 stale IDs (frame 2700)
[Evidence] Saved evidence/1776316424_120s.jpg (70911 bytes, sha256:ae03f898673b1...)
[Prune] Removed 1 stale IDs (frame 3800)
[Prune] Removed 1 stale IDs (frame 3900)
[STATE] counting — market=0xc69d9314... duration=150s round=7
[Evidence] Saved evidence/1776316424_150s.jpg (68011 bytes, sha256:989b97f8062b7...)
[Prune] Removed 3 stale IDs (frame 4900)
[Evidence] Saved evidence/1776316424_180s.jpg (69423 bytes, sha256:9f0822e4188c3...)
[Prune] Removed 5 stale IDs (frame 5300)
[Prune] Removed 2 stale IDs (frame 5500)
[Prune] Removed 1 stale IDs (frame 5600)
[Evidence] Saved evidence/1776316424_210s.jpg (67791 bytes, sha256:3513c37c3c74f...)
[Prune] Removed 1 stale IDs (frame 6200)
[Prune] Removed 2 stale IDs (frame 6300)
[Evidence] Saved evidence/1776316424_240s.jpg (69470 bytes, sha256:ec0ed0a76837c...)
[Evidence] Saved evidence/1776316424_270s.jpg (71340 bytes, sha256:e402ec4fc3d61...)
[Evidence] Saved evidence/1776316424_final.jpg (67903 bytes, sha256:efc8e14c8da91...)
[Evidence] Saved evidence/1776316424_final.jpg (67891 bytes, sha256:f06c1ae2bb2a2...)
[Evidence] Saved evidence/1776316424_final.jpg (67901 bytes, sha256:7ff4b84446dae...)
[STATE] idle — round 7 complete: 0 vehicles
[2026-04-16 02:19:14] No round_complete via WS — reading result.json fallback
[2026-04-16 02:19:14] Count complete: 0 vehicles (in=0 out=0)
[2026-04-16 02:19:16] No bets placed — cancelling market
[2026-04-16 02:19:19] Market cancelled: 0xc69d93149DF655E72fb7C6Ee1c180E13aa8BBE30 (tx: 9efe57cd425e45cf1fed842850338bed7a1b12b8020c6d6cd60a06f88eb66a07)
[2026-04-16 02:19:19] Ably publish OK: market_cancelled
[Prune] Removed 3 stale IDs (frame 9800)
[2026-04-16 02:19:19] Refunds distributed: 0xc69d93149DF655E72fb7C6Ee1c180E13aa8BBE30 (tx: 280b5aa173d60a659775e6158019f067e4e65357eb04066e78bf2315b73e45d5)
[2026-04-16 02:19:20] Ledger POST failed (non-fatal): HTTP Error 400: Bad Request
[2026-04-16 02:19:20] New threshold: 1 (avg of [2, 0])
[2026-04-16 02:19:20] Waiting 15s before Round #8...
[2026-04-16 02:19:35] Round #8 | Peace Bridge — USA/Canada Border | threshold=1
[2026-04-16 02:19:36] createMarket tx sent: 9e95366603d6e49dc7e2ef4b3fb468a2f285cdba7746f1b25ba70f73a115fee6
[2026-04-16 02:19:36] Market created: 0x73Cc762f05F40fC10646f8431Cc4A98fAbeA49bb (tx: 9e95366603d6e49dc7e2ef4b3fb468a2f285cdba7746f1b25ba70f73a115fee6)
[2026-04-16 02:19:37] Ably publish OK: market_created
[2026-04-16 02:19:37] Counting vehicles for 150s...
[STATE] betting — market=0x73Cc762f... bet=150s count=150s round=8
[LineZone] (307,432) -> (960,432)
[Counter] Line: (579, 10) -> (701, 710)
[2026-04-16 02:19:37] [StreamClient] Round 8 started on stream_server
[Evidence] Saved evidence/1776316777_30s.jpg (70622 bytes, sha256:d368f52f45b31...)
[Prune] Removed 2 stale IDs (frame 1700)
[Evidence] Saved evidence/1776316777_60s.jpg (67825 bytes, sha256:d740170b90d09...)
[Evidence] Saved evidence/1776316777_90s.jpg (72479 bytes, sha256:82d48f7afc9f4...)
[Prune] Removed 2 stale IDs (frame 2700)
[Prune] Removed 4 stale IDs (frame 2900)
[Prune] Removed 3 stale IDs (frame 3300)
[Evidence] Saved evidence/1776316777_120s.jpg (74071 bytes, sha256:f83445092ed87...)
[Prune] Removed 2 stale IDs (frame 3700)
[STATE] counting — market=0x73Cc762f... duration=150s round=8
[Evidence] Saved evidence/1776316777_150s.jpg (73968 bytes, sha256:c3a645c761d37...)
[Prune] Removed 3 stale IDs (frame 4700)
[Prune] Removed 3 stale IDs (frame 4800)
[Evidence] Saved evidence/1776316777_180s.jpg (72851 bytes, sha256:bc9abaf2d1335...)
[Prune] Removed 1 stale IDs (frame 5300)
[Evidence] Saved evidence/1776316777_210s.jpg (72232 bytes, sha256:c3e869a8f5681...)
[Evidence] Saved evidence/1776316777_240s.jpg (70734 bytes, sha256:903803cf65b10...)
[Prune] Removed 1 stale IDs (frame 7200)
[Prune] Removed 2 stale IDs (frame 7300)
[Prune] Removed 1 stale IDs (frame 7400)
[Prune] Removed 2 stale IDs (frame 7500)
[Prune] Removed 1 stale IDs (frame 7700)
[Prune] Removed 3 stale IDs (frame 7800)
[Evidence] Saved evidence/1776316777_270s.jpg (71122 bytes, sha256:7a750eec8fb34...)
[Prune] Removed 1 stale IDs (frame 8000)
[Prune] Removed 2 stale IDs (frame 8200)
[Prune] Removed 2 stale IDs (frame 8500)
[Evidence] Saved evidence/1776316777_final.jpg (69886 bytes, sha256:91c4d1ff58031...)
[Evidence] Saved evidence/1776316777_final.jpg (69811 bytes, sha256:f6b26edb8bff8...)
[Evidence] Saved evidence/1776316777_final.jpg (69797 bytes, sha256:d3dc676edc139...)
[STATE] idle — round 8 complete: 4 vehicles
[2026-04-16 02:25:07] No round_complete via WS — reading result.json fallback
[2026-04-16 02:25:07] Count complete: 4 vehicles (in=3 out=1)
[Prune] Removed 2 stale IDs (frame 9700)
[2026-04-16 02:25:09] No bets placed — cancelling market
[2026-04-16 02:25:09] Market cancelled: 0x73Cc762f05F40fC10646f8431Cc4A98fAbeA49bb (tx: 149311baf02125df3e95496dbdc495aa2c5575dccdfa86824b60954c58a3cda1)
[2026-04-16 02:25:10] Ably publish OK: market_cancelled
[Prune] Removed 1 stale IDs (frame 9800)
[2026-04-16 02:25:12] Refunds distributed: 0x73Cc762f05F40fC10646f8431Cc4A98fAbeA49bb (tx: d47b5012a66d486fca1df38b50b98fe14552cdcf26e495cbff047b60ff29400a)
[2026-04-16 02:25:13] Ledger POST failed (non-fatal): HTTP Error 400: Bad Request
[2026-04-16 02:25:13] New threshold: 2 (avg of [0, 4])
[2026-04-16 02:25:13] Waiting 15s before Round #9...
[2026-04-16 02:25:28] Round #9 | Peace Bridge — USA/Canada Border | threshold=2
[2026-04-16 02:25:29] createMarket tx sent: a5e3fe62ad9563db8846b63daf278266b22a36d61c4e62b6f42f46c9e5986855
[2026-04-16 02:25:31] Market created: 0x1c98F7DcDB7779E78843D25368a3fbE677B125e8 (tx: a5e3fe62ad9563db8846b63daf278266b22a36d61c4e62b6f42f46c9e5986855)
[2026-04-16 02:25:32] Ably publish OK: market_created
[2026-04-16 02:25:32] Counting vehicles for 150s...
[STATE] betting — market=0x1c98F7Dc... bet=150s count=150s round=9
[LineZone] (307,432) -> (960,432)
[Counter] Line: (579, 10) -> (701, 710)
[2026-04-16 02:25:32] [StreamClient] Round 9 started on stream_server
[Prune] Removed 1 stale IDs (frame 200)
[Evidence] Saved evidence/1776317132_30s.jpg (77351 bytes, sha256:70b2f14efe305...)
[Prune] Removed 4 stale IDs (frame 1400)
[Prune] Removed 2 stale IDs (frame 1500)
[Prune] Removed 1 stale IDs (frame 1700)
[Evidence] Saved evidence/1776317132_60s.jpg (81634 bytes, sha256:c82927badc8ad...)
[Prune] Removed 4 stale IDs (frame 1800)
[Evidence] Saved evidence/1776317132_90s.jpg (74983 bytes, sha256:86aab78236bc5...)
[Evidence] Saved evidence/1776317132_120s.jpg (72523 bytes, sha256:132cb7a7510fa...)
[Prune] Removed 2 stale IDs (frame 4200)
[Prune] Removed 3 stale IDs (frame 4400)
[STATE] counting — market=0x1c98F7Dc... duration=150s round=9
[Evidence] Saved evidence/1776317132_150s.jpg (74984 bytes, sha256:7142798e6f11c...)
[Prune] Removed 1 stale IDs (frame 4500)
[Evidence] Saved evidence/1776317132_180s.jpg (77383 bytes, sha256:4182411aa2676...)
[Prune] Removed 1 stale IDs (frame 6000)
[Prune] Removed 2 stale IDs (frame 6100)
[WS] Client connected (3 total)
[Evidence] Saved evidence/1776317132_210s.jpg (74147 bytes, sha256:3daef03ee4fb1...)
[Prune] Removed 1 stale IDs (frame 6200)
[Prune] Removed 1 stale IDs (frame 6800)
[Prune] Removed 2 stale IDs (frame 7000)
[Evidence] Saved evidence/1776317132_240s.jpg (71517 bytes, sha256:5f6d2d2b7ec07...)
[Prune] Removed 2 stale IDs (frame 7100)
[WS] Client disconnected (2 total)
connection handler failed
Traceback (most recent call last):
  File "/home/lumen/miniconda3/lib/python3.13/asyncio/selector_events.py", line 1067, in write
    n = self._sock.send(data)
BrokenPipeError: [Errno 32] Broken pipe

The above exception was the direct cause of the following exception:

Traceback (most recent call last):
  File "/home/lumen/miniconda3/lib/python3.13/site-packages/websockets/asyncio/server.py", line 376, in conn_handler
    await self.handler(connection)
  File "/home/lumen/.gemini/antigravity/scratch/rush/oracle/stream_server.py", line 1261, in handler
    async for msg in ws:
    ...<37 lines>...
            pass
  File "/home/lumen/miniconda3/lib/python3.13/site-packages/websockets/asyncio/connection.py", line 242, in __aiter__
    yield await self.recv()
          ^^^^^^^^^^^^^^^^^
  File "/home/lumen/miniconda3/lib/python3.13/site-packages/websockets/asyncio/connection.py", line 322, in recv
    raise self.protocol.close_exc from self.recv_exc
websockets.exceptions.ConnectionClosedError: no close frame received or sent
[Evidence] Saved evidence/1776317132_270s.jpg (71210 bytes, sha256:4d98490bc7e51...)
[Prune] Removed 1 stale IDs (frame 8200)
[Prune] Removed 2 stale IDs (frame 8300)
[Evidence] Saved evidence/1776317132_final.jpg (72205 bytes, sha256:60acacd445028...)
[Evidence] Saved evidence/1776317132_final.jpg (72186 bytes, sha256:f1385ab98f4c3...)
[Evidence] Saved evidence/1776317132_final.jpg (72185 bytes, sha256:95b85046c5b93...)
[STATE] idle — round 9 complete: 9 vehicles
[Prune] Removed 2 stale IDs (frame 9300)
[2026-04-16 02:31:02] No round_complete via WS — reading result.json fallback
[2026-04-16 02:31:02] Count complete: 9 vehicles (in=6 out=3)
[Prune] Removed 2 stale IDs (frame 9700)
[2026-04-16 02:31:04] No bets placed — cancelling market
[2026-04-16 02:31:07] Market cancelled: 0x1c98F7DcDB7779E78843D25368a3fbE677B125e8 (tx: 32891990eb837ca733fe0ff63c24c36e843793d3d6d29365879ca41f4f714e08)
[2026-04-16 02:31:07] Ably publish OK: market_cancelled
[2026-04-16 02:31:08] Refunds distributed: 0x1c98F7DcDB7779E78843D25368a3fbE677B125e8 (tx: 42b8a6743feab91d98fbcff152a75c89dc1e1165b53cc6d44e987d5314644b33)
[2026-04-16 02:31:08] Ledger POST failed (non-fatal): HTTP Error 400: Bad Request
[2026-04-16 02:31:08] New threshold: 6 (avg of [4, 9])
[2026-04-16 02:31:08] Waiting 15s before Round #10...
[Prune] Removed 3 stale IDs (frame 10100)
[Prune] Removed 2 stale IDs (frame 10200)
[2026-04-16 02:31:23] Round #10 | Peace Bridge — USA/Canada Border | threshold=6
[2026-04-16 02:31:24] createMarket tx sent: 4f790d1c9c5c49040c46566112cfcf2aebaf0493704e68869e0c56148c7bb2bf
[2026-04-16 02:31:24] Market created: 0x2cbb2a946dEb1f47fc306973a067A1d6806CE3Cb (tx: 4f790d1c9c5c49040c46566112cfcf2aebaf0493704e68869e0c56148c7bb2bf)
[2026-04-16 02:31:25] Ably publish OK: market_created
[2026-04-16 02:31:25] Counting vehicles for 150s...
[STATE] betting — market=0x2cbb2a94... bet=150s count=150s round=10
[LineZone] (307,432) -> (960,432)
[Counter] Line: (579, 10) -> (701, 710)
[2026-04-16 02:31:25] [StreamClient] Round 10 started on stream_server
[Prune] Removed 1 stale IDs (frame 200)
[Evidence] Saved evidence/1776317485_30s.jpg (72061 bytes, sha256:67bf207ce771e...)
[Evidence] Saved evidence/1776317485_60s.jpg (70564 bytes, sha256:d0a03d511d45f...)
[Prune] Removed 1 stale IDs (frame 2600)
[Evidence] Saved evidence/1776317485_90s.jpg (65474 bytes, sha256:c9d42ae732e8d...)
[Prune] Removed 2 stale IDs (frame 2700)
[Evidence] Saved evidence/1776317485_120s.jpg (65952 bytes, sha256:a6ef4f5a00d1f...)
[STATE] counting — market=0x2cbb2a94... duration=150s round=10
[Evidence] Saved evidence/1776317485_150s.jpg (67462 bytes, sha256:8a39e2d41fd0a...)
[Evidence] Saved evidence/1776317485_180s.jpg (66273 bytes, sha256:490bd7ff8f44f...)
[Prune] Removed 3 stale IDs (frame 5700)
[Prune] Removed 1 stale IDs (frame 5800)
[Evidence] Saved evidence/1776317485_210s.jpg (64366 bytes, sha256:27e3c9dfd37b6...)
[Prune] Removed 3 stale IDs (frame 6700)
[Prune] Removed 1 stale IDs (frame 6900)
[Evidence] Saved evidence/1776317485_240s.jpg (65206 bytes, sha256:a7672155d05b7...)
[Prune] Removed 1 stale IDs (frame 7000)
[Prune] Removed 1 stale IDs (frame 7500)
[Prune] Removed 1 stale IDs (frame 7600)
[Prune] Removed 1 stale IDs (frame 7700)
[Evidence] Saved evidence/1776317485_270s.jpg (66990 bytes, sha256:978d764e36b58...)
[Evidence] Saved evidence/1776317485_final.jpg (66563 bytes, sha256:b7beed0499311...)
[Evidence] Saved evidence/1776317485_final.jpg (66561 bytes, sha256:98b6dc9e3c172...)
[Evidence] Saved evidence/1776317485_final.jpg (66250 bytes, sha256:25c8b503a4560...)
[Evidence] Saved evidence/1776317485_final.jpg (66256 bytes, sha256:cc8b42a57fc6b...)
[STATE] idle — round 10 complete: 5 vehicles
[2026-04-16 02:36:55] No round_complete via WS — reading result.json fallback
[2026-04-16 02:36:55] Count complete: 5 vehicles (in=4 out=1)
[2026-04-16 02:36:57] No bets placed — cancelling market
[2026-04-16 02:36:57] Market cancelled: 0x2cbb2a946dEb1f47fc306973a067A1d6806CE3Cb (tx: 63b3dc41d18fd703c5b74b7a4e60aaa3aaba28a7565783ee8c5b4d27f710c4af)
[2026-04-16 02:36:58] Ably publish OK: market_cancelled
[2026-04-16 02:37:00] Refunds distributed: 0x2cbb2a946dEb1f47fc306973a067A1d6806CE3Cb (tx: 9ffdccc55802dedae27fae5582df081fda2747ba76ed210712df0e53c7a398cf)
[2026-04-16 02:37:01] Ledger POST failed (non-fatal): HTTP Error 400: Bad Request
[2026-04-16 02:37:01] New threshold: 7 (avg of [9, 5])
[2026-04-16 02:37:01] Waiting 15s before Round #11...
[Prune] Removed 1 stale IDs (frame 10100)
[2026-04-16 02:37:16] Round #11 | Peace Bridge — USA/Canada Border | threshold=7
[Prune] Removed 2 stale IDs (frame 10200)
[2026-04-16 02:37:17] createMarket tx sent: ba48ecf35ff3b2d443dfe20e6104997ff47313173c4fda67bf5aec68fd367955
[2026-04-16 02:37:19] Market created: 0xEaA717c9b35a9F5B739E34e12af6A76F568Df677 (tx: ba48ecf35ff3b2d443dfe20e6104997ff47313173c4fda67bf5aec68fd367955)
[2026-04-16 02:37:20] Ably publish OK: market_created
[2026-04-16 02:37:20] Counting vehicles for 150s...
[STATE] betting — market=0xEaA717c9... bet=150s count=150s round=11
[LineZone] (307,432) -> (960,432)
[Counter] Line: (579, 10) -> (701, 710)
[2026-04-16 02:37:20] [StreamClient] Round 11 started on stream_server
[Evidence] Saved evidence/1776317840_30s.jpg (65749 bytes, sha256:02f99a8e0f98c...)
[Prune] Removed 3 stale IDs (frame 900)
[Evidence] Saved evidence/1776317840_60s.jpg (66567 bytes, sha256:acb5605f55b52...)
[Evidence] Saved evidence/1776317840_90s.jpg (67300 bytes, sha256:50f183170c616...)
[WS] Client connected (3 total)
[Evidence] Saved evidence/1776317840_120s.jpg (64863 bytes, sha256:fb89a7e30c333...)
[WS] Client disconnected (2 total)
[STATE] counting — market=0xEaA717c9... duration=150s round=11
[Evidence] Saved evidence/1776317840_150s.jpg (66796 bytes, sha256:51a92368f6c0a...)
[Evidence] Saved evidence/1776317840_180s.jpg (67370 bytes, sha256:d4e3fbe1d3036...)
[Evidence] Saved evidence/1776317840_210s.jpg (68642 bytes, sha256:8ebc8f18fd609...)
[Prune] Removed 6 stale IDs (frame 6300)
[Prune] Removed 1 stale IDs (frame 6500)
[Prune] Removed 2 stale IDs (frame 6600)
[Evidence] Saved evidence/1776317840_240s.jpg (70646 bytes, sha256:59294482a7adc...)
[WS] Client connected (3 total)
[WS] Client disconnected (2 total)
connection handler failed
Traceback (most recent call last):
  File "/home/lumen/miniconda3/lib/python3.13/asyncio/selector_events.py", line 1067, in write
    n = self._sock.send(data)
BrokenPipeError: [Errno 32] Broken pipe

The above exception was the direct cause of the following exception:

Traceback (most recent call last):
  File "/home/lumen/miniconda3/lib/python3.13/site-packages/websockets/asyncio/server.py", line 376, in conn_handler
    await self.handler(connection)
  File "/home/lumen/.gemini/antigravity/scratch/rush/oracle/stream_server.py", line 1261, in handler
    async for msg in ws:
    ...<37 lines>...
            pass
  File "/home/lumen/miniconda3/lib/python3.13/site-packages/websockets/asyncio/connection.py", line 242, in __aiter__
    yield await self.recv()
          ^^^^^^^^^^^^^^^^^
  File "/home/lumen/miniconda3/lib/python3.13/site-packages/websockets/asyncio/connection.py", line 322, in recv
    raise self.protocol.close_exc from self.recv_exc
websockets.exceptions.ConnectionClosedError: no close frame received or sent
[WS] Client connected (3 total)
[WS] Client connected (4 total)
[Evidence] Saved evidence/1776317840_270s.jpg (68940 bytes, sha256:4aedb59848887...)
[WS] Client disconnected (3 total)
[Prune] Removed 2 stale IDs (frame 8700)
[Evidence] Saved evidence/1776317840_final.jpg (70940 bytes, sha256:a26c50ef33d60...)
[Evidence] Saved evidence/1776317840_final.jpg (70948 bytes, sha256:e17c43097ed5e...)
[Evidence] Saved evidence/1776317840_final.jpg (70945 bytes, sha256:13a9d37d0cb14...)
[STATE] idle — round 11 complete: 2 vehicles
[Prune] Removed 1 stale IDs (frame 9000)
[Prune] Removed 1 stale IDs (frame 9100)
[Prune] Removed 2 stale IDs (frame 9200)
[2026-04-16 02:42:50] No round_complete via WS — reading result.json fallback
[2026-04-16 02:42:50] Count complete: 2 vehicles (in=2 out=0)
[2026-04-16 02:42:51] No bets placed — cancelling market
[2026-04-16 02:42:52] Market cancelled: 0xEaA717c9b35a9F5B739E34e12af6A76F568Df677 (tx: 697114a253e870bb6868c92ce897e5f09db9872ea9bcefac191902370017d2d4)
[2026-04-16 02:42:52] Ably publish OK: market_cancelled
[2026-04-16 02:42:55] Refunds distributed: 0xEaA717c9b35a9F5B739E34e12af6A76F568Df677 (tx: 8c10c6b5ebdc71c4b7e195a6bcb056531df4b0e2faaa9f3c35d6f2c3ca5b2e32)
[2026-04-16 02:42:55] Ledger POST failed (non-fatal): HTTP Error 400: Bad Request
[2026-04-16 02:42:55] New threshold: 3 (avg of [5, 2])
[2026-04-16 02:42:55] Waiting 15s before Round #12...
[2026-04-16 02:43:10] Round #12 | Peace Bridge — USA/Canada Border | threshold=3
[2026-04-16 02:43:11] createMarket tx sent: a84bfbe1cf79dbd29033af8136724919e4d830f5f350106d0fed92d3e9d8133e
[2026-04-16 02:43:12] Market created: 0xc7915d087E423334C64E907e65440E56e3f59320 (tx: a84bfbe1cf79dbd29033af8136724919e4d830f5f350106d0fed92d3e9d8133e)
[2026-04-16 02:43:12] Ably publish OK: market_created
[2026-04-16 02:43:12] Counting vehicles for 150s...
[STATE] betting — market=0xc7915d08... bet=150s count=150s round=12
[LineZone] (307,432) -> (960,432)
[Counter] Line: (579, 10) -> (701, 710)
[2026-04-16 02:43:12] [StreamClient] Round 12 started on stream_server
[Evidence] Saved evidence/1776318192_30s.jpg (67614 bytes, sha256:281a4da053d7c...)
[Prune] Removed 1 stale IDs (frame 1300)
[WS] Client disconnected (2 total)
connection handler failed
Traceback (most recent call last):
  File "/home/lumen/miniconda3/lib/python3.13/asyncio/selector_events.py", line 1067, in write
    n = self._sock.send(data)
BrokenPipeError: [Errno 32] Broken pipe

The above exception was the direct cause of the following exception:

Traceback (most recent call last):
  File "/home/lumen/miniconda3/lib/python3.13/site-packages/websockets/asyncio/server.py", line 376, in conn_handler
    await self.handler(connection)
  File "/home/lumen/.gemini/antigravity/scratch/rush/oracle/stream_server.py", line 1261, in handler
    async for msg in ws:
    ...<37 lines>...
            pass
  File "/home/lumen/miniconda3/lib/python3.13/site-packages/websockets/asyncio/connection.py", line 242, in __aiter__
    yield await self.recv()
          ^^^^^^^^^^^^^^^^^
  File "/home/lumen/miniconda3/lib/python3.13/site-packages/websockets/asyncio/connection.py", line 322, in recv
    raise self.protocol.close_exc from self.recv_exc
websockets.exceptions.ConnectionClosedError: no close frame received or sent
[Prune] Removed 4 stale IDs (frame 1700)
[Evidence] Saved evidence/1776318192_60s.jpg (66901 bytes, sha256:4d895273efb77...)
[WS] Client connected (3 total)
[Evidence] Saved evidence/1776318192_90s.jpg (71279 bytes, sha256:e2e75125616f1...)
[WS] Client disconnected (2 total)
[Evidence] Saved evidence/1776318192_120s.jpg (69989 bytes, sha256:5cdd788d4e12b...)
[Prune] Removed 2 stale IDs (frame 4000)
[Prune] Removed 3 stale IDs (frame 4100)
[Prune] Removed 1 stale IDs (frame 4200)
[STATE] counting — market=0xc7915d08... duration=150s round=12
[Evidence] Saved evidence/1776318192_150s.jpg (68490 bytes, sha256:f27f23a507c91...)
[Evidence] Saved evidence/1776318192_180s.jpg (68308 bytes, sha256:24e8c6dd69df6...)
[Evidence] Saved evidence/1776318192_210s.jpg (68674 bytes, sha256:f938d0acbe097...)
[Prune] Removed 2 stale IDs (frame 6700)
[Evidence] Saved evidence/1776318192_240s.jpg (67825 bytes, sha256:35c4f125ec4cd...)
[Prune] Removed 1 stale IDs (frame 7600)
[Prune] Removed 3 stale IDs (frame 7700)
[Evidence] Saved evidence/1776318192_270s.jpg (68299 bytes, sha256:96a8da557b862...)
[Evidence] Saved evidence/1776318192_final.jpg (69862 bytes, sha256:1deb5028f626d...)
[Evidence] Saved evidence/1776318192_final.jpg (69568 bytes, sha256:a07396b85a7bd...)
[Evidence] Saved evidence/1776318192_final.jpg (69531 bytes, sha256:39fc0e3c42947...)
[STATE] idle — round 12 complete: 0 vehicles
[Prune] Removed 2 stale IDs (frame 9000)
[Prune] Removed 1 stale IDs (frame 9200)
[Prune] Removed 4 stale IDs (frame 9300)
[2026-04-16 02:48:42] No round_complete via WS — reading result.json fallback
[2026-04-16 02:48:42] Count complete: 0 vehicles (in=0 out=0)
[Prune] Removed 2 stale IDs (frame 9700)
[2026-04-16 02:48:44] No bets placed — cancelling market
[2026-04-16 02:48:45] Market cancelled: 0xc7915d087E423334C64E907e65440E56e3f59320 (tx: 43c1d02fa9b776eb615e8f15247eaef674093479ead1a78c367c1fff1830c30d)
[2026-04-16 02:48:45] Ably publish OK: market_cancelled
[2026-04-16 02:48:46] Refunds distributed: 0xc7915d087E423334C64E907e65440E56e3f59320 (tx: bcfa62e04d56f75655f85ac9eacf20b5eaec3e6fb5ee8af3466e1b7f3080cc0b)
[2026-04-16 02:48:46] Ledger POST failed (non-fatal): HTTP Error 400: Bad Request
[2026-04-16 02:48:46] New threshold: 1 (avg of [2, 0])
[2026-04-16 02:48:46] Waiting 15s before Round #13...
[Prune] Removed 1 stale IDs (frame 9800)
[Prune] Removed 2 stale IDs (frame 10100)
[2026-04-16 02:49:01] Round #13 | Peace Bridge — USA/Canada Border | threshold=1
[2026-04-16 02:49:02] createMarket tx sent: 6b8eddbc200e30b9d8ef264ce91d7b6a6b69456779be83ef200663727b84ff36
[2026-04-16 02:49:05] Market created: 0xCEcFaE8f40D238CB20a2069645b0afCd47455654 (tx: 6b8eddbc200e30b9d8ef264ce91d7b6a6b69456779be83ef200663727b84ff36)
[2026-04-16 02:49:05] Ably publish OK: market_created
[2026-04-16 02:49:05] Counting vehicles for 150s...
[STATE] betting — market=0xCEcFaE8f... bet=150s count=150s round=13
[LineZone] (307,432) -> (960,432)
[Counter] Line: (579, 10) -> (701, 710)
[2026-04-16 02:49:05] [StreamClient] Round 13 started on stream_server
[Evidence] Saved evidence/1776318545_30s.jpg (68768 bytes, sha256:7273b926c5a91...)
[Evidence] Saved evidence/1776318545_60s.jpg (68627 bytes, sha256:e7395e225b520...)
[Evidence] Saved evidence/1776318545_90s.jpg (67823 bytes, sha256:b98b3a818016a...)
[Evidence] Saved evidence/1776318545_120s.jpg (68672 bytes, sha256:c81751daae3aa...)
[STATE] counting — market=0xCEcFaE8f... duration=150s round=13
[Evidence] Saved evidence/1776318545_150s.jpg (67461 bytes, sha256:f2588fd7a64ee...)
[Evidence] Saved evidence/1776318545_180s.jpg (70453 bytes, sha256:7675c45251b0f...)
[Evidence] Saved evidence/1776318545_210s.jpg (72213 bytes, sha256:7a3e292895ca5...)
[Evidence] Saved evidence/1776318545_240s.jpg (70050 bytes, sha256:a04be18bcbbe3...)
[Evidence] Saved evidence/1776318545_270s.jpg (67760 bytes, sha256:6f17747f6cedd...)
[Prune] Removed 2 stale IDs (frame 8500)
[Evidence] Saved evidence/1776318545_final.jpg (67305 bytes, sha256:de164eee3d070...)
[Evidence] Saved evidence/1776318545_final.jpg (67290 bytes, sha256:85dc0db7a8807...)
[Evidence] Saved evidence/1776318545_final.jpg (67257 bytes, sha256:f2f7f7010f8c2...)
[STATE] idle — round 13 complete: 0 vehicles
[2026-04-16 02:54:35] No round_complete via WS — reading result.json fallback
[2026-04-16 02:54:35] Count complete: 0 vehicles (in=0 out=0)
[2026-04-16 02:54:37] No bets placed — cancelling market
[2026-04-16 02:54:38] Market cancelled: 0xCEcFaE8f40D238CB20a2069645b0afCd47455654 (tx: d808c94e70f265ac5037d59f72788c401f24284bc889d33d7d28c3bd02486ce7)
[2026-04-16 02:54:38] Ably publish OK: market_cancelled
[2026-04-16 02:54:41] Refunds distributed: 0xCEcFaE8f40D238CB20a2069645b0afCd47455654 (tx: db50d1f2f089abba0262a3bf90077a05f8ba68a5a85d15419ff2daa84c46b5d0)
[2026-04-16 02:54:41] Ledger POST failed (non-fatal): HTTP Error 400: Bad Request
[2026-04-16 02:54:41] New threshold: 1 (avg of [0, 0])
[2026-04-16 02:54:41] Waiting 15s before Round #14...
[2026-04-16 02:54:56] Round #14 | Peace Bridge — USA/Canada Border | threshold=1
[2026-04-16 02:54:57] createMarket tx sent: 31b7774e89e9e7c7f6f83269e56b663deccd1dfd785a48a78d4df8af170a8f55
[2026-04-16 02:54:57] Market created: 0x459c7e7C03b73A8314d17B4f77D2B52DE68B3cC4 (tx: 31b7774e89e9e7c7f6f83269e56b663deccd1dfd785a48a78d4df8af170a8f55)
[2026-04-16 02:54:58] Ably publish OK: market_created
[2026-04-16 02:54:58] Counting vehicles for 150s...
[STATE] betting — market=0x459c7e7C... bet=150s count=150s round=14
[LineZone] (307,432) -> (960,432)
[Counter] Line: (579, 10) -> (701, 710)
[2026-04-16 02:54:58] [StreamClient] Round 14 started on stream_server
[Evidence] Saved evidence/1776318898_30s.jpg (68584 bytes, sha256:ff9e61de3e8d4...)
[WS] Client connected (3 total)
[WS] Client disconnected (2 total)
connection handler failed
Traceback (most recent call last):
  File "/home/lumen/miniconda3/lib/python3.13/site-packages/websockets/asyncio/server.py", line 376, in conn_handler
    await self.handler(connection)
  File "/home/lumen/.gemini/antigravity/scratch/rush/oracle/stream_server.py", line 1261, in handler
    async for msg in ws:
    ...<37 lines>...
            pass
  File "/home/lumen/miniconda3/lib/python3.13/site-packages/websockets/asyncio/connection.py", line 242, in __aiter__
    yield await self.recv()
          ^^^^^^^^^^^^^^^^^
  File "/home/lumen/miniconda3/lib/python3.13/site-packages/websockets/asyncio/connection.py", line 322, in recv
    raise self.protocol.close_exc from self.recv_exc
websockets.exceptions.ConnectionClosedError: no close frame received or sent
[Evidence] Saved evidence/1776318898_60s.jpg (69375 bytes, sha256:70047f31fbb58...)
[Prune] Removed 3 stale IDs (frame 1900)
[Evidence] Saved evidence/1776318898_90s.jpg (66497 bytes, sha256:74215e04a779e...)
[WS] Client disconnected (1 total)
connection handler failed
Traceback (most recent call last):
  File "/home/lumen/miniconda3/lib/python3.13/asyncio/selector_events.py", line 1067, in write
    n = self._sock.send(data)
BrokenPipeError: [Errno 32] Broken pipe

The above exception was the direct cause of the following exception:

Traceback (most recent call last):
  File "/home/lumen/miniconda3/lib/python3.13/site-packages/websockets/asyncio/server.py", line 376, in conn_handler
    await self.handler(connection)
  File "/home/lumen/.gemini/antigravity/scratch/rush/oracle/stream_server.py", line 1261, in handler
    async for msg in ws:
    ...<37 lines>...
            pass
  File "/home/lumen/miniconda3/lib/python3.13/site-packages/websockets/asyncio/connection.py", line 242, in __aiter__
    yield await self.recv()
          ^^^^^^^^^^^^^^^^^
  File "/home/lumen/miniconda3/lib/python3.13/site-packages/websockets/asyncio/connection.py", line 322, in recv
    raise self.protocol.close_exc from self.recv_exc
websockets.exceptions.ConnectionClosedError: no close frame received or sent
[Prune] Removed 1 stale IDs (frame 3300)
[Prune] Removed 2 stale IDs (frame 3400)
[Evidence] Saved evidence/1776318898_120s.jpg (67120 bytes, sha256:f9874fc80b9d9...)
[STATE] counting — market=0x459c7e7C... duration=150s round=14
[Evidence] Saved evidence/1776318898_150s.jpg (64906 bytes, sha256:7aa5e547f1e96...)
[Prune] Removed 2 stale IDs (frame 4400)
[Prune] Removed 1 stale IDs (frame 4600)
[Prune] Removed 3 stale IDs (frame 5100)
[Prune] Removed 2 stale IDs (frame 5200)
[Evidence] Saved evidence/1776318898_180s.jpg (65814 bytes, sha256:dda1759e3f683...)
[Evidence] Saved evidence/1776318898_210s.jpg (65165 bytes, sha256:14e928519812b...)
[Prune] Removed 4 stale IDs (frame 6400)
[Evidence] Saved evidence/1776318898_240s.jpg (65641 bytes, sha256:a3fa5c2fe176c...)
[Evidence] Saved evidence/1776318898_270s.jpg (66997 bytes, sha256:17acf376e1fb5...)
[WS] Client connected (2 total)
[Prune] Removed 3 stale IDs (frame 8700)
[Evidence] Saved evidence/1776318898_final.jpg (66251 bytes, sha256:2f197fdbf95d9...)
[Evidence] Saved evidence/1776318898_final.jpg (66246 bytes, sha256:548ab400f5869...)
[Evidence] Saved evidence/1776318898_final.jpg (66248 bytes, sha256:debffbdbdda51...)
[STATE] idle — round 14 complete: 5 vehicles
[2026-04-16 03:00:28] No round_complete via WS — reading result.json fallback
[2026-04-16 03:00:28] Count complete: 5 vehicles (in=5 out=0)
[2026-04-16 03:00:30] No bets placed — cancelling market
[2026-04-16 03:00:33] Market cancelled: 0x459c7e7C03b73A8314d17B4f77D2B52DE68B3cC4 (tx: 347c4f5eb6c7048569964057f45e68bd7e8154ded1183496974f24c07dc9588b)
[2026-04-16 03:00:33] Ably publish OK: market_cancelled
[2026-04-16 03:00:34] Refunds distributed: 0x459c7e7C03b73A8314d17B4f77D2B52DE68B3cC4 (tx: 22ad62e8a33ae97528768987cdc6e2f15b016aa9c69ffd1b7d6c83f9a2224de0)
[2026-04-16 03:00:34] Ledger POST failed (non-fatal): HTTP Error 400: Bad Request
[2026-04-16 03:00:34] New threshold: 2 (avg of [0, 5])
[2026-04-16 03:00:34] Waiting 15s before Round #15...
[2026-04-16 03:00:49] Round #15 | Peace Bridge — USA/Canada Border | threshold=2
[2026-04-16 03:00:52] createMarket tx sent: d3c41bebf9b227211b0b6b84e4d5e67389400c0a930f0552ef65b73c7d9e0167
[2026-04-16 03:00:54] Market created: 0xeaDD2FEE9a5115C5B17659dFCB455358197aa169 (tx: d3c41bebf9b227211b0b6b84e4d5e67389400c0a930f0552ef65b73c7d9e0167)
[2026-04-16 03:00:55] Ably publish OK: market_created
[2026-04-16 03:00:55] Counting vehicles for 150s...
[STATE] betting — market=0xeaDD2FEE... bet=150s count=150s round=15
[LineZone] (307,432) -> (960,432)
[Counter] Line: (579, 10) -> (701, 710)
[2026-04-16 03:00:55] [StreamClient] Round 15 started on stream_server
[WS] Client connected (2 total)
[Evidence] Saved evidence/1776319255_30s.jpg (67383 bytes, sha256:4d910e36ed590...)
[WS] Client disconnected (1 total)
connection handler failed
Traceback (most recent call last):
  File "/home/lumen/miniconda3/lib/python3.13/asyncio/selector_events.py", line 1067, in write
    n = self._sock.send(data)
BrokenPipeError: [Errno 32] Broken pipe

The above exception was the direct cause of the following exception:

Traceback (most recent call last):
  File "/home/lumen/miniconda3/lib/python3.13/site-packages/websockets/asyncio/server.py", line 376, in conn_handler
    await self.handler(connection)
  File "/home/lumen/.gemini/antigravity/scratch/rush/oracle/stream_server.py", line 1261, in handler
    async for msg in ws:
    ...<37 lines>...
            pass
  File "/home/lumen/miniconda3/lib/python3.13/site-packages/websockets/asyncio/connection.py", line 242, in __aiter__
    yield await self.recv()
          ^^^^^^^^^^^^^^^^^
  File "/home/lumen/miniconda3/lib/python3.13/site-packages/websockets/asyncio/connection.py", line 322, in recv
    raise self.protocol.close_exc from self.recv_exc
websockets.exceptions.ConnectionClosedError: no close frame received or sent
[WS] Client disconnected (1 total)
connection handler failed
TimeoutError: timed out while closing connection

The above exception was the direct cause of the following exception:

Traceback (most recent call last):
  File "/home/lumen/miniconda3/lib/python3.13/site-packages/websockets/asyncio/server.py", line 376, in conn_handler
    await self.handler(connection)
  File "/home/lumen/.gemini/antigravity/scratch/rush/oracle/stream_server.py", line 1261, in handler
    async for msg in ws:
    ...<37 lines>...
            pass
  File "/home/lumen/miniconda3/lib/python3.13/site-packages/websockets/asyncio/connection.py", line 242, in __aiter__
    yield await self.recv()
          ^^^^^^^^^^^^^^^^^
  File "/home/lumen/miniconda3/lib/python3.13/site-packages/websockets/asyncio/connection.py", line 322, in recv
    raise self.protocol.close_exc from self.recv_exc
websockets.exceptions.ConnectionClosedError: sent 1011 (internal error) keepalive ping timeout; no close frame received
[Evidence] Saved evidence/1776319255_60s.jpg (72535 bytes, sha256:f0a74df865077...)
[Prune] Removed 7 stale IDs (frame 1900)
[Prune] Removed 1 stale IDs (frame 2100)
[WS] Client connected (2 total)
[Evidence] Saved evidence/1776319255_90s.jpg (65141 bytes, sha256:ee004f3e8c6bd...)
[Evidence] Saved evidence/1776319255_120s.jpg (65666 bytes, sha256:68dd4422aaab0...)
[Prune] Removed 4 stale IDs (frame 4100)
[STATE] counting — market=0xeaDD2FEE... duration=150s round=15
[Evidence] Saved evidence/1776319255_150s.jpg (64783 bytes, sha256:1789b3e244f22...)
[Evidence] Saved evidence/1776319255_180s.jpg (64544 bytes, sha256:891fdbf22c275...)
[WS] Client disconnected (1 total)
[Prune] Removed 3 stale IDs (frame 5900)
[Prune] Removed 1 stale IDs (frame 6000)
[Evidence] Saved evidence/1776319255_210s.jpg (64930 bytes, sha256:2f1f91943aa54...)
[Prune] Removed 1 stale IDs (frame 6700)
[Prune] Removed 2 stale IDs (frame 6800)
[Evidence] Saved evidence/1776319255_240s.jpg (64221 bytes, sha256:02a14fe3af4da...)
[Evidence] Saved evidence/1776319255_270s.jpg (64042 bytes, sha256:5899190af916b...)
[Evidence] Saved evidence/1776319255_final.jpg (63182 bytes, sha256:9e7caa0fa10c6...)
[Evidence] Saved evidence/1776319255_final.jpg (63165 bytes, sha256:654954adcb738...)
[Evidence] Saved evidence/1776319255_final.jpg (63163 bytes, sha256:4d9f3c9421e39...)
[STATE] idle — round 15 complete: 3 vehicles
[WS] Client connected (2 total)
[2026-04-16 03:06:25] No round_complete via WS — reading result.json fallback
[2026-04-16 03:06:25] Count complete: 3 vehicles (in=2 out=1)
[2026-04-16 03:06:27] No bets placed — cancelling market
[2026-04-16 03:06:30] Market cancelled: 0xeaDD2FEE9a5115C5B17659dFCB455358197aa169 (tx: c84832b4c44885f0253dda4762922ae6e62be1123698c3dbaba0b0530c05edf8)
[2026-04-16 03:06:30] Ably publish OK: market_cancelled
[Prune] Removed 1 stale IDs (frame 9800)
[2026-04-16 03:06:33] Refunds distributed: 0xeaDD2FEE9a5115C5B17659dFCB455358197aa169 (tx: fc41bd38611fcb81689e36650eb2831bf2fab3220288a50daf602a8f72904320)
[2026-04-16 03:06:33] Ledger POST failed (non-fatal): HTTP Error 400: Bad Request
[2026-04-16 03:06:33] New threshold: 4 (avg of [5, 3])
[2026-04-16 03:06:33] Waiting 15s before Round #16...
[Prune] Removed 2 stale IDs (frame 9900)
[2026-04-16 03:06:48] Round #16 | Peace Bridge — USA/Canada Border | threshold=4
[2026-04-16 03:06:49] createMarket tx sent: 107e3ac5b4f36176a4dcb08cfd9e412ed772c67c2d117e92db8942f11bc4a001
[2026-04-16 03:06:49] Market created: 0xd2cd5a34aC2765247d72c66F04d165173A5c5382 (tx: 107e3ac5b4f36176a4dcb08cfd9e412ed772c67c2d117e92db8942f11bc4a001)
[2026-04-16 03:06:50] Ably publish OK: market_created
[2026-04-16 03:06:50] Counting vehicles for 150s...
[STATE] betting — market=0xd2cd5a34... bet=150s count=150s round=16
[LineZone] (307,432) -> (960,432)
[Counter] Line: (579, 10) -> (701, 710)
[2026-04-16 03:06:50] [StreamClient] Round 16 started on stream_server
[Evidence] Saved evidence/1776319610_30s.jpg (63596 bytes, sha256:293b425a44ac9...)
[Evidence] Saved evidence/1776319610_60s.jpg (61325 bytes, sha256:0f4adb8a285ea...)
[Prune] Removed 2 stale IDs (frame 1800)
[Prune] Removed 2 stale IDs (frame 2600)
[Evidence] Saved evidence/1776319610_90s.jpg (60925 bytes, sha256:6c313ab024139...)
[Evidence] Saved evidence/1776319610_120s.jpg (63817 bytes, sha256:f3b513c2614a8...)
[Prune] Removed 2 stale IDs (frame 3600)
[Prune] Removed 1 stale IDs (frame 3700)
[Prune] Removed 2 stale IDs (frame 4000)
[Prune] Removed 4 stale IDs (frame 4200)
[STATE] counting — market=0xd2cd5a34... duration=150s round=16
[Evidence] Saved evidence/1776319610_150s.jpg (59769 bytes, sha256:b2fde083b71b4...)
[Prune] Removed 2 stale IDs (frame 4900)
[Prune] Removed 2 stale IDs (frame 5000)
[Prune] Removed 2 stale IDs (frame 5200)
[Evidence] Saved evidence/1776319610_180s.jpg (62100 bytes, sha256:005211d0fd521...)
[Prune] Removed 1 stale IDs (frame 5300)
[Evidence] Saved evidence/1776319610_210s.jpg (59435 bytes, sha256:69164b23a20ed...)
[Prune] Removed 3 stale IDs (frame 6900)
[Evidence] Saved evidence/1776319610_240s.jpg (60221 bytes, sha256:5e8f78dce3545...)
[Prune] Removed 2 stale IDs (frame 7800)
[WS] Client connected (2 total)
[Evidence] Saved evidence/1776319610_270s.jpg (60551 bytes, sha256:8bb37983044e2...)
[WS] Client disconnected (1 total)
[Evidence] Saved evidence/1776319610_final.jpg (58136 bytes, sha256:e51e1d7884655...)
[Evidence] Saved evidence/1776319610_final.jpg (58125 bytes, sha256:fc7643f2695ce...)
[Evidence] Saved evidence/1776319610_final.jpg (58134 bytes, sha256:0f0ab394ea16d...)
[Evidence] Saved evidence/1776319610_final.jpg (58138 bytes, sha256:3681f3d62b2ef...)
[STATE] idle — round 16 complete: 6 vehicles
[2026-04-16 03:12:20] No round_complete via WS — reading result.json fallback
[2026-04-16 03:12:20] Count complete: 6 vehicles (in=5 out=1)
[2026-04-16 03:12:22] No bets placed — cancelling market
[2026-04-16 03:12:25] Market cancelled: 0xd2cd5a34aC2765247d72c66F04d165173A5c5382 (tx: 4f61537fb93dcca9f767b5ba7392030da829843aae6b95055e9099c2b1fb62c9)
[2026-04-16 03:12:25] Ably publish OK: market_cancelled
[2026-04-16 03:12:26] Refunds distributed: 0xd2cd5a34aC2765247d72c66F04d165173A5c5382 (tx: d6ec6c5deb0da37ab8948355e2134c917df865164d05c6cb411e05a962cbc346)
[2026-04-16 03:12:26] Ledger POST failed (non-fatal): HTTP Error 400: Bad Request
[2026-04-16 03:12:26] New threshold: 4 (avg of [3, 6])
[2026-04-16 03:12:26] Waiting 15s before Round #17...
[2026-04-16 03:12:41] Round #17 | Peace Bridge — USA/Canada Border | threshold=4
[2026-04-16 03:12:42] createMarket tx sent: cf9edde16d730470bf6e7272576645c8442b3a2e9d000b7e6f9fc0c74fb952a2
[2026-04-16 03:12:42] Market created: 0x8446bf98A6682592A71F55058b5Adc57645cCb72 (tx: cf9edde16d730470bf6e7272576645c8442b3a2e9d000b7e6f9fc0c74fb952a2)
[2026-04-16 03:12:43] Ably publish OK: market_created
[2026-04-16 03:12:43] Counting vehicles for 150s...
[STATE] betting — market=0x8446bf98... bet=150s count=150s round=17
[LineZone] (307,432) -> (960,432)
[Counter] Line: (579, 10) -> (701, 710)
[2026-04-16 03:12:43] [StreamClient] Round 17 started on stream_server
[Evidence] Saved evidence/1776319963_30s.jpg (58979 bytes, sha256:5d530746d5101...)
[Prune] Removed 2 stale IDs (frame 1100)
[Prune] Removed 4 stale IDs (frame 1400)
[Evidence] Saved evidence/1776319963_60s.jpg (57282 bytes, sha256:5a8b815286089...)
[Evidence] Saved evidence/1776319963_90s.jpg (59170 bytes, sha256:7d8caba5ef3e0...)
[Prune] Removed 5 stale IDs (frame 2700)
[Evidence] Saved evidence/1776319963_120s.jpg (57387 bytes, sha256:d254f5d0bea97...)
[WS] Client connected (2 total)
[STATE] counting — market=0x8446bf98... duration=150s round=17
[Evidence] Saved evidence/1776319963_150s.jpg (56780 bytes, sha256:afa079ce79171...)
[WS] Client disconnected (1 total)
[Prune] Removed 1 stale IDs (frame 4700)
[Prune] Removed 3 stale IDs (frame 4800)
[WS] Client connected (2 total)
[WS] Client disconnected (1 total)
connection handler failed
Traceback (most recent call last):
  File "/home/lumen/miniconda3/lib/python3.13/asyncio/selector_events.py", line 1067, in write
    n = self._sock.send(data)
BrokenPipeError: [Errno 32] Broken pipe

The above exception was the direct cause of the following exception:

Traceback (most recent call last):
  File "/home/lumen/miniconda3/lib/python3.13/site-packages/websockets/asyncio/server.py", line 376, in conn_handler
    await self.handler(connection)
  File "/home/lumen/.gemini/antigravity/scratch/rush/oracle/stream_server.py", line 1261, in handler
    async for msg in ws:
    ...<37 lines>...
            pass
  File "/home/lumen/miniconda3/lib/python3.13/site-packages/websockets/asyncio/connection.py", line 242, in __aiter__
    yield await self.recv()
          ^^^^^^^^^^^^^^^^^
  File "/home/lumen/miniconda3/lib/python3.13/site-packages/websockets/asyncio/connection.py", line 322, in recv
    raise self.protocol.close_exc from self.recv_exc
websockets.exceptions.ConnectionClosedError: no close frame received or sent
[Evidence] Saved evidence/1776319963_180s.jpg (56800 bytes, sha256:493533e8291ed...)
[Prune] Removed 2 stale IDs (frame 5600)
[Prune] Removed 2 stale IDs (frame 5700)
[Prune] Removed 2 stale IDs (frame 5900)
[Prune] Removed 4 stale IDs (frame 6000)
[Evidence] Saved evidence/1776319963_210s.jpg (57604 bytes, sha256:53c6e1bc316a3...)
[Evidence] Saved evidence/1776319963_240s.jpg (57542 bytes, sha256:cc9a63c16fbe3...)
[Prune] Removed 4 stale IDs (frame 7600)
[Evidence] Saved evidence/1776319963_270s.jpg (58667 bytes, sha256:46194bbced525...)
[Prune] Removed 2 stale IDs (frame 8000)
[Evidence] Saved evidence/1776319963_final.jpg (58131 bytes, sha256:e0f077aa15550...)
[Evidence] Saved evidence/1776319963_final.jpg (58063 bytes, sha256:510d71dc66c3e...)
[Evidence] Saved evidence/1776319963_final.jpg (58079 bytes, sha256:5753609feedf0...)
[Evidence] Saved evidence/1776319963_final.jpg (58101 bytes, sha256:c907c081170cd...)
[STATE] idle — round 17 complete: 3 vehicles
[Prune] Removed 2 stale IDs (frame 8900)
[Prune] Removed 4 stale IDs (frame 9000)
[2026-04-16 03:18:13] No round_complete via WS — reading result.json fallback
[2026-04-16 03:18:13] Count complete: 3 vehicles (in=2 out=1)
[2026-04-16 03:18:15] No bets placed — cancelling market
[2026-04-16 03:18:15] Market cancelled: 0x8446bf98A6682592A71F55058b5Adc57645cCb72 (tx: 94c9c444ba34f479941a1885600b078c0ca9ec35ec596eab122749e03291015f)
[2026-04-16 03:18:16] Ably publish OK: market_cancelled
[2026-04-16 03:18:18] Refunds distributed: 0x8446bf98A6682592A71F55058b5Adc57645cCb72 (tx: 8db6adb01a501f2eb350f88d8c35b5cf3e02dd21d356d6ad39ec5cba24cbb6e6)
[2026-04-16 03:18:19] Ledger POST failed (non-fatal): HTTP Error 400: Bad Request
[2026-04-16 03:18:19] New threshold: 4 (avg of [6, 3])
[2026-04-16 03:18:19] Waiting 15s before Round #18...
[2026-04-16 03:18:34] Round #18 | Peace Bridge — USA/Canada Border | threshold=4
[2026-04-16 03:18:35] createMarket tx sent: dce6c2b8eb8a7c842b6afd1c904db17355c3d74e6c042c6246bcd022f05fab60
[Prune] Removed 4 stale IDs (frame 10400)
[2026-04-16 03:18:37] Market created: 0x409C6feF2A40de0B1Ff6740acDbA4de4229A6FAb (tx: dce6c2b8eb8a7c842b6afd1c904db17355c3d74e6c042c6246bcd022f05fab60)
[2026-04-16 03:18:38] Ably publish OK: market_created
[2026-04-16 03:18:38] Counting vehicles for 150s...
[STATE] betting — market=0x409C6feF... bet=150s count=150s round=18
[LineZone] (307,432) -> (960,432)
[Counter] Line: (579, 10) -> (701, 710)
[2026-04-16 03:18:38] [StreamClient] Round 18 started on stream_server
[Prune] Removed 1 stale IDs (frame 400)
[Prune] Removed 2 stale IDs (frame 500)
[Prune] Removed 2 stale IDs (frame 600)
[Evidence] Saved evidence/1776320318_30s.jpg (57962 bytes, sha256:058ecbd6a8af2...)
[WS] Client connected (2 total)
[WS] Client disconnected (1 total)
[Prune] Removed 3 stale IDs (frame 1600)
[Evidence] Saved evidence/1776320318_60s.jpg (59082 bytes, sha256:fa27b679225d9...)
[Evidence] Saved evidence/1776320318_90s.jpg (58212 bytes, sha256:cf794afdfeb6c...)
[Prune] Removed 3 stale IDs (frame 3100)
[Prune] Removed 4 stale IDs (frame 3400)
[Prune] Removed 2 stale IDs (frame 3500)
[Evidence] Saved evidence/1776320318_120s.jpg (60786 bytes, sha256:67dca5c9dd038...)
[STATE] counting — market=0x409C6feF... duration=150s round=18
[Evidence] Saved evidence/1776320318_150s.jpg (57888 bytes, sha256:915f7c71c704d...)
[Prune] Removed 5 stale IDs (frame 4800)
[Prune] Removed 1 stale IDs (frame 4900)
[Evidence] Saved evidence/1776320318_180s.jpg (56323 bytes, sha256:effb600badd02...)
[Prune] Removed 3 stale IDs (frame 5600)
[Evidence] Saved evidence/1776320318_210s.jpg (60214 bytes, sha256:2fbcaef1bfde2...)
[Prune] Removed 2 stale IDs (frame 6200)
[Prune] Removed 1 stale IDs (frame 7000)
[Evidence] Saved evidence/1776320318_240s.jpg (67426 bytes, sha256:c2275fdcd202d...)
[Prune] Removed 2 stale IDs (frame 7100)
[Prune] Removed 3 stale IDs (frame 7200)
[Prune] Removed 2 stale IDs (frame 7300)
[Prune] Removed 1 stale IDs (frame 7600)
[Evidence] Saved evidence/1776320318_270s.jpg (64025 bytes, sha256:18c658d05953d...)
[Prune] Removed 1 stale IDs (frame 8100)
[Evidence] Saved evidence/1776320318_final.jpg (61909 bytes, sha256:1a7fdec6ed1b5...)
[Evidence] Saved evidence/1776320318_final.jpg (61863 bytes, sha256:9dc28c0e0b1e9...)
[Evidence] Saved evidence/1776320318_final.jpg (61872 bytes, sha256:55af1213c31b7...)
[STATE] idle — round 18 complete: 5 vehicles
[WS] Client connected (2 total)
[WS] Client disconnected (1 total)
[2026-04-16 03:24:08] No round_complete via WS — reading result.json fallback
[2026-04-16 03:24:08] Count complete: 5 vehicles (in=3 out=2)
[2026-04-16 03:24:09] No bets placed — cancelling market
[2026-04-16 03:24:10] Market cancelled: 0x409C6feF2A40de0B1Ff6740acDbA4de4229A6FAb (tx: 9ab42113b2d8c7b0d8814b87fe680bffd13d5fa11b6bae3f0a0c0178aea226dc)
[2026-04-16 03:24:10] Ably publish OK: market_cancelled
[2026-04-16 03:24:11] Refunds distributed: 0x409C6feF2A40de0B1Ff6740acDbA4de4229A6FAb (tx: dabe736ad80a35371855e342559517c61d6b224ef6a4c0159045c4847d2c7c08)
[2026-04-16 03:24:11] Ledger POST failed (non-fatal): HTTP Error 400: Bad Request
[2026-04-16 03:24:11] New threshold: 4 (avg of [3, 5])
[2026-04-16 03:24:11] Waiting 15s before Round #19...
[2026-04-16 03:24:26] Round #19 | Peace Bridge — USA/Canada Border | threshold=4
[2026-04-16 03:24:27] createMarket tx sent: 3854dee7033f0fc318e77e0c9705f199b8a5e839b53ba8f93264590cbebe0c46
[2026-04-16 03:24:28] Market created: 0x0EfFf73c911D8e400fF105b805254a0e480E8E2c (tx: 3854dee7033f0fc318e77e0c9705f199b8a5e839b53ba8f93264590cbebe0c46)
[2026-04-16 03:24:28] Ably publish OK: market_created
[2026-04-16 03:24:28] Counting vehicles for 150s...
[STATE] betting — market=0x0EfFf73c... bet=150s count=150s round=19
[LineZone] (307,432) -> (960,432)
[Counter] Line: (579, 10) -> (701, 710)
[2026-04-16 03:24:28] [StreamClient] Round 19 started on stream_server
[Evidence] Saved evidence/1776320668_30s.jpg (62606 bytes, sha256:63ef62189a4d5...)
[Prune] Removed 2 stale IDs (frame 900)
[Evidence] Saved evidence/1776320668_60s.jpg (62695 bytes, sha256:63947b0b42640...)
[Evidence] Saved evidence/1776320668_90s.jpg (63308 bytes, sha256:c0e86eb2a57a1...)
[Evidence] Saved evidence/1776320668_120s.jpg (65281 bytes, sha256:248f07f198d00...)
[STATE] counting — market=0x0EfFf73c... duration=150s round=19
[Evidence] Saved evidence/1776320668_150s.jpg (66493 bytes, sha256:7cd4ca3bb6517...)
[Prune] Removed 2 stale IDs (frame 4600)
[Evidence] Saved evidence/1776320668_180s.jpg (67700 bytes, sha256:6ed4af3dfbaa4...)
[WS] Client connected (2 total)
[WS] Client connected (3 total)
[WS] Client disconnected (2 total)
connection handler failed
Traceback (most recent call last):
  File "/home/lumen/miniconda3/lib/python3.13/asyncio/selector_events.py", line 1067, in write
    n = self._sock.send(data)
BrokenPipeError: [Errno 32] Broken pipe

The above exception was the direct cause of the following exception:

Traceback (most recent call last):
  File "/home/lumen/miniconda3/lib/python3.13/site-packages/websockets/asyncio/server.py", line 376, in conn_handler
    await self.handler(connection)
  File "/home/lumen/.gemini/antigravity/scratch/rush/oracle/stream_server.py", line 1261, in handler
    async for msg in ws:
    ...<37 lines>...
            pass
  File "/home/lumen/miniconda3/lib/python3.13/site-packages/websockets/asyncio/connection.py", line 242, in __aiter__
    yield await self.recv()
          ^^^^^^^^^^^^^^^^^
  File "/home/lumen/miniconda3/lib/python3.13/site-packages/websockets/asyncio/connection.py", line 322, in recv
    raise self.protocol.close_exc from self.recv_exc
websockets.exceptions.ConnectionClosedError: no close frame received or sent
[WS] Client disconnected (1 total)
connection handler failed
Traceback (most recent call last):
  File "/home/lumen/miniconda3/lib/python3.13/asyncio/selector_events.py", line 1067, in write
    n = self._sock.send(data)
BrokenPipeError: [Errno 32] Broken pipe

The above exception was the direct cause of the following exception:

Traceback (most recent call last):
  File "/home/lumen/miniconda3/lib/python3.13/site-packages/websockets/asyncio/server.py", line 376, in conn_handler
    await self.handler(connection)
  File "/home/lumen/.gemini/antigravity/scratch/rush/oracle/stream_server.py", line 1261, in handler
    async for msg in ws:
    ...<37 lines>...
            pass
  File "/home/lumen/miniconda3/lib/python3.13/site-packages/websockets/asyncio/connection.py", line 242, in __aiter__
    yield await self.recv()
          ^^^^^^^^^^^^^^^^^
  File "/home/lumen/miniconda3/lib/python3.13/site-packages/websockets/asyncio/connection.py", line 322, in recv
    raise self.protocol.close_exc from self.recv_exc
websockets.exceptions.ConnectionClosedError: no close frame received or sent
[Evidence] Saved evidence/1776320668_210s.jpg (67850 bytes, sha256:a62b93f13b6be...)
[Prune] Removed 2 stale IDs (frame 6900)
[Evidence] Saved evidence/1776320668_240s.jpg (67683 bytes, sha256:84312cc883d47...)
[Evidence] Saved evidence/1776320668_270s.jpg (66903 bytes, sha256:acc992c334697...)
[Evidence] Saved evidence/1776320668_final.jpg (68007 bytes, sha256:cb161b396b279...)
[Evidence] Saved evidence/1776320668_final.jpg (68003 bytes, sha256:556a86136d9bb...)
[Evidence] Saved evidence/1776320668_final.jpg (68020 bytes, sha256:da91298a07dbc...)
[STATE] idle — round 19 complete: 1 vehicles
[Prune] Removed 2 stale IDs (frame 9000)
[2026-04-16 03:29:58] No round_complete via WS — reading result.json fallback
[2026-04-16 03:29:58] Count complete: 1 vehicles (in=1 out=0)
[2026-04-16 03:30:00] No bets placed — cancelling market
[2026-04-16 03:30:03] Market cancelled: 0x0EfFf73c911D8e400fF105b805254a0e480E8E2c (tx: 10da1148aa6f6999010045f57388d165610bd7f8ab7fda74e9093273289e7c40)
[2026-04-16 03:30:03] Ably publish OK: market_cancelled
[2026-04-16 03:30:04] Refunds distributed: 0x0EfFf73c911D8e400fF105b805254a0e480E8E2c (tx: 7d6bec51b4f18d5f49772e6dd224c85c6292175c54674b6e6870e6ee80676aa7)
[2026-04-16 03:30:04] Ledger POST failed (non-fatal): HTTP Error 400: Bad Request
[2026-04-16 03:30:04] New threshold: 3 (avg of [5, 1])
[2026-04-16 03:30:04] Waiting 15s before Round #20...
[2026-04-16 03:30:19] Round #20 | Peace Bridge — USA/Canada Border | threshold=3
[2026-04-16 03:30:20] createMarket tx sent: 1aec330b5256be262ff9bec4cc951782343b56b5db50841803f44e582e693683
[2026-04-16 03:30:22] Market created: 0x05572BCb91Fd8391cDA6D33d622ccaAC76eD9A26 (tx: 1aec330b5256be262ff9bec4cc951782343b56b5db50841803f44e582e693683)
[2026-04-16 03:30:23] Ably publish OK: market_created
[2026-04-16 03:30:23] Counting vehicles for 150s...
[STATE] betting — market=0x05572BCb... bet=150s count=150s round=20
[LineZone] (307,432) -> (960,432)
[Counter] Line: (579, 10) -> (701, 710)
[2026-04-16 03:30:23] [StreamClient] Round 20 started on stream_server
[WS] Client disconnected (1 total)
[Prune] Removed 1 stale IDs (frame 800)
[Evidence] Saved evidence/1776321023_30s.jpg (72711 bytes, sha256:ae11913b14ced...)
[Prune] Removed 1 stale IDs (frame 900)
[Evidence] Saved evidence/1776321023_60s.jpg (71939 bytes, sha256:fcfb31418f9cb...)
[Prune] Removed 2 stale IDs (frame 2300)
[Evidence] Saved evidence/1776321023_90s.jpg (70383 bytes, sha256:93b4d771aeac9...)
[Prune] Removed 3 stale IDs (frame 2900)
[Prune] Removed 3 stale IDs (frame 3000)
[Prune] Removed 1 stale IDs (frame 3200)
[Prune] Removed 1 stale IDs (frame 3300)
[Evidence] Saved evidence/1776321023_120s.jpg (71083 bytes, sha256:c84cae8aeca63...)
[STATE] counting — market=0x05572BCb... duration=150s round=20
[Evidence] Saved evidence/1776321023_150s.jpg (71484 bytes, sha256:e3049f847e12d...)
[Prune] Removed 1 stale IDs (frame 4500)
[Prune] Removed 1 stale IDs (frame 4700)
[Prune] Removed 1 stale IDs (frame 5000)
[Prune] Removed 1 stale IDs (frame 5100)
[Evidence] Saved evidence/1776321023_180s.jpg (75985 bytes, sha256:cc2a2b439a7ab...)
[Evidence] Saved evidence/1776321023_210s.jpg (76204 bytes, sha256:97b069df5a4c3...)
[Prune] Removed 3 stale IDs (frame 7000)
[Evidence] Saved evidence/1776321023_240s.jpg (74592 bytes, sha256:9da5bbbd6b7a5...)
[Prune] Removed 1 stale IDs (frame 7200)
[Prune] Removed 1 stale IDs (frame 7300)
[Prune] Removed 5 stale IDs (frame 7400)
[Evidence] Saved evidence/1776321023_270s.jpg (72115 bytes, sha256:bb48e49f416cb...)
[Prune] Removed 1 stale IDs (frame 8500)
[Prune] Removed 1 stale IDs (frame 8600)
[Evidence] Saved evidence/1776321023_final.jpg (70084 bytes, sha256:5f03aeaae184a...)
[Evidence] Saved evidence/1776321023_final.jpg (70083 bytes, sha256:aef7fe959a213...)
[Evidence] Saved evidence/1776321023_final.jpg (70100 bytes, sha256:c59cb8e471e3d...)
[Evidence] Saved evidence/1776321023_final.jpg (70100 bytes, sha256:1d54e4d14d20b...)
[STATE] idle — round 20 complete: 12 vehicles
[Prune] Removed 2 stale IDs (frame 8800)
[2026-04-16 03:35:53] No round_complete via WS — reading result.json fallback
[2026-04-16 03:35:53] Count complete: 12 vehicles (in=9 out=3)
[2026-04-16 03:35:55] No bets placed — cancelling market
[2026-04-16 03:35:55] Market cancelled: 0x05572BCb91Fd8391cDA6D33d622ccaAC76eD9A26 (tx: 5e9b79199a65164f93263bb59aa59b486bbc69652c44a27e0ea4f3acf713f3b2)
[2026-04-16 03:35:56] Ably publish OK: market_cancelled
[2026-04-16 03:35:58] Refunds distributed: 0x05572BCb91Fd8391cDA6D33d622ccaAC76eD9A26 (tx: 9586567d0145a47570f574a4c80aba74cee1dc2112f9ee4b16775540edff5de2)
[2026-04-16 03:35:59] Ledger POST failed (non-fatal): HTTP Error 400: Bad Request
[2026-04-16 03:35:59] New threshold: 6 (avg of [1, 12])
[2026-04-16 03:35:59] Waiting 15s before Round #21...
[2026-04-16 03:36:14] Round #21 | Peace Bridge — USA/Canada Border | threshold=6
[2026-04-16 03:36:15] createMarket tx sent: 0c4ccbd0b53428e04b41ddf4d17076ecc4538023b10b75683c3dc2d1c8fcc445
[2026-04-16 03:36:15] Market created: 0x81b74C136C7cE047CA79082D5154B758e860a1c6 (tx: 0c4ccbd0b53428e04b41ddf4d17076ecc4538023b10b75683c3dc2d1c8fcc445)
[2026-04-16 03:36:16] Ably publish OK: market_created
[2026-04-16 03:36:16] Counting vehicles for 150s...
[STATE] betting — market=0x81b74C13... bet=150s count=150s round=21
[LineZone] (307,432) -> (960,432)
[Counter] Line: (579, 10) -> (701, 710)
[2026-04-16 03:36:16] [StreamClient] Round 21 started on stream_server
[Evidence] Saved evidence/1776321376_30s.jpg (73520 bytes, sha256:a785272e72cde...)
[Prune] Removed 1 stale IDs (frame 1200)
[Prune] Removed 2 stale IDs (frame 1300)
[Evidence] Saved evidence/1776321376_60s.jpg (72306 bytes, sha256:b1641579dd927...)
[Evidence] Saved evidence/1776321376_90s.jpg (75625 bytes, sha256:8dc69e217dd72...)
[Evidence] Saved evidence/1776321376_120s.jpg (74553 bytes, sha256:ef3c86f215cf5...)
[STATE] counting — market=0x81b74C13... duration=150s round=21
[Evidence] Saved evidence/1776321376_150s.jpg (74532 bytes, sha256:51134f5e77253...)
[Evidence] Saved evidence/1776321376_180s.jpg (75127 bytes, sha256:b4476823bee3c...)
[Prune] Removed 5 stale IDs (frame 5600)
[Prune] Removed 2 stale IDs (frame 5700)
[Evidence] Saved evidence/1776321376_210s.jpg (75125 bytes, sha256:58bae3da4b184...)
[Evidence] Saved evidence/1776321376_240s.jpg (74670 bytes, sha256:eaa5d7d6ac983...)
[Evidence] Saved evidence/1776321376_270s.jpg (70739 bytes, sha256:d7c9c311893c3...)
[WS] Client connected (2 total)
[Evidence] Saved evidence/1776321376_final.jpg (71452 bytes, sha256:7648e5f576357...)
[Evidence] Saved evidence/1776321376_final.jpg (71417 bytes, sha256:5f5ed074a6d61...)
[Evidence] Saved evidence/1776321376_final.jpg (71410 bytes, sha256:29d984ab6c0fa...)
[STATE] idle — round 21 complete: 1 vehicles
[WS] Client disconnected (1 total)
[2026-04-16 03:41:46] No round_complete via WS — reading result.json fallback
[2026-04-16 03:41:46] Count complete: 1 vehicles (in=0 out=1)
[2026-04-16 03:41:47] No bets placed — cancelling market
[2026-04-16 03:41:48] Market cancelled: 0x81b74C136C7cE047CA79082D5154B758e860a1c6 (tx: 32ca73212e03f888e18262d7d9c0571c3e42beb3e94356c1396f86c752e8940c)
[2026-04-16 03:41:48] Ably publish OK: market_cancelled
[2026-04-16 03:41:49] Refunds distributed: 0x81b74C136C7cE047CA79082D5154B758e860a1c6 (tx: 3afe7f0167cd79cfef928de24c4fc2d60f3bd001a130acc05e66352db9e96f4d)
[2026-04-16 03:41:49] Ledger POST failed (non-fatal): HTTP Error 400: Bad Request
[2026-04-16 03:41:49] New threshold: 6 (avg of [12, 1])
[2026-04-16 03:41:49] Waiting 15s before Round #22...
[2026-04-16 03:42:04] Round #22 | Peace Bridge — USA/Canada Border | threshold=6
[2026-04-16 03:42:06] createMarket tx sent: 015cf66611b6967ee8d2f7a9206180dc481e6897603511cc41457647e7876597
[2026-04-16 03:42:06] Market created: 0x15daF7918B2cE7856F3555731345CFEdFEf1B48c (tx: 015cf66611b6967ee8d2f7a9206180dc481e6897603511cc41457647e7876597)
[2026-04-16 03:42:06] Ably publish OK: market_created
[2026-04-16 03:42:06] Counting vehicles for 150s...
[STATE] betting — market=0x15daF791... bet=150s count=150s round=22
[LineZone] (307,432) -> (960,432)
[Counter] Line: (579, 10) -> (701, 710)
[2026-04-16 03:42:06] [StreamClient] Round 22 started on stream_server
[Evidence] Saved evidence/1776321726_30s.jpg (70926 bytes, sha256:5d63043c021f4...)
[Evidence] Saved evidence/1776321726_60s.jpg (69100 bytes, sha256:02963c1e0f3f6...)
[Prune] Removed 2 stale IDs (frame 1800)
[Evidence] Saved evidence/1776321726_90s.jpg (72852 bytes, sha256:1b6fbe851dc91...)
[Prune] Removed 2 stale IDs (frame 3000)
[Prune] Removed 1 stale IDs (frame 3100)
[Evidence] Saved evidence/1776321726_120s.jpg (68424 bytes, sha256:4a9d85f68b200...)
[Prune] Removed 2 stale IDs (frame 4000)
[Prune] Removed 1 stale IDs (frame 4100)
[STATE] counting — market=0x15daF791... duration=150s round=22
[Evidence] Saved evidence/1776321726_150s.jpg (68122 bytes, sha256:a118c2a6ef4e0...)
[Evidence] Saved evidence/1776321726_180s.jpg (68246 bytes, sha256:1475d7270dfc4...)
[Evidence] Saved evidence/1776321726_210s.jpg (68705 bytes, sha256:f89e7b4ac451d...)
[Evidence] Saved evidence/1776321726_240s.jpg (67960 bytes, sha256:83b3f669ae74e...)
[Evidence] Saved evidence/1776321726_270s.jpg (68967 bytes, sha256:fb626201a8554...)
[Evidence] Saved evidence/1776321726_final.jpg (69579 bytes, sha256:70f540f9b6b11...)
[Evidence] Saved evidence/1776321726_final.jpg (69577 bytes, sha256:8810997eaa862...)
[Evidence] Saved evidence/1776321726_final.jpg (69581 bytes, sha256:9d1a9038738a4...)
[STATE] idle — round 22 complete: 3 vehicles
[Prune] Removed 2 stale IDs (frame 9300)
[2026-04-16 03:47:36] No round_complete via WS — reading result.json fallback
[2026-04-16 03:47:36] Count complete: 3 vehicles (in=1 out=2)
[2026-04-16 03:47:38] No bets placed — cancelling market
[2026-04-16 03:47:41] Market cancelled: 0x15daF7918B2cE7856F3555731345CFEdFEf1B48c (tx: 1a32a6a7323a142de0faf60cb5272a3ddd7d5125e0ed9e9f65ce674d28c093c7)
[2026-04-16 03:47:41] Ably publish OK: market_cancelled
[2026-04-16 03:47:42] Refunds distributed: 0x15daF7918B2cE7856F3555731345CFEdFEf1B48c (tx: 1e38d1d8226f79df9f56f1010d8fc9a489b54b50357f16133e6e78fb1097eb30)
[2026-04-16 03:47:42] Ledger POST failed (non-fatal): HTTP Error 400: Bad Request
[2026-04-16 03:47:42] New threshold: 2 (avg of [1, 3])
[2026-04-16 03:47:42] Waiting 15s before Round #23...
[2026-04-16 03:47:57] Round #23 | Peace Bridge — USA/Canada Border | threshold=2
[2026-04-16 03:48:00] createMarket tx sent: 363999d751a8c24f61fa70888e692c700a738390586c14b22f8c180e7829978e
[2026-04-16 03:48:03] Market created: 0x55feDCFf1fBfb5397d504DE69b751d202dcC6B24 (tx: 363999d751a8c24f61fa70888e692c700a738390586c14b22f8c180e7829978e)
[2026-04-16 03:48:03] Ably publish OK: market_created
[2026-04-16 03:48:03] Counting vehicles for 150s...
[STATE] betting — market=0x55feDCFf... bet=150s count=150s round=23
[LineZone] (307,432) -> (960,432)
[Counter] Line: (579, 10) -> (701, 710)
[2026-04-16 03:48:03] [StreamClient] Round 23 started on stream_server
[Prune] Removed 1 stale IDs (frame 300)
[Prune] Removed 3 stale IDs (frame 500)
[Evidence] Saved evidence/1776322083_30s.jpg (67441 bytes, sha256:1a96ba5549090...)
[Prune] Removed 2 stale IDs (frame 1100)
[Evidence] Saved evidence/1776322083_60s.jpg (67643 bytes, sha256:668b34e33fde5...)
[Prune] Removed 1 stale IDs (frame 2400)
[Prune] Removed 2 stale IDs (frame 2500)
[Evidence] Saved evidence/1776322083_90s.jpg (67857 bytes, sha256:4240184634b8a...)
[Evidence] Saved evidence/1776322083_120s.jpg (67477 bytes, sha256:ffd6b23f91aed...)
[Prune] Removed 1 stale IDs (frame 3900)
[Prune] Removed 1 stale IDs (frame 4000)
[STATE] counting — market=0x55feDCFf... duration=150s round=23
[Evidence] Saved evidence/1776322083_150s.jpg (66885 bytes, sha256:be81b3482c2b0...)
[Evidence] Saved evidence/1776322083_180s.jpg (64278 bytes, sha256:27734ad0b153d...)
[Prune] Removed 3 stale IDs (frame 6100)
[Evidence] Saved evidence/1776322083_210s.jpg (66173 bytes, sha256:4ea6155dad7d6...)
[Evidence] Saved evidence/1776322083_240s.jpg (67651 bytes, sha256:952ca753e1d49...)
[Prune] Removed 2 stale IDs (frame 7700)
[Prune] Removed 2 stale IDs (frame 7800)
[Evidence] Saved evidence/1776322083_270s.jpg (68217 bytes, sha256:492151affefd0...)
[Evidence] Saved evidence/1776322083_final.jpg (67937 bytes, sha256:1b6175459186f...)
[Evidence] Saved evidence/1776322083_final.jpg (67931 bytes, sha256:c777762057577...)
[Evidence] Saved evidence/1776322083_final.jpg (67919 bytes, sha256:65102b652766f...)
[STATE] idle — round 23 complete: 4 vehicles
[2026-04-16 03:53:33] No round_complete via WS — reading result.json fallback
[2026-04-16 03:53:33] Count complete: 4 vehicles (in=4 out=0)
[2026-04-16 03:53:35] No bets placed — cancelling market
[2026-04-16 03:53:36] Market cancelled: 0x55feDCFf1fBfb5397d504DE69b751d202dcC6B24 (tx: 95e1d36712063e8d70eb3953d0241d3131ecaa1bc92dc303517b9d5526f071c4)
[2026-04-16 03:53:36] Ably publish OK: market_cancelled
[2026-04-16 03:53:39] Refunds distributed: 0x55feDCFf1fBfb5397d504DE69b751d202dcC6B24 (tx: d661eae8b226e10dac1deac6456ba28980f8b32c8ff6ef293b8ac45b5d7dd8d0)
[2026-04-16 03:53:39] Ledger POST failed (non-fatal): HTTP Error 400: Bad Request
[2026-04-16 03:53:39] New threshold: 3 (avg of [3, 4])
[2026-04-16 03:53:39] Waiting 15s before Round #24...
[Prune] Removed 2 stale IDs (frame 10300)
[2026-04-16 03:53:54] Round #24 | Peace Bridge — USA/Canada Border | threshold=3
[2026-04-16 03:53:58] createMarket tx sent: 0793ae8aca66dea637acff72ed9bdc3f6380490be2ff0e1975fcf339d3e5162d
[2026-04-16 03:53:58] Market created: 0x35b5AD2a54c999b850dD84f4cf8fE21929ECd539 (tx: 0793ae8aca66dea637acff72ed9bdc3f6380490be2ff0e1975fcf339d3e5162d)
[2026-04-16 03:53:59] Ably publish OK: market_created
[2026-04-16 03:53:59] Counting vehicles for 150s...
[STATE] betting — market=0x35b5AD2a... bet=150s count=150s round=24
[LineZone] (307,432) -> (960,432)
[Counter] Line: (579, 10) -> (701, 710)
[2026-04-16 03:53:59] [StreamClient] Round 24 started on stream_server
[Evidence] Saved evidence/1776322439_30s.jpg (66819 bytes, sha256:0397b478f9f31...)
[Prune] Removed 2 stale IDs (frame 1400)
[Evidence] Saved evidence/1776322439_60s.jpg (66777 bytes, sha256:8580fcdb1d45e...)
[Evidence] Saved evidence/1776322439_90s.jpg (66464 bytes, sha256:1d1a50196c769...)
[Evidence] Saved evidence/1776322439_120s.jpg (66435 bytes, sha256:cbd1a5ed2594e...)
[Prune] Removed 1 stale IDs (frame 4100)
[Prune] Removed 4 stale IDs (frame 4200)
[Prune] Removed 3 stale IDs (frame 4300)
[Prune] Removed 2 stale IDs (frame 4400)
[STATE] counting — market=0x35b5AD2a... duration=150s round=24
[Evidence] Saved evidence/1776322439_150s.jpg (60044 bytes, sha256:31a7bc1b24de2...)
[Prune] Removed 1 stale IDs (frame 4500)
[Prune] Removed 1 stale IDs (frame 4600)
[Prune] Removed 3 stale IDs (frame 4700)
[Evidence] Saved evidence/1776322439_180s.jpg (65296 bytes, sha256:4c45102ed9942...)
[Prune] Removed 2 stale IDs (frame 5600)
[Prune] Removed 1 stale IDs (frame 5700)
[Evidence] Saved evidence/1776322439_210s.jpg (64543 bytes, sha256:1714441634f02...)
[Evidence] Saved evidence/1776322439_240s.jpg (63407 bytes, sha256:eb7ae69c986e9...)
[Evidence] Saved evidence/1776322439_270s.jpg (61630 bytes, sha256:9b78073f6bda3...)
[Evidence] Saved evidence/1776322439_final.jpg (61775 bytes, sha256:4ef70cd436da8...)
[Evidence] Saved evidence/1776322439_final.jpg (61752 bytes, sha256:5c1f0983654bc...)
[Evidence] Saved evidence/1776322439_final.jpg (61741 bytes, sha256:68edbcff43de7...)
[STATE] idle — round 24 complete: 5 vehicles
[2026-04-16 03:59:29] No round_complete via WS — reading result.json fallback
[2026-04-16 03:59:29] Count complete: 5 vehicles (in=3 out=2)
[2026-04-16 03:59:30] No bets placed — cancelling market
[2026-04-16 03:59:31] Market cancelled: 0x35b5AD2a54c999b850dD84f4cf8fE21929ECd539 (tx: 3fbee8a4b17e54fa930600a2d16d4e0fd6df443895d3768899931e800805ce2a)
[2026-04-16 03:59:31] Ably publish OK: market_cancelled
[2026-04-16 03:59:32] Refunds distributed: 0x35b5AD2a54c999b850dD84f4cf8fE21929ECd539 (tx: 04991fa4bc6fd3abe103cd336f338797ab46912c9eb40352680086c625fa938d)
[2026-04-16 03:59:32] Ledger POST failed (non-fatal): HTTP Error 400: Bad Request
[2026-04-16 03:59:32] New threshold: 4 (avg of [4, 5])
[2026-04-16 03:59:32] Waiting 15s before Round #25...
[2026-04-16 03:59:47] Round #25 | Peace Bridge — USA/Canada Border | threshold=4
[2026-04-16 03:59:48] createMarket tx sent: 6c0d1622db9d9c5983ceb959ea8b4bf61bae9b1236df474ae1ac2f310f5a1154
[2026-04-16 03:59:51] Market created: 0xEf0B441445cb3552191931C04ACaDE5E5184Fc78 (tx: 6c0d1622db9d9c5983ceb959ea8b4bf61bae9b1236df474ae1ac2f310f5a1154)
[2026-04-16 03:59:51] Ably publish OK: market_created
[2026-04-16 03:59:51] Counting vehicles for 150s...
[STATE] betting — market=0xEf0B4414... bet=150s count=150s round=25
[LineZone] (307,432) -> (960,432)
[Counter] Line: (579, 10) -> (701, 710)
[2026-04-16 03:59:51] [StreamClient] Round 25 started on stream_server
[Evidence] Saved evidence/1776322791_30s.jpg (60862 bytes, sha256:f72b38313607e...)
[Evidence] Saved evidence/1776322791_60s.jpg (58869 bytes, sha256:af08b68fd821b...)
[Evidence] Saved evidence/1776322791_90s.jpg (58327 bytes, sha256:f5bb154d5fbd1...)
[Evidence] Saved evidence/1776322791_120s.jpg (58005 bytes, sha256:ad557e388e835...)
[STATE] counting — market=0xEf0B4414... duration=150s round=25
[Evidence] Saved evidence/1776322791_150s.jpg (57701 bytes, sha256:821d557417628...)
[Prune] Removed 1 stale IDs (frame 4600)
[Evidence] Saved evidence/1776322791_180s.jpg (57260 bytes, sha256:8120fec70732a...)
[Evidence] Saved evidence/1776322791_210s.jpg (56799 bytes, sha256:4c89647a4030a...)
[Evidence] Saved evidence/1776322791_240s.jpg (56670 bytes, sha256:d1a057cf2a438...)
[Prune] Removed 1 stale IDs (frame 7500)
[Prune] Removed 1 stale IDs (frame 7600)
[Evidence] Saved evidence/1776322791_270s.jpg (57319 bytes, sha256:25609e301e368...)
[Evidence] Saved evidence/1776322791_final.jpg (60972 bytes, sha256:da603234f02f9...)
[Evidence] Saved evidence/1776322791_final.jpg (60609 bytes, sha256:7b319cb2af03f...)
[Evidence] Saved evidence/1776322791_final.jpg (60924 bytes, sha256:f0f154c668c85...)
[Evidence] Saved evidence/1776322791_final.jpg (59096 bytes, sha256:887a758dec8ab...)
[STATE] idle — round 25 complete: 1 vehicles
[Prune] Removed 1 stale IDs (frame 8900)
[Prune] Removed 1 stale IDs (frame 9000)
[Prune] Removed 3 stale IDs (frame 9500)
[2026-04-16 04:05:21] No round_complete via WS — reading result.json fallback
[2026-04-16 04:05:21] Count complete: 1 vehicles (in=1 out=0)
[2026-04-16 04:05:23] No bets placed — cancelling market
[2026-04-16 04:05:26] Market cancelled: 0xEf0B441445cb3552191931C04ACaDE5E5184Fc78 (tx: f2634833b719996f5069a1ac6c4693b26d6eb5d24e10346ed99ca84451a01e57)
[2026-04-16 04:05:26] Ably publish OK: market_cancelled
[2026-04-16 04:05:27] Refunds distributed: 0xEf0B441445cb3552191931C04ACaDE5E5184Fc78 (tx: cb609d9fb7068ead0155c778852dfc6b159307b7e0b66c5d348e396c5619c649)
[2026-04-16 04:05:28] Ledger POST failed (non-fatal): HTTP Error 400: Bad Request
[2026-04-16 04:05:28] New threshold: 3 (avg of [5, 1])
[2026-04-16 04:05:28] Waiting 15s before Round #26...
[2026-04-16 04:05:43] Round #26 | Peace Bridge — USA/Canada Border | threshold=3
[2026-04-16 04:05:44] createMarket tx sent: 2ca725f65733fe1a854396150586a2e88829d8dc4416a82f154e91bd2bbae01a
[2026-04-16 04:05:44] Market created: 0x783F2b653F98467663b65014FAa53EB54Dc6c9B5 (tx: 2ca725f65733fe1a854396150586a2e88829d8dc4416a82f154e91bd2bbae01a)
[2026-04-16 04:05:45] Ably publish OK: market_created
[2026-04-16 04:05:45] Counting vehicles for 150s...
[STATE] betting — market=0x783F2b65... bet=150s count=150s round=26
[LineZone] (307,432) -> (960,432)
[Counter] Line: (579, 10) -> (701, 710)
[2026-04-16 04:05:45] [StreamClient] Round 26 started on stream_server
[Evidence] Saved evidence/1776323145_30s.jpg (58128 bytes, sha256:a6660367e31b8...)
[Evidence] Saved evidence/1776323145_60s.jpg (58272 bytes, sha256:5bfbc0af478eb...)
[Evidence] Saved evidence/1776323145_90s.jpg (58062 bytes, sha256:9c177108a7d53...)
[Evidence] Saved evidence/1776323145_120s.jpg (59200 bytes, sha256:5e6b9d6661fa9...)
[Prune] Removed 1 stale IDs (frame 4300)
[STATE] counting — market=0x783F2b65... duration=150s round=26
[Evidence] Saved evidence/1776323145_150s.jpg (61583 bytes, sha256:fbf21ccbbe9d5...)
[Prune] Removed 2 stale IDs (frame 4500)
[Evidence] Saved evidence/1776323145_180s.jpg (57206 bytes, sha256:dbb2e9555f7e1...)
[Prune] Removed 3 stale IDs (frame 5300)
[Evidence] Saved evidence/1776323145_210s.jpg (58630 bytes, sha256:b4ac478bf5176...)
[Evidence] Saved evidence/1776323145_240s.jpg (58398 bytes, sha256:3491e488c4e67...)
[Evidence] Saved evidence/1776323145_270s.jpg (58891 bytes, sha256:a8bcc8ce57b52...)
[Evidence] Saved evidence/1776323145_final.jpg (60529 bytes, sha256:9376bafe345b0...)
[Evidence] Saved evidence/1776323145_final.jpg (60493 bytes, sha256:425f3d9eee114...)
[Evidence] Saved evidence/1776323145_final.jpg (60496 bytes, sha256:35d37b69d04c8...)
[STATE] idle — round 26 complete: 1 vehicles
[2026-04-16 04:11:15] No round_complete via WS — reading result.json fallback
[2026-04-16 04:11:15] Count complete: 1 vehicles (in=1 out=0)
[2026-04-16 04:11:16] No bets placed — cancelling market
[2026-04-16 04:11:17] Market cancelled: 0x783F2b653F98467663b65014FAa53EB54Dc6c9B5 (tx: ed77ee0ad8e61e8359d242cee8bdf64427cf4e56a7ecce37f40587db66bc410f)
[2026-04-16 04:11:17] Ably publish OK: market_cancelled
[2026-04-16 04:11:20] Refunds distributed: 0x783F2b653F98467663b65014FAa53EB54Dc6c9B5 (tx: 25276c999b52a869ac836aa677a224020de747b69c6aa8b6aa305c3f90cdd2af)
[2026-04-16 04:11:21] Ledger POST failed (non-fatal): HTTP Error 400: Bad Request
[2026-04-16 04:11:21] New threshold: 1 (avg of [1, 1])
[2026-04-16 04:11:21] Waiting 15s before Round #27...
[2026-04-16 04:11:36] Round #27 | Peace Bridge — USA/Canada Border | threshold=1
[2026-04-16 04:11:37] createMarket tx sent: fa7db79c35cd27d53a3d10dfe8b95acb4bc9264cc0bfd22bed1d267c1ef4c185
[2026-04-16 04:11:37] Market created: 0x1ed61Fb7BEC8EA070C2f262E258EAB260472f5Fc (tx: fa7db79c35cd27d53a3d10dfe8b95acb4bc9264cc0bfd22bed1d267c1ef4c185)
[2026-04-16 04:11:38] Ably publish OK: market_created
[2026-04-16 04:11:38] Counting vehicles for 150s...
[STATE] betting — market=0x1ed61Fb7... bet=150s count=150s round=27
[LineZone] (307,432) -> (960,432)
[Counter] Line: (579, 10) -> (701, 710)
[2026-04-16 04:11:38] [StreamClient] Round 27 started on stream_server
[Evidence] Saved evidence/1776323498_30s.jpg (61728 bytes, sha256:c2a20b969007e...)
[Evidence] Saved evidence/1776323498_60s.jpg (62279 bytes, sha256:0a4113522c609...)
[Evidence] Saved evidence/1776323498_90s.jpg (60871 bytes, sha256:3b7215c73944c...)
[Evidence] Saved evidence/1776323498_120s.jpg (61148 bytes, sha256:b92a4fcc1c9be...)
[Prune] Removed 2 stale IDs (frame 3900)
[STATE] counting — market=0x1ed61Fb7... duration=150s round=27
[Evidence] Saved evidence/1776323498_150s.jpg (61167 bytes, sha256:26ca5a737d08f...)
[Evidence] Saved evidence/1776323498_180s.jpg (61115 bytes, sha256:945cfe81154f8...)
[Evidence] Saved evidence/1776323498_210s.jpg (63217 bytes, sha256:f5e32410b9209...)
[Evidence] Saved evidence/1776323498_240s.jpg (61847 bytes, sha256:dc95f4bb901e2...)
[Evidence] Saved evidence/1776323498_270s.jpg (61340 bytes, sha256:a879dbb5e5cb8...)
[Prune] Removed 3 stale IDs (frame 8400)
[Prune] Removed 3 stale IDs (frame 8600)
[Evidence] Saved evidence/1776323498_final.jpg (62383 bytes, sha256:b1a7e55bec4b3...)
[Evidence] Saved evidence/1776323498_final.jpg (62369 bytes, sha256:4f8b96219d8d5...)
[Evidence] Saved evidence/1776323498_final.jpg (62347 bytes, sha256:965d7bfb8af95...)
[STATE] idle — round 27 complete: 0 vehicles
[2026-04-16 04:17:08] No round_complete via WS — reading result.json fallback
[2026-04-16 04:17:08] Count complete: 0 vehicles (in=0 out=0)
[2026-04-16 04:17:10] No bets placed — cancelling market
[Prune] Removed 2 stale IDs (frame 9800)
[2026-04-16 04:17:13] Market cancelled: 0x1ed61Fb7BEC8EA070C2f262E258EAB260472f5Fc (tx: f0b4fdc27cc50dadf29ddaca3ee6db9513ce1dce9b0a21b96cafabeb2cf668a5)
[2026-04-16 04:17:13] Ably publish OK: market_cancelled
[2026-04-16 04:17:16] Refunds distributed: 0x1ed61Fb7BEC8EA070C2f262E258EAB260472f5Fc (tx: 7d421ac1ecf5df726e5763afacc6e4b4652eed18f3f121eab490519a97f61f84)
[2026-04-16 04:17:16] Ledger POST failed (non-fatal): HTTP Error 400: Bad Request
[2026-04-16 04:17:16] New threshold: 1 (avg of [1, 0])
[2026-04-16 04:17:16] Waiting 15s before Round #28...
[Prune] Removed 2 stale IDs (frame 10200)
[2026-04-16 04:17:31] Round #28 | Peace Bridge — USA/Canada Border | threshold=1
[2026-04-16 04:17:33] createMarket tx sent: 04e580d38b858169d958bca37877b02101fe0b6a42f0d1192b509cc04f5cdd1d
[2026-04-16 04:17:35] Market created: 0x93EE9656E89777864A790e36ed09F06e39Ef79Bd (tx: 04e580d38b858169d958bca37877b02101fe0b6a42f0d1192b509cc04f5cdd1d)
[2026-04-16 04:17:36] Ably publish OK: market_created
[2026-04-16 04:17:36] Counting vehicles for 150s...
[STATE] betting — market=0x93EE9656... bet=150s count=150s round=28
[LineZone] (307,432) -> (960,432)
[Counter] Line: (579, 10) -> (701, 710)
[2026-04-16 04:17:36] [StreamClient] Round 28 started on stream_server
[Evidence] Saved evidence/1776323856_30s.jpg (63331 bytes, sha256:80e4ac3105a3e...)
[Evidence] Saved evidence/1776323856_60s.jpg (65058 bytes, sha256:e32cc769ae078...)
[Evidence] Saved evidence/1776323856_90s.jpg (64380 bytes, sha256:7954c75b42e7b...)
[Prune] Removed 1 stale IDs (frame 3400)
[Evidence] Saved evidence/1776323856_120s.jpg (64816 bytes, sha256:82c341ffcb9a0...)
[Prune] Removed 2 stale IDs (frame 3700)
[STATE] counting — market=0x93EE9656... duration=150s round=28
[Evidence] Saved evidence/1776323856_150s.jpg (66407 bytes, sha256:aeafb773c9830...)
[Evidence] Saved evidence/1776323856_180s.jpg (64458 bytes, sha256:c360cd9f4e9bc...)
[Evidence] Saved evidence/1776323856_210s.jpg (63966 bytes, sha256:aa3a8a9a976d9...)
[Prune] Removed 2 stale IDs (frame 6200)
[Evidence] Saved evidence/1776323856_240s.jpg (63116 bytes, sha256:10ab263ad896e...)
[Evidence] Saved evidence/1776323856_270s.jpg (62290 bytes, sha256:0fe40b52c6da7...)
[Prune] Removed 3 stale IDs (frame 8000)
[Evidence] Saved evidence/1776323856_final.jpg (67123 bytes, sha256:6e3f85122131d...)
[Evidence] Saved evidence/1776323856_final.jpg (67055 bytes, sha256:d75f7b8a3de81...)
[Evidence] Saved evidence/1776323856_final.jpg (67077 bytes, sha256:8ba0117f24431...)
[STATE] idle — round 28 complete: 1 vehicles
[2026-04-16 04:23:06] No round_complete via WS — reading result.json fallback
[2026-04-16 04:23:06] Count complete: 1 vehicles (in=1 out=0)
[2026-04-16 04:23:07] No bets placed — cancelling market
[2026-04-16 04:23:08] Market cancelled: 0x93EE9656E89777864A790e36ed09F06e39Ef79Bd (tx: 5c0f81ded702e7ac14620fdf8e419de57d5942d93877c9a3773a135fab271e50)
[2026-04-16 04:23:08] Ably publish OK: market_cancelled
[2026-04-16 04:23:11] Refunds distributed: 0x93EE9656E89777864A790e36ed09F06e39Ef79Bd (tx: 37c940b0e5b12b459f73a5df28ffbd9d8aef4e2eeff35cc32d1405eda7cf2611)
[2026-04-16 04:23:11] Ledger POST failed (non-fatal): HTTP Error 400: Bad Request
[2026-04-16 04:23:11] New threshold: 1 (avg of [0, 1])
[2026-04-16 04:23:11] Waiting 15s before Round #29...
[2026-04-16 04:23:26] Round #29 | Peace Bridge — USA/Canada Border | threshold=1
[2026-04-16 04:23:29] createMarket tx sent: 837c336be344932b0bb46dbc7a9c4c065c9f80ac049e3795484a493fce6740e9
[2026-04-16 04:23:31] Market created: 0x70AF48cC763054C54Bb0aEc68785703D0b5df2Cb (tx: 837c336be344932b0bb46dbc7a9c4c065c9f80ac049e3795484a493fce6740e9)
[2026-04-16 04:23:32] Ably publish OK: market_created
[2026-04-16 04:23:32] Counting vehicles for 150s...
[STATE] betting — market=0x70AF48cC... bet=150s count=150s round=29
[LineZone] (307,432) -> (960,432)
[Counter] Line: (579, 10) -> (701, 710)
[2026-04-16 04:23:32] [StreamClient] Round 29 started on stream_server
[Evidence] Saved evidence/1776324212_30s.jpg (65342 bytes, sha256:4167b64350d71...)
[Evidence] Saved evidence/1776324212_60s.jpg (66545 bytes, sha256:87be53e8b4bef...)
[Evidence] Saved evidence/1776324212_90s.jpg (65217 bytes, sha256:b01ccdda4ba82...)
[Prune] Removed 1 stale IDs (frame 3000)
[Prune] Removed 2 stale IDs (frame 3100)
[Prune] Removed 2 stale IDs (frame 3200)
[Prune] Removed 1 stale IDs (frame 3300)
[Prune] Removed 1 stale IDs (frame 3400)
[Prune] Removed 1 stale IDs (frame 3500)
[Evidence] Saved evidence/1776324212_120s.jpg (69206 bytes, sha256:94b3072de378f...)
[STATE] counting — market=0x70AF48cC... duration=150s round=29
[Evidence] Saved evidence/1776324212_150s.jpg (65397 bytes, sha256:e2527ae381197...)
[Evidence] Saved evidence/1776324212_180s.jpg (69188 bytes, sha256:d787167ce40b5...)
[Prune] Removed 2 stale IDs (frame 6000)
[Evidence] Saved evidence/1776324212_210s.jpg (68415 bytes, sha256:191afd06eda9c...)
[Prune] Removed 2 stale IDs (frame 6800)
[Prune] Removed 1 stale IDs (frame 6900)
[Evidence] Saved evidence/1776324212_240s.jpg (68889 bytes, sha256:dc3e0c0a5b37e...)
[Prune] Removed 3 stale IDs (frame 7400)
[Prune] Removed 2 stale IDs (frame 7900)
[Evidence] Saved evidence/1776324212_270s.jpg (69272 bytes, sha256:e938a55325293...)
[Prune] Removed 4 stale IDs (frame 8300)
[Evidence] Saved evidence/1776324212_final.jpg (68393 bytes, sha256:c027c75ce28e0...)
[Evidence] Saved evidence/1776324212_final.jpg (68365 bytes, sha256:2cf7b5ba69ed9...)
[Evidence] Saved evidence/1776324212_final.jpg (68382 bytes, sha256:887e924d2b20d...)
[Evidence] Saved evidence/1776324212_final.jpg (68371 bytes, sha256:d5b3ac6227ce0...)
[STATE] idle — round 29 complete: 2 vehicles
[Prune] Removed 3 stale IDs (frame 9100)
[Prune] Removed 1 stale IDs (frame 9300)
[Prune] Removed 1 stale IDs (frame 9400)
[2026-04-16 04:29:02] No round_complete via WS — reading result.json fallback
[2026-04-16 04:29:02] Count complete: 2 vehicles (in=2 out=0)
[2026-04-16 04:29:03] No bets placed — cancelling market
[2026-04-16 04:29:06] Market cancelled: 0x70AF48cC763054C54Bb0aEc68785703D0b5df2Cb (tx: c5a50a921644489824520bbc64277b0cd1baa93ec61a1b5a4ed341cd69217913)
[2026-04-16 04:29:06] Ably publish OK: market_cancelled
[2026-04-16 04:29:09] Refunds distributed: 0x70AF48cC763054C54Bb0aEc68785703D0b5df2Cb (tx: 071e25f3f10b398689f4e60f55e7f161a408aacae0b385c428d2aafc29efd0c1)
[2026-04-16 04:29:10] Ledger POST failed (non-fatal): HTTP Error 400: Bad Request
[2026-04-16 04:29:10] New threshold: 1 (avg of [1, 2])
[2026-04-16 04:29:10] Waiting 15s before Round #30...
[2026-04-16 04:29:25] Round #30 | Peace Bridge — USA/Canada Border | threshold=1
[2026-04-16 04:29:26] createMarket tx sent: 98894637370f6f85a6214231045fc3f9f01f1557aec6f11d33f6ad33c86f7153
[2026-04-16 04:29:28] Market created: 0xBbEdb84A93Ecf4FccF906B3b7e57B99bF06171Bc (tx: 98894637370f6f85a6214231045fc3f9f01f1557aec6f11d33f6ad33c86f7153)
[2026-04-16 04:29:29] Ably publish OK: market_created
[2026-04-16 04:29:29] Counting vehicles for 150s...
[STATE] betting — market=0xBbEdb84A... bet=150s count=150s round=30
[LineZone] (307,432) -> (960,432)
[Counter] Line: (579, 10) -> (701, 710)
[2026-04-16 04:29:29] [StreamClient] Round 30 started on stream_server
[Prune] Removed 1 stale IDs (frame 800)
[Evidence] Saved evidence/1776324569_30s.jpg (69164 bytes, sha256:5d0f22d672158...)
[Prune] Removed 4 stale IDs (frame 1400)
[Evidence] Saved evidence/1776324569_60s.jpg (72283 bytes, sha256:9d78953754f4e...)
[Evidence] Saved evidence/1776324569_90s.jpg (72897 bytes, sha256:8db03fa377da2...)
[Evidence] Saved evidence/1776324569_120s.jpg (71939 bytes, sha256:165cf3eaae4fd...)
[Prune] Removed 3 stale IDs (frame 4000)
[STATE] counting — market=0xBbEdb84A... duration=150s round=30
[Evidence] Saved evidence/1776324569_150s.jpg (77258 bytes, sha256:c4ad21a28bf38...)
[Evidence] Saved evidence/1776324569_180s.jpg (78076 bytes, sha256:3c42594fbef0c...)
[Evidence] Saved evidence/1776324569_210s.jpg (75229 bytes, sha256:3af54209ab819...)
[Evidence] Saved evidence/1776324569_240s.jpg (70205 bytes, sha256:f163c05c3a829...)
[Evidence] Saved evidence/1776324569_270s.jpg (70169 bytes, sha256:78c49003d906e...)
[Prune] Removed 3 stale IDs (frame 8200)
[Evidence] Saved evidence/1776324569_final.jpg (71222 bytes, sha256:c3e934967d258...)
[Evidence] Saved evidence/1776324569_final.jpg (71173 bytes, sha256:63f5298a80bdb...)
[Evidence] Saved evidence/1776324569_final.jpg (71188 bytes, sha256:8235bffdcaba4...)
[STATE] idle — round 30 complete: 3 vehicles
[Prune] Removed 2 stale IDs (frame 9200)
[Prune] Removed 4 stale IDs (frame 9300)
[WS] Client connected (2 total)
[2026-04-16 04:34:59] No round_complete via WS — reading result.json fallback
[2026-04-16 04:34:59] Count complete: 3 vehicles (in=1 out=2)
[2026-04-16 04:35:00] No bets placed — cancelling market
[2026-04-16 04:35:03] Market cancelled: 0xBbEdb84A93Ecf4FccF906B3b7e57B99bF06171Bc (tx: 08cff8ca81b7ebd1d7f7c4eea9dda7ab212f20ab4a88d2fa924f8146c59a7835)
[2026-04-16 04:35:03] Ably publish OK: market_cancelled
[2026-04-16 04:35:06] Refunds distributed: 0xBbEdb84A93Ecf4FccF906B3b7e57B99bF06171Bc (tx: 8e0cd4b873b62b21958253cb768313fd5c9023cf44182a89e5fdcfe252ff1a76)
[2026-04-16 04:35:06] Ledger POST failed (non-fatal): HTTP Error 400: Bad Request
[2026-04-16 04:35:06] New threshold: 2 (avg of [2, 3])
[2026-04-16 04:35:06] Waiting 15s before Round #31...
[WS] Client disconnected (1 total)
[2026-04-16 04:35:21] Round #31 | Peace Bridge — USA/Canada Border | threshold=2
[2026-04-16 04:35:22] createMarket tx sent: 85bedbce3483b8e45a2504366f64a227533b685885ab1f82a0c51a1c19bffaff
[2026-04-16 04:35:25] Market created: 0x5f5b73f16Ca6F031F5D7816B7Dab5DCee8bFD38B (tx: 85bedbce3483b8e45a2504366f64a227533b685885ab1f82a0c51a1c19bffaff)
[2026-04-16 04:35:25] Ably publish OK: market_created
[2026-04-16 04:35:25] Counting vehicles for 150s...
[STATE] betting — market=0x5f5b73f1... bet=150s count=150s round=31
[LineZone] (307,432) -> (960,432)
[Counter] Line: (579, 10) -> (701, 710)
[2026-04-16 04:35:25] [StreamClient] Round 31 started on stream_server
[Evidence] Saved evidence/1776324925_30s.jpg (65087 bytes, sha256:14d1c5ef80fa1...)
[Evidence] Saved evidence/1776324925_60s.jpg (63455 bytes, sha256:55c9358fde42b...)
[Evidence] Saved evidence/1776324925_90s.jpg (63092 bytes, sha256:62c079c494e6e...)
[Evidence] Saved evidence/1776324925_120s.jpg (65495 bytes, sha256:e1eb0a0df49cd...)
[Prune] Removed 1 stale IDs (frame 3600)
[STATE] counting — market=0x5f5b73f1... duration=150s round=31
[Evidence] Saved evidence/1776324925_150s.jpg (65091 bytes, sha256:ddef3614eb500...)
[Prune] Removed 4 stale IDs (frame 4900)
[Prune] Removed 2 stale IDs (frame 5000)
[Evidence] Saved evidence/1776324925_180s.jpg (63540 bytes, sha256:dec175d18dc4b...)
[Evidence] Saved evidence/1776324925_210s.jpg (66916 bytes, sha256:84076268a6610...)
[Prune] Removed 3 stale IDs (frame 6400)
[Evidence] Saved evidence/1776324925_240s.jpg (67234 bytes, sha256:73b9aa7261bc6...)
[Evidence] Saved evidence/1776324925_270s.jpg (65885 bytes, sha256:25db009515216...)
[Prune] Removed 3 stale IDs (frame 8800)
[Evidence] Saved evidence/1776324925_final.jpg (64164 bytes, sha256:9e990a49dbbec...)
[Evidence] Saved evidence/1776324925_final.jpg (64087 bytes, sha256:0fea440d3cd83...)
[Evidence] Saved evidence/1776324925_final.jpg (64128 bytes, sha256:4513c210eb3ad...)
[STATE] idle — round 31 complete: 1 vehicles
[2026-04-16 04:40:55] No round_complete via WS — reading result.json fallback
[2026-04-16 04:40:55] Count complete: 1 vehicles (in=1 out=0)
[Prune] Removed 1 stale IDs (frame 9700)
[2026-04-16 04:40:57] No bets placed — cancelling market
[2026-04-16 04:40:58] Market cancelled: 0x5f5b73f16Ca6F031F5D7816B7Dab5DCee8bFD38B (tx: d1e6830c572e63fe17fd5c13a1ac988a7f44a190f2c3de800f54434f3ca45b1e)
[2026-04-16 04:40:58] Ably publish OK: market_cancelled
[Prune] Removed 1 stale IDs (frame 9800)
[2026-04-16 04:41:01] Refunds distributed: 0x5f5b73f16Ca6F031F5D7816B7Dab5DCee8bFD38B (tx: 9a15a16f150c30d64db8c8d47e588ae37054aab3e4b7a489c193501f934b15e1)
[2026-04-16 04:41:01] Ledger POST failed (non-fatal): HTTP Error 400: Bad Request
[2026-04-16 04:41:01] New threshold: 2 (avg of [3, 1])
[2026-04-16 04:41:01] Waiting 15s before Round #32...
[2026-04-16 04:41:16] Round #32 | Peace Bridge — USA/Canada Border | threshold=2
[2026-04-16 04:41:18] createMarket tx sent: 5f6f34aabfc4f86878c16432d23d8259427ed94693bb5fb080376f10d83dc40e
[2026-04-16 04:41:20] Market created: 0xDd50D05007E89d984E3250e74159c2CF0b8be93b (tx: 5f6f34aabfc4f86878c16432d23d8259427ed94693bb5fb080376f10d83dc40e)
[2026-04-16 04:41:21] Ably publish OK: market_created
[2026-04-16 04:41:21] Counting vehicles for 150s...
[STATE] betting — market=0xDd50D050... bet=150s count=150s round=32
[LineZone] (307,432) -> (960,432)
[Counter] Line: (579, 10) -> (701, 710)
[2026-04-16 04:41:21] [StreamClient] Round 32 started on stream_server
[Evidence] Saved evidence/1776325281_30s.jpg (66682 bytes, sha256:66e43cda71bed...)
[Prune] Removed 1 stale IDs (frame 1400)
[Evidence] Saved evidence/1776325281_60s.jpg (66359 bytes, sha256:5da3e0b756f03...)
[Prune] Removed 3 stale IDs (frame 1900)
[Prune] Removed 4 stale IDs (frame 2400)
[Evidence] Saved evidence/1776325281_90s.jpg (66079 bytes, sha256:eb61fe2b791f1...)
[Evidence] Saved evidence/1776325281_120s.jpg (66373 bytes, sha256:d7289754d2b99...)
[STATE] counting — market=0xDd50D050... duration=150s round=32
[Evidence] Saved evidence/1776325281_150s.jpg (64260 bytes, sha256:b6f559067879a...)
[Prune] Removed 2 stale IDs (frame 4600)
[Evidence] Saved evidence/1776325281_180s.jpg (70842 bytes, sha256:d99d0a72606ea...)
[Prune] Removed 1 stale IDs (frame 5600)
[Prune] Removed 1 stale IDs (frame 5700)
[Evidence] Saved evidence/1776325281_210s.jpg (68642 bytes, sha256:b5f3a1208065a...)
[Prune] Removed 1 stale IDs (frame 7000)
[Evidence] Saved evidence/1776325281_240s.jpg (67552 bytes, sha256:5f2b8bf239c17...)
[Prune] Removed 2 stale IDs (frame 7500)
[Prune] Removed 1 stale IDs (frame 7600)
[Prune] Removed 2 stale IDs (frame 7700)
[Evidence] Saved evidence/1776325281_270s.jpg (66111 bytes, sha256:7df79724653b7...)
[Prune] Removed 1 stale IDs (frame 8600)
[Prune] Removed 4 stale IDs (frame 8800)
[Evidence] Saved evidence/1776325281_final.jpg (62697 bytes, sha256:8e38ca32ed07a...)
[Evidence] Saved evidence/1776325281_final.jpg (65344 bytes, sha256:ed008612bd45a...)
[Evidence] Saved evidence/1776325281_final.jpg (65805 bytes, sha256:52eb8d14fd9cb...)
[Evidence] Saved evidence/1776325281_final.jpg (63369 bytes, sha256:dbbd454656278...)
[STATE] idle — round 32 complete: 6 vehicles
[Prune] Removed 2 stale IDs (frame 9000)
[Prune] Removed 2 stale IDs (frame 9100)
[2026-04-16 04:46:51] No round_complete via WS — reading result.json fallback
[2026-04-16 04:46:51] Count complete: 6 vehicles (in=5 out=1)
[Prune] Removed 3 stale IDs (frame 9700)
[2026-04-16 04:46:52] No bets placed — cancelling market
[2026-04-16 04:46:53] Market cancelled: 0xDd50D05007E89d984E3250e74159c2CF0b8be93b (tx: ad93423ef002623df8fe5b4a33bc4ca041245c95b276d32a266ccb67a655cd75)
[2026-04-16 04:46:53] Ably publish OK: market_cancelled
[2026-04-16 04:46:54] Refunds distributed: 0xDd50D05007E89d984E3250e74159c2CF0b8be93b (tx: 53df1dacb2be3634d274d3e4ff4e9dbe0c90ae4b93a9ff80682e57050304ce10)
[2026-04-16 04:46:54] Ledger POST failed (non-fatal): HTTP Error 400: Bad Request
[2026-04-16 04:46:54] New threshold: 3 (avg of [1, 6])
[2026-04-16 04:46:54] Waiting 15s before Round #33...
[Prune] Removed 2 stale IDs (frame 9800)
[Prune] Removed 1 stale IDs (frame 10000)
[Prune] Removed 1 stale IDs (frame 10100)
[2026-04-16 04:47:09] Round #33 | Peace Bridge — USA/Canada Border | threshold=3
[2026-04-16 04:47:13] createMarket tx sent: e833c3d326d75a528baf2b65a81a4224d5faa7a55cd7e64711cdf11d63a3d278
[2026-04-16 04:47:13] Market created: 0xe6871892E2724D7013b44B2302BAB884c93938D7 (tx: e833c3d326d75a528baf2b65a81a4224d5faa7a55cd7e64711cdf11d63a3d278)
[2026-04-16 04:47:13] Ably publish OK: market_created
[2026-04-16 04:47:13] Counting vehicles for 150s...
[STATE] betting — market=0xe6871892... bet=150s count=150s round=33
[LineZone] (307,432) -> (960,432)
[Counter] Line: (579, 10) -> (701, 710)
[2026-04-16 04:47:13] [StreamClient] Round 33 started on stream_server
[Evidence] Saved evidence/1776325633_30s.jpg (64937 bytes, sha256:dd340dae7cb15...)
[WS] Client connected (2 total)
[WS] Client disconnected (1 total)
[Evidence] Saved evidence/1776325633_60s.jpg (65221 bytes, sha256:c678e3937165b...)
[Prune] Removed 1 stale IDs (frame 1800)
[Prune] Removed 3 stale IDs (frame 2300)
[Evidence] Saved evidence/1776325633_90s.jpg (63219 bytes, sha256:1e17bdea2c2aa...)
[WS] Client connected (2 total)
[Prune] Removed 2 stale IDs (frame 3400)
[Evidence] Saved evidence/1776325633_120s.jpg (66120 bytes, sha256:734d3c93f0648...)
[WS] Client disconnected (1 total)
connection handler failed
Traceback (most recent call last):
  File "/home/lumen/miniconda3/lib/python3.13/asyncio/selector_events.py", line 1067, in write
    n = self._sock.send(data)
BrokenPipeError: [Errno 32] Broken pipe

The above exception was the direct cause of the following exception:

Traceback (most recent call last):
  File "/home/lumen/miniconda3/lib/python3.13/site-packages/websockets/asyncio/server.py", line 376, in conn_handler
    await self.handler(connection)
  File "/home/lumen/.gemini/antigravity/scratch/rush/oracle/stream_server.py", line 1261, in handler
    async for msg in ws:
    ...<37 lines>...
            pass
  File "/home/lumen/miniconda3/lib/python3.13/site-packages/websockets/asyncio/connection.py", line 242, in __aiter__
    yield await self.recv()
          ^^^^^^^^^^^^^^^^^
  File "/home/lumen/miniconda3/lib/python3.13/site-packages/websockets/asyncio/connection.py", line 322, in recv
    raise self.protocol.close_exc from self.recv_exc
websockets.exceptions.ConnectionClosedError: no close frame received or sent
[STATE] counting — market=0xe6871892... duration=150s round=33
[Evidence] Saved evidence/1776325633_150s.jpg (62592 bytes, sha256:ed898232bb4cf...)
[Evidence] Saved evidence/1776325633_180s.jpg (62238 bytes, sha256:f52e5a77b6de4...)
[Prune] Removed 1 stale IDs (frame 6100)
[Evidence] Saved evidence/1776325633_210s.jpg (62454 bytes, sha256:30498995b9759...)
[Prune] Removed 2 stale IDs (frame 6700)
[Prune] Removed 2 stale IDs (frame 6800)
[Evidence] Saved evidence/1776325633_240s.jpg (60522 bytes, sha256:e6cf8a3b50a73...)
[Prune] Removed 2 stale IDs (frame 7900)
[Evidence] Saved evidence/1776325633_270s.jpg (66445 bytes, sha256:abf6d91852ae2...)
[Prune] Removed 2 stale IDs (frame 8000)
[Prune] Removed 2 stale IDs (frame 8100)
[Prune] Removed 2 stale IDs (frame 8700)
[Evidence] Saved evidence/1776325633_final.jpg (57926 bytes, sha256:2206e459041da...)
[Evidence] Saved evidence/1776325633_final.jpg (57892 bytes, sha256:85b9dd47cd10f...)
[Evidence] Saved evidence/1776325633_final.jpg (57912 bytes, sha256:aeb6a9964cfc7...)
[STATE] idle — round 33 complete: 0 vehicles
[2026-04-16 04:52:43] No round_complete via WS — reading result.json fallback
[2026-04-16 04:52:43] Count complete: 0 vehicles (in=0 out=0)
[2026-04-16 04:52:45] No bets placed — cancelling market
[2026-04-16 04:52:48] Market cancelled: 0xe6871892E2724D7013b44B2302BAB884c93938D7 (tx: 0226573b3135aff1fd6446fb37da0814342a56f833d80d75f5107d4a0ab37cf2)
[2026-04-16 04:52:48] Ably publish OK: market_cancelled
[2026-04-16 04:52:49] Refunds distributed: 0xe6871892E2724D7013b44B2302BAB884c93938D7 (tx: 3cc2c37dccd985093092c936d15cbd5a03d722dbc9097d55ba690f6c3de3f414)
[2026-04-16 04:52:49] Ledger POST failed (non-fatal): HTTP Error 400: Bad Request
[2026-04-16 04:52:49] New threshold: 3 (avg of [6, 0])
[2026-04-16 04:52:49] Waiting 15s before Round #34...
[Prune] Removed 2 stale IDs (frame 10300)
[2026-04-16 04:53:04] Round #34 | Peace Bridge — USA/Canada Border | threshold=3
[Prune] Removed 2 stale IDs (frame 10400)
[2026-04-16 04:53:08] createMarket tx sent: cea7c4ab579e90e6c4567673f96f7127abcb448c1556c13442c76aa8097bc743
[Prune] Removed 1 stale IDs (frame 10500)
[2026-04-16 04:53:10] Market created: 0x56324025E248d27ea24C9451E68E8cb68fDF0D26 (tx: cea7c4ab579e90e6c4567673f96f7127abcb448c1556c13442c76aa8097bc743)
[2026-04-16 04:53:11] Ably publish OK: market_created
[2026-04-16 04:53:11] Counting vehicles for 150s...
[STATE] betting — market=0x56324025... bet=150s count=150s round=34
[LineZone] (307,432) -> (960,432)
[Counter] Line: (579, 10) -> (701, 710)
[2026-04-16 04:53:11] [StreamClient] Round 34 started on stream_server
[Prune] Removed 1 stale IDs (frame 800)
[Evidence] Saved evidence/1776325991_30s.jpg (55953 bytes, sha256:13844b928b47d...)
[Prune] Removed 3 stale IDs (frame 1000)
[WS] Client connected (2 total)
[Evidence] Saved evidence/1776325991_60s.jpg (57618 bytes, sha256:30525f85ab8fb...)
[WS] Client disconnected (1 total)
[Prune] Removed 1 stale IDs (frame 2200)
[Prune] Removed 2 stale IDs (frame 2400)
[Prune] Removed 1 stale IDs (frame 2500)
[Evidence] Saved evidence/1776325991_90s.jpg (56145 bytes, sha256:a76b5412a0b0b...)
[Evidence] Saved evidence/1776325991_120s.jpg (57848 bytes, sha256:fa783c694aa12...)
[Prune] Removed 2 stale IDs (frame 3700)
[STATE] counting — market=0x56324025... duration=150s round=34
[Evidence] Saved evidence/1776325991_150s.jpg (55874 bytes, sha256:d63733dde0257...)
[Evidence] Saved evidence/1776325991_180s.jpg (56558 bytes, sha256:49ce5f069e27c...)
[Prune] Removed 4 stale IDs (frame 5700)
[Evidence] Saved evidence/1776325991_210s.jpg (57859 bytes, sha256:7c4f8487c1c79...)
[Evidence] Saved evidence/1776325991_240s.jpg (58924 bytes, sha256:4c8d66217a4a4...)
[WS] Client disconnected (0 total)
connection handler failed
Traceback (most recent call last):
  File "/home/lumen/miniconda3/lib/python3.13/asyncio/selector_events.py", line 1067, in write
    n = self._sock.send(data)
BrokenPipeError: [Errno 32] Broken pipe

The above exception was the direct cause of the following exception:

Traceback (most recent call last):
  File "/home/lumen/miniconda3/lib/python3.13/site-packages/websockets/asyncio/server.py", line 376, in conn_handler
    await self.handler(connection)
  File "/home/lumen/.gemini/antigravity/scratch/rush/oracle/stream_server.py", line 1261, in handler
    async for msg in ws:
    ...<37 lines>...
            pass
  File "/home/lumen/miniconda3/lib/python3.13/site-packages/websockets/asyncio/connection.py", line 242, in __aiter__
    yield await self.recv()
          ^^^^^^^^^^^^^^^^^
  File "/home/lumen/miniconda3/lib/python3.13/site-packages/websockets/asyncio/connection.py", line 322, in recv
    raise self.protocol.close_exc from self.recv_exc
websockets.exceptions.ConnectionClosedError: no close frame received or sent
[WS] Client connected (1 total)
[Evidence] Saved evidence/1776325991_270s.jpg (59704 bytes, sha256:590485ce89589...)
[Evidence] Saved evidence/1776325991_final.jpg (59559 bytes, sha256:9c4605d0e936f...)
[Evidence] Saved evidence/1776325991_final.jpg (59551 bytes, sha256:23fd5c8d8a124...)
[Evidence] Saved evidence/1776325991_final.jpg (59550 bytes, sha256:318c839b36c7c...)
[STATE] idle — round 34 complete: 3 vehicles
[2026-04-16 04:58:41] No round_complete via WS — reading result.json fallback
[2026-04-16 04:58:41] Count complete: 3 vehicles (in=3 out=0)
[2026-04-16 04:58:43] No bets placed — cancelling market
[2026-04-16 04:58:46] Market cancelled: 0x56324025E248d27ea24C9451E68E8cb68fDF0D26 (tx: 81326ed1e16b93444858a562fbbe34acc18d649a49ec3c07465e0547769775ef)
[2026-04-16 04:58:46] Ably publish OK: market_cancelled
[2026-04-16 04:58:49] Refunds distributed: 0x56324025E248d27ea24C9451E68E8cb68fDF0D26 (tx: 67abfa2045340e132d41140e4639a049dd05b37430f957b5fc33a82f94dd3908)
[2026-04-16 04:58:49] Ledger POST failed (non-fatal): HTTP Error 400: Bad Request
[2026-04-16 04:58:49] New threshold: 1 (avg of [0, 3])
[2026-04-16 04:58:49] Waiting 15s before Round #35...
[2026-04-16 04:59:04] Round #35 | Peace Bridge — USA/Canada Border | threshold=1
[2026-04-16 04:59:08] createMarket tx sent: 51813eaff2ada5430e1357e91fab449feb4dce4f8d2d70916c235501b175830f
[2026-04-16 04:59:08] Market created: 0xD7fa48cf21D66A38F76d3FeA01CEB97633e8CbED (tx: 51813eaff2ada5430e1357e91fab449feb4dce4f8d2d70916c235501b175830f)
[2026-04-16 04:59:08] Ably publish OK: market_created
[2026-04-16 04:59:08] Counting vehicles for 150s...
[STATE] betting — market=0xD7fa48cf... bet=150s count=150s round=35
[LineZone] (307,432) -> (960,432)
[Counter] Line: (579, 10) -> (701, 710)
[2026-04-16 04:59:09] [StreamClient] Round 35 started on stream_server
[Evidence] Saved evidence/1776326349_30s.jpg (58490 bytes, sha256:8314cc0a850ca...)
[Evidence] Saved evidence/1776326349_60s.jpg (60159 bytes, sha256:1e8cce9f09936...)
[Prune] Removed 1 stale IDs (frame 2000)
[Evidence] Saved evidence/1776326349_90s.jpg (58939 bytes, sha256:8373196f25615...)
[Evidence] Saved evidence/1776326349_120s.jpg (57974 bytes, sha256:9f269e73870ac...)
[Prune] Removed 2 stale IDs (frame 3700)
[STATE] counting — market=0xD7fa48cf... duration=150s round=35
[Evidence] Saved evidence/1776326349_150s.jpg (57235 bytes, sha256:93c802378c40e...)
[Evidence] Saved evidence/1776326349_180s.jpg (57609 bytes, sha256:13bbc07edee5b...)
[Evidence] Saved evidence/1776326349_210s.jpg (56712 bytes, sha256:7d359a10d9aae...)
[Prune] Removed 1 stale IDs (frame 6500)
[Prune] Removed 1 stale IDs (frame 6600)
[Evidence] Saved evidence/1776326349_240s.jpg (57517 bytes, sha256:6e0aa1dd66c3d...)
[Evidence] Saved evidence/1776326349_270s.jpg (57324 bytes, sha256:1c20d19158f36...)
[Evidence] Saved evidence/1776326349_final.jpg (57838 bytes, sha256:e22adf46a51aa...)
[Evidence] Saved evidence/1776326349_final.jpg (57824 bytes, sha256:47781b7a5dd53...)
[Evidence] Saved evidence/1776326349_final.jpg (57821 bytes, sha256:fddea4ac83e68...)
[Evidence] Saved evidence/1776326349_final.jpg (57820 bytes, sha256:3aed546cedcd8...)
[STATE] idle — round 35 complete: 0 vehicles
[2026-04-16 05:04:39] No round_complete via WS — reading result.json fallback
[2026-04-16 05:04:39] Count complete: 0 vehicles (in=0 out=0)
[2026-04-16 05:04:40] No bets placed — cancelling market
[2026-04-16 05:04:41] Market cancelled: 0xD7fa48cf21D66A38F76d3FeA01CEB97633e8CbED (tx: 7857f1e8d669dcf3dfd2464c1234405467347a24aa4b21e42c5a05a352e6f22e)
[2026-04-16 05:04:41] Ably publish OK: market_cancelled
[2026-04-16 05:04:44] Refunds distributed: 0xD7fa48cf21D66A38F76d3FeA01CEB97633e8CbED (tx: 59e597f1db5e8cbc2cd8e357dc64c8a7fb38eb58e3bd3bb2c88b128c17f455ce)
[2026-04-16 05:04:44] Ledger POST failed (non-fatal): HTTP Error 400: Bad Request
[2026-04-16 05:04:44] New threshold: 1 (avg of [3, 0])
[2026-04-16 05:04:44] Waiting 15s before Round #36...
[2026-04-16 05:04:59] Round #36 | Peace Bridge — USA/Canada Border | threshold=1
[2026-04-16 05:05:03] createMarket tx sent: 8e3b660c35092c32ffc8cff9bd886f85dfb21859cd96207c1f59f22fbfb0d8aa
[2026-04-16 05:05:05] Market created: 0x301BD61293B3CB558DF7a8A95d4Da3032F057F26 (tx: 8e3b660c35092c32ffc8cff9bd886f85dfb21859cd96207c1f59f22fbfb0d8aa)
[2026-04-16 05:05:06] Ably publish OK: market_created
[2026-04-16 05:05:06] Counting vehicles for 150s...
[STATE] betting — market=0x301BD612... bet=150s count=150s round=36
[LineZone] (307,432) -> (960,432)
[Counter] Line: (579, 10) -> (701, 710)
[2026-04-16 05:05:06] [StreamClient] Round 36 started on stream_server
[Evidence] Saved evidence/1776326706_30s.jpg (56729 bytes, sha256:8a63b5cf43a06...)
[Prune] Removed 1 stale IDs (frame 1000)
[Prune] Removed 2 stale IDs (frame 1400)
[Prune] Removed 2 stale IDs (frame 1500)
[Evidence] Saved evidence/1776326706_60s.jpg (56075 bytes, sha256:4f265df9824d0...)
[Evidence] Saved evidence/1776326706_90s.jpg (58184 bytes, sha256:8491ab2ba6a20...)
[Prune] Removed 2 stale IDs (frame 2700)
[Evidence] Saved evidence/1776326706_120s.jpg (55345 bytes, sha256:5bb76814c6b2b...)
[STATE] counting — market=0x301BD612... duration=150s round=36
[Evidence] Saved evidence/1776326706_150s.jpg (55831 bytes, sha256:e4e2c635f91ee...)
[Evidence] Saved evidence/1776326706_180s.jpg (56145 bytes, sha256:8b17d36dbe293...)
[Prune] Removed 2 stale IDs (frame 5700)
[Evidence] Saved evidence/1776326706_210s.jpg (56187 bytes, sha256:5771bea6a6e6f...)
[Prune] Removed 4 stale IDs (frame 6400)
[Evidence] Saved evidence/1776326706_240s.jpg (52690 bytes, sha256:acb983278a69c...)
[Evidence] Saved evidence/1776326706_270s.jpg (53042 bytes, sha256:b9e70e5fd0cf8...)
[Prune] Removed 2 stale IDs (frame 8200)
[Evidence] Saved evidence/1776326706_final.jpg (51013 bytes, sha256:1102b02ed76c8...)
[Evidence] Saved evidence/1776326706_final.jpg (50998 bytes, sha256:a2e3e424e676f...)
[Evidence] Saved evidence/1776326706_final.jpg (51066 bytes, sha256:ad82842b5460c...)
[STATE] idle — round 36 complete: 2 vehicles
[2026-04-16 05:10:36] No round_complete via WS — reading result.json fallback
[2026-04-16 05:10:36] Count complete: 2 vehicles (in=2 out=0)
[2026-04-16 05:10:37] No bets placed — cancelling market
[2026-04-16 05:10:38] Market cancelled: 0x301BD61293B3CB558DF7a8A95d4Da3032F057F26 (tx: cab3fcd5711d4f356aaf915e080b79ae3bd58726483b2693887514072a68ac1c)
[2026-04-16 05:10:38] Ably publish OK: market_cancelled
[2026-04-16 05:10:39] Refunds distributed: 0x301BD61293B3CB558DF7a8A95d4Da3032F057F26 (tx: 408a01b2328abc3f516ac39a158bbf1e797a1e139a5a79567cdb4b74d630e8bf)
[2026-04-16 05:10:39] Ledger POST failed (non-fatal): HTTP Error 400: Bad Request
[2026-04-16 05:10:39] New threshold: 1 (avg of [0, 2])
[2026-04-16 05:10:39] Waiting 15s before Round #37...
[Prune] Removed 2 stale IDs (frame 10000)
[2026-04-16 05:10:54] Round #37 | Peace Bridge — USA/Canada Border | threshold=1
[2026-04-16 05:10:58] createMarket tx sent: 706ca97ecdf7aab68035f83ad1945811935cbe6bf777c05f72578d7b7dc7b484
[2026-04-16 05:11:00] Market created: 0x3D19dD3f84473F4c0eE275546E656EdCe69075Fa (tx: 706ca97ecdf7aab68035f83ad1945811935cbe6bf777c05f72578d7b7dc7b484)
[2026-04-16 05:11:01] Ably publish OK: market_created
[2026-04-16 05:11:01] Counting vehicles for 150s...
[STATE] betting — market=0x3D19dD3f... bet=150s count=150s round=37
[LineZone] (307,432) -> (960,432)
[Counter] Line: (579, 10) -> (701, 710)
[2026-04-16 05:11:01] [StreamClient] Round 37 started on stream_server
[Prune] Removed 1 stale IDs (frame 300)
[Evidence] Saved evidence/1776327061_30s.jpg (57426 bytes, sha256:09a1506399879...)
[Evidence] Saved evidence/1776327061_60s.jpg (56757 bytes, sha256:c1c928e3170fe...)
[Evidence] Saved evidence/1776327061_90s.jpg (55090 bytes, sha256:3497623963f34...)
[Evidence] Saved evidence/1776327061_120s.jpg (56425 bytes, sha256:980761dfcca33...)
[Prune] Removed 2 stale IDs (frame 4400)
[STATE] counting — market=0x3D19dD3f... duration=150s round=37
[Evidence] Saved evidence/1776327061_150s.jpg (55979 bytes, sha256:cdc05bf3e92dc...)
[Prune] Removed 3 stale IDs (frame 5100)
[Evidence] Saved evidence/1776327061_180s.jpg (56018 bytes, sha256:409649727da7b...)
[Evidence] Saved evidence/1776327061_210s.jpg (56805 bytes, sha256:33a5bd2a65a89...)
[Evidence] Saved evidence/1776327061_240s.jpg (57840 bytes, sha256:84450895b0c5c...)
[Prune] Removed 3 stale IDs (frame 7600)
[Evidence] Saved evidence/1776327061_270s.jpg (58964 bytes, sha256:158aeac7a5598...)
[Evidence] Saved evidence/1776327061_final.jpg (58905 bytes, sha256:43d3f3ca1f5a0...)
[Evidence] Saved evidence/1776327061_final.jpg (58885 bytes, sha256:19379e6de7acb...)
[Evidence] Saved evidence/1776327061_final.jpg (58879 bytes, sha256:5e5f6047d5069...)
[STATE] idle — round 37 complete: 1 vehicles
[2026-04-16 05:16:31] No round_complete via WS — reading result.json fallback
[2026-04-16 05:16:31] Count complete: 1 vehicles (in=0 out=1)
[2026-04-16 05:16:32] No bets placed — cancelling market
[2026-04-16 05:16:35] Market cancelled: 0x3D19dD3f84473F4c0eE275546E656EdCe69075Fa (tx: 9c4d8d62e2079a91e3ac75d04b7c4e322eae7ab10ce910be7413dbb93279d53e)
[2026-04-16 05:16:36] Ably publish OK: market_cancelled
[2026-04-16 05:16:39] Refunds distributed: 0x3D19dD3f84473F4c0eE275546E656EdCe69075Fa (tx: 8c470c1bad08b87f7e4849750130b76414c44547f95438d8158066043dde2412)
[2026-04-16 05:16:39] Ledger POST failed (non-fatal): HTTP Error 400: Bad Request
[2026-04-16 05:16:39] New threshold: 1 (avg of [2, 1])
[2026-04-16 05:16:39] Waiting 15s before Round #38...
[2026-04-16 05:16:54] Round #38 | Peace Bridge — USA/Canada Border | threshold=1
[2026-04-16 05:16:57] createMarket tx sent: 64a605e93e2373f9297b395c661d326ad86883aee22b5c3c694b8de9115c2205
[2026-04-16 05:16:57] Market created: 0x090AC04E88f71FAe6DCb965831b5ad994682f7Eb (tx: 64a605e93e2373f9297b395c661d326ad86883aee22b5c3c694b8de9115c2205)
[2026-04-16 05:16:58] Ably publish OK: market_created
[2026-04-16 05:16:58] Counting vehicles for 150s...
[STATE] betting — market=0x090AC04E... bet=150s count=150s round=38
[LineZone] (307,432) -> (960,432)
[Counter] Line: (579, 10) -> (701, 710)
[2026-04-16 05:16:58] [StreamClient] Round 38 started on stream_server
[Prune] Removed 1 stale IDs (frame 700)
[Evidence] Saved evidence/1776327418_30s.jpg (58828 bytes, sha256:8adf39b2c72e1...)
[Evidence] Saved evidence/1776327418_60s.jpg (60239 bytes, sha256:ad588e8cc3f58...)
[Prune] Removed 2 stale IDs (frame 2000)
[Prune] Removed 1 stale IDs (frame 2100)
[Evidence] Saved evidence/1776327418_90s.jpg (59829 bytes, sha256:b760f2d0da417...)
[WS] Client connected (2 total)
[WS] Client disconnected (1 total)
connection handler failed
Traceback (most recent call last):
  File "/home/lumen/miniconda3/lib/python3.13/asyncio/selector_events.py", line 1005, in _read_ready__data_received
    data = self._sock.recv(self.max_size)
ConnectionResetError: [Errno 104] Connection reset by peer

The above exception was the direct cause of the following exception:

Traceback (most recent call last):
  File "/home/lumen/miniconda3/lib/python3.13/site-packages/websockets/asyncio/server.py", line 376, in conn_handler
    await self.handler(connection)
  File "/home/lumen/.gemini/antigravity/scratch/rush/oracle/stream_server.py", line 1261, in handler
    async for msg in ws:
    ...<37 lines>...
            pass
  File "/home/lumen/miniconda3/lib/python3.13/site-packages/websockets/asyncio/connection.py", line 242, in __aiter__
    yield await self.recv()
          ^^^^^^^^^^^^^^^^^
  File "/home/lumen/miniconda3/lib/python3.13/site-packages/websockets/asyncio/connection.py", line 322, in recv
    raise self.protocol.close_exc from self.recv_exc
websockets.exceptions.ConnectionClosedError: no close frame received or sent
[WS] Client connected (2 total)
[WS] Client connected (3 total)
[WS] Client disconnected (2 total)
connection handler failed
Traceback (most recent call last):
  File "/home/lumen/miniconda3/lib/python3.13/asyncio/selector_events.py", line 1067, in write
    n = self._sock.send(data)
ConnectionResetError: [Errno 104] Connection reset by peer

The above exception was the direct cause of the following exception:

Traceback (most recent call last):
  File "/home/lumen/miniconda3/lib/python3.13/site-packages/websockets/asyncio/server.py", line 376, in conn_handler
    await self.handler(connection)
  File "/home/lumen/.gemini/antigravity/scratch/rush/oracle/stream_server.py", line 1261, in handler
    async for msg in ws:
    ...<37 lines>...
            pass
  File "/home/lumen/miniconda3/lib/python3.13/site-packages/websockets/asyncio/connection.py", line 242, in __aiter__
    yield await self.recv()
          ^^^^^^^^^^^^^^^^^
  File "/home/lumen/miniconda3/lib/python3.13/site-packages/websockets/asyncio/connection.py", line 322, in recv
    raise self.protocol.close_exc from self.recv_exc
websockets.exceptions.ConnectionClosedError: no close frame received or sent
[Evidence] Saved evidence/1776327418_120s.jpg (59128 bytes, sha256:c6fdcbdefc9fb...)
[WS] Client disconnected (1 total)
[Prune] Removed 2 stale IDs (frame 4000)
[Prune] Removed 2 stale IDs (frame 4300)
[STATE] counting — market=0x090AC04E... duration=150s round=38
[Evidence] Saved evidence/1776327418_150s.jpg (58400 bytes, sha256:41f6a1e8ecf27...)
[Evidence] Saved evidence/1776327418_180s.jpg (59515 bytes, sha256:1dfb2ef159447...)
[Prune] Removed 3 stale IDs (frame 5300)
[Evidence] Saved evidence/1776327418_210s.jpg (62681 bytes, sha256:845f24bd6d151...)
[Prune] Removed 5 stale IDs (frame 6300)
[Evidence] Saved evidence/1776327418_240s.jpg (58811 bytes, sha256:c00231f33b189...)
[Prune] Removed 3 stale IDs (frame 7900)
[Evidence] Saved evidence/1776327418_270s.jpg (58539 bytes, sha256:25df50ab0d532...)
[Prune] Removed 2 stale IDs (frame 8400)
[Evidence] Saved evidence/1776327418_final.jpg (56952 bytes, sha256:f984463d7a993...)
[Evidence] Saved evidence/1776327418_final.jpg (56902 bytes, sha256:42050461dbcf1...)
[Evidence] Saved evidence/1776327418_final.jpg (56934 bytes, sha256:f8dfe9f1cb1e4...)
[STATE] idle — round 38 complete: 2 vehicles
[Prune] Removed 1 stale IDs (frame 9000)
[Prune] Removed 1 stale IDs (frame 9100)
[Prune] Removed 2 stale IDs (frame 9300)
[Prune] Removed 2 stale IDs (frame 9400)
[Prune] Removed 1 stale IDs (frame 9500)
[Prune] Removed 1 stale IDs (frame 9700)
[2026-04-16 05:22:28] No round_complete via WS — reading result.json fallback
[2026-04-16 05:22:28] Count complete: 2 vehicles (in=2 out=0)
[2026-04-16 05:22:30] No bets placed — cancelling market
[2026-04-16 05:22:33] Market cancelled: 0x090AC04E88f71FAe6DCb965831b5ad994682f7Eb (tx: f606bd811a3bb4a61a9262d0627927076f7b63ef7571707d41eb03ead19028e8)
[2026-04-16 05:22:33] Ably publish OK: market_cancelled
[2026-04-16 05:22:34] Refunds distributed: 0x090AC04E88f71FAe6DCb965831b5ad994682f7Eb (tx: 603f1ebe21fbb10886570516c8c74cafdac1d8e49b456d072945e6ff4db6f210)
[2026-04-16 05:22:34] Ledger POST failed (non-fatal): HTTP Error 400: Bad Request
[2026-04-16 05:22:34] New threshold: 1 (avg of [1, 2])
[2026-04-16 05:22:34] Waiting 15s before Round #39...
[Prune] Removed 2 stale IDs (frame 10100)
[Prune] Removed 1 stale IDs (frame 10200)
[Prune] Removed 2 stale IDs (frame 10300)
[2026-04-16 05:22:49] Round #39 | Peace Bridge — USA/Canada Border | threshold=1
[2026-04-16 05:22:53] createMarket tx sent: 45cfdd7332dbbd47d1d318ef19aba6466200442fce8626a41d14d027faedbdd8
[2026-04-16 05:22:55] Market created: 0x0350772ecef79DB047b824cd2d4eb9CCE1910914 (tx: 45cfdd7332dbbd47d1d318ef19aba6466200442fce8626a41d14d027faedbdd8)
[2026-04-16 05:22:55] Ably publish OK: market_created
[2026-04-16 05:22:55] Counting vehicles for 150s...
[STATE] betting — market=0x0350772e... bet=150s count=150s round=39
[LineZone] (307,432) -> (960,432)
[Counter] Line: (579, 10) -> (701, 710)[2026-04-16 05:22:56] [StreamClient] Round 39 started on stream_server

[Prune] Removed 2 stale IDs (frame 800)
[Evidence] Saved evidence/1776327776_30s.jpg (60275 bytes, sha256:bd0923a6ddfc8...)
[Evidence] Saved evidence/1776327776_60s.jpg (57760 bytes, sha256:870d492876c45...)
[Prune] Removed 2 stale IDs (frame 1900)
[Prune] Removed 1 stale IDs (frame 2000)
[Evidence] Saved evidence/1776327776_90s.jpg (58077 bytes, sha256:0f6cd7f7fd06e...)
[Evidence] Saved evidence/1776327776_120s.jpg (58507 bytes, sha256:247ec91a4daae...)
[STATE] counting — market=0x0350772e... duration=150s round=39
[Evidence] Saved evidence/1776327776_150s.jpg (57765 bytes, sha256:a92b0b5e4d1c7...)
[Evidence] Saved evidence/1776327776_180s.jpg (59592 bytes, sha256:cf4ebaea22f07...)
[Evidence] Saved evidence/1776327776_210s.jpg (59684 bytes, sha256:364493797cd79...)
[Evidence] Saved evidence/1776327776_240s.jpg (59289 bytes, sha256:78e659105cfae...)
[Prune] Removed 1 stale IDs (frame 7900)
[Evidence] Saved evidence/1776327776_270s.jpg (59941 bytes, sha256:dd78266dfb6fa...)
[Evidence] Saved evidence/1776327776_final.jpg (58896 bytes, sha256:06fbe1ff96277...)
[Evidence] Saved evidence/1776327776_final.jpg (58967 bytes, sha256:0f9f86ee98dde...)
[Evidence] Saved evidence/1776327776_final.jpg (59003 bytes, sha256:eb130634028d6...)
[STATE] idle — round 39 complete: 1 vehicles
[2026-04-16 05:28:26] No round_complete via WS — reading result.json fallback
[2026-04-16 05:28:26] Count complete: 1 vehicles (in=1 out=0)
[2026-04-16 05:28:27] No bets placed — cancelling market
[2026-04-16 05:28:30] Market cancelled: 0x0350772ecef79DB047b824cd2d4eb9CCE1910914 (tx: 4c886bba57c5a68a708c4770eafe9abdb7b7bceb7585afe8f8406e6b59be0998)
[2026-04-16 05:28:30] Ably publish OK: market_cancelled
[2026-04-16 05:28:31] Refunds distributed: 0x0350772ecef79DB047b824cd2d4eb9CCE1910914 (tx: b4d6593cb96b0e9433a6732cbe7168e1350b234797360c6918da1b13d6398a19)
[2026-04-16 05:28:31] Ledger POST failed (non-fatal): HTTP Error 400: Bad Request
[2026-04-16 05:28:31] New threshold: 1 (avg of [2, 1])
[2026-04-16 05:28:31] Waiting 15s before Round #40...
[Prune] Removed 4 stale IDs (frame 10200)
[2026-04-16 05:28:46] Round #40 | Peace Bridge — USA/Canada Border | threshold=1
[2026-04-16 05:28:50] createMarket tx sent: 4ecd1e8cfbf8a514f16e8c0fe754fe41afa49fafb6f83120a106e74aa81e9afa
[2026-04-16 05:28:52] Market created: 0x977F9a47e2985fc3601751e2B78B4B16b90c4bA3 (tx: 4ecd1e8cfbf8a514f16e8c0fe754fe41afa49fafb6f83120a106e74aa81e9afa)
[2026-04-16 05:28:53] Ably publish OK: market_created
[2026-04-16 05:28:53] Counting vehicles for 150s...
[STATE] betting — market=0x977F9a47... bet=150s count=150s round=40
[LineZone] (307,432) -> (960,432)
[Counter] Line: (579, 10) -> (701, 710)
[2026-04-16 05:28:53] [StreamClient] Round 40 started on stream_server
[Evidence] Saved evidence/1776328133_30s.jpg (58995 bytes, sha256:31b8a836f3121...)
[Evidence] Saved evidence/1776328133_60s.jpg (62256 bytes, sha256:54fb409c777ac...)
[Prune] Removed 1 stale IDs (frame 1800)
[Evidence] Saved evidence/1776328133_90s.jpg (60575 bytes, sha256:3715b5d68701f...)
[Prune] Removed 2 stale IDs (frame 2800)
[Prune] Removed 1 stale IDs (frame 2900)
[Prune] Removed 3 stale IDs (frame 3100)
[Prune] Removed 3 stale IDs (frame 3500)
[Evidence] Saved evidence/1776328133_120s.jpg (59564 bytes, sha256:4abc1c6e9003c...)
[Prune] Removed 2 stale IDs (frame 4000)
[Prune] Removed 1 stale IDs (frame 4100)
[Prune] Removed 3 stale IDs (frame 4200)
[STATE] counting — market=0x977F9a47... duration=150s round=40
[Evidence] Saved evidence/1776328133_150s.jpg (61053 bytes, sha256:eae913aad1cda...)
[Evidence] Saved evidence/1776328133_180s.jpg (61505 bytes, sha256:74f4c2a90bf54...)
[Evidence] Saved evidence/1776328133_210s.jpg (63373 bytes, sha256:490eb6af771d9...)
[Evidence] Saved evidence/1776328133_240s.jpg (64737 bytes, sha256:2161233a7d004...)
[Prune] Removed 3 stale IDs (frame 7200)
[Prune] Removed 1 stale IDs (frame 7300)
[Prune] Removed 2 stale IDs (frame 7700)
[Evidence] Saved evidence/1776328133_270s.jpg (61625 bytes, sha256:4671c199c2f73...)
[Prune] Removed 2 stale IDs (frame 8100)
[Evidence] Saved evidence/1776328133_final.jpg (61393 bytes, sha256:9b265fa05ac31...)
[Evidence] Saved evidence/1776328133_final.jpg (61386 bytes, sha256:099a48edff9e5...)
[Evidence] Saved evidence/1776328133_final.jpg (61393 bytes, sha256:d505a479e413c...)
[Evidence] Saved evidence/1776328133_final.jpg (61385 bytes, sha256:ea9feb20735ba...)
[STATE] idle — round 40 complete: 6 vehicles
[2026-04-16 05:34:23] No round_complete via WS — reading result.json fallback
[2026-04-16 05:34:23] Count complete: 6 vehicles (in=2 out=4)
[2026-04-16 05:34:24] No bets placed — cancelling market
[2026-04-16 05:34:25] Market cancelled: 0x977F9a47e2985fc3601751e2B78B4B16b90c4bA3 (tx: bd2d794dbdeca1b675ef16657a1269824459f0d23df666c7ceff510a23f0fb8e)
[2026-04-16 05:34:25] Ably publish OK: market_cancelled
[2026-04-16 05:34:26] Refunds distributed: 0x977F9a47e2985fc3601751e2B78B4B16b90c4bA3 (tx: 1b42838f99ab5a09013c48e3ece9600283e9aae7be50a4fe9a1d441cc4e0656f)
[2026-04-16 05:34:26] Ledger POST failed (non-fatal): HTTP Error 400: Bad Request
[2026-04-16 05:34:26] New threshold: 3 (avg of [1, 6])
[2026-04-16 05:34:26] Waiting 15s before Round #41...
[Prune] Removed 2 stale IDs (frame 10000)
[2026-04-16 05:34:41] Round #41 | Peace Bridge — USA/Canada Border | threshold=3
[2026-04-16 05:34:43] createMarket tx sent: 383ba9c0bc4eb7f33f05bdad738d1306f7afd9c3a35062e26064197d7abb1ab5
[2026-04-16 05:34:43] Market created: 0x9505AbD294a7d4b8D1e676c51b5924Aa1eb2ffcd (tx: 383ba9c0bc4eb7f33f05bdad738d1306f7afd9c3a35062e26064197d7abb1ab5)
[2026-04-16 05:34:44] Ably publish OK: market_created
[2026-04-16 05:34:44] Counting vehicles for 150s...
[STATE] betting — market=0x9505AbD2... bet=150s count=150s round=41
[LineZone] (307,432) -> (960,432)
[Counter] Line: (579, 10) -> (701, 710)
[2026-04-16 05:34:44] [StreamClient] Round 41 started on stream_server
[Prune] Removed 1 stale IDs (frame 200)
[Prune] Removed 2 stale IDs (frame 300)
[Evidence] Saved evidence/1776328484_30s.jpg (60871 bytes, sha256:34b7d6c92589b...)
[Prune] Removed 3 stale IDs (frame 1100)
[Prune] Removed 2 stale IDs (frame 1200)
[Prune] Removed 3 stale IDs (frame 1700)
[Evidence] Saved evidence/1776328484_60s.jpg (63687 bytes, sha256:2209ae89116c5...)
[Prune] Removed 2 stale IDs (frame 2100)
[Evidence] Saved evidence/1776328484_90s.jpg (64704 bytes, sha256:86f96f3e31380...)
[Evidence] Saved evidence/1776328484_120s.jpg (67087 bytes, sha256:acad0d3d6b26d...)
[STATE] counting — market=0x9505AbD2... duration=150s round=41
[Evidence] Saved evidence/1776328484_150s.jpg (65640 bytes, sha256:8509dbafd7ff9...)
[Prune] Removed 2 stale IDs (frame 4800)
[Prune] Removed 1 stale IDs (frame 5000)
[Prune] Removed 1 stale IDs (frame 5100)
[Prune] Removed 1 stale IDs (frame 5200)
[Prune] Removed 1 stale IDs (frame 5300)
[Evidence] Saved evidence/1776328484_180s.jpg (63462 bytes, sha256:03c06a3b8963e...)
[Prune] Removed 3 stale IDs (frame 5500)
[Evidence] Saved evidence/1776328484_210s.jpg (66951 bytes, sha256:f459b421280bf...)
[Evidence] Saved evidence/1776328484_240s.jpg (66595 bytes, sha256:a574a55527f30...)
[Evidence] Saved evidence/1776328484_270s.jpg (66482 bytes, sha256:2a2b03b281c21...)
[Evidence] Saved evidence/1776328484_final.jpg (65334 bytes, sha256:edb4ddb01b136...)
[Evidence] Saved evidence/1776328484_final.jpg (65351 bytes, sha256:242ad8591d521...)
[Evidence] Saved evidence/1776328484_final.jpg (65342 bytes, sha256:9fde0c3fa6c98...)
[STATE] idle — round 41 complete: 1 vehicles
[2026-04-16 05:40:14] No round_complete via WS — reading result.json fallback
[2026-04-16 05:40:14] Count complete: 1 vehicles (in=1 out=0)
[2026-04-16 05:40:15] No bets placed — cancelling market
[2026-04-16 05:40:16] Market cancelled: 0x9505AbD294a7d4b8D1e676c51b5924Aa1eb2ffcd (tx: 31c3b6c6f6297457e6345278c4fd1588996d557029540a6a08985ac0ab169afe)
[2026-04-16 05:40:16] Ably publish OK: market_cancelled
[2026-04-16 05:40:19] Refunds distributed: 0x9505AbD294a7d4b8D1e676c51b5924Aa1eb2ffcd (tx: a1bfbcb5b8f67a9e53dde3c23dfaed262b4a9ba9e325e63fbdca1fd6d466cd4a)
[2026-04-16 05:40:20] Ledger POST failed (non-fatal): HTTP Error 400: Bad Request
[2026-04-16 05:40:20] New threshold: 3 (avg of [6, 1])
[2026-04-16 05:40:20] Waiting 15s before Round #42...
[2026-04-16 05:40:35] Round #42 | Peace Bridge — USA/Canada Border | threshold=3
[2026-04-16 05:40:38] createMarket tx sent: 3118577c81ee8317507930929b60d74ea36b706bd0e451ca3cca64e0000fa7b7
[2026-04-16 05:40:38] Market created: 0x84B48922eAe39B3262c1A8d1CfB904433b2795A3 (tx: 3118577c81ee8317507930929b60d74ea36b706bd0e451ca3cca64e0000fa7b7)
[2026-04-16 05:40:39] Ably publish OK: market_created
[2026-04-16 05:40:39] Counting vehicles for 150s...
[STATE] betting — market=0x84B48922... bet=150s count=150s round=42
[LineZone] (307,432) -> (960,432)
[Counter] Line: (579, 10) -> (701, 710)
[2026-04-16 05:40:39] [StreamClient] Round 42 started on stream_server
[Evidence] Saved evidence/1776328839_30s.jpg (64251 bytes, sha256:ec958c6728a8d...)
[Evidence] Saved evidence/1776328839_60s.jpg (67098 bytes, sha256:140ece5c59295...)
[Prune] Removed 1 stale IDs (frame 2400)
[Evidence] Saved evidence/1776328839_90s.jpg (67549 bytes, sha256:84d92014e02ff...)
[Prune] Removed 1 stale IDs (frame 2700)
[Prune] Removed 3 stale IDs (frame 2800)
[Evidence] Saved evidence/1776328839_120s.jpg (67985 bytes, sha256:fc10f0ed268d9...)
[Prune] Removed 3 stale IDs (frame 3800)
[Prune] Removed 2 stale IDs (frame 4100)
[STATE] counting — market=0x84B48922... duration=150s round=42
[Evidence] Saved evidence/1776328839_150s.jpg (67495 bytes, sha256:2fb478407c646...)
[Prune] Removed 2 stale IDs (frame 4500)
[Prune] Removed 1 stale IDs (frame 4600)
[Prune] Removed 2 stale IDs (frame 4700)
[Evidence] Saved evidence/1776328839_180s.jpg (69699 bytes, sha256:1da0478840b07...)
[Prune] Removed 1 stale IDs (frame 5700)
[Prune] Removed 1 stale IDs (frame 5800)
[Prune] Removed 2 stale IDs (frame 5900)
[Prune] Removed 2 stale IDs (frame 6000)
[Evidence] Saved evidence/1776328839_210s.jpg (67005 bytes, sha256:a3143906abd69...)
[Evidence] Saved evidence/1776328839_240s.jpg (69317 bytes, sha256:d986b6c22fa22...)
[Prune] Removed 3 stale IDs (frame 7400)
[Evidence] Saved evidence/1776328839_270s.jpg (68967 bytes, sha256:259143f53cc01...)
[Evidence] Saved evidence/1776328839_final.jpg (68236 bytes, sha256:72c7914c04517...)
[Evidence] Saved evidence/1776328839_final.jpg (68270 bytes, sha256:2a0f1814b4a98...)
[Evidence] Saved evidence/1776328839_final.jpg (68279 bytes, sha256:8cd2b3dacf221...)
[STATE] idle — round 42 complete: 2 vehicles
[2026-04-16 05:46:09] No round_complete via WS — reading result.json fallback
[2026-04-16 05:46:09] Count complete: 2 vehicles (in=2 out=0)
[2026-04-16 05:46:11] No bets placed — cancelling market
[2026-04-16 05:46:11] Market cancelled: 0x84B48922eAe39B3262c1A8d1CfB904433b2795A3 (tx: d6e5d798687744520a414ce1392b12d6055703ef3306f6f86ea7e34697cd936b)
[2026-04-16 05:46:12] Ably publish OK: market_cancelled
[2026-04-16 05:46:15] Refunds distributed: 0x84B48922eAe39B3262c1A8d1CfB904433b2795A3 (tx: a3e8d3109d4c960a47131608f060c452152f8b121a48f7a195fad5f287c25f6b)
[2026-04-16 05:46:15] Ledger POST failed (non-fatal): HTTP Error 400: Bad Request
[2026-04-16 05:46:15] New threshold: 1 (avg of [1, 2])
[2026-04-16 05:46:15] Waiting 15s before Round #43...
[Prune] Removed 2 stale IDs (frame 10100)
[Prune] Removed 2 stale IDs (frame 10300)
[2026-04-16 05:46:30] Round #43 | Peace Bridge — USA/Canada Border | threshold=1
[2026-04-16 05:46:32] createMarket tx sent: 869bc624fc6825a33fed7103313fe2510bf2dd3127dfb9679e8b49b99e35295a
[2026-04-16 05:46:32] Market created: 0xF5DA35d11a34cDF5A94242782a1a9B5A89130517 (tx: 869bc624fc6825a33fed7103313fe2510bf2dd3127dfb9679e8b49b99e35295a)
[2026-04-16 05:46:33] Ably publish OK: market_created
[2026-04-16 05:46:33] Counting vehicles for 150s...
[STATE] betting — market=0xF5DA35d1... bet=150s count=150s round=43
[LineZone] (307,432) -> (960,432)
[Counter] Line: (579, 10) -> (701, 710)
[2026-04-16 05:46:33] [StreamClient] Round 43 started on stream_server
[Prune] Removed 1 stale IDs (frame 300)
[Evidence] Saved evidence/1776329193_30s.jpg (70667 bytes, sha256:0e2266a977eff...)
[Evidence] Saved evidence/1776329193_60s.jpg (70606 bytes, sha256:4e9a8cff9a042...)
[Evidence] Saved evidence/1776329193_90s.jpg (67923 bytes, sha256:bfc0b0cb002ae...)
[Evidence] Saved evidence/1776329193_120s.jpg (69801 bytes, sha256:3a7dedb8fe1b6...)
[Prune] Removed 1 stale IDs (frame 4100)
[Prune] Removed 2 stale IDs (frame 4200)
[WS] Client connected (2 total)
[Prune] Removed 1 stale IDs (frame 4300)
[STATE] counting — market=0xF5DA35d1... duration=150s round=43
[Evidence] Saved evidence/1776329193_150s.jpg (71178 bytes, sha256:da40727ef5e3f...)
[WS] Client disconnected (1 total)
[Evidence] Saved evidence/1776329193_180s.jpg (68709 bytes, sha256:ea1045b6f0879...)
[Evidence] Saved evidence/1776329193_210s.jpg (68618 bytes, sha256:6cea36ee039eb...)
[Evidence] Saved evidence/1776329193_240s.jpg (67657 bytes, sha256:29833a04726a7...)
[Evidence] Saved evidence/1776329193_270s.jpg (67124 bytes, sha256:04697f0c33453...)
[Evidence] Saved evidence/1776329193_final.jpg (71654 bytes, sha256:c366b1786840e...)
[Evidence] Saved evidence/1776329193_final.jpg (71659 bytes, sha256:b6b3d37142d70...)
[Evidence] Saved evidence/1776329193_final.jpg (71645 bytes, sha256:a23bede2ed027...)
[STATE] idle — round 43 complete: 2 vehicles
[2026-04-16 05:52:03] No round_complete via WS — reading result.json fallback
[2026-04-16 05:52:03] Count complete: 2 vehicles (in=1 out=1)
[2026-04-16 05:52:05] No bets placed — cancelling market
[2026-04-16 05:52:05] Market cancelled: 0xF5DA35d11a34cDF5A94242782a1a9B5A89130517 (tx: b71d65f5adb8c9e98dceddc934bf6287c6116b751e6bda5ced3a2ec25f056b17)
[2026-04-16 05:52:06] Ably publish OK: market_cancelled
[Prune] Removed 1 stale IDs (frame 9800)
[2026-04-16 05:52:09] Refunds distributed: 0xF5DA35d11a34cDF5A94242782a1a9B5A89130517 (tx: 6667890b15da9cb245dba5c22ae1f11f94863e5579ab7218b25f9d1a7755db59)
[2026-04-16 05:52:09] Ledger POST failed (non-fatal): HTTP Error 400: Bad Request
[2026-04-16 05:52:09] New threshold: 2 (avg of [2, 2])
[2026-04-16 05:52:09] Waiting 15s before Round #44...
[Prune] Removed 3 stale IDs (frame 9900)
[Prune] Removed 1 stale IDs (frame 10100)
[Prune] Removed 4 stale IDs (frame 10200)
[Prune] Removed 1 stale IDs (frame 10300)
[2026-04-16 05:52:24] Round #44 | Peace Bridge — USA/Canada Border | threshold=2
[2026-04-16 05:52:27] createMarket tx sent: 89d080aed503f7bc2ce0f26b609adc2e29341a011aa6bab6e0bf0590d40b9997
[2026-04-16 05:52:28] Market created: 0x4C93eef8Ff168FE9C183947A177Bb9534a12b27A (tx: 89d080aed503f7bc2ce0f26b609adc2e29341a011aa6bab6e0bf0590d40b9997)
[2026-04-16 05:52:28] Ably publish OK: market_created
[2026-04-16 05:52:28] Counting vehicles for 150s...
[STATE] betting — market=0x4C93eef8... bet=150s count=150s round=44
[LineZone] (307,432) -> (960,432)
[Counter] Line: (579, 10) -> (701, 710)
[2026-04-16 05:52:28] [StreamClient] Round 44 started on stream_server
[Evidence] Saved evidence/1776329548_30s.jpg (65377 bytes, sha256:0397204f32f22...)
[Evidence] Saved evidence/1776329548_60s.jpg (63176 bytes, sha256:950d67e4ade4d...)
[Prune] Removed 1 stale IDs (frame 2000)
[Prune] Removed 2 stale IDs (frame 2200)
[Prune] Removed 2 stale IDs (frame 2300)
[Prune] Removed 4 stale IDs (frame 2400)
[Prune] Removed 2 stale IDs (frame 2500)
[Prune] Removed 2 stale IDs (frame 2600)
[Evidence] Saved evidence/1776329548_90s.jpg (67130 bytes, sha256:ccf8ba6c80af5...)
[Prune] Removed 2 stale IDs (frame 3100)
[Prune] Removed 1 stale IDs (frame 3200)
[Evidence] Saved evidence/1776329548_120s.jpg (70187 bytes, sha256:b50f8ae0032ca...)
[STATE] counting — market=0x4C93eef8... duration=150s round=44
[Evidence] Saved evidence/1776329548_150s.jpg (66239 bytes, sha256:acaab2d3c484a...)
[Evidence] Saved evidence/1776329548_180s.jpg (65727 bytes, sha256:f7094450a66ab...)
[Prune] Removed 2 stale IDs (frame 5400)
[Prune] Removed 2 stale IDs (frame 5500)
[Prune] Removed 1 stale IDs (frame 5600)
[Evidence] Saved evidence/1776329548_210s.jpg (64201 bytes, sha256:fa7cf2705acc5...)
[Evidence] Saved evidence/1776329548_240s.jpg (64351 bytes, sha256:49daa0d264afb...)
[Evidence] Saved evidence/1776329548_270s.jpg (62206 bytes, sha256:2da916da9b3e9...)
[Evidence] Saved evidence/1776329548_final.jpg (62840 bytes, sha256:8ffa276001df3...)
[Evidence] Saved evidence/1776329548_final.jpg (62828 bytes, sha256:68dc9e6a5d694...)
[Evidence] Saved evidence/1776329548_final.jpg (62835 bytes, sha256:efd2828eedcd6...)
[STATE] idle — round 44 complete: 4 vehicles
[2026-04-16 05:57:58] No round_complete via WS — reading result.json fallback
[2026-04-16 05:57:58] Count complete: 4 vehicles (in=2 out=2)
[2026-04-16 05:58:00] No bets placed — cancelling market
[2026-04-16 05:58:01] Market cancelled: 0x4C93eef8Ff168FE9C183947A177Bb9534a12b27A (tx: 89870cd602a308009e3d6414ae126714421070be0b8ff5d2791b2615a1dc9ec9)
[2026-04-16 05:58:01] Ably publish OK: market_cancelled
[2026-04-16 05:58:04] Refunds distributed: 0x4C93eef8Ff168FE9C183947A177Bb9534a12b27A (tx: cb04f378b4f37c4b1041a77eb75ca17576e3b0435af5a926cb3a17ed1559c510)
[2026-04-16 05:58:04] Ledger POST failed (non-fatal): HTTP Error 400: Bad Request
[2026-04-16 05:58:04] New threshold: 3 (avg of [2, 4])
[2026-04-16 05:58:04] Waiting 15s before Round #45...
[Prune] Removed 2 stale IDs (frame 10300)
[2026-04-16 05:58:19] Round #45 | Peace Bridge — USA/Canada Border | threshold=3
[2026-04-16 05:58:20] createMarket tx sent: 8fb0a89388100d112dcef44dd966bba3a7717f05a54338a0f64f24a8b8544248
[2026-04-16 05:58:23] Market created: 0x316207AD469Ba550394a01bF7CD2b8Ccb865e2e8 (tx: 8fb0a89388100d112dcef44dd966bba3a7717f05a54338a0f64f24a8b8544248)
[2026-04-16 05:58:23] Ably publish OK: market_created
[2026-04-16 05:58:23] Counting vehicles for 150s...
[STATE] betting — market=0x316207AD... bet=150s count=150s round=45
[LineZone] (307,432) -> (960,432)
[Counter] Line: (579, 10) -> (701, 710)
[2026-04-16 05:58:23] [StreamClient] Round 45 started on stream_server
[Evidence] Saved evidence/1776329903_30s.jpg (64688 bytes, sha256:8d63c6c141381...)
[Evidence] Saved evidence/1776329903_60s.jpg (65136 bytes, sha256:633b51e741ed3...)
[Evidence] Saved evidence/1776329903_90s.jpg (63417 bytes, sha256:7e66a8c5c253d...)
[Evidence] Saved evidence/1776329903_120s.jpg (65525 bytes, sha256:52c9abbca0e97...)
[Prune] Removed 4 stale IDs (frame 3700)
[STATE] counting — market=0x316207AD... duration=150s round=45
[Evidence] Saved evidence/1776329903_150s.jpg (63883 bytes, sha256:0713cee0d0b4c...)
[Prune] Removed 2 stale IDs (frame 5000)
[Prune] Removed 3 stale IDs (frame 5200)
[Evidence] Saved evidence/1776329903_180s.jpg (66109 bytes, sha256:0adccbe61b669...)
[Prune] Removed 3 stale IDs (frame 5700)
[Evidence] Saved evidence/1776329903_210s.jpg (62689 bytes, sha256:dddc04f74fbde...)
[Prune] Removed 3 stale IDs (frame 6900)
[Evidence] Saved evidence/1776329903_240s.jpg (71049 bytes, sha256:7d1118b423812...)
[Evidence] Saved evidence/1776329903_270s.jpg (64230 bytes, sha256:75608fc424761...)
[Prune] Removed 2 stale IDs (frame 8100)
[Prune] Removed 3 stale IDs (frame 8700)
[Evidence] Saved evidence/1776329903_final.jpg (60786 bytes, sha256:3a8e64aa232a5...)
[Evidence] Saved evidence/1776329903_final.jpg (60872 bytes, sha256:d7dc1787e38e1...)
[Evidence] Saved evidence/1776329903_final.jpg (60892 bytes, sha256:51720dfccbb15...)
[STATE] idle — round 45 complete: 4 vehicles
[2026-04-16 06:03:53] No round_complete via WS — reading result.json fallback
[2026-04-16 06:03:53] Count complete: 4 vehicles (in=3 out=1)
[2026-04-16 06:03:55] No bets placed — cancelling market
[2026-04-16 06:03:58] Market cancelled: 0x316207AD469Ba550394a01bF7CD2b8Ccb865e2e8 (tx: 2576f0cd13a53c3c44a25f8256d08454d9b50cc4072c2177852dfbc1c3924030)
[2026-04-16 06:03:58] Ably publish OK: market_cancelled
[2026-04-16 06:03:59] Refunds distributed: 0x316207AD469Ba550394a01bF7CD2b8Ccb865e2e8 (tx: 71e1720624fc3d312c2d22e2858fac2ba91682723699c999b1531c5bc3f4a8de)
[2026-04-16 06:03:59] Ledger POST failed (non-fatal): HTTP Error 400: Bad Request
[2026-04-16 06:03:59] New threshold: 4 (avg of [4, 4])
[2026-04-16 06:03:59] Waiting 15s before Round #46...
[2026-04-16 06:04:14] Round #46 | Peace Bridge — USA/Canada Border | threshold=4
[2026-04-16 06:04:15] createMarket tx sent: 89a2683a09ae0e6abc85373f425d44210fc7e5a70f0cb24b6b6ab4f05deb5246
[2026-04-16 06:04:15] Market created: 0xB4ca44DFED1e41F4Ea6934216E1620CDFaf29B84 (tx: 89a2683a09ae0e6abc85373f425d44210fc7e5a70f0cb24b6b6ab4f05deb5246)
[2026-04-16 06:04:16] Ably publish OK: market_created
[2026-04-16 06:04:16] Counting vehicles for 150s...
[STATE] betting — market=0xB4ca44DF... bet=150s count=150s round=46
[LineZone] (307,432) -> (960,432)
[Counter] Line: (579, 10) -> (701, 710)
[2026-04-16 06:04:16] [StreamClient] Round 46 started on stream_server
[Evidence] Saved evidence/1776330256_30s.jpg (64148 bytes, sha256:597b7f94934c5...)
[Prune] Removed 1 stale IDs (frame 1100)
[Prune] Removed 1 stale IDs (frame 1200)
[Prune] Removed 2 stale IDs (frame 1300)
[Evidence] Saved evidence/1776330256_60s.jpg (66169 bytes, sha256:5619a5f8b1cdc...)
[Evidence] Saved evidence/1776330256_90s.jpg (65125 bytes, sha256:f9afc953045c8...)
[Evidence] Saved evidence/1776330256_120s.jpg (64860 bytes, sha256:ff5e0626daa4a...)
[Prune] Removed 3 stale IDs (frame 4400)
[STATE] counting — market=0xB4ca44DF... duration=150s round=46
[Evidence] Saved evidence/1776330256_150s.jpg (61974 bytes, sha256:f7812df136b58...)
[Prune] Removed 3 stale IDs (frame 4700)
[Prune] Removed 3 stale IDs (frame 4800)
[Evidence] Saved evidence/1776330256_180s.jpg (65388 bytes, sha256:85fc7e21b8143...)
[Prune] Removed 1 stale IDs (frame 6000)
[Prune] Removed 2 stale IDs (frame 6100)
[Evidence] Saved evidence/1776330256_210s.jpg (65012 bytes, sha256:b697784cf8bde...)
[Prune] Removed 1 stale IDs (frame 6300)
[Prune] Removed 5 stale IDs (frame 6400)
[Evidence] Saved evidence/1776330256_240s.jpg (64488 bytes, sha256:b8dcd95c6c91e...)
[Prune] Removed 1 stale IDs (frame 7100)
[Evidence] Saved evidence/1776330256_270s.jpg (65477 bytes, sha256:e05b11bda5112...)
[Prune] Removed 3 stale IDs (frame 8000)
[Evidence] Saved evidence/1776330256_final.jpg (64434 bytes, sha256:b9aa16b67818b...)
[Evidence] Saved evidence/1776330256_final.jpg (65057 bytes, sha256:36267e1e49f53...)
[Evidence] Saved evidence/1776330256_final.jpg (65066 bytes, sha256:9cd1fa938eb53...)
[STATE] idle — round 46 complete: 4 vehicles
[Prune] Removed 1 stale IDs (frame 9600)
[Prune] Removed 3 stale IDs (frame 9700)
[2026-04-16 06:09:46] No round_complete via WS — reading result.json fallback
[2026-04-16 06:09:46] Count complete: 4 vehicles (in=2 out=2)
[2026-04-16 06:09:48] No bets placed — cancelling market
[2026-04-16 06:09:51] Market cancelled: 0xB4ca44DFED1e41F4Ea6934216E1620CDFaf29B84 (tx: 4632d0bf5f076dd7f4d89e8b08659f0a2ed2a7acd5c1e22696fa81134eb691cf)
[2026-04-16 06:09:51] Ably publish OK: market_cancelled
[2026-04-16 06:09:52] Refunds distributed: 0xB4ca44DFED1e41F4Ea6934216E1620CDFaf29B84 (tx: 089429955993d4ff3a594b2355232d0bce78b73687a3af96041810ff8032de83)
[2026-04-16 06:09:52] Ledger POST failed (non-fatal): HTTP Error 400: Bad Request
[2026-04-16 06:09:52] New threshold: 4 (avg of [4, 4])
[2026-04-16 06:09:52] Waiting 15s before Round #47...
[2026-04-16 06:10:07] Round #47 | Peace Bridge — USA/Canada Border | threshold=4
[2026-04-16 06:10:08] createMarket tx sent: 8e746f5b5f5ce38a03bf73b3d076735be260e3a896e8119da71a2338733f710f
[2026-04-16 06:10:08] Market created: 0xbB6A34f10719C6839B926360F22ac3c4fEa6Cb26 (tx: 8e746f5b5f5ce38a03bf73b3d076735be260e3a896e8119da71a2338733f710f)
[2026-04-16 06:10:09] Ably publish OK: market_created
[2026-04-16 06:10:09] Counting vehicles for 150s...
[STATE] betting — market=0xbB6A34f1... bet=150s count=150s round=47
[LineZone] (307,432) -> (960,432)
[Counter] Line: (579, 10) -> (701, 710)
[2026-04-16 06:10:09] [StreamClient] Round 47 started on stream_server
[Evidence] Saved evidence/1776330609_30s.jpg (65956 bytes, sha256:0192e4f7d44b7...)
[Evidence] Saved evidence/1776330609_60s.jpg (64455 bytes, sha256:0882b0f458d6f...)
[Evidence] Saved evidence/1776330609_90s.jpg (64887 bytes, sha256:ddc19f034379c...)
[Prune] Removed 2 stale IDs (frame 3300)
[Evidence] Saved evidence/1776330609_120s.jpg (64021 bytes, sha256:25c2b75c322ca...)
[Prune] Removed 4 stale IDs (frame 4000)
[STATE] counting — market=0xbB6A34f1... duration=150s round=47
[Evidence] Saved evidence/1776330609_150s.jpg (64419 bytes, sha256:f0d7951bf9ba7...)
[Prune] Removed 1 stale IDs (frame 4900)
[Prune] Removed 3 stale IDs (frame 5000)
[WS] Client connected (2 total)
[Evidence] Saved evidence/1776330609_180s.jpg (64094 bytes, sha256:5ff01abc52dde...)
[WS] Client disconnected (1 total)
connection handler failed
Traceback (most recent call last):
  File "/home/lumen/miniconda3/lib/python3.13/asyncio/selector_events.py", line 1005, in _read_ready__data_received
    data = self._sock.recv(self.max_size)
ConnectionResetError: [Errno 104] Connection reset by peer

The above exception was the direct cause of the following exception:

Traceback (most recent call last):
  File "/home/lumen/miniconda3/lib/python3.13/site-packages/websockets/asyncio/server.py", line 376, in conn_handler
    await self.handler(connection)
  File "/home/lumen/.gemini/antigravity/scratch/rush/oracle/stream_server.py", line 1261, in handler
    async for msg in ws:
    ...<37 lines>...
            pass
  File "/home/lumen/miniconda3/lib/python3.13/site-packages/websockets/asyncio/connection.py", line 242, in __aiter__
    yield await self.recv()
          ^^^^^^^^^^^^^^^^^
  File "/home/lumen/miniconda3/lib/python3.13/site-packages/websockets/asyncio/connection.py", line 322, in recv
    raise self.protocol.close_exc from self.recv_exc
websockets.exceptions.ConnectionClosedError: no close frame received or sent
[Prune] Removed 3 stale IDs (frame 5600)
[Prune] Removed 1 stale IDs (frame 5700)
[Prune] Removed 1 stale IDs (frame 5800)
[Prune] Removed 1 stale IDs (frame 5900)
[Evidence] Saved evidence/1776330609_210s.jpg (64728 bytes, sha256:ed399426401fb...)
[Prune] Removed 1 stale IDs (frame 7000)
[Evidence] Saved evidence/1776330609_240s.jpg (60746 bytes, sha256:00366ccbea576...)
[Prune] Removed 2 stale IDs (frame 7100)
[Prune] Removed 3 stale IDs (frame 7400)
[Evidence] Saved evidence/1776330609_270s.jpg (65989 bytes, sha256:289c8aee71fad...)
[Prune] Removed 2 stale IDs (frame 8600)
[Prune] Removed 2 stale IDs (frame 8700)
[Evidence] Saved evidence/1776330609_final.jpg (65389 bytes, sha256:2927139b72b78...)
[Evidence] Saved evidence/1776330609_final.jpg (65387 bytes, sha256:ad5b943e40fa2...)
[Evidence] Saved evidence/1776330609_final.jpg (65380 bytes, sha256:0851e2d868235...)
[Evidence] Saved evidence/1776330609_final.jpg (65376 bytes, sha256:d1fbbbd9139b0...)
[STATE] idle — round 47 complete: 5 vehicles
[Prune] Removed 2 stale IDs (frame 9100)
[Prune] Removed 2 stale IDs (frame 9200)
[Prune] Removed 1 stale IDs (frame 9600)
[2026-04-16 06:15:39] No round_complete via WS — reading result.json fallback
[2026-04-16 06:15:39] Count complete: 5 vehicles (in=2 out=3)
[Prune] Removed 3 stale IDs (frame 9700)
[2026-04-16 06:15:40] No bets placed — cancelling market
[2026-04-16 06:15:41] Market cancelled: 0xbB6A34f10719C6839B926360F22ac3c4fEa6Cb26 (tx: eff41436dfaaa151771ceda1c9b6065b9447be9cc11da6ab6c15b52b0338dd5d)
[2026-04-16 06:15:41] Ably publish OK: market_cancelled
[2026-04-16 06:15:42] Refunds distributed: 0xbB6A34f10719C6839B926360F22ac3c4fEa6Cb26 (tx: c70af5a4967b45f49b0d80c02b9abf33200eadcbb7728dabfb59a270b1d53690)
[2026-04-16 06:15:42] Ledger POST failed (non-fatal): HTTP Error 400: Bad Request
[2026-04-16 06:15:42] New threshold: 4 (avg of [4, 5])
[2026-04-16 06:15:42] Waiting 15s before Round #48...
[Prune] Removed 3 stale IDs (frame 9900)
[2026-04-16 06:15:57] Round #48 | Peace Bridge — USA/Canada Border | threshold=4
[2026-04-16 06:15:59] createMarket tx sent: 16d005ce2b99c9d83c58d7dfeddabe825a4aeabfbaf2575d1cf9d0a6421057cb
[2026-04-16 06:16:01] Market created: 0x34A81695bCcDC43c60560560602d6727E95d185F (tx: 16d005ce2b99c9d83c58d7dfeddabe825a4aeabfbaf2575d1cf9d0a6421057cb)
[2026-04-16 06:16:02] Ably publish OK: market_created
[2026-04-16 06:16:02] Counting vehicles for 150s...
[STATE] betting — market=0x34A81695... bet=150s count=150s round=48
[LineZone] (307,432) -> (960,432)
[Counter] Line: (579, 10) -> (701, 710)
[2026-04-16 06:16:02] [StreamClient] Round 48 started on stream_server
[Prune] Removed 4 stale IDs (frame 400)
[Evidence] Saved evidence/1776330962_30s.jpg (65505 bytes, sha256:e98995ae397ae...)
[Prune] Removed 2 stale IDs (frame 1500)
[Prune] Removed 3 stale IDs (frame 1700)
[Evidence] Saved evidence/1776330962_60s.jpg (67231 bytes, sha256:2e4528dcaecd3...)
[Prune] Removed 1 stale IDs (frame 1800)
[Evidence] Saved evidence/1776330962_90s.jpg (67830 bytes, sha256:b25668bfb2b2e...)
[Evidence] Saved evidence/1776330962_120s.jpg (66190 bytes, sha256:a6932539bbb24...)
[Prune] Removed 2 stale IDs (frame 4200)
[Prune] Removed 2 stale IDs (frame 4300)
[STATE] counting — market=0x34A81695... duration=150s round=48
[Evidence] Saved evidence/1776330962_150s.jpg (67277 bytes, sha256:e8a1f7f5616c7...)
[Evidence] Saved evidence/1776330962_180s.jpg (67097 bytes, sha256:1d3e9be626fa3...)
[Prune] Removed 2 stale IDs (frame 5600)
[Evidence] Saved evidence/1776330962_210s.jpg (66931 bytes, sha256:159a94b8b0ac2...)
[Prune] Removed 3 stale IDs (frame 6800)
[Prune] Removed 2 stale IDs (frame 6900)
[Evidence] Saved evidence/1776330962_240s.jpg (68999 bytes, sha256:dbe9a63fe9e0b...)
[Evidence] Saved evidence/1776330962_270s.jpg (67661 bytes, sha256:d82b7f593291a...)
[Prune] Removed 3 stale IDs (frame 8800)
[Evidence] Saved evidence/1776330962_final.jpg (62090 bytes, sha256:d986de6b3c2fb...)
[Evidence] Saved evidence/1776330962_final.jpg (66049 bytes, sha256:dc4a1e710aa26...)
[Evidence] Saved evidence/1776330962_final.jpg (66045 bytes, sha256:6176ca54a5bfd...)
[STATE] idle — round 48 complete: 3 vehicles
[Prune] Removed 1 stale IDs (frame 8900)
[Prune] Removed 3 stale IDs (frame 9100)
[2026-04-16 06:21:32] No round_complete via WS — reading result.json fallback
[2026-04-16 06:21:32] Count complete: 3 vehicles (in=0 out=3)
[2026-04-16 06:21:33] No bets placed — cancelling market
[2026-04-16 06:21:36] Market cancelled: 0x34A81695bCcDC43c60560560602d6727E95d185F (tx: b43e8e6dee927f6c83ed7e55b303d69bab2236cb26e667cfa3a86eb2ed2f6688)
[2026-04-16 06:21:37] Ably publish OK: market_cancelled
[Prune] Removed 2 stale IDs (frame 9900)
[2026-04-16 06:21:40] Refunds distributed: 0x34A81695bCcDC43c60560560602d6727E95d185F (tx: d14341ef0c825985d231657a7e2c8f936e438d135cdb0f408ba82ff2c2e5ad65)
[2026-04-16 06:21:40] Ledger POST failed (non-fatal): HTTP Error 400: Bad Request
[2026-04-16 06:21:40] New threshold: 4 (avg of [5, 3])
[2026-04-16 06:21:40] Waiting 15s before Round #49...
[Prune] Removed 1 stale IDs (frame 10000)
[Prune] Removed 3 stale IDs (frame 10100)
[2026-04-16 06:21:55] Round #49 | Peace Bridge — USA/Canada Border | threshold=4
[2026-04-16 06:21:58] createMarket tx sent: 1fd80d321e9c1ee09755e5924e5083f88cb8b20e7b8dae119c1d60cc5a5f99b9
[2026-04-16 06:21:58] Market created: 0x14b8088752118091541cE472A9d3B1bcbDA907E8 (tx: 1fd80d321e9c1ee09755e5924e5083f88cb8b20e7b8dae119c1d60cc5a5f99b9)
[2026-04-16 06:21:59] Ably publish OK: market_created
[2026-04-16 06:21:59] Counting vehicles for 150s...
[STATE] betting — market=0x14b80887... bet=150s count=150s round=49
[LineZone] (307,432) -> (960,432)
[Counter] Line: (579, 10) -> (701, 710)
[2026-04-16 06:21:59] [StreamClient] Round 49 started on stream_server
[Prune] Removed 1 stale IDs (frame 200)
[Prune] Removed 1 stale IDs (frame 300)
[Prune] Removed 2 stale IDs (frame 400)
[Prune] Removed 1 stale IDs (frame 500)
[Prune] Removed 2 stale IDs (frame 600)
[Evidence] Saved evidence/1776331319_30s.jpg (67241 bytes, sha256:f6bfe90cc6cb4...)
[Evidence] Saved evidence/1776331319_60s.jpg (64506 bytes, sha256:d1387b2f3ccc8...)
[Prune] Removed 2 stale IDs (frame 1800)
[Prune] Removed 3 stale IDs (frame 1900)
[Prune] Removed 1 stale IDs (frame 2000)
[Prune] Removed 1 stale IDs (frame 2100)
[Evidence] Saved evidence/1776331319_90s.jpg (65333 bytes, sha256:089b924c531f2...)
[Prune] Removed 2 stale IDs (frame 2800)
[Evidence] Saved evidence/1776331319_120s.jpg (64874 bytes, sha256:37e0aed9bc20f...)
[STATE] counting — market=0x14b80887... duration=150s round=49
[Evidence] Saved evidence/1776331319_150s.jpg (65068 bytes, sha256:61a764143c164...)
[Prune] Removed 4 stale IDs (frame 4500)
[Evidence] Saved evidence/1776331319_180s.jpg (64892 bytes, sha256:cb303e92e6ae4...)
[Prune] Removed 2 stale IDs (frame 5600)
[Prune] Removed 3 stale IDs (frame 5800)
[Evidence] Saved evidence/1776331319_210s.jpg (64881 bytes, sha256:4481327e4babd...)
[Evidence] Saved evidence/1776331319_240s.jpg (67678 bytes, sha256:b02e49eeb2aae...)
[Prune] Removed 2 stale IDs (frame 7500)
[Prune] Removed 5 stale IDs (frame 7600)
[Evidence] Saved evidence/1776331319_270s.jpg (66349 bytes, sha256:1b6a214ace28a...)
[Prune] Removed 1 stale IDs (frame 8400)
[Prune] Removed 1 stale IDs (frame 8500)
[Prune] Removed 1 stale IDs (frame 8600)
[Prune] Removed 1 stale IDs (frame 8700)
[Evidence] Saved evidence/1776331319_final.jpg (67853 bytes, sha256:c27d1eda26898...)
[Evidence] Saved evidence/1776331319_final.jpg (67629 bytes, sha256:f05436127a126...)
[Evidence] Saved evidence/1776331319_final.jpg (67565 bytes, sha256:d6ca8c35e97c7...)
[STATE] idle — round 49 complete: 5 vehicles
[Prune] Removed 3 stale IDs (frame 9600)
[2026-04-16 06:27:29] No round_complete via WS — reading result.json fallback
[2026-04-16 06:27:29] Count complete: 5 vehicles (in=4 out=1)
[2026-04-16 06:27:30] No bets placed — cancelling market
[2026-04-16 06:27:31] Market cancelled: 0x14b8088752118091541cE472A9d3B1bcbDA907E8 (tx: 2435d10c5532e039cb211d8995aec25aa1251739f9ac199243243fe05bd8ce04)
[2026-04-16 06:27:31] Ably publish OK: market_cancelled
[2026-04-16 06:27:32] Refunds distributed: 0x14b8088752118091541cE472A9d3B1bcbDA907E8 (tx: fd73472af1af84247c28a725e5fd01fbd7c1d932971718d77be30bfcfc63b81a)
[2026-04-16 06:27:32] Ledger POST failed (non-fatal): HTTP Error 400: Bad Request
[2026-04-16 06:27:32] New threshold: 4 (avg of [3, 5])
[2026-04-16 06:27:32] Waiting 15s before Round #50...
[2026-04-16 06:27:47] Round #50 | Peace Bridge — USA/Canada Border | threshold=4
[2026-04-16 06:27:49] createMarket tx sent: 6f1888dbd638cba7b5a64778ad3acaac0b509da20b691533a95136d0f510d5e2
[2026-04-16 06:27:51] Market created: 0xC9d3aa283988CcE5292188bEC6F79AA63b058db3 (tx: 6f1888dbd638cba7b5a64778ad3acaac0b509da20b691533a95136d0f510d5e2)
[2026-04-16 06:27:51] Ably publish OK: market_created
[2026-04-16 06:27:51] Counting vehicles for 150s...
[STATE] betting — market=0xC9d3aa28... bet=150s count=150s round=50
[LineZone] (307,432) -> (960,432)
[Counter] Line: (579, 10) -> (701, 710)
[2026-04-16 06:27:51] [StreamClient] Round 50 started on stream_server
[Prune] Removed 1 stale IDs (frame 500)
[Evidence] Saved evidence/1776331671_30s.jpg (65995 bytes, sha256:9666f45527551...)
[WS] Client connected (2 total)
[Prune] Removed 2 stale IDs (frame 1700)
[WS] Client disconnected (1 total)
[Evidence] Saved evidence/1776331671_60s.jpg (64998 bytes, sha256:2d7be5df933fa...)
[Prune] Removed 1 stale IDs (frame 1800)
[Prune] Removed 2 stale IDs (frame 2000)
[Prune] Removed 1 stale IDs (frame 2200)
[Prune] Removed 1 stale IDs (frame 2300)
[Evidence] Saved evidence/1776331671_90s.jpg (66430 bytes, sha256:e375e2e2ce201...)
[Evidence] Saved evidence/1776331671_120s.jpg (65775 bytes, sha256:ee4fb9b56bcd8...)
[Prune] Removed 3 stale IDs (frame 3700)
[STATE] counting — market=0xC9d3aa28... duration=150s round=50
[Evidence] Saved evidence/1776331671_150s.jpg (68880 bytes, sha256:32a6605b7a76d...)
[Prune] Removed 2 stale IDs (frame 4900)
[Prune] Removed 2 stale IDs (frame 5100)
[Prune] Removed 4 stale IDs (frame 5200)
[Evidence] Saved evidence/1776331671_180s.jpg (68251 bytes, sha256:a043ee7f1dcb1...)
[Evidence] Saved evidence/1776331671_210s.jpg (67890 bytes, sha256:6fdff390a6499...)
[Evidence] Saved evidence/1776331671_240s.jpg (68068 bytes, sha256:b2c3f2d964d3c...)
[WS] Client connected (2 total)
[WS] Client disconnected (1 total)
[Evidence] Saved evidence/1776331671_270s.jpg (68754 bytes, sha256:36a7b56b99c5c...)
[WS] Client connected (2 total)
[WS] Client disconnected (1 total)
[WS] Client connected (2 total)
[Evidence] Saved evidence/1776331671_final.jpg (67095 bytes, sha256:dec8d448543bd...)
[Evidence] Saved evidence/1776331671_final.jpg (67103 bytes, sha256:f324bd8e58e3b...)
[Evidence] Saved evidence/1776331671_final.jpg (67164 bytes, sha256:791abd0ec48e2...)
[STATE] idle — round 50 complete: 2 vehicles
[Prune] Removed 1 stale IDs (frame 9500)
[Prune] Removed 2 stale IDs (frame 9600)
[2026-04-16 06:33:22] No round_complete via WS — reading result.json fallback
[2026-04-16 06:33:22] Count complete: 2 vehicles (in=0 out=2)
[2026-04-16 06:33:23] No bets placed — cancelling market
[2026-04-16 06:33:24] Market cancelled: 0xC9d3aa283988CcE5292188bEC6F79AA63b058db3 (tx: 2d6106156790e85630100b0761922cbc774001fb45c580e992eea2badaa6c9af)
[2026-04-16 06:33:24] Ably publish OK: market_cancelled
[2026-04-16 06:33:27] Refunds distributed: 0xC9d3aa283988CcE5292188bEC6F79AA63b058db3 (tx: 5302fd95eb214bbc0f8b0620c3e847cfa3ee4ae286b77545fcbc9298eba510a4)
[2026-04-16 06:33:27] Ledger POST failed (non-fatal): HTTP Error 400: Bad Request
[2026-04-16 06:33:27] New threshold: 3 (avg of [5, 2])
[2026-04-16 06:33:27] Waiting 15s before Round #51...
[Prune] Removed 3 stale IDs (frame 9900)
[Prune] Removed 1 stale IDs (frame 10000)
[2026-04-16 06:33:42] Round #51 | Peace Bridge — USA/Canada Border | threshold=3
[2026-04-16 06:33:45] createMarket tx sent: 5b8c918e7a1efe5012cbfba4bcad0c488bf93cfbcf07fbf4fd85c374765893b9
[2026-04-16 06:33:48] Market created: 0xBAa7bc842731AB5f2E3630Ae6aD7ae09f329A9Ac (tx: 5b8c918e7a1efe5012cbfba4bcad0c488bf93cfbcf07fbf4fd85c374765893b9)
[2026-04-16 06:33:48] Ably publish OK: market_created
[2026-04-16 06:33:48] Counting vehicles for 150s...
[STATE] betting — market=0xBAa7bc84... bet=150s count=150s round=51
[LineZone] (307,432) -> (960,432)
[Counter] Line: (579, 10) -> (701, 710)
[2026-04-16 06:33:48] [StreamClient] Round 51 started on stream_server
[WS] Client disconnected (1 total)
connection handler failed
Traceback (most recent call last):
  File "/home/lumen/miniconda3/lib/python3.13/asyncio/selector_events.py", line 1067, in write
    n = self._sock.send(data)
BrokenPipeError: [Errno 32] Broken pipe

The above exception was the direct cause of the following exception:

Traceback (most recent call last):
  File "/home/lumen/miniconda3/lib/python3.13/site-packages/websockets/asyncio/server.py", line 376, in conn_handler
    await self.handler(connection)
  File "/home/lumen/.gemini/antigravity/scratch/rush/oracle/stream_server.py", line 1261, in handler
    async for msg in ws:
    ...<37 lines>...
            pass
  File "/home/lumen/miniconda3/lib/python3.13/site-packages/websockets/asyncio/connection.py", line 242, in __aiter__
    yield await self.recv()
          ^^^^^^^^^^^^^^^^^
  File "/home/lumen/miniconda3/lib/python3.13/site-packages/websockets/asyncio/connection.py", line 322, in recv
    raise self.protocol.close_exc from self.recv_exc
websockets.exceptions.ConnectionClosedError: no close frame received or sent
[Evidence] Saved evidence/1776332028_30s.jpg (66692 bytes, sha256:0c9b8374aa222...)
[Prune] Removed 1 stale IDs (frame 1300)
[Prune] Removed 2 stale IDs (frame 1400)
[Evidence] Saved evidence/1776332028_60s.jpg (68860 bytes, sha256:e51486cee4360...)
[Evidence] Saved evidence/1776332028_90s.jpg (67414 bytes, sha256:259aae4ef9026...)
[Prune] Removed 3 stale IDs (frame 3400)
[Evidence] Saved evidence/1776332028_120s.jpg (66510 bytes, sha256:e3daaa31e2b25...)
[Prune] Removed 2 stale IDs (frame 3700)
[Prune] Removed 1 stale IDs (frame 3800)
[Prune] Removed 1 stale IDs (frame 4100)
[Prune] Removed 1 stale IDs (frame 4200)
[Prune] Removed 1 stale IDs (frame 4300)
[STATE] counting — market=0xBAa7bc84... duration=150s round=51
[Evidence] Saved evidence/1776332028_150s.jpg (74189 bytes, sha256:68bcf315f9803...)
[Prune] Removed 2 stale IDs (frame 4400)
[Prune] Removed 2 stale IDs (frame 4500)
[Prune] Removed 1 stale IDs (frame 4800)
[Evidence] Saved evidence/1776332028_180s.jpg (62805 bytes, sha256:a22f9ffa58f9f...)
[Prune] Removed 2 stale IDs (frame 5300)
[Prune] Removed 2 stale IDs (frame 5600)
[Evidence] Saved evidence/1776332028_210s.jpg (70062 bytes, sha256:ae6625c8d8f78...)
[Prune] Removed 3 stale IDs (frame 6600)
[Prune] Removed 2 stale IDs (frame 7000)
[Evidence] Saved evidence/1776332028_240s.jpg (69130 bytes, sha256:ccd5498873fd9...)
[WS] Client connected (2 total)
[Prune] Removed 3 stale IDs (frame 7600)
[Evidence] Saved evidence/1776332028_270s.jpg (69034 bytes, sha256:b5b39c54a5365...)
[WS] Client disconnected (1 total)
[WS] Client connected (2 total)
[WS] Client disconnected (1 total)
[Prune] Removed 3 stale IDs (frame 8400)
[Evidence] Saved evidence/1776332028_final.jpg (69845 bytes, sha256:1d33e932f36cc...)
[Evidence] Saved evidence/1776332028_final.jpg (69876 bytes, sha256:5005dd27ada8c...)
[Evidence] Saved evidence/1776332028_final.jpg (69910 bytes, sha256:75f7ca885c1d5...)
[STATE] idle — round 51 complete: 7 vehicles
[2026-04-16 06:39:18] No round_complete via WS — reading result.json fallback
[2026-04-16 06:39:18] Count complete: 7 vehicles (in=4 out=3)
[2026-04-16 06:39:20] No bets placed — cancelling market
[2026-04-16 06:39:23] Market cancelled: 0xBAa7bc842731AB5f2E3630Ae6aD7ae09f329A9Ac (tx: fe7d1722bb4c64f0db0d95ca622f528ecec5971d23b77505b8fa29c5901e7e73)
[2026-04-16 06:39:23] Ably publish OK: market_cancelled
[2026-04-16 06:39:26] Refunds distributed: 0xBAa7bc842731AB5f2E3630Ae6aD7ae09f329A9Ac (tx: b368e1509d32845fb0122be7a96e0a4889f9bf4e97718e79ac43a9134296c602)
[2026-04-16 06:39:26] Ledger POST failed (non-fatal): HTTP Error 400: Bad Request
[2026-04-16 06:39:26] New threshold: 4 (avg of [2, 7])
[2026-04-16 06:39:26] Waiting 15s before Round #52...
[2026-04-16 06:39:41] Round #52 | Peace Bridge — USA/Canada Border | threshold=4
[2026-04-16 06:39:42] createMarket tx sent: f34ca8e85c153e978a18bedb38471a9a9d11aa86f3528eff331ddb725a752439
[2026-04-16 06:39:45] Market created: 0x6cf9491C7fA2865Feb7F383A73D567A0A298fFd4 (tx: f34ca8e85c153e978a18bedb38471a9a9d11aa86f3528eff331ddb725a752439)
[2026-04-16 06:39:45] Ably publish OK: market_created
[2026-04-16 06:39:45] Counting vehicles for 150s...
[STATE] betting — market=0x6cf9491C... bet=150s count=150s round=52
[LineZone] (307,432) -> (960,432)
[Counter] Line: (579, 10) -> (701, 710)
[2026-04-16 06:39:45] [StreamClient] Round 52 started on stream_server
[Prune] Removed 1 stale IDs (frame 200)
[Evidence] Saved evidence/1776332385_30s.jpg (69350 bytes, sha256:78b1b20ab8735...)
[Evidence] Saved evidence/1776332385_60s.jpg (69520 bytes, sha256:01013e8649e5b...)
[Evidence] Saved evidence/1776332385_90s.jpg (67557 bytes, sha256:ba13f3f99ed85...)
[Prune] Removed 2 stale IDs (frame 2800)
[Prune] Removed 1 stale IDs (frame 2900)
[Prune] Removed 3 stale IDs (frame 3100)
[Evidence] Saved evidence/1776332385_120s.jpg (69489 bytes, sha256:f0ff2f7315420...)
[Prune] Removed 2 stale IDs (frame 4300)
[STATE] counting — market=0x6cf9491C... duration=150s round=52
[Evidence] Saved evidence/1776332385_150s.jpg (67920 bytes, sha256:f669cf00f767f...)
[Prune] Removed 1 stale IDs (frame 4400)
[Prune] Removed 2 stale IDs (frame 4500)
[Evidence] Saved evidence/1776332385_180s.jpg (66496 bytes, sha256:cb44e6a358124...)
[Prune] Removed 2 stale IDs (frame 6000)
[Evidence] Saved evidence/1776332385_210s.jpg (69433 bytes, sha256:93795201b614a...)
[Prune] Removed 1 stale IDs (frame 6300)
[Prune] Removed 1 stale IDs (frame 6400)
[Evidence] Saved evidence/1776332385_240s.jpg (70986 bytes, sha256:493964a2bbb5f...)
[Evidence] Saved evidence/1776332385_270s.jpg (69043 bytes, sha256:f4410d37067b9...)
[Prune] Removed 1 stale IDs (frame 8000)
[Prune] Removed 3 stale IDs (frame 8100)
[Prune] Removed 2 stale IDs (frame 8500)
[Evidence] Saved evidence/1776332385_final.jpg (70453 bytes, sha256:96ecbb4ddaf94...)
[Evidence] Saved evidence/1776332385_final.jpg (70439 bytes, sha256:ae069464657e9...)
[Evidence] Saved evidence/1776332385_final.jpg (70432 bytes, sha256:7603e36884ba0...)
[STATE] idle — round 52 complete: 2 vehicles
[Prune] Removed 3 stale IDs (frame 9200)
[Prune] Removed 1 stale IDs (frame 9300)
[Prune] Removed 2 stale IDs (frame 9400)
[Prune] Removed 2 stale IDs (frame 9600)
[2026-04-16 06:45:15] No round_complete via WS — reading result.json fallback
[2026-04-16 06:45:15] Count complete: 2 vehicles (in=1 out=1)
[2026-04-16 06:45:17] No bets placed — cancelling market
[Prune] Removed 4 stale IDs (frame 9700)
[2026-04-16 06:45:18] Market cancelled: 0x6cf9491C7fA2865Feb7F383A73D567A0A298fFd4 (tx: e7dffb0b75bd341b25930bc6781928fbdef20c946fa0a835829fd7c3bd2b8766)
[2026-04-16 06:45:18] Ably publish OK: market_cancelled
[2026-04-16 06:45:19] Refunds distributed: 0x6cf9491C7fA2865Feb7F383A73D567A0A298fFd4 (tx: 0a1c98d4f7067ed6ae0c27a2e39864b64e003f17e1f4beaf8e01517400ee66e8)
[2026-04-16 06:45:19] Ledger POST failed (non-fatal): HTTP Error 400: Bad Request
[2026-04-16 06:45:19] New threshold: 4 (avg of [7, 2])
[2026-04-16 06:45:19] Waiting 15s before Round #53...
[2026-04-16 06:45:34] Round #53 | Peace Bridge — USA/Canada Border | threshold=4
[Prune] Removed 2 stale IDs (frame 10200)
[2026-04-16 06:45:37] createMarket tx sent: 158676318837b90dbe01231689636c387c46f330ab609dd3965953047dcaf0a0
[2026-04-16 06:45:38] Market created: 0xD89e54b9b9dB90c77Ae534d588F3Ff801AB2cA78 (tx: 158676318837b90dbe01231689636c387c46f330ab609dd3965953047dcaf0a0)
[2026-04-16 06:45:38] Ably publish OK: market_created
[2026-04-16 06:45:38] Counting vehicles for 150s...
[STATE] betting — market=0xD89e54b9... bet=150s count=150s round=53
[LineZone] (307,432) -> (960,432)
[Counter] Line: (579, 10) -> (701, 710)
[2026-04-16 06:45:38] [StreamClient] Round 53 started on stream_server
[Evidence] Saved evidence/1776332738_30s.jpg (69279 bytes, sha256:60bd4c7003945...)
[Prune] Removed 1 stale IDs (frame 1100)
[Prune] Removed 2 stale IDs (frame 1300)
[Prune] Removed 4 stale IDs (frame 1400)
[Prune] Removed 2 stale IDs (frame 1700)
[Evidence] Saved evidence/1776332738_60s.jpg (72547 bytes, sha256:a3e4faacf0092...)
[Prune] Removed 3 stale IDs (frame 2200)
[Prune] Removed 1 stale IDs (frame 2600)
[Evidence] Saved evidence/1776332738_90s.jpg (75624 bytes, sha256:347948f1132ed...)
[Evidence] Saved evidence/1776332738_120s.jpg (71849 bytes, sha256:93346fb7bd839...)
[Prune] Removed 1 stale IDs (frame 3600)
[Prune] Removed 1 stale IDs (frame 3700)
[Prune] Removed 4 stale IDs (frame 4200)
[Prune] Removed 2 stale IDs (frame 4300)
[STATE] counting — market=0xD89e54b9... duration=150s round=53
[Evidence] Saved evidence/1776332738_150s.jpg (82418 bytes, sha256:4005ae299d309...)
[Prune] Removed 2 stale IDs (frame 4800)
[Prune] Removed 4 stale IDs (frame 5100)
[Prune] Removed 1 stale IDs (frame 5200)
[Evidence] Saved evidence/1776332738_180s.jpg (82422 bytes, sha256:95be6bafaf744...)
[Prune] Removed 3 stale IDs (frame 5400)
[Prune] Removed 1 stale IDs (frame 5700)
[Prune] Removed 2 stale IDs (frame 5800)
[Evidence] Saved evidence/1776332738_210s.jpg (85395 bytes, sha256:97f041095fa0f...)
[Prune] Removed 1 stale IDs (frame 7000)
[Evidence] Saved evidence/1776332738_240s.jpg (90856 bytes, sha256:8c88fe66e5698...)
[Prune] Removed 1 stale IDs (frame 7100)
[WS] Client connected (2 total)
[WS] Client disconnected (1 total)
connection handler failed
Traceback (most recent call last):
  File "/home/lumen/miniconda3/lib/python3.13/asyncio/selector_events.py", line 1067, in write
    n = self._sock.send(data)
BrokenPipeError: [Errno 32] Broken pipe

The above exception was the direct cause of the following exception:

Traceback (most recent call last):
  File "/home/lumen/miniconda3/lib/python3.13/site-packages/websockets/asyncio/server.py", line 376, in conn_handler
    await self.handler(connection)
  File "/home/lumen/.gemini/antigravity/scratch/rush/oracle/stream_server.py", line 1261, in handler
    async for msg in ws:
    ...<37 lines>...
            pass
  File "/home/lumen/miniconda3/lib/python3.13/site-packages/websockets/asyncio/connection.py", line 242, in __aiter__
    yield await self.recv()
          ^^^^^^^^^^^^^^^^^
  File "/home/lumen/miniconda3/lib/python3.13/site-packages/websockets/asyncio/connection.py", line 322, in recv
    raise self.protocol.close_exc from self.recv_exc
websockets.exceptions.ConnectionClosedError: no close frame received or sent
[Prune] Removed 2 stale IDs (frame 7900)
[Evidence] Saved evidence/1776332738_270s.jpg (86563 bytes, sha256:6439206612788...)
[Evidence] Saved evidence/1776332738_final.jpg (93619 bytes, sha256:9d56636cf4f96...)
[Evidence] Saved evidence/1776332738_final.jpg (93617 bytes, sha256:c5913e8312af1...)
[Evidence] Saved evidence/1776332738_final.jpg (93490 bytes, sha256:f22baa6332266...)
[STATE] idle — round 53 complete: 11 vehicles
[Prune] Removed 1 stale IDs (frame 8800)
[Prune] Removed 1 stale IDs (frame 8900)
[2026-04-16 06:51:08] No round_complete via WS — reading result.json fallback
[2026-04-16 06:51:08] Count complete: 11 vehicles (in=4 out=7)
[2026-04-16 06:51:10] No bets placed — cancelling market
[2026-04-16 06:51:13] Market cancelled: 0xD89e54b9b9dB90c77Ae534d588F3Ff801AB2cA78 (tx: 2aa567c38efec307e23ca084ba8cb9e3d6672321c379162e079acb1c2cd85f3c)
[2026-04-16 06:51:13] Ably publish OK: market_cancelled
[2026-04-16 06:51:16] Refunds distributed: 0xD89e54b9b9dB90c77Ae534d588F3Ff801AB2cA78 (tx: 2faed22b22338cb7fe6e422d0f8300c6cc85aa4082789ccf108cb89812632443)
[2026-04-16 06:51:16] Ledger POST failed (non-fatal): HTTP Error 400: Bad Request
[2026-04-16 06:51:16] New threshold: 6 (avg of [2, 11])
[2026-04-16 06:51:16] Waiting 15s before Round #54...
[2026-04-16 06:51:31] Round #54 | Peace Bridge — USA/Canada Border | threshold=6
[2026-04-16 06:51:35] createMarket tx sent: d9ae2ac361e03e479b42a8e1cfb09f7255c31aff6c73f20e8934492485cad931
[2026-04-16 06:51:37] Market created: 0xB7D22DE133490dF7DB647a2Ad88ec19ed727b890 (tx: d9ae2ac361e03e479b42a8e1cfb09f7255c31aff6c73f20e8934492485cad931)
[2026-04-16 06:51:38] Ably publish OK: market_created
[2026-04-16 06:51:38] Counting vehicles for 150s...
[STATE] betting — market=0xB7D22DE1... bet=150s count=150s round=54
[LineZone] (307,432) -> (960,432)
[Counter] Line: (579, 10) -> (701, 710)
[2026-04-16 06:51:38] [StreamClient] Round 54 started on stream_server
[Prune] Removed 1 stale IDs (frame 300)
[Prune] Removed 1 stale IDs (frame 800)
[Evidence] Saved evidence/1776333098_30s.jpg (84855 bytes, sha256:22409919fef19...)
[Prune] Removed 1 stale IDs (frame 900)
[Prune] Removed 5 stale IDs (frame 1000)
[Prune] Removed 1 stale IDs (frame 1200)
[Evidence] Saved evidence/1776333098_60s.jpg (94553 bytes, sha256:f3bb6a1bacc22...)
[Evidence] Saved evidence/1776333098_90s.jpg (91411 bytes, sha256:4cf1a39cecc47...)
[Prune] Removed 2 stale IDs (frame 3100)
[Prune] Removed 2 stale IDs (frame 3200)
[Evidence] Saved evidence/1776333098_120s.jpg (93160 bytes, sha256:89cecdd64f84a...)
[Prune] Removed 1 stale IDs (frame 3600)
[Prune] Removed 2 stale IDs (frame 3700)
[Prune] Removed 2 stale IDs (frame 4000)
[STATE] counting — market=0xB7D22DE1... duration=150s round=54
[Evidence] Saved evidence/1776333098_150s.jpg (92445 bytes, sha256:b3679e737af30...)
[Prune] Removed 3 stale IDs (frame 4500)
[Prune] Removed 2 stale IDs (frame 4800)
[Evidence] Saved evidence/1776333098_180s.jpg (88513 bytes, sha256:247d3d41f037e...)
[Prune] Removed 6 stale IDs (frame 5600)
[Prune] Removed 1 stale IDs (frame 5800)
[Prune] Removed 4 stale IDs (frame 5900)
[Prune] Removed 2 stale IDs (frame 6000)
[Evidence] Saved evidence/1776333098_210s.jpg (87800 bytes, sha256:23934c33c37fb...)
[Evidence] Saved evidence/1776333098_240s.jpg (85322 bytes, sha256:7cd2936c1e6fc...)
[Evidence] Saved evidence/1776333098_270s.jpg (87730 bytes, sha256:528238af02a49...)
[Prune] Removed 3 stale IDs (frame 8200)
[Prune] Removed 3 stale IDs (frame 8500)
[Evidence] Saved evidence/1776333098_final.jpg (87882 bytes, sha256:099ab3f06c287...)
[Evidence] Saved evidence/1776333098_final.jpg (87953 bytes, sha256:65c3596d4b6f9...)
[Evidence] Saved evidence/1776333098_final.jpg (87869 bytes, sha256:4782a19a889c6...)
[STATE] idle — round 54 complete: 6 vehicles
[Prune] Removed 2 stale IDs (frame 8900)
[Prune] Removed 3 stale IDs (frame 9000)
[Prune] Removed 4 stale IDs (frame 9200)
[Prune] Removed 6 stale IDs (frame 9300)
[Prune] Removed 1 stale IDs (frame 9400)
[Prune] Removed 4 stale IDs (frame 9600)
[Prune] Removed 1 stale IDs (frame 9700)
[2026-04-16 06:57:08] No round_complete via WS — reading result.json fallback
[2026-04-16 06:57:08] Count complete: 6 vehicles (in=1 out=5)
[2026-04-16 06:57:09] No bets placed — cancelling market
[2026-04-16 06:57:10] Market cancelled: 0xB7D22DE133490dF7DB647a2Ad88ec19ed727b890 (tx: b84e9b1a074c0d3ddb788874fdd222130912f622784f6298aa73dd97f8fe66ac)
[2026-04-16 06:57:10] Ably publish OK: market_cancelled
[Prune] Removed 1 stale IDs (frame 9800)
[2026-04-16 06:57:13] Refunds distributed: 0xB7D22DE133490dF7DB647a2Ad88ec19ed727b890 (tx: 347ea25aa0a6fc342ce48bf3b8ca7ff05fdec8694b27841eed7119a4b3513788)
[2026-04-16 06:57:14] Ledger POST failed (non-fatal): HTTP Error 400: Bad Request
[2026-04-16 06:57:14] New threshold: 8 (avg of [11, 6])
[2026-04-16 06:57:14] Waiting 15s before Round #55...
[Prune] Removed 2 stale IDs (frame 10100)
[Prune] Removed 1 stale IDs (frame 10200)
[2026-04-16 06:57:29] Round #55 | Peace Bridge — USA/Canada Border | threshold=8
[2026-04-16 06:57:32] createMarket tx sent: 62a24cc0dc80a871b62c179bc201a7d9181fca21213e4b9f829d7dcad10f57c2
[2026-04-16 06:57:35] Market created: 0x50AB9164CdFfB2B563C9D031fC36901459Ec8e3B (tx: 62a24cc0dc80a871b62c179bc201a7d9181fca21213e4b9f829d7dcad10f57c2)
[2026-04-16 06:57:35] Ably publish OK: market_created
[2026-04-16 06:57:35] Counting vehicles for 150s...
[STATE] betting — market=0x50AB9164... bet=150s count=150s round=55
[LineZone] (307,432) -> (960,432)
[Counter] Line: (579, 10) -> (701, 710)
[2026-04-16 06:57:35] [StreamClient] Round 55 started on stream_server
[Prune] Removed 3 stale IDs (frame 800)
[Evidence] Saved evidence/1776333455_30s.jpg (82701 bytes, sha256:87f20f9e29bee...)
[Prune] Removed 4 stale IDs (frame 900)
[Prune] Removed 5 stale IDs (frame 1000)
[Prune] Removed 2 stale IDs (frame 1100)
[Prune] Removed 3 stale IDs (frame 1600)
[Evidence] Saved evidence/1776333455_60s.jpg (89796 bytes, sha256:cd59511db1d50...)
[Prune] Removed 4 stale IDs (frame 2600)
[Evidence] Saved evidence/1776333455_90s.jpg (89322 bytes, sha256:7c93adb91e46a...)
[Prune] Removed 3 stale IDs (frame 2800)
[Prune] Removed 1 stale IDs (frame 3000)
[Prune] Removed 2 stale IDs (frame 3100)
[Prune] Removed 2 stale IDs (frame 3300)
[Evidence] Saved evidence/1776333455_120s.jpg (90115 bytes, sha256:f2ac9a6c6a837...)
[Prune] Removed 1 stale IDs (frame 4000)
[Prune] Removed 5 stale IDs (frame 4100)
[Prune] Removed 2 stale IDs (frame 4300)
[STATE] counting — market=0x50AB9164... duration=150s round=55
[Evidence] Saved evidence/1776333455_150s.jpg (89387 bytes, sha256:acb6e2c2330c1...)
[Prune] Removed 2 stale IDs (frame 5100)
[Prune] Removed 1 stale IDs (frame 5200)
[Evidence] Saved evidence/1776333455_180s.jpg (91941 bytes, sha256:2c6113f34e69d...)
[Evidence] Saved evidence/1776333455_210s.jpg (91335 bytes, sha256:3b20a3d73b345...)
[Prune] Removed 1 stale IDs (frame 6600)
[Prune] Removed 3 stale IDs (frame 6700)
[Prune] Removed 1 stale IDs (frame 6800)
[Evidence] Saved evidence/1776333455_240s.jpg (90597 bytes, sha256:c3bb3642b1220...)
[Prune] Removed 2 stale IDs (frame 7300)
[Prune] Removed 1 stale IDs (frame 7600)
[Prune] Removed 1 stale IDs (frame 7700)
[Evidence] Saved evidence/1776333455_270s.jpg (91680 bytes, sha256:d5031a3273a77...)
[Prune] Removed 1 stale IDs (frame 8800)
[Evidence] Saved evidence/1776333455_final.jpg (91802 bytes, sha256:44dcb211b0a14...)
[Evidence] Saved evidence/1776333455_final.jpg (91756 bytes, sha256:bca6a240b4dfd...)
[Evidence] Saved evidence/1776333455_final.jpg (91662 bytes, sha256:74385289009b8...)
[Evidence] Saved evidence/1776333455_final.jpg (91657 bytes, sha256:4f601bee5be6d...)
[STATE] idle — round 55 complete: 11 vehicles
[Prune] Removed 1 stale IDs (frame 8900)
[2026-04-16 07:03:05] No round_complete via WS — reading result.json fallback
[2026-04-16 07:03:05] Count complete: 11 vehicles (in=2 out=9)
[2026-04-16 07:03:07] No bets placed — cancelling market
[Prune] Removed 1 stale IDs (frame 9800)
[2026-04-16 07:03:10] Market cancelled: 0x50AB9164CdFfB2B563C9D031fC36901459Ec8e3B (tx: 4a9ef882a16f27f76761b7b76ac35b8acb96c2f4ddaadd060394e576a8e33b4d)
[2026-04-16 07:03:10] Ably publish OK: market_cancelled
[2026-04-16 07:03:11] Refunds distributed: 0x50AB9164CdFfB2B563C9D031fC36901459Ec8e3B (tx: 29f21c514bb3c8552e4e6abc63d30eed356837b64615720e2f26dd7905fca1da)
[2026-04-16 07:03:11] Ledger POST failed (non-fatal): HTTP Error 400: Bad Request
[2026-04-16 07:03:11] New threshold: 8 (avg of [6, 11])
[2026-04-16 07:03:11] Waiting 15s before Round #56...
[Prune] Removed 4 stale IDs (frame 9900)
[Prune] Removed 5 stale IDs (frame 10000)
[Prune] Removed 3 stale IDs (frame 10100)
[Prune] Removed 2 stale IDs (frame 10200)
[2026-04-16 07:03:26] Round #56 | Peace Bridge — USA/Canada Border | threshold=8
[2026-04-16 07:03:28] createMarket tx sent: 33e8c5c86360cf124ac8ec96d5f70f17936a3c80fcec7f08e217d43d7ab48759
[WS] Client connected (2 total)
[2026-04-16 07:03:30] Market created: 0x75A7c197580F470a49afe1AfF415ac6643dD59FD (tx: 33e8c5c86360cf124ac8ec96d5f70f17936a3c80fcec7f08e217d43d7ab48759)
[2026-04-16 07:03:31] Ably publish OK: market_created
[2026-04-16 07:03:31] Counting vehicles for 150s...
[STATE] betting — market=0x75A7c197... bet=150s count=150s round=56
[LineZone] (307,432) -> (960,432)
[Counter] Line: (579, 10) -> (701, 710)
[2026-04-16 07:03:31] [StreamClient] Round 56 started on stream_server
[WS] Client disconnected (1 total)
[Prune] Removed 2 stale IDs (frame 300)
[WS] Client connected (2 total)
[WS] Client disconnected (1 total)
[Evidence] Saved evidence/1776333811_30s.jpg (95284 bytes, sha256:c2f605c2354ce...)
[Prune] Removed 4 stale IDs (frame 1300)
[Evidence] Saved evidence/1776333811_60s.jpg (98955 bytes, sha256:594c538df7593...)
[Prune] Removed 2 stale IDs (frame 1800)
[WS] Client connected (2 total)
[WS] Client disconnected (1 total)
connection handler failed
Traceback (most recent call last):
  File "/home/lumen/miniconda3/lib/python3.13/asyncio/selector_events.py", line 1067, in write
    n = self._sock.send(data)
BrokenPipeError: [Errno 32] Broken pipe

The above exception was the direct cause of the following exception:

Traceback (most recent call last):
  File "/home/lumen/miniconda3/lib/python3.13/site-packages/websockets/asyncio/server.py", line 376, in conn_handler
    await self.handler(connection)
  File "/home/lumen/.gemini/antigravity/scratch/rush/oracle/stream_server.py", line 1261, in handler
    async for msg in ws:
    ...<37 lines>...
            pass
  File "/home/lumen/miniconda3/lib/python3.13/site-packages/websockets/asyncio/connection.py", line 242, in __aiter__
    yield await self.recv()
          ^^^^^^^^^^^^^^^^^
  File "/home/lumen/miniconda3/lib/python3.13/site-packages/websockets/asyncio/connection.py", line 322, in recv
    raise self.protocol.close_exc from self.recv_exc
websockets.exceptions.ConnectionClosedError: no close frame received or sent
[Evidence] Saved evidence/1776333811_90s.jpg (98858 bytes, sha256:eb80efc57ffdc...)
[Prune] Removed 2 stale IDs (frame 2900)
[Prune] Removed 1 stale IDs (frame 3000)
[Evidence] Saved evidence/1776333811_120s.jpg (91917 bytes, sha256:9d86f6c3a4a89...)
[Prune] Removed 2 stale IDs (frame 3600)
[Prune] Removed 1 stale IDs (frame 3700)
[Prune] Removed 1 stale IDs (frame 3800)
[Prune] Removed 3 stale IDs (frame 3900)
[Prune] Removed 1 stale IDs (frame 4000)
[Prune] Removed 4 stale IDs (frame 4100)
[STATE] counting — market=0x75A7c197... duration=150s round=56
[Evidence] Saved evidence/1776333811_150s.jpg (98344 bytes, sha256:fbb12e3c94241...)
[Evidence] Saved evidence/1776333811_180s.jpg (99238 bytes, sha256:db5950efe563f...)
[Prune] Removed 1 stale IDs (frame 5800)
[Prune] Removed 2 stale IDs (frame 5900)
[Evidence] Saved evidence/1776333811_210s.jpg (94333 bytes, sha256:f5d0b4024589e...)
[Prune] Removed 1 stale IDs (frame 6400)
[Prune] Removed 1 stale IDs (frame 6500)
[Prune] Removed 2 stale IDs (frame 6600)
[Evidence] Saved evidence/1776333811_240s.jpg (99431 bytes, sha256:06cdd0ff22d86...)
[Evidence] Saved evidence/1776333811_270s.jpg (99054 bytes, sha256:87dafde63bdaf...)
[Evidence] Saved evidence/1776333811_final.jpg (100655 bytes, sha256:118493081c3e7...)
[Evidence] Saved evidence/1776333811_final.jpg (100630 bytes, sha256:fca3d067584ae...)
[Evidence] Saved evidence/1776333811_final.jpg (100575 bytes, sha256:e2f8a6c702687...)
[Evidence] Saved evidence/1776333811_final.jpg (100573 bytes, sha256:5806234697573...)
[STATE] idle — round 56 complete: 8 vehicles
[Prune] Removed 3 stale IDs (frame 9100)
[2026-04-16 07:09:01] No round_complete via WS — reading result.json fallback
[2026-04-16 07:09:01] Count complete: 8 vehicles (in=3 out=5)
[2026-04-16 07:09:03] No bets placed — cancelling market
[2026-04-16 07:09:03] Market cancelled: 0x75A7c197580F470a49afe1AfF415ac6643dD59FD (tx: c86f24374d597d2c569fd3789c752383bd85288caaaa2f17cd1c212b07dd1e1c)
[2026-04-16 07:09:03] Ably publish OK: market_cancelled
[2026-04-16 07:09:06] Refunds distributed: 0x75A7c197580F470a49afe1AfF415ac6643dD59FD (tx: d8aa4ebb3ab56f708d1ffe4ffa11ab4968ca5e58363f48d61f4f22051d838f2a)
[2026-04-16 07:09:07] Ledger POST failed (non-fatal): HTTP Error 400: Bad Request
[2026-04-16 07:09:07] New threshold: 9 (avg of [11, 8])
[2026-04-16 07:09:07] Waiting 15s before Round #57...
[Prune] Removed 5 stale IDs (frame 10000)
[Prune] Removed 6 stale IDs (frame 10100)
[Prune] Removed 2 stale IDs (frame 10200)
[Prune] Removed 2 stale IDs (frame 10300)
[2026-04-16 07:09:22] Round #57 | Peace Bridge — USA/Canada Border | threshold=9
[2026-04-16 07:09:23] createMarket tx sent: 7427e1160784f857ed1b54ca13fdb4ec05a949a85c739eb24a5c88599f0182fc
[2026-04-16 07:09:23] Market created: 0x1E4a3aF91935f7C6DAd9C47d7C1c0491E1e37c61 (tx: 7427e1160784f857ed1b54ca13fdb4ec05a949a85c739eb24a5c88599f0182fc)
[2026-04-16 07:09:24] Ably publish OK: market_created
[2026-04-16 07:09:24] Counting vehicles for 150s...
[STATE] betting — market=0x1E4a3aF9... bet=150s count=150s round=57
[LineZone] (307,432) -> (960,432)
[Counter] Line: (579, 10) -> (701, 710)
[2026-04-16 07:09:24] [StreamClient] Round 57 started on stream_server
[Prune] Removed 4 stale IDs (frame 400)
[Prune] Removed 4 stale IDs (frame 500)
[Prune] Removed 4 stale IDs (frame 600)
[Prune] Removed 1 stale IDs (frame 700)
[Prune] Removed 2 stale IDs (frame 800)
[Evidence] Saved evidence/1776334164_30s.jpg (92135 bytes, sha256:f292cd1a12e8a...)
[Evidence] Saved evidence/1776334164_60s.jpg (102679 bytes, sha256:30bdb70ce94d1...)
[Evidence] Saved evidence/1776334164_90s.jpg (105615 bytes, sha256:96a79ef0e1a0f...)
[WS] Client connected (2 total)
[Prune] Removed 2 stale IDs (frame 3200)
[Prune] Removed 3 stale IDs (frame 3300)
[Evidence] Saved evidence/1776334164_120s.jpg (104327 bytes, sha256:40398f070dfdd...)
[Prune] Removed 2 stale IDs (frame 3600)
[WS] Client disconnected (1 total)
[STATE] counting — market=0x1E4a3aF9... duration=150s round=57
[Evidence] Saved evidence/1776334164_150s.jpg (102090 bytes, sha256:2e5daff799bd4...)
[Prune] Removed 1 stale IDs (frame 5000)
[Prune] Removed 3 stale IDs (frame 5100)
[Prune] Removed 1 stale IDs (frame 5200)
[Evidence] Saved evidence/1776334164_180s.jpg (99298 bytes, sha256:f4efaed5dff79...)
[Prune] Removed 1 stale IDs (frame 5400)
[Prune] Removed 4 stale IDs (frame 6000)
[Evidence] Saved evidence/1776334164_210s.jpg (104161 bytes, sha256:afaa9c04be22d...)
[Evidence] Saved evidence/1776334164_240s.jpg (105952 bytes, sha256:4a83408e5e1f0...)
[Prune] Removed 2 stale IDs (frame 7800)
[Evidence] Saved evidence/1776334164_270s.jpg (102314 bytes, sha256:1df022098c200...)
[Prune] Removed 1 stale IDs (frame 8100)
[Prune] Removed 5 stale IDs (frame 8200)
[Prune] Removed 2 stale IDs (frame 8400)
[Evidence] Saved evidence/1776334164_final.jpg (104849 bytes, sha256:4cd024eae964d...)
[Evidence] Saved evidence/1776334164_final.jpg (104847 bytes, sha256:7836510430eb7...)
[Evidence] Saved evidence/1776334164_final.jpg (104870 bytes, sha256:93b6157e27d14...)
[STATE] idle — round 57 complete: 8 vehicles
[Prune] Removed 1 stale IDs (frame 9300)
[Prune] Removed 1 stale IDs (frame 9400)
[2026-04-16 07:14:54] No round_complete via WS — reading result.json fallback
[2026-04-16 07:14:54] Count complete: 8 vehicles (in=0 out=8)
[2026-04-16 07:14:56] No bets placed — cancelling market
[Prune] Removed 1 stale IDs (frame 9700)
[2026-04-16 07:14:59] Market cancelled: 0x1E4a3aF91935f7C6DAd9C47d7C1c0491E1e37c61 (tx: 661b7aa7446e266b16b01dee7b308b8cc1ada00cc403e5bb25ed11f3eb8d1415)
[2026-04-16 07:14:59] Ably publish OK: market_cancelled
[2026-04-16 07:15:00] Refunds distributed: 0x1E4a3aF91935f7C6DAd9C47d7C1c0491E1e37c61 (tx: a3b5da4dd19a6991af445f6f1a6e78f7e9e27b6162664a881793aedf23ae68ae)
[2026-04-16 07:15:00] Ledger POST failed (non-fatal): HTTP Error 400: Bad Request
[2026-04-16 07:15:00] New threshold: 8 (avg of [8, 8])
[2026-04-16 07:15:00] Waiting 15s before Round #58...
[Prune] Removed 3 stale IDs (frame 9800)
[Prune] Removed 2 stale IDs (frame 10000)
[Prune] Removed 1 stale IDs (frame 10100)
[2026-04-16 07:15:15] Round #58 | Peace Bridge — USA/Canada Border | threshold=8
[2026-04-16 07:15:18] createMarket tx sent: 086fdb42458e43162ee56fe076144de32acf417c0287f21afc7eb698d51a6254
[2026-04-16 07:15:21] Market created: 0x7FEE9ce0d7D5dB22E7f42A19FC617DFA8fbAc13E (tx: 086fdb42458e43162ee56fe076144de32acf417c0287f21afc7eb698d51a6254)
[2026-04-16 07:15:21] Ably publish OK: market_created
[2026-04-16 07:15:21] Counting vehicles for 150s...
[STATE] betting — market=0x7FEE9ce0... bet=150s count=150s round=58
[LineZone] (307,432) -> (960,432)
[Counter] Line: (579, 10) -> (701, 710)
[2026-04-16 07:15:21] [StreamClient] Round 58 started on stream_server
[Evidence] Saved evidence/1776334521_30s.jpg (98486 bytes, sha256:f3aa1ea6af953...)
[Prune] Removed 1 stale IDs (frame 900)
[Prune] Removed 2 stale IDs (frame 1000)
[Prune] Removed 1 stale IDs (frame 1100)
[Prune] Removed 2 stale IDs (frame 1200)
[WS] Client connected (2 total)
[WS] Client connected (3 total)
[WS] Client disconnected (1 total)
[Prune] Removed 2 stale IDs (frame 1600)
[WS] Client disconnected (1 total)
connection handler failed
Traceback (most recent call last):
  File "/home/lumen/miniconda3/lib/python3.13/site-packages/websockets/asyncio/server.py", line 376, in conn_handler
    await self.handler(connection)
  File "/home/lumen/.gemini/antigravity/scratch/rush/oracle/stream_server.py", line 1261, in handler
    async for msg in ws:
    ...<37 lines>...
            pass
  File "/home/lumen/miniconda3/lib/python3.13/site-packages/websockets/asyncio/connection.py", line 242, in __aiter__
    yield await self.recv()
          ^^^^^^^^^^^^^^^^^
  File "/home/lumen/miniconda3/lib/python3.13/site-packages/websockets/asyncio/connection.py", line 322, in recv
    raise self.protocol.close_exc from self.recv_exc
websockets.exceptions.ConnectionClosedError: no close frame received or sent
[Evidence] Saved evidence/1776334521_60s.jpg (95175 bytes, sha256:c3c5a6d17dcc4...)
[Prune] Removed 1 stale IDs (frame 1800)
[Evidence] Saved evidence/1776334521_90s.jpg (106714 bytes, sha256:e15c969e8f644...)
[Prune] Removed 2 stale IDs (frame 3000)
[Evidence] Saved evidence/1776334521_120s.jpg (109538 bytes, sha256:3cadc950d856b...)
[STATE] counting — market=0x7FEE9ce0... duration=150s round=58
[Evidence] Saved evidence/1776334521_150s.jpg (111426 bytes, sha256:b3f268e932f44...)
[Prune] Removed 1 stale IDs (frame 5000)
[Prune] Removed 3 stale IDs (frame 5200)
[Evidence] Saved evidence/1776334521_180s.jpg (109375 bytes, sha256:1557f641c2aac...)
[Prune] Removed 3 stale IDs (frame 5300)
[Prune] Removed 1 stale IDs (frame 5600)
[Prune] Removed 4 stale IDs (frame 5700)
[Prune] Removed 1 stale IDs (frame 5800)
[Prune] Removed 2 stale IDs (frame 6100)
[Evidence] Saved evidence/1776334521_210s.jpg (111097 bytes, sha256:bd7813992b842...)
[Prune] Removed 2 stale IDs (frame 6300)
[Prune] Removed 1 stale IDs (frame 6500)
[Prune] Removed 2 stale IDs (frame 6600)
[Evidence] Saved evidence/1776334521_240s.jpg (110416 bytes, sha256:75553c5d89a53...)
[Prune] Removed 2 stale IDs (frame 7900)
[Evidence] Saved evidence/1776334521_270s.jpg (111231 bytes, sha256:f77c554e86efd...)
[Prune] Removed 1 stale IDs (frame 8000)
[Prune] Removed 3 stale IDs (frame 8100)
[Prune] Removed 2 stale IDs (frame 8200)
[Prune] Removed 2 stale IDs (frame 8700)
[Evidence] Saved evidence/1776334521_final.jpg (104057 bytes, sha256:744e5e5a2f9d9...)
[Evidence] Saved evidence/1776334521_final.jpg (104005 bytes, sha256:c6824013b603d...)
[Evidence] Saved evidence/1776334521_final.jpg (103970 bytes, sha256:5c7f93e7d59d0...)
[Evidence] Saved evidence/1776334521_final.jpg (103976 bytes, sha256:819966630443a...)
[STATE] idle — round 58 complete: 13 vehicles
[Prune] Removed 1 stale IDs (frame 8900)
[Prune] Removed 1 stale IDs (frame 9100)
[Prune] Removed 2 stale IDs (frame 9200)
[Prune] Removed 1 stale IDs (frame 9400)
[2026-04-16 07:20:51] No round_complete via WS — reading result.json fallback
[2026-04-16 07:20:51] Count complete: 13 vehicles (in=2 out=11)
[2026-04-16 07:20:53] No bets placed — cancelling market
[2026-04-16 07:20:54] Market cancelled: 0x7FEE9ce0d7D5dB22E7f42A19FC617DFA8fbAc13E (tx: cb64f20e6b33ec616237f99a840ef46fe4b929aa2efe5cc3d8981668e5168ea7)
[2026-04-16 07:20:54] Ably publish OK: market_cancelled
[2026-04-16 07:20:55] Refunds distributed: 0x7FEE9ce0d7D5dB22E7f42A19FC617DFA8fbAc13E (tx: fac60d476bcef215080bdca7c102de4b10da8d36c214aaf98088eaee31559970)
[2026-04-16 07:20:55] Ledger POST failed (non-fatal): HTTP Error 400: Bad Request
[2026-04-16 07:20:55] New threshold: 10 (avg of [8, 13])
[2026-04-16 07:20:55] Waiting 15s before Round #59...
[2026-04-16 07:21:10] Round #59 | Peace Bridge — USA/Canada Border | threshold=10
[2026-04-16 07:21:14] createMarket tx sent: 6760a427855b4fc82ba8cbb556c6b6a6a8d11f1c4d4b1cab7d38f4aa09f5b8b2
[2026-04-16 07:21:14] Market created: 0x5d66f4d376b49112220c8CBd320aB4ED85496B9F (tx: 6760a427855b4fc82ba8cbb556c6b6a6a8d11f1c4d4b1cab7d38f4aa09f5b8b2)
[2026-04-16 07:21:15] Ably publish OK: market_created
[2026-04-16 07:21:15] Counting vehicles for 150s...
[STATE] betting — market=0x5d66f4d3... bet=150s count=150s round=59
[LineZone] (307,432) -> (960,432)
[Counter] Line: (579, 10) -> (701, 710)
[2026-04-16 07:21:15] [StreamClient] Round 59 started on stream_server
[Prune] Removed 3 stale IDs (frame 400)
[Prune] Removed 5 stale IDs (frame 500)
[Prune] Removed 3 stale IDs (frame 600)
[Prune] Removed 2 stale IDs (frame 700)
[Evidence] Saved evidence/1776334875_30s.jpg (114982 bytes, sha256:118417872ef44...)
[Prune] Removed 3 stale IDs (frame 1000)
[Prune] Removed 1 stale IDs (frame 1200)
[Prune] Removed 1 stale IDs (frame 1400)
[Prune] Removed 1 stale IDs (frame 1500)
[Prune] Removed 3 stale IDs (frame 1600)
[Prune] Removed 6 stale IDs (frame 1700)
[Evidence] Saved evidence/1776334875_60s.jpg (101910 bytes, sha256:58d80cfb70615...)
[Prune] Removed 1 stale IDs (frame 2100)
[Prune] Removed 1 stale IDs (frame 2200)
[Prune] Removed 4 stale IDs (frame 2400)
[Prune] Removed 2 stale IDs (frame 2500)
[Evidence] Saved evidence/1776334875_90s.jpg (103897 bytes, sha256:d294a226558b3...)
[Prune] Removed 2 stale IDs (frame 2700)
[Prune] Removed 2 stale IDs (frame 3300)
[Prune] Removed 1 stale IDs (frame 3500)
[Evidence] Saved evidence/1776334875_120s.jpg (106597 bytes, sha256:237d3dda4e0cb...)
[Prune] Removed 2 stale IDs (frame 3600)
[Prune] Removed 1 stale IDs (frame 3700)
[Prune] Removed 3 stale IDs (frame 3800)
[Prune] Removed 1 stale IDs (frame 3900)
[Prune] Removed 3 stale IDs (frame 4000)
[Prune] Removed 1 stale IDs (frame 4100)
[Prune] Removed 2 stale IDs (frame 4200)
[Prune] Removed 2 stale IDs (frame 4300)
[STATE] counting — market=0x5d66f4d3... duration=150s round=59
[Evidence] Saved evidence/1776334875_150s.jpg (111462 bytes, sha256:7e3cca3a224da...)
[Prune] Removed 1 stale IDs (frame 4600)
[Prune] Removed 2 stale IDs (frame 4700)
[Prune] Removed 1 stale IDs (frame 4900)
[Prune] Removed 2 stale IDs (frame 5000)
[Prune] Removed 1 stale IDs (frame 5100)
[Evidence] Saved evidence/1776334875_180s.jpg (108301 bytes, sha256:bb139b95401fa...)
[Prune] Removed 1 stale IDs (frame 5300)
[Prune] Removed 5 stale IDs (frame 5400)
[Prune] Removed 6 stale IDs (frame 5500)
[Prune] Removed 3 stale IDs (frame 5600)
[Prune] Removed 1 stale IDs (frame 5700)
[Prune] Removed 4 stale IDs (frame 5800)
[Prune] Removed 1 stale IDs (frame 5900)
[Prune] Removed 3 stale IDs (frame 6000)
[Prune] Removed 2 stale IDs (frame 6100)
[Evidence] Saved evidence/1776334875_210s.jpg (116282 bytes, sha256:6d7195b0822da...)
[Prune] Removed 1 stale IDs (frame 6900)
[Prune] Removed 1 stale IDs (frame 7000)
[Evidence] Saved evidence/1776334875_240s.jpg (116816 bytes, sha256:e34514aab5ee3...)
[Prune] Removed 1 stale IDs (frame 7500)
[Prune] Removed 3 stale IDs (frame 7600)
[Prune] Removed 1 stale IDs (frame 7700)
[Prune] Removed 2 stale IDs (frame 7900)
[Evidence] Saved evidence/1776334875_270s.jpg (110810 bytes, sha256:57460af801105...)
[Prune] Removed 1 stale IDs (frame 8000)
[Prune] Removed 1 stale IDs (frame 8100)
[Prune] Removed 2 stale IDs (frame 8500)
[Evidence] Saved evidence/1776334875_final.jpg (111554 bytes, sha256:0102cd440aa15...)
[Evidence] Saved evidence/1776334875_final.jpg (111516 bytes, sha256:d4fd2fabcbb69...)
[Evidence] Saved evidence/1776334875_final.jpg (111521 bytes, sha256:d6d309c22b51c...)
[Evidence] Saved evidence/1776334875_final.jpg (111529 bytes, sha256:5eb9ba9097003...)
[STATE] idle — round 59 complete: 30 vehicles
[2026-04-16 07:26:45] No round_complete via WS — reading result.json fallback
[2026-04-16 07:26:45] Count complete: 30 vehicles (in=9 out=21)
[2026-04-16 07:26:47] No bets placed — cancelling market
[2026-04-16 07:26:47] Market cancelled: 0x5d66f4d376b49112220c8CBd320aB4ED85496B9F (tx: 69ffc8007a93063b4669aab11866920a24573d8bf115f8cdbb39baa47b7221ef)
[2026-04-16 07:26:48] Ably publish OK: market_cancelled
[Prune] Removed 3 stale IDs (frame 9800)
[2026-04-16 07:26:51] Refunds distributed: 0x5d66f4d376b49112220c8CBd320aB4ED85496B9F (tx: 81c904b044c8308dd03e233c1935e0ceca40d269589b4048db6640c929337278)
[2026-04-16 07:26:51] Ledger POST failed (non-fatal): HTTP Error 400: Bad Request
[2026-04-16 07:26:51] New threshold: 21 (avg of [13, 30])
[2026-04-16 07:26:51] Waiting 15s before Round #60...
[Prune] Removed 1 stale IDs (frame 10000)
[2026-04-16 07:27:06] Round #60 | Peace Bridge — USA/Canada Border | threshold=21
[2026-04-16 07:27:10] createMarket tx sent: 3473c30b27078707279111882cfc046a5db804c26a1a05ec3726b6bcd85d1727
[2026-04-16 07:27:12] Market created: 0x2a6b442EaB03a756860Cd95dC8A6adcE8D276b9e (tx: 3473c30b27078707279111882cfc046a5db804c26a1a05ec3726b6bcd85d1727)
[2026-04-16 07:27:13] Ably publish OK: market_created
[2026-04-16 07:27:13] Counting vehicles for 150s...
[STATE] betting — market=0x2a6b442E... bet=150s count=150s round=60
[LineZone] (307,432) -> (960,432)
[Counter] Line: (579, 10) -> (701, 710)
[2026-04-16 07:27:13] [StreamClient] Round 60 started on stream_server
[Prune] Removed 1 stale IDs (frame 200)
[Prune] Removed 4 stale IDs (frame 300)
[Prune] Removed 2 stale IDs (frame 400)
[Prune] Removed 3 stale IDs (frame 600)
[Prune] Removed 7 stale IDs (frame 700)
[Prune] Removed 6 stale IDs (frame 800)
[Evidence] Saved evidence/1776335233_30s.jpg (101197 bytes, sha256:7c0d6fae37fb2...)
[Prune] Removed 1 stale IDs (frame 900)
[Prune] Removed 1 stale IDs (frame 1000)
[Prune] Removed 2 stale IDs (frame 1100)
[Prune] Removed 1 stale IDs (frame 1200)
[Prune] Removed 1 stale IDs (frame 1400)
[Evidence] Saved evidence/1776335233_60s.jpg (118382 bytes, sha256:d6bd7566b457b...)
[Prune] Removed 3 stale IDs (frame 2200)
[Prune] Removed 4 stale IDs (frame 2300)
[Prune] Removed 2 stale IDs (frame 2400)
[Prune] Removed 2 stale IDs (frame 2500)
[Prune] Removed 4 stale IDs (frame 2600)
[Evidence] Saved evidence/1776335233_90s.jpg (105303 bytes, sha256:a1b9f76130afc...)
[Prune] Removed 2 stale IDs (frame 2800)
[Prune] Removed 4 stale IDs (frame 2900)
[Prune] Removed 4 stale IDs (frame 3000)
[Prune] Removed 3 stale IDs (frame 3100)
[Evidence] Saved evidence/1776335233_120s.jpg (119708 bytes, sha256:8cee531f1e96f...)
[Prune] Removed 2 stale IDs (frame 4000)
[Prune] Removed 4 stale IDs (frame 4100)
[Prune] Removed 4 stale IDs (frame 4200)
[Prune] Removed 1 stale IDs (frame 4300)
[STATE] counting — market=0x2a6b442E... duration=150s round=60
[Evidence] Saved evidence/1776335233_150s.jpg (118168 bytes, sha256:6c26c763202a7...)
[Prune] Removed 1 stale IDs (frame 4900)
[Prune] Removed 3 stale IDs (frame 5000)
[Prune] Removed 5 stale IDs (frame 5100)
[Prune] Removed 3 stale IDs (frame 5200)
[Evidence] Saved evidence/1776335233_180s.jpg (116172 bytes, sha256:5fe0fff306f21...)
[Prune] Removed 1 stale IDs (frame 5500)
[Prune] Removed 5 stale IDs (frame 5600)
[Prune] Removed 3 stale IDs (frame 5700)
[Prune] Removed 3 stale IDs (frame 5800)
[Prune] Removed 1 stale IDs (frame 6100)
[Evidence] Saved evidence/1776335233_210s.jpg (102662 bytes, sha256:1fe79f219462a...)
[Prune] Removed 1 stale IDs (frame 6300)
[Prune] Removed 1 stale IDs (frame 6600)
[Prune] Removed 1 stale IDs (frame 6700)
[Prune] Removed 3 stale IDs (frame 6800)
[Prune] Removed 1 stale IDs (frame 6900)
[Prune] Removed 3 stale IDs (frame 7000)
[Evidence] Saved evidence/1776335233_240s.jpg (113036 bytes, sha256:ae101c449889d...)
[Prune] Removed 1 stale IDs (frame 7100)
[Prune] Removed 1 stale IDs (frame 7300)
[Prune] Removed 2 stale IDs (frame 7400)
[Prune] Removed 2 stale IDs (frame 7500)
[Prune] Removed 3 stale IDs (frame 7600)
[Prune] Removed 1 stale IDs (frame 7800)
[Evidence] Saved evidence/1776335233_270s.jpg (116216 bytes, sha256:ac635d930ceca...)
[Prune] Removed 1 stale IDs (frame 8000)
[Prune] Removed 4 stale IDs (frame 8600)
[Prune] Removed 1 stale IDs (frame 8700)
[Evidence] Saved evidence/1776335233_final.jpg (124235 bytes, sha256:499ba529f4124...)
[Evidence] Saved evidence/1776335233_final.jpg (124115 bytes, sha256:5910aa39c234a...)
[Evidence] Saved evidence/1776335233_final.jpg (124057 bytes, sha256:991add37b40d3...)
[STATE] idle — round 60 complete: 32 vehicles
[Prune] Removed 1 stale IDs (frame 8800)
[Prune] Removed 1 stale IDs (frame 8900)
[Prune] Removed 2 stale IDs (frame 9300)
[Prune] Removed 2 stale IDs (frame 9400)
[Prune] Removed 1 stale IDs (frame 9500)
[2026-04-16 07:32:43] No round_complete via WS — reading result.json fallback
[2026-04-16 07:32:43] Count complete: 32 vehicles (in=2 out=30)
[2026-04-16 07:32:44] No bets placed — cancelling market
[Prune] Removed 1 stale IDs (frame 9700)
[2026-04-16 07:32:45] Market cancelled: 0x2a6b442EaB03a756860Cd95dC8A6adcE8D276b9e (tx: 3db80f9d847cd8af1c8ceb119db690968e1bb38bf9724d7429fed6fe7912a8b5)
[2026-04-16 07:32:45] Ably publish OK: market_cancelled
[2026-04-16 07:32:46] Refunds distributed: 0x2a6b442EaB03a756860Cd95dC8A6adcE8D276b9e (tx: 55cda158aead2f76b1586a0502e802b2bfa0127269b835482223b27995e549a1)
[2026-04-16 07:32:46] Ledger POST failed (non-fatal): HTTP Error 400: Bad Request
[2026-04-16 07:32:46] New threshold: 31 (avg of [30, 32])
[2026-04-16 07:32:46] Waiting 15s before Round #61...
[2026-04-16 07:33:01] Round #61 | Peace Bridge — USA/Canada Border | threshold=31
[2026-04-16 07:33:03] createMarket tx sent: 8ba94615062a6fe27c0170c052ea6ee0a60592800665f7e44fbc8faeba753b55
[2026-04-16 07:33:03] Market created: 0xA3F775819B8DCEAb7F729289132df68903e02444 (tx: 8ba94615062a6fe27c0170c052ea6ee0a60592800665f7e44fbc8faeba753b55)
[2026-04-16 07:33:04] Ably publish OK: market_created
[2026-04-16 07:33:04] Counting vehicles for 150s...
[STATE] betting — market=0xA3F77581... bet=150s count=150s round=61
[2026-04-16 07:33:04] [StreamClient] Round 61 started on stream_server
[LineZone] (307,432) -> (960,432)
[Counter] Line: (579, 10) -> (701, 710)
[Prune] Removed 1 stale IDs (frame 100)
[Prune] Removed 2 stale IDs (frame 200)
[Prune] Removed 2 stale IDs (frame 300)
[Prune] Removed 2 stale IDs (frame 400)
[Prune] Removed 2 stale IDs (frame 500)
[Evidence] Saved evidence/1776335584_30s.jpg (124212 bytes, sha256:e107b17d13b8a...)
[Prune] Removed 4 stale IDs (frame 900)
[Prune] Removed 4 stale IDs (frame 1000)
[Prune] Removed 7 stale IDs (frame 1100)
[Prune] Removed 2 stale IDs (frame 1200)
[Prune] Removed 1 stale IDs (frame 1300)
[Prune] Removed 1 stale IDs (frame 1500)
[Evidence] Saved evidence/1776335584_60s.jpg (134903 bytes, sha256:bbd905db610ea...)
[Prune] Removed 1 stale IDs (frame 2100)
[Prune] Removed 2 stale IDs (frame 2200)
[Prune] Removed 4 stale IDs (frame 2400)
[Prune] Removed 2 stale IDs (frame 2500)
[Prune] Removed 2 stale IDs (frame 2600)
[Evidence] Saved evidence/1776335584_90s.jpg (134368 bytes, sha256:3521ccf4e0e9e...)
[Prune] Removed 1 stale IDs (frame 3100)
[Prune] Removed 2 stale IDs (frame 3200)
[Evidence] Saved evidence/1776335584_120s.jpg (126623 bytes, sha256:42866b56f645e...)
[Prune] Removed 2 stale IDs (frame 3800)
[Prune] Removed 2 stale IDs (frame 3900)
[WS] Client connected (2 total)
[Prune] Removed 4 stale IDs (frame 4000)
[Prune] Removed 1 stale IDs (frame 4200)
[Prune] Removed 1 stale IDs (frame 4300)
[STATE] counting — market=0xA3F77581... duration=150s round=61
[Evidence] Saved evidence/1776335584_150s.jpg (119500 bytes, sha256:aeebc391dabc0...)
[Prune] Removed 6 stale IDs (frame 4400)
[Prune] Removed 4 stale IDs (frame 4500)
[Prune] Removed 1 stale IDs (frame 4700)
[Prune] Removed 1 stale IDs (frame 4900)
[Prune] Removed 1 stale IDs (frame 5100)
[Prune] Removed 1 stale IDs (frame 5200)
[Evidence] Saved evidence/1776335584_180s.jpg (127237 bytes, sha256:19f4073b60de8...)
[Prune] Removed 1 stale IDs (frame 5300)
[Prune] Removed 1 stale IDs (frame 5700)
[Prune] Removed 2 stale IDs (frame 5800)
[Prune] Removed 2 stale IDs (frame 5900)
[Prune] Removed 2 stale IDs (frame 6000)
[Prune] Removed 1 stale IDs (frame 6100)
[Evidence] Saved evidence/1776335584_210s.jpg (125806 bytes, sha256:abe55f5b9fa9b...)
[Prune] Removed 2 stale IDs (frame 6500)
[Prune] Removed 1 stale IDs (frame 6600)
[Evidence] Saved evidence/1776335584_240s.jpg (141268 bytes, sha256:2873b20f5ab7d...)
[WS] Client disconnected (1 total)
connection handler failed
Traceback (most recent call last):
  File "/home/lumen/miniconda3/lib/python3.13/asyncio/selector_events.py", line 1005, in _read_ready__data_received
    data = self._sock.recv(self.max_size)
ConnectionResetError: [Errno 104] Connection reset by peer

The above exception was the direct cause of the following exception:

Traceback (most recent call last):
  File "/home/lumen/miniconda3/lib/python3.13/site-packages/websockets/asyncio/server.py", line 376, in conn_handler
    await self.handler(connection)
  File "/home/lumen/.gemini/antigravity/scratch/rush/oracle/stream_server.py", line 1261, in handler
    async for msg in ws:
    ...<37 lines>...
            pass
  File "/home/lumen/miniconda3/lib/python3.13/site-packages/websockets/asyncio/connection.py", line 242, in __aiter__
    yield await self.recv()
          ^^^^^^^^^^^^^^^^^
  File "/home/lumen/miniconda3/lib/python3.13/site-packages/websockets/asyncio/connection.py", line 322, in recv
    raise self.protocol.close_exc from self.recv_exc
websockets.exceptions.ConnectionClosedError: no close frame received or sent
[Prune] Removed 1 stale IDs (frame 7400)
[Prune] Removed 1 stale IDs (frame 7500)
[Prune] Removed 3 stale IDs (frame 7600)
[Prune] Removed 1 stale IDs (frame 7700)
[Prune] Removed 2 stale IDs (frame 7800)
[Evidence] Saved evidence/1776335584_270s.jpg (139095 bytes, sha256:373dc33d3b03f...)
[Prune] Removed 1 stale IDs (frame 8500)
[Prune] Removed 2 stale IDs (frame 8600)
[Prune] Removed 3 stale IDs (frame 8700)
[Evidence] Saved evidence/1776335584_final.jpg (115896 bytes, sha256:e09fa79e389f2...)
[Evidence] Saved evidence/1776335584_final.jpg (116219 bytes, sha256:7ae2e74ff9c4e...)
[Evidence] Saved evidence/1776335584_final.jpg (116320 bytes, sha256:7d9e54c610a03...)
[STATE] idle — round 61 complete: 26 vehicles
[Prune] Removed 4 stale IDs (frame 8800)
[Prune] Removed 4 stale IDs (frame 8900)
[Prune] Removed 1 stale IDs (frame 9000)
[Prune] Removed 2 stale IDs (frame 9100)
[Prune] Removed 1 stale IDs (frame 9300)
[Prune] Removed 2 stale IDs (frame 9400)
[Prune] Removed 2 stale IDs (frame 9500)
[Prune] Removed 5 stale IDs (frame 9600)
[2026-04-16 07:38:34] No round_complete via WS — reading result.json fallback
[2026-04-16 07:38:34] Count complete: 26 vehicles (in=0 out=26)
[2026-04-16 07:38:35] No bets placed — cancelling market
[2026-04-16 07:38:36] Market cancelled: 0xA3F775819B8DCEAb7F729289132df68903e02444 (tx: a13b1cd803a4c504a8e8f2f2a818768e29b9e31d48cf5dcb5980d6b9a869f38a)
[2026-04-16 07:38:36] Ably publish OK: market_cancelled
[2026-04-16 07:38:37] Refunds distributed: 0xA3F775819B8DCEAb7F729289132df68903e02444 (tx: da7bbd3ec2914b29776ca1d6c0cd558a827e60f420fba44fc309e46c54d115db)
[2026-04-16 07:38:37] Ledger POST failed (non-fatal): HTTP Error 400: Bad Request
[2026-04-16 07:38:37] New threshold: 29 (avg of [32, 26])
[2026-04-16 07:38:37] Waiting 15s before Round #62...
[ffmpeg] [https @ 0x5a5dc1791280] HTTP error 403 Forbidden
[ffmpeg] [hls @ 0x5a5dc1000f80] keepalive request failed for 'https://rr1---sn-b8u-jfck.googlevideo.com/videoplayback/id/DnUFAShZKus.3/itag/95/source/yt_live_broadcast/expire/1776335916/ei/zGfgafK7Fu6U-LAPkNKM4Qk/ip/2804:7f4:3237:1685:d105:f90e:3220:e8e3/requiressl/yes/ratebypass/yes/live/1/sgoap/gir%3Dyes%3Bitag%3D140/sgovp/gir%3Dyes%3Bitag%3D136/rqh/1/hls_chunk_host/rr1---sn-b8u-jfck.googlevideo.com/xpc/EgVo2aDSNQ%3D%3D/bui/AUUZDGJf96FgqHzrnx5zR1RlDI0LVrIJThUGKU77Iy5ruWlL4I8sHSo6rwaEj-8fOnde0KjQlRGx0vgq/spc/jlWavch8zUzYuYl50qlmR_HmXH-nA6imX1tJr2v3Pgiw44_yqw/vprv/1/reg/0/playlist_type/DVR/initcwndbps/2648750/met/1776314316,/mh/Xm/mm/44/mn/sn-b8u-jfck/ms/lva/mv/m/mvi/1/pl/52/rms/lva,lva/keepalive/yes/fexp/51565116,51565681/mt/1776313955/sparams/expire,ei,ip,id,itag,source,requiressl,ratebypass,live,sgoap,sgovp,rqh,xpc,bui,spc,vprv,reg,playlist_type/sig/AHEqNM4wRAIgIVdMtCBy5s9nITCrcunlQG82Xti8vdRCmEqqIVEbeysCIBUIh3XZ70imRo8FxdyH7gJCE4C93MyfaMiCdAsHmLfp/lsparams/hls_chunk_host,initcwndbps,met,mh,mm,mn,ms,mv,mvi,pl,rms/lsig/APaTxxMwRQIgThvAxhmEFPllCOGrzP1K3BmjmQR7oCf_Q1XtmPGgZ28CIQDhRNtlMzYTg-uS_HdHMAz_79vWrHX3cwDN2nhvsdHn1Q%3D%3D/playlist/index.m3u8/sq/706853/goap/lmt%3D134/govp/lmt%3D134/dur/5.000/file/seg.ts' with error: 'Server returned 403 Forbidden (access denied)' when opening url, retrying with new connection
[ffmpeg] [https @ 0x735260421200] HTTP error 403 Forbidden
[ffmpeg] [hls @ 0x5a5dc1000f80] Failed to open segment 706853 of playlist 0
[ffmpeg] [https @ 0x73526090ff40] HTTP error 403 Forbidden
[ffmpeg] [hls @ 0x5a5dc1000f80] Failed to open segment 706853 of playlist 0
[ffmpeg] [https @ 0x73526090ff40] HTTP error 403 Forbidden
[ffmpeg] [hls @ 0x5a5dc1000f80] Failed to open segment 706853 of playlist 0
[ffmpeg] [https @ 0x735260ab5d80] HTTP error 403 Forbidden
[ffmpeg] [hls @ 0x5a5dc1000f80] Failed to open segment 706853 of playlist 0
[ffmpeg] [https @ 0x7352602a6e00] HTTP error 403 Forbidden
[ffmpeg] [hls @ 0x5a5dc1000f80] Failed to open segment 706853 of playlist 0
[ffmpeg] [https @ 0x735260570180] HTTP error 403 Forbidden
[ffmpeg] [hls @ 0x5a5dc1000f80] Failed to open segment 706853 of playlist 0
[ffmpeg] [https @ 0x73526077c680] HTTP error 403 Forbidden
[ffmpeg] [hls @ 0x5a5dc1000f80] Failed to open segment 706853 of playlist 0
[ffmpeg] [https @ 0x73526018ecc0] HTTP error 403 Forbidden
[ffmpeg] [hls @ 0x5a5dc1000f80] Failed to open segment 706853 of playlist 0
[ffmpeg] [https @ 0x7352609b41c0] HTTP error 403 Forbidden
[ffmpeg] [hls @ 0x5a5dc1000f80] Failed to open segment 706853 of playlist 0
[ffmpeg] [https @ 0x7352609b41c0] HTTP error 403 Forbidden
[ffmpeg] [hls @ 0x5a5dc1000f80] Failed to open segment 706853 of playlist 0
[ffmpeg] [https @ 0x7352609b41c0] HTTP error 403 Forbidden
[ffmpeg] [hls @ 0x5a5dc1000f80] Failed to open segment 706853 of playlist 0
[ffmpeg] [https @ 0x7352609b41c0] HTTP error 403 Forbidden
[ffmpeg] [hls @ 0x5a5dc1000f80] Failed to open segment 706853 of playlist 0
[ffmpeg] [https @ 0x7352609b41c0] HTTP error 403 Forbidden
[ffmpeg] [hls @ 0x5a5dc1000f80] Failed to open segment 706853 of playlist 0
[ffmpeg] [https @ 0x7352609b41c0] HTTP error 403 Forbidden
[ffmpeg] [hls @ 0x5a5dc1000f80] Failed to open segment 706853 of playlist 0
[ffmpeg] [https @ 0x7352609b41c0] HTTP error 403 Forbidden
[ffmpeg] [hls @ 0x5a5dc1000f80] Failed to open segment 706853 of playlist 0
[ffmpeg] [https @ 0x7352609b41c0] HTTP error 403 Forbidden
[ffmpeg] [hls @ 0x5a5dc1000f80] Failed to open segment 706853 of playlist 0
[ffmpeg] [https @ 0x73526006d880] HTTP error 403 Forbidden
[ffmpeg] [hls @ 0x5a5dc1000f80] keepalive request failed for 'https://manifest.googlevideo.com/api/manifest/hls_playlist/expire/1776335916/ei/zGfgafK7Fu6U-LAPkNKM4Qk/ip/2804:7f4:3237:1685:d105:f90e:3220:e8e3/id/DnUFAShZKus.3/itag/95/source/yt_live_broadcast/requiressl/yes/ratebypass/yes/live/1/sgoap/gir%3Dyes%3Bitag%3D140/sgovp/gir%3Dyes%3Bitag%3D136/rqh/1/hls_chunk_host/rr1---sn-b8u-jfck.googlevideo.com/xpc/EgVo2aDSNQ%3D%3D/bui/AUUZDGJf96FgqHzrnx5zR1RlDI0LVrIJThUGKU77Iy5ruWlL4I8sHSo6rwaEj-8fOnde0KjQlRGx0vgq/spc/jlWavch8zUzYuYl50qlmR_HmXH-nA6imX1tJr2v3Pgiw44_yqw/vprv/1/reg/0/playlist_type/DVR/initcwndbps/2648750/met/1776314316,/mh/Xm/mm/44/mn/sn-b8u-jfck/ms/lva/mv/m/mvi/1/pl/52/rms/lva,lva/dover/11/pacing/0/keepalive/yes/fexp/51565116,51565681/mt/1776313955/sparams/expire,ei,ip,id,itag,source,requiressl,ratebypass,live,sgoap,sgovp,rqh,xpc,bui,spc,vprv,reg,playlist_type/sig/AHEqNM4wRAIgIVdMtCBy5s9nITCrcunlQG82Xti8vdRCmEqqIVEbeysCIBUIh3XZ70imRo8FxdyH7gJCE4C93MyfaMiCdAsHmLfp/lsparams/hls_chunk_host,initcwndbps,met,mh,mm,mn,ms,mv,mvi,pl,rms/lsig/APaTxxMwRQIgThvAxhmEFPllCOGrzP1K3BmjmQR7oCf_Q1XtmPGgZ28CIQDhRNtlMzYTg-uS_HdHMAz_79vWrHX3cwDN2nhvsdHn1Q%3D%3D/playlist/index.m3u8' with error: 'Server returned 403 Forbidden (access denied)' when parsing playlist
[ffmpeg] [https @ 0x735260079040] HTTP error 403 Forbidden
[ffmpeg] [hls @ 0x5a5dc1000f80] Failed to reload playlist 0
[ffmpeg] [https @ 0x735260079040] HTTP error 403 Forbidden
[ffmpeg] [hls @ 0x5a5dc1000f80] Failed to reload playlist 0
[Reader] ffmpeg process dead, stopping reader
[2026-04-16 07:38:52] Round #62 | Peace Bridge — USA/Canada Border | threshold=29
[HEALTHCHECK] No frame for 8.0s — exiting for auto-respawn
[WS] Client disconnected (0 total)
[2026-04-16 07:38:54] createMarket tx sent: 24da108e41e48d0148787af31ba22fcb9314e97d218b7e849f0c4ed71a441424
[2026-04-16 07:38:56] Market created: 0x2c422060C5aE5331E9B406f4B59585963175a983 (tx: 24da108e41e48d0148787af31ba22fcb9314e97d218b7e849f0c4ed71a441424)
[2026-04-16 07:38:57] Ably publish OK: market_created
[2026-04-16 07:38:57] Counting vehicles for 150s...
[STATE] betting — market=0x2c422060... bet=150s count=150s round=62
[WS] Client disconnected (0 total)
[2026-04-16 07:38:57] Stream/counter error: received 1001 (going away); then sent 1001 (going away) — cancelling market
[2026-04-16 07:38:57] [StreamClient] Reconnecting...
[Launcher] Stream server died — restarting in 3s
[Launcher] Stream server restarted: PID 2100294
[Camera] Confidence override: 0.08
[Camera] Peace Bridge — USA/Canada Border (Peace Bridge Authority) — YOUTUBE
[Camera] Line zones: 1 (canonical sv.LineZone, threshold=2)

=======================================================
  SinalBet Live Oracle Server (v4 — Persistent)
  WebSocket: ws://0.0.0.0:9000
  Stream: https://www.youtube.com/watch?v=DnUFAShZKus
  Camera: peace-bridge
  Model: yolo12s.pt
  Mode: persistent (rounds via WS control)
  Target FPS: 8
=======================================================

[yt-dlp] OK: https://manifest.googlevideo.com/api/manifest/hls_playlist/expire/1776357545/ei/...

[Stream] Probing stream...
[Stream] 1280x720 @ 30.0fps
[Stream] ffmpeg spawned (PID 2100465)
[STATE] idle — waiting for round
[Stream] Throttle target: 30.0 fps
[WS] Client connected (1 total)
[2026-04-16 07:39:08] [StreamClient] Connected to ws://localhost:9000
[LineZone] (307,432) -> (960,432)
[Counter] Line: (579, 10) -> (701, 710)
[2026-04-16 07:39:10] Market cancelled: 0x2c422060C5aE5331E9B406f4B59585963175a983 (tx: aa0081c799572e5605b41141d1ead454a34e1f9c892a510ee4c3d51225f88202)
[2026-04-16 07:39:11] Ably publish OK: market_cancelled
[2026-04-16 07:39:11] Refunds distributed: 0x2c422060C5aE5331E9B406f4B59585963175a983 (tx: 4abeaad85c9b1b806b4fb94cfe92aed90ddd4a32265cd4d00c86709601fc7b05)
[2026-04-16 07:39:11] Waiting 15s before Round #63...
[Prune] Removed 1 stale IDs (frame 100)
[WS] Client connected (1 total)
[Prune] Removed 5 stale IDs (frame 200)
[Prune] Removed 8 stale IDs (frame 300)
[Prune] Removed 2 stale IDs (frame 400)
[2026-04-16 07:39:26] Round #63 | Peace Bridge — USA/Canada Border | threshold=29
[2026-04-16 07:39:28] createMarket tx sent: c6df3c8aae2ad551236969049c501faefeefef59197d1ac35072f625bd3bbf20
[2026-04-16 07:39:28] Market created: 0x8f519732076AcA3228c73E50a6Ee22f38662D5f7 (tx: c6df3c8aae2ad551236969049c501faefeefef59197d1ac35072f625bd3bbf20)
[2026-04-16 07:39:28] Ably publish OK: market_created
[2026-04-16 07:39:28] Counting vehicles for 150s...
[2026-04-16 07:39:28] [StreamClient] Unexpected response: {'type': 'error', 'message': 'no active round'}
[STATE] betting — market=0x8f519732... bet=150s count=150s round=63
[LineZone] (307,432) -> (960,432)
[Counter] Line: (579, 10) -> (701, 710)
[Prune] Removed 1 stale IDs (frame 400)
[Prune] Removed 1 stale IDs (frame 800)
[Evidence] Saved evidence/1776335969_30s.jpg (137552 bytes, sha256:f6a7c2693d99c...)
[Prune] Removed 3 stale IDs (frame 1200)
[Prune] Removed 1 stale IDs (frame 1500)
[Prune] Removed 1 stale IDs (frame 1600)
[Evidence] Saved evidence/1776335969_60s.jpg (120034 bytes, sha256:f16917f80819e...)
[Prune] Removed 1 stale IDs (frame 1800)
[Prune] Removed 2 stale IDs (frame 1900)
[Prune] Removed 2 stale IDs (frame 2000)
[Prune] Removed 1 stale IDs (frame 2300)
[Prune] Removed 6 stale IDs (frame 2400)
[Prune] Removed 4 stale IDs (frame 2500)
[Evidence] Saved evidence/1776335969_90s.jpg (119370 bytes, sha256:95a0d5a7f2729...)
[Prune] Removed 1 stale IDs (frame 2700)
[Prune] Removed 1 stale IDs (frame 2900)
[Evidence] Saved evidence/1776335969_120s.jpg (150900 bytes, sha256:c3aa22140c46f...)
[Prune] Removed 2 stale IDs (frame 4000)
[Prune] Removed 1 stale IDs (frame 4100)
[Prune] Removed 2 stale IDs (frame 4200)
[STATE] counting — market=0x8f519732... duration=150s round=63
[Evidence] Saved evidence/1776335969_150s.jpg (132935 bytes, sha256:1f24631589b29...)
[Prune] Removed 2 stale IDs (frame 4400)
[Prune] Removed 4 stale IDs (frame 4600)
[Prune] Removed 3 stale IDs (frame 4700)
[Prune] Removed 1 stale IDs (frame 4900)
[Prune] Removed 1 stale IDs (frame 5000)
[Prune] Removed 1 stale IDs (frame 5100)
[Evidence] Saved evidence/1776335969_180s.jpg (148872 bytes, sha256:5abbb49e0f0d4...)
[Prune] Removed 2 stale IDs (frame 5600)
[Prune] Removed 2 stale IDs (frame 5700)
[Prune] Removed 2 stale IDs (frame 5800)
[Evidence] Saved evidence/1776335969_210s.jpg (157614 bytes, sha256:d3d7c8349c2f3...)
[Prune] Removed 1 stale IDs (frame 6500)
[Prune] Removed 1 stale IDs (frame 6600)
[Evidence] Saved evidence/1776335969_240s.jpg (154501 bytes, sha256:c059982adc5e4...)
[Prune] Removed 2 stale IDs (frame 7200)
[Prune] Removed 3 stale IDs (frame 7300)
[Prune] Removed 1 stale IDs (frame 7400)
[Prune] Removed 1 stale IDs (frame 7700)
[Prune] Removed 6 stale IDs (frame 7800)
[Evidence] Saved evidence/1776335969_270s.jpg (156308 bytes, sha256:46ad1603a2638...)
[Prune] Removed 2 stale IDs (frame 8500)
[Prune] Removed 3 stale IDs (frame 8600)
[Prune] Removed 4 stale IDs (frame 8700)
[Evidence] Saved evidence/1776335969_final.jpg (124221 bytes, sha256:fdeec7c2553d4...)
[Evidence] Saved evidence/1776335969_final.jpg (123851 bytes, sha256:95826d44b18e1...)
[Evidence] Saved evidence/1776335969_final.jpg (123679 bytes, sha256:bea97779ce6c6...)
[STATE] idle — round 63 complete: 22 vehicles
[Prune] Removed 5 stale IDs (frame 8800)
[Prune] Removed 8 stale IDs (frame 8900)
[Prune] Removed 1 stale IDs (frame 9000)
[Prune] Removed 5 stale IDs (frame 9100)
[Prune] Removed 8 stale IDs (frame 9200)
[Prune] Removed 9 stale IDs (frame 9300)
[Prune] Removed 2 stale IDs (frame 9400)
[Prune] Removed 11 stale IDs (frame 9500)
[Prune] Removed 3 stale IDs (frame 9600)
[2026-04-16 07:44:58] No round_complete via WS — reading result.json fallback
[2026-04-16 07:44:58] Count complete: 22 vehicles (in=6 out=16)
[2026-04-16 07:45:00] No bets placed — cancelling market
[2026-04-16 07:45:03] Market cancelled: 0x8f519732076AcA3228c73E50a6Ee22f38662D5f7 (tx: 5d47d644af92e2f7b64a57682fa35bfa4c895d896cf1115b10e0c638af3a772b)
[2026-04-16 07:45:03] Ably publish OK: market_cancelled
[Prune] Removed 1 stale IDs (frame 9800)
[2026-04-16 07:45:06] Refunds distributed: 0x8f519732076AcA3228c73E50a6Ee22f38662D5f7 (tx: ac05ff8ceb06a4cedfd72f5dfcfa0c5dbaa9a54fb4a9121416203183b13bece7)
[2026-04-16 07:45:06] Ledger POST failed (non-fatal): HTTP Error 400: Bad Request
[2026-04-16 07:45:06] New threshold: 24 (avg of [26, 22])
[2026-04-16 07:45:06] Waiting 15s before Round #64...
[Prune] Removed 1 stale IDs (frame 9900)
[Prune] Removed 1 stale IDs (frame 10000)
[Prune] Removed 1 stale IDs (frame 10300)
[2026-04-16 07:45:21] Round #64 | Peace Bridge — USA/Canada Border | threshold=24
[2026-04-16 07:45:22] createMarket tx sent: 1e634ff92ca5cf34af553dfb274f37cfdf012dc66e5740d135b9e2dbf831f151
[Prune] Removed 1 stale IDs (frame 10400)
[2026-04-16 07:45:25] Market created: 0x0086db62a8d6980397e1DCF81f0631127fe609f2 (tx: 1e634ff92ca5cf34af553dfb274f37cfdf012dc66e5740d135b9e2dbf831f151)
[2026-04-16 07:45:25] Ably publish OK: market_created
[2026-04-16 07:45:25] Counting vehicles for 150s...
[STATE] betting — market=0x0086db62... bet=150s count=150s round=64
[LineZone] (307,432) -> (960,432)
[Counter] Line: (579, 10) -> (701, 710)
[2026-04-16 07:45:25] [StreamClient] Round 64 started on stream_server
[Prune] Removed 1 stale IDs (frame 200)
[Prune] Removed 2 stale IDs (frame 300)
[Prune] Removed 5 stale IDs (frame 400)
[Prune] Removed 1 stale IDs (frame 500)
[Prune] Removed 4 stale IDs (frame 600)
[Prune] Removed 3 stale IDs (frame 700)
[Prune] Removed 3 stale IDs (frame 800)
[Evidence] Saved evidence/1776336325_30s.jpg (116520 bytes, sha256:37d1c2214d420...)
[Prune] Removed 2 stale IDs (frame 1000)
[Prune] Removed 2 stale IDs (frame 1300)
[Prune] Removed 2 stale IDs (frame 1400)
[Prune] Removed 3 stale IDs (frame 1500)
[Prune] Removed 3 stale IDs (frame 1600)
[Prune] Removed 5 stale IDs (frame 1700)
[Evidence] Saved evidence/1776336325_60s.jpg (128024 bytes, sha256:a32927a3abe59...)
[Prune] Removed 1 stale IDs (frame 1800)
[Prune] Removed 2 stale IDs (frame 1900)
[Prune] Removed 2 stale IDs (frame 2000)
[Prune] Removed 1 stale IDs (frame 2600)
[Evidence] Saved evidence/1776336325_90s.jpg (147618 bytes, sha256:7bd0e4a350f44...)
[Prune] Removed 4 stale IDs (frame 2800)
[Prune] Removed 2 stale IDs (frame 2900)
[Prune] Removed 3 stale IDs (frame 3100)
[Prune] Removed 6 stale IDs (frame 3200)
[Prune] Removed 2 stale IDs (frame 3400)
[Prune] Removed 4 stale IDs (frame 3500)
[Evidence] Saved evidence/1776336325_120s.jpg (146787 bytes, sha256:98e92c578939f...)
[Prune] Removed 1 stale IDs (frame 3700)
[Prune] Removed 1 stale IDs (frame 3800)
[Prune] Removed 2 stale IDs (frame 3900)
[Prune] Removed 7 stale IDs (frame 4100)
[Prune] Removed 1 stale IDs (frame 4200)
[Prune] Removed 3 stale IDs (frame 4300)
[STATE] counting — market=0x0086db62... duration=150s round=64
[Evidence] Saved evidence/1776336325_150s.jpg (141981 bytes, sha256:e5628e5c8098a...)
[Prune] Removed 2 stale IDs (frame 4400)
[Prune] Removed 1 stale IDs (frame 4500)
[Prune] Removed 1 stale IDs (frame 4700)
[Prune] Removed 2 stale IDs (frame 4900)
[Prune] Removed 1 stale IDs (frame 5200)
[Evidence] Saved evidence/1776336325_180s.jpg (133580 bytes, sha256:ab41f46e05c50...)
[Prune] Removed 4 stale IDs (frame 5300)
[Prune] Removed 2 stale IDs (frame 5400)
[Prune] Removed 3 stale IDs (frame 5500)
[Prune] Removed 3 stale IDs (frame 5600)
[Prune] Removed 7 stale IDs (frame 5700)
[Prune] Removed 4 stale IDs (frame 5800)
[Prune] Removed 2 stale IDs (frame 5900)
[Evidence] Saved evidence/1776336325_210s.jpg (162038 bytes, sha256:a4682b84d8ef7...)
[Prune] Removed 1 stale IDs (frame 6200)
[Prune] Removed 1 stale IDs (frame 6400)
[Prune] Removed 1 stale IDs (frame 6600)
[Prune] Removed 1 stale IDs (frame 6700)
[Prune] Removed 1 stale IDs (frame 6800)
[Prune] Removed 2 stale IDs (frame 6900)
[Evidence] Saved evidence/1776336325_240s.jpg (160781 bytes, sha256:aceb72dcf5e32...)
[Prune] Removed 1 stale IDs (frame 7700)
[Prune] Removed 1 stale IDs (frame 7800)
[Evidence] Saved evidence/1776336325_270s.jpg (168042 bytes, sha256:7dffcca0ac21f...)
[Prune] Removed 2 stale IDs (frame 8100)
[Prune] Removed 6 stale IDs (frame 8300)
[Prune] Removed 2 stale IDs (frame 8400)
[Evidence] Saved evidence/1776336325_final.jpg (137540 bytes, sha256:d6a06f805b607...)
[Evidence] Saved evidence/1776336325_final.jpg (137315 bytes, sha256:19150c5e2655e...)
[Evidence] Saved evidence/1776336325_final.jpg (136958 bytes, sha256:82e89959fe184...)
[STATE] idle — round 64 complete: 35 vehicles
[Prune] Removed 2 stale IDs (frame 9000)
[Prune] Removed 8 stale IDs (frame 9100)
[Prune] Removed 4 stale IDs (frame 9300)
[Prune] Removed 1 stale IDs (frame 9400)
[Prune] Removed 3 stale IDs (frame 9600)
[2026-04-16 07:50:55] No round_complete via WS — reading result.json fallback
[2026-04-16 07:50:55] Count complete: 35 vehicles (in=7 out=28)
[2026-04-16 07:50:57] No bets placed — cancelling market
[Prune] Removed 3 stale IDs (frame 9700)
[2026-04-16 07:50:58] Market cancelled: 0x0086db62a8d6980397e1DCF81f0631127fe609f2 (tx: a0d4d455c2f47746cd45a42bddf6b8a7b3c96e065f7d5cf1436213b44a1d63bd)
[2026-04-16 07:50:58] Ably publish OK: market_cancelled
[2026-04-16 07:50:59] Refunds distributed: 0x0086db62a8d6980397e1DCF81f0631127fe609f2 (tx: 43ea2ed841241313739957d3cb12c4155f8ccbaed2189340020e29f4e0e96953)
[2026-04-16 07:50:59] Ledger POST failed (non-fatal): HTTP Error 400: Bad Request
[2026-04-16 07:50:59] New threshold: 28 (avg of [22, 35])
[2026-04-16 07:50:59] Waiting 15s before Round #65...
[Prune] Removed 2 stale IDs (frame 9900)
[Prune] Removed 2 stale IDs (frame 10000)
[2026-04-16 07:51:14] Round #65 | Peace Bridge — USA/Canada Border | threshold=28
[2026-04-16 07:51:15] createMarket tx sent: fa09f7a896850a6937653389c6d3b647a8ebfa4c9180782d72e5fb38f31ec0a4
[2026-04-16 07:51:15] Market created: 0x8Bf2803b58d33DB3B654e1e3186ac5A33a0F80a0 (tx: fa09f7a896850a6937653389c6d3b647a8ebfa4c9180782d72e5fb38f31ec0a4)
[2026-04-16 07:51:16] Ably publish OK: market_created
[2026-04-16 07:51:16] Counting vehicles for 150s...
[STATE] betting — market=0x8Bf2803b... bet=150s count=150s round=65
[LineZone] (307,432) -> (960,432)
[Counter] Line: (579, 10) -> (701, 710)
[2026-04-16 07:51:16] [StreamClient] Round 65 started on stream_server
[Evidence] Saved evidence/1776336676_30s.jpg (171702 bytes, sha256:386f1d99d783d...)
[Prune] Removed 1 stale IDs (frame 1200)
[Prune] Removed 1 stale IDs (frame 1300)
[WS] Client connected (2 total)
[Evidence] Saved evidence/1776336676_60s.jpg (172732 bytes, sha256:2e56eccb6dd8b...)
[WS] Client disconnected (1 total)
[Evidence] Saved evidence/1776336676_90s.jpg (160996 bytes, sha256:ecd6893a30f1f...)
[Prune] Removed 1 stale IDs (frame 2800)
[Prune] Removed 3 stale IDs (frame 2900)
[Prune] Removed 3 stale IDs (frame 3000)
[Prune] Removed 4 stale IDs (frame 3100)
[Prune] Removed 5 stale IDs (frame 3200)
[Prune] Removed 1 stale IDs (frame 3300)
[Prune] Removed 4 stale IDs (frame 3400)
[Prune] Removed 7 stale IDs (frame 3500)
[Evidence] Saved evidence/1776336676_120s.jpg (133473 bytes, sha256:b6b9921f9e02f...)
[Prune] Removed 2 stale IDs (frame 3800)
[Prune] Removed 7 stale IDs (frame 3900)
[STATE] counting — market=0x8Bf2803b... duration=150s round=65
[Evidence] Saved evidence/1776336676_150s.jpg (163697 bytes, sha256:27de794f9b1f0...)
[Prune] Removed 2 stale IDs (frame 4800)
[Prune] Removed 2 stale IDs (frame 4900)
[Evidence] Saved evidence/1776336676_180s.jpg (169072 bytes, sha256:085d8c9e4ec39...)
[Prune] Removed 1 stale IDs (frame 5800)
[Prune] Removed 1 stale IDs (frame 5900)
[Prune] Removed 5 stale IDs (frame 6000)
[Prune] Removed 1 stale IDs (frame 6100)
[Evidence] Saved evidence/1776336676_210s.jpg (154433 bytes, sha256:0848c85a226d5...)
[Prune] Removed 1 stale IDs (frame 6300)
[Prune] Removed 1 stale IDs (frame 6400)
[Evidence] Saved evidence/1776336676_240s.jpg (171565 bytes, sha256:5fa8a9077af88...)
[Prune] Removed 3 stale IDs (frame 7300)
[Prune] Removed 1 stale IDs (frame 7400)
[Prune] Removed 2 stale IDs (frame 7600)
[Prune] Removed 1 stale IDs (frame 7700)
[Prune] Removed 5 stale IDs (frame 7800)
[Evidence] Saved evidence/1776336676_270s.jpg (176428 bytes, sha256:31272a3baef11...)
[Prune] Removed 4 stale IDs (frame 8200)
[Prune] Removed 2 stale IDs (frame 8300)
[Prune] Removed 2 stale IDs (frame 8500)
[Prune] Removed 1 stale IDs (frame 8600)
[Prune] Removed 1 stale IDs (frame 8700)
[Evidence] Saved evidence/1776336676_final.jpg (169484 bytes, sha256:b1e15c7b62de0...)
[Evidence] Saved evidence/1776336676_final.jpg (169478 bytes, sha256:038b3412360d6...)
[Evidence] Saved evidence/1776336676_final.jpg (169375 bytes, sha256:70d371298409b...)
[STATE] idle — round 65 complete: 17 vehicles
[Prune] Removed 1 stale IDs (frame 9200)
[Prune] Removed 6 stale IDs (frame 9300)
[Prune] Removed 1 stale IDs (frame 9400)
[2026-04-16 07:56:46] No round_complete via WS — reading result.json fallback
[2026-04-16 07:56:46] Count complete: 17 vehicles (in=7 out=10)
[2026-04-16 07:56:48] No bets placed — cancelling market
[2026-04-16 07:56:49] Market cancelled: 0x8Bf2803b58d33DB3B654e1e3186ac5A33a0F80a0 (tx: 468040f39ab80ed084c6b1c8ff77cb3e6ec791faa707dd4214daab595bf4c5b9)
[2026-04-16 07:56:49] Ably publish OK: market_cancelled
[2026-04-16 07:56:52] Refunds distributed: 0x8Bf2803b58d33DB3B654e1e3186ac5A33a0F80a0 (tx: ce19ed1379fc3ffd133afa9c57eb7808eef17e79dbf99d3c158d235b7c6c63ad)
[2026-04-16 07:56:52] Ledger POST failed (non-fatal): HTTP Error 400: Bad Request
[2026-04-16 07:56:52] New threshold: 26 (avg of [35, 17])
[2026-04-16 07:56:52] Waiting 15s before Round #66...
[2026-04-16 07:57:07] Round #66 | Peace Bridge — USA/Canada Border | threshold=26
[2026-04-16 07:57:11] createMarket tx sent: 36259a1f4c86284df3d52f1c4934a3259ca9d8b20222a6ffe2f02f0959f5f66d
[2026-04-16 07:57:11] Market created: 0x912d1911f75F4d06713C275A651b5EE3B0F872ae (tx: 36259a1f4c86284df3d52f1c4934a3259ca9d8b20222a6ffe2f02f0959f5f66d)
[Prune] Removed 4 stale IDs (frame 10400)
[2026-04-16 07:57:12] Ably publish OK: market_created
[2026-04-16 07:57:12] Counting vehicles for 150s...
[STATE] betting — market=0x912d1911... bet=150s count=150s round=66
[LineZone] (307,432) -> (960,432)
[Counter] Line: (579, 10) -> (701, 710)
[2026-04-16 07:57:12] [StreamClient] Round 66 started on stream_server
[Prune] Removed 3 stale IDs (frame 300)
[Evidence] Saved evidence/1776337032_30s.jpg (151598 bytes, sha256:54c9cebecc885...)
[Prune] Removed 2 stale IDs (frame 900)
[Prune] Removed 1 stale IDs (frame 1100)
[Prune] Removed 2 stale IDs (frame 1200)
[Prune] Removed 1 stale IDs (frame 1400)
[Prune] Removed 3 stale IDs (frame 1500)
[Prune] Removed 11 stale IDs (frame 1600)
[Evidence] Saved evidence/1776337032_60s.jpg (134206 bytes, sha256:60e0b656bae2f...)
[Prune] Removed 1 stale IDs (frame 1800)
[Prune] Removed 4 stale IDs (frame 1900)
[Prune] Removed 12 stale IDs (frame 2000)
[Prune] Removed 1 stale IDs (frame 2100)
[Prune] Removed 5 stale IDs (frame 2200)
[Prune] Removed 1 stale IDs (frame 2300)
[Prune] Removed 3 stale IDs (frame 2400)
[Prune] Removed 8 stale IDs (frame 2500)
[Prune] Removed 3 stale IDs (frame 2600)
[Evidence] Saved evidence/1776337032_90s.jpg (161380 bytes, sha256:dcae196a3636d...)
[Prune] Removed 1 stale IDs (frame 3100)
[Prune] Removed 3 stale IDs (frame 3200)
[Prune] Removed 2 stale IDs (frame 3300)
[Prune] Removed 1 stale IDs (frame 3500)
[Evidence] Saved evidence/1776337032_120s.jpg (158095 bytes, sha256:dda920a58e2cf...)
[Prune] Removed 1 stale IDs (frame 3600)
[Prune] Removed 1 stale IDs (frame 3700)
[Prune] Removed 3 stale IDs (frame 3800)
[Prune] Removed 1 stale IDs (frame 4100)
[STATE] counting — market=0x912d1911... duration=150s round=66
[Evidence] Saved evidence/1776337032_150s.jpg (164371 bytes, sha256:8a8470905e8ea...)
[Prune] Removed 1 stale IDs (frame 4400)
[Prune] Removed 2 stale IDs (frame 4700)
[Prune] Removed 1 stale IDs (frame 4800)
[Prune] Removed 1 stale IDs (frame 5000)
[Prune] Removed 2 stale IDs (frame 5100)
[Prune] Removed 7 stale IDs (frame 5200)
[Evidence] Saved evidence/1776337032_180s.jpg (142757 bytes, sha256:7f9a75c093f14...)
[Prune] Removed 3 stale IDs (frame 5400)
[Prune] Removed 3 stale IDs (frame 5600)
[Prune] Removed 2 stale IDs (frame 5700)
[Prune] Removed 1 stale IDs (frame 5800)
[Evidence] Saved evidence/1776337032_210s.jpg (169544 bytes, sha256:15ed620e8dfe7...)
[Prune] Removed 1 stale IDs (frame 6500)
[Prune] Removed 3 stale IDs (frame 6700)
[Prune] Removed 4 stale IDs (frame 6800)
[Evidence] Saved evidence/1776337032_240s.jpg (155924 bytes, sha256:f95ae88f75914...)
[Prune] Removed 2 stale IDs (frame 7200)
[Prune] Removed 1 stale IDs (frame 7400)
[Prune] Removed 1 stale IDs (frame 7500)
[Prune] Removed 5 stale IDs (frame 7600)
[Prune] Removed 5 stale IDs (frame 7700)
[Prune] Removed 6 stale IDs (frame 7800)
[Evidence] Saved evidence/1776337032_270s.jpg (128788 bytes, sha256:271a249ac7651...)
[Prune] Removed 3 stale IDs (frame 7900)
[Prune] Removed 1 stale IDs (frame 8000)
[Prune] Removed 2 stale IDs (frame 8500)
[Prune] Removed 1 stale IDs (frame 8700)
[Evidence] Saved evidence/1776337032_final.jpg (153930 bytes, sha256:59e0b58c9fd16...)
[Evidence] Saved evidence/1776337032_final.jpg (153754 bytes, sha256:02517841ec84f...)
[Evidence] Saved evidence/1776337032_final.jpg (153610 bytes, sha256:dd4a7102aaea8...)
[STATE] idle — round 66 complete: 27 vehicles
[2026-04-16 08:02:42] No round_complete via WS — reading result.json fallback
[2026-04-16 08:02:42] Count complete: 27 vehicles (in=6 out=21)
[2026-04-16 08:02:44] No bets placed — cancelling market
[2026-04-16 08:02:47] Market cancelled: 0x912d1911f75F4d06713C275A651b5EE3B0F872ae (tx: 94f1a739d659d520fd649a8a3bc61b5958a2df0ecfbfe0d0eae215af7d48ac49)
[2026-04-16 08:02:47] Ably publish OK: market_cancelled
[2026-04-16 08:02:48] Refunds distributed: 0x912d1911f75F4d06713C275A651b5EE3B0F872ae (tx: 06d22ee210a28d2217c423a9b1bd4fa6bd586b8e33ee19494753a60072292d4b)
[2026-04-16 08:02:48] Ledger POST OK: {"ok":true}
[2026-04-16 08:02:48] New threshold: 22 (avg of [17, 27])
[2026-04-16 08:02:48] Waiting 15s before Round #67...
[2026-04-16 08:03:03] Round #67 | Peace Bridge — USA/Canada Border | threshold=22
[2026-04-16 08:03:05] createMarket tx sent: 94a157be8d7adab3a5d616f7f41a6161a5f1f29b8673c1a6095d73afaa745442
[2026-04-16 08:03:05] Market created: 0xa799ECE0b034958906a65dE068F81e32dBaB0745 (tx: 94a157be8d7adab3a5d616f7f41a6161a5f1f29b8673c1a6095d73afaa745442)
[2026-04-16 08:03:06] Ably publish OK: market_created
[2026-04-16 08:03:06] Counting vehicles for 150s...
[STATE] betting — market=0xa799ECE0... bet=150s count=150s round=67
[LineZone] (307,432) -> (960,432)
[Counter] Line: (579, 10) -> (701, 710)
[2026-04-16 08:03:06] [StreamClient] Round 67 started on stream_server
[Prune] Removed 5 stale IDs (frame 400)
[Prune] Removed 5 stale IDs (frame 500)
[Prune] Removed 7 stale IDs (frame 600)
[Prune] Removed 5 stale IDs (frame 700)
[Prune] Removed 1 stale IDs (frame 800)
[Evidence] Saved evidence/1776337386_30s.jpg (157790 bytes, sha256:69a81fee2a6ea...)
[Prune] Removed 6 stale IDs (frame 1000)
[Prune] Removed 1 stale IDs (frame 1100)
[Prune] Removed 1 stale IDs (frame 1300)
[Prune] Removed 2 stale IDs (frame 1400)
[Prune] Removed 1 stale IDs (frame 1500)
[Evidence] Saved evidence/1776337386_60s.jpg (153268 bytes, sha256:ada07f9220462...)
[Prune] Removed 4 stale IDs (frame 1800)
[Prune] Removed 1 stale IDs (frame 1900)
[Prune] Removed 1 stale IDs (frame 2000)
[Prune] Removed 2 stale IDs (frame 2400)
[Prune] Removed 1 stale IDs (frame 2500)
[Evidence] Saved evidence/1776337386_90s.jpg (133201 bytes, sha256:12e3c43655499...)
[Prune] Removed 4 stale IDs (frame 2700)
[Prune] Removed 1 stale IDs (frame 3000)
[Prune] Removed 1 stale IDs (frame 3100)
[Prune] Removed 1 stale IDs (frame 3400)
[Evidence] Saved evidence/1776337386_120s.jpg (154707 bytes, sha256:edd44e3afe138...)
[Prune] Removed 1 stale IDs (frame 3600)
[Prune] Removed 1 stale IDs (frame 3900)
[Prune] Removed 1 stale IDs (frame 4000)
[STATE] counting — market=0xa799ECE0... duration=150s round=67
[Evidence] Saved evidence/1776337386_150s.jpg (167360 bytes, sha256:cc06c26744873...)
[Prune] Removed 1 stale IDs (frame 4400)
[Prune] Removed 3 stale IDs (frame 4500)
[Prune] Removed 2 stale IDs (frame 4600)
[Prune] Removed 1 stale IDs (frame 4700)
[Prune] Removed 2 stale IDs (frame 4800)
[Prune] Removed 2 stale IDs (frame 4900)
[Prune] Removed 8 stale IDs (frame 5000)
[Prune] Removed 13 stale IDs (frame 5100)
[Prune] Removed 5 stale IDs (frame 5200)
[Evidence] Saved evidence/1776337386_180s.jpg (140326 bytes, sha256:49397a8cc5b2e...)
[Prune] Removed 2 stale IDs (frame 5300)
[Prune] Removed 3 stale IDs (frame 5400)
[Prune] Removed 1 stale IDs (frame 5500)
[Prune] Removed 4 stale IDs (frame 5600)
[Prune] Removed 8 stale IDs (frame 5700)
[Prune] Removed 2 stale IDs (frame 5800)
[Prune] Removed 2 stale IDs (frame 5900)
[Evidence] Saved evidence/1776337386_210s.jpg (157713 bytes, sha256:8a68d6f0b5685...)
[Prune] Removed 1 stale IDs (frame 6200)
[Prune] Removed 3 stale IDs (frame 6300)
[Prune] Removed 1 stale IDs (frame 6400)
[Prune] Removed 7 stale IDs (frame 6500)
[Prune] Removed 1 stale IDs (frame 6700)
[Prune] Removed 1 stale IDs (frame 6900)
[Evidence] Saved evidence/1776337386_240s.jpg (164802 bytes, sha256:ac7ab730dd514...)
[Prune] Removed 1 stale IDs (frame 7300)
[Prune] Removed 2 stale IDs (frame 7400)
[Prune] Removed 6 stale IDs (frame 7600)
[Prune] Removed 6 stale IDs (frame 7700)
[Prune] Removed 1 stale IDs (frame 7800)
[Evidence] Saved evidence/1776337386_270s.jpg (161674 bytes, sha256:543a41d433e70...)
[Prune] Removed 1 stale IDs (frame 7900)
[Prune] Removed 1 stale IDs (frame 8100)
[WS] Client connected (2 total)
[Prune] Removed 1 stale IDs (frame 8500)
[Prune] Removed 3 stale IDs (frame 8600)
[Prune] Removed 3 stale IDs (frame 8700)
[Evidence] Saved evidence/1776337386_final.jpg (131801 bytes, sha256:1fbfc6c4f8fb1...)
[Evidence] Saved evidence/1776337386_final.jpg (132242 bytes, sha256:2171ee05bfddf...)
[Evidence] Saved evidence/1776337386_final.jpg (131936 bytes, sha256:d0434c701a0e2...)
[Evidence] Saved evidence/1776337386_final.jpg (131915 bytes, sha256:8d9261d99d24f...)
[STATE] idle — round 67 complete: 34 vehicles
[Prune] Removed 2 stale IDs (frame 9500)
[2026-04-16 08:08:36] No round_complete via WS — reading result.json fallback
[2026-04-16 08:08:36] Count complete: 34 vehicles (in=11 out=23)
[2026-04-16 08:08:38] No bets placed — cancelling market
[Prune] Removed 2 stale IDs (frame 9700)
[2026-04-16 08:08:41] Market cancelled: 0xa799ECE0b034958906a65dE068F81e32dBaB0745 (tx: 0fb7e901b3e50460b79bce24c06f61f7d29126e5fcd3bd32a3afa3d4c74f2448)
[2026-04-16 08:08:41] Ably publish OK: market_cancelled
[Prune] Removed 1 stale IDs (frame 9800)
[2026-04-16 08:08:41] Refunds distributed: 0xa799ECE0b034958906a65dE068F81e32dBaB0745 (tx: 2b6cf8141df1935a0c1d0843d6a307aa51ab3368bdacca2f2ecf3ad1c2e53c15)
[2026-04-16 08:08:42] Ledger POST OK: {"ok":true}
[2026-04-16 08:08:42] New threshold: 30 (avg of [27, 34])
[2026-04-16 08:08:42] Waiting 15s before Round #68...
[Prune] Removed 2 stale IDs (frame 9900)
[Prune] Removed 1 stale IDs (frame 10000)
[Prune] Removed 3 stale IDs (frame 10200)
[2026-04-16 08:08:57] Round #68 | Peace Bridge — USA/Canada Border | threshold=30
[2026-04-16 08:08:58] createMarket tx sent: 96abdb6084c568d55d0792a1742e1ce0a8522c6cc6210c7c2a16fba7387b6c02
[Prune] Removed 3 stale IDs (frame 10300)
[2026-04-16 08:08:58] Market created: 0x1D953772e988ef90D39eD8aa776743Ac4545fA1a (tx: 96abdb6084c568d55d0792a1742e1ce0a8522c6cc6210c7c2a16fba7387b6c02)
[2026-04-16 08:08:59] Ably publish OK: market_created
[2026-04-16 08:08:59] Counting vehicles for 150s...
[STATE] betting — market=0x1D953772... bet=150s count=150s round=68
[LineZone] (307,432) -> (960,432)
[Counter] Line: (579, 10) -> (701, 710)
[2026-04-16 08:08:59] [StreamClient] Round 68 started on stream_server
[WS] Client disconnected (1 total)
connection handler failed
Traceback (most recent call last):
  File "/home/lumen/miniconda3/lib/python3.13/asyncio/selector_events.py", line 1067, in write
    n = self._sock.send(data)
BrokenPipeError: [Errno 32] Broken pipe

The above exception was the direct cause of the following exception:

Traceback (most recent call last):
  File "/home/lumen/miniconda3/lib/python3.13/site-packages/websockets/asyncio/server.py", line 376, in conn_handler
    await self.handler(connection)
  File "/home/lumen/.gemini/antigravity/scratch/rush/oracle/stream_server.py", line 1261, in handler
    async for msg in ws:
    ...<37 lines>...
            pass
  File "/home/lumen/miniconda3/lib/python3.13/site-packages/websockets/asyncio/connection.py", line 242, in __aiter__
    yield await self.recv()
          ^^^^^^^^^^^^^^^^^
  File "/home/lumen/miniconda3/lib/python3.13/site-packages/websockets/asyncio/connection.py", line 322, in recv
    raise self.protocol.close_exc from self.recv_exc
websockets.exceptions.ConnectionClosedError: no close frame received or sent
[Evidence] Saved evidence/1776337739_30s.jpg (155073 bytes, sha256:578e8522064f7...)
[Prune] Removed 4 stale IDs (frame 900)
[Prune] Removed 1 stale IDs (frame 1000)
[Prune] Removed 4 stale IDs (frame 1300)
[Prune] Removed 2 stale IDs (frame 1400)
[Prune] Removed 2 stale IDs (frame 1500)
[Prune] Removed 1 stale IDs (frame 1600)
[Evidence] Saved evidence/1776337739_60s.jpg (163231 bytes, sha256:76ed644865d5e...)
[Prune] Removed 4 stale IDs (frame 1900)
[Prune] Removed 3 stale IDs (frame 2000)
[Prune] Removed 2 stale IDs (frame 2500)
[Prune] Removed 2 stale IDs (frame 2600)
[Evidence] Saved evidence/1776337739_90s.jpg (143602 bytes, sha256:47d74cfbf5849...)
[Prune] Removed 3 stale IDs (frame 2700)
[Prune] Removed 3 stale IDs (frame 2800)
[Prune] Removed 4 stale IDs (frame 2900)
[Prune] Removed 7 stale IDs (frame 3000)
[Prune] Removed 7 stale IDs (frame 3100)
[Prune] Removed 1 stale IDs (frame 3200)
[Prune] Removed 2 stale IDs (frame 3500)
[Evidence] Saved evidence/1776337739_120s.jpg (145181 bytes, sha256:5a9722aa2386b...)
[Prune] Removed 6 stale IDs (frame 3800)
[Prune] Removed 4 stale IDs (frame 3900)
[Prune] Removed 2 stale IDs (frame 4000)
[Prune] Removed 4 stale IDs (frame 4100)
[Prune] Removed 3 stale IDs (frame 4200)
[Prune] Removed 5 stale IDs (frame 4300)
[STATE] counting — market=0x1D953772... duration=150s round=68
[Evidence] Saved evidence/1776337739_150s.jpg (141466 bytes, sha256:c0154ec4ad299...)
[Prune] Removed 4 stale IDs (frame 4400)
[Prune] Removed 4 stale IDs (frame 4500)
[Prune] Removed 7 stale IDs (frame 4600)
[Prune] Removed 4 stale IDs (frame 4700)
[Prune] Removed 1 stale IDs (frame 4900)
[Prune] Removed 1 stale IDs (frame 5000)
[Prune] Removed 4 stale IDs (frame 5100)
[Prune] Removed 6 stale IDs (frame 5200)
[Evidence] Saved evidence/1776337739_180s.jpg (139404 bytes, sha256:ba61baffd135b...)
[Prune] Removed 1 stale IDs (frame 5300)
[Prune] Removed 2 stale IDs (frame 5500)
[Prune] Removed 1 stale IDs (frame 5800)
[Prune] Removed 1 stale IDs (frame 5900)
[Prune] Removed 1 stale IDs (frame 6000)
[Prune] Removed 1 stale IDs (frame 6100)
[Evidence] Saved evidence/1776337739_210s.jpg (150517 bytes, sha256:f0e985a791eb9...)
[Prune] Removed 2 stale IDs (frame 6200)
[Prune] Removed 11 stale IDs (frame 6300)
[Prune] Removed 4 stale IDs (frame 6500)
[Prune] Removed 5 stale IDs (frame 6600)
[Prune] Removed 4 stale IDs (frame 6700)
[Prune] Removed 1 stale IDs (frame 6800)
[Prune] Removed 1 stale IDs (frame 7000)
[Evidence] Saved evidence/1776337739_240s.jpg (142591 bytes, sha256:2cf9f4e9bde44...)
[Prune] Removed 5 stale IDs (frame 7100)
[Prune] Removed 1 stale IDs (frame 7500)
[Prune] Removed 1 stale IDs (frame 7600)
[Prune] Removed 8 stale IDs (frame 7700)
[Prune] Removed 5 stale IDs (frame 7800)
[Evidence] Saved evidence/1776337739_270s.jpg (153550 bytes, sha256:4515d83edcc85...)
[Prune] Removed 3 stale IDs (frame 7900)
[Prune] Removed 1 stale IDs (frame 8100)
[Prune] Removed 1 stale IDs (frame 8300)
[Prune] Removed 1 stale IDs (frame 8400)
[Prune] Removed 2 stale IDs (frame 8600)
[Prune] Removed 2 stale IDs (frame 8700)
[Evidence] Saved evidence/1776337739_final.jpg (151641 bytes, sha256:fcbae483651ee...)
[Evidence] Saved evidence/1776337739_final.jpg (151722 bytes, sha256:2273c3fd3b118...)
[STATE] idle — round 68 complete: 36 vehicles
[Prune] Removed 1 stale IDs (frame 9100)
[Prune] Removed 2 stale IDs (frame 9200)
[Prune] Removed 2 stale IDs (frame 9300)
[Prune] Removed 1 stale IDs (frame 9400)
[Prune] Removed 3 stale IDs (frame 9500)
[Prune] Removed 2 stale IDs (frame 9600)
[2026-04-16 08:14:29] No round_complete via WS — reading result.json fallback
[2026-04-16 08:14:29] Count complete: 36 vehicles (in=8 out=28)
[2026-04-16 08:14:31] No bets placed — cancelling market
[2026-04-16 08:14:32] Market cancelled: 0x1D953772e988ef90D39eD8aa776743Ac4545fA1a (tx: ba66d20898cfe5cbc4b042df8baba8337f0588b202c805dadd3dac9861b3624b)
[2026-04-16 08:14:32] Ably publish OK: market_cancelled
[2026-04-16 08:14:33] Refunds distributed: 0x1D953772e988ef90D39eD8aa776743Ac4545fA1a (tx: 8316f43992de90b638c508f3cbca03bb875a2b4fa7612062a27c364007671015)
[2026-04-16 08:14:33] Ledger POST failed (non-fatal): HTTP Error 400: Bad Request
[2026-04-16 08:14:33] New threshold: 35 (avg of [34, 36])
[2026-04-16 08:14:33] Waiting 15s before Round #69...
[2026-04-16 08:14:48] Round #69 | Peace Bridge — USA/Canada Border | threshold=35
[2026-04-16 08:14:49] createMarket tx sent: 6bbe063e77a0caf4539038de05b46bd6048c843de8238892e2c61dcc5eec8f43
[WS] Client disconnected (0 total)
connection handler failed
Traceback (most recent call last):
  File "/home/lumen/miniconda3/lib/python3.13/asyncio/selector_events.py", line 1067, in write
    n = self._sock.send(data)
BrokenPipeError: [Errno 32] Broken pipe

The above exception was the direct cause of the following exception:

Traceback (most recent call last):
  File "/home/lumen/miniconda3/lib/python3.13/site-packages/websockets/asyncio/server.py", line 376, in conn_handler
    await self.handler(connection)
  File "/home/lumen/.gemini/antigravity/scratch/rush/oracle/stream_server.py", line 1261, in handler
    async for msg in ws:
    ...<37 lines>...
            pass
  File "/home/lumen/miniconda3/lib/python3.13/site-packages/websockets/asyncio/connection.py", line 242, in __aiter__
    yield await self.recv()
          ^^^^^^^^^^^^^^^^^
  File "/home/lumen/miniconda3/lib/python3.13/site-packages/websockets/asyncio/connection.py", line 322, in recv
    raise self.protocol.close_exc from self.recv_exc
websockets.exceptions.ConnectionClosedError: no close frame received or sent
[2026-04-16 08:14:52] Market created: 0xa597F9fc2CfB3D7dF2248a02d08dD972BB865b4B (tx: 6bbe063e77a0caf4539038de05b46bd6048c843de8238892e2c61dcc5eec8f43)
[2026-04-16 08:14:52] Ably publish OK: market_created
[2026-04-16 08:14:52] Counting vehicles for 150s...
[STATE] betting — market=0xa597F9fc... bet=150s count=150s round=69
[LineZone] (307,432) -> (960,432)
[Counter] Line: (579, 10) -> (701, 710)
[2026-04-16 08:14:52] [StreamClient] Round 69 started on stream_server
[WS] Client connected (1 total)
[Prune] Removed 1 stale IDs (frame 700)
[Prune] Removed 2 stale IDs (frame 800)
[Evidence] Saved evidence/1776338092_30s.jpg (138118 bytes, sha256:4e0fc393689a6...)
[Prune] Removed 2 stale IDs (frame 900)
[Prune] Removed 11 stale IDs (frame 1000)
[Prune] Removed 3 stale IDs (frame 1100)
[Prune] Removed 11 stale IDs (frame 1200)
[Prune] Removed 3 stale IDs (frame 1300)
[Evidence] Saved evidence/1776338092_60s.jpg (158350 bytes, sha256:acf9e5e7fa5f1...)
[Prune] Removed 2 stale IDs (frame 2100)
[Prune] Removed 2 stale IDs (frame 2200)
[Prune] Removed 1 stale IDs (frame 2500)
[Evidence] Saved evidence/1776338092_90s.jpg (154984 bytes, sha256:517f1a748360e...)
[Prune] Removed 3 stale IDs (frame 2700)
[Prune] Removed 2 stale IDs (frame 2800)
[Prune] Removed 6 stale IDs (frame 2900)
[Prune] Removed 4 stale IDs (frame 3000)
[Prune] Removed 2 stale IDs (frame 3100)
[Prune] Removed 6 stale IDs (frame 3200)
[Prune] Removed 7 stale IDs (frame 3300)
[Prune] Removed 3 stale IDs (frame 3400)
[Prune] Removed 2 stale IDs (frame 3500)
[Evidence] Saved evidence/1776338092_120s.jpg (126110 bytes, sha256:3bd2af972b6df...)
[Prune] Removed 5 stale IDs (frame 3600)
[Prune] Removed 1 stale IDs (frame 3700)
[Prune] Removed 5 stale IDs (frame 3800)
[Prune] Removed 2 stale IDs (frame 3900)
[Prune] Removed 1 stale IDs (frame 4100)
[Prune] Removed 2 stale IDs (frame 4300)
[STATE] counting — market=0xa597F9fc... duration=150s round=69
[Evidence] Saved evidence/1776338092_150s.jpg (154013 bytes, sha256:c48962d2bb78c...)
[Prune] Removed 2 stale IDs (frame 4600)
[Prune] Removed 1 stale IDs (frame 4700)
[Prune] Removed 1 stale IDs (frame 4800)
[Prune] Removed 1 stale IDs (frame 4900)
[Prune] Removed 1 stale IDs (frame 5000)
[Prune] Removed 3 stale IDs (frame 5200)
[Evidence] Saved evidence/1776338092_180s.jpg (147176 bytes, sha256:feb809b14c77b...)
[Prune] Removed 5 stale IDs (frame 5400)
[Prune] Removed 5 stale IDs (frame 5500)
[Prune] Removed 6 stale IDs (frame 5600)
[Prune] Removed 5 stale IDs (frame 5700)
[Evidence] Saved evidence/1776338092_210s.jpg (165329 bytes, sha256:bf2c6d30e7d55...)
[Prune] Removed 1 stale IDs (frame 6200)
[Prune] Removed 2 stale IDs (frame 6400)
[Prune] Removed 1 stale IDs (frame 6600)
[Prune] Removed 4 stale IDs (frame 6700)
[Prune] Removed 2 stale IDs (frame 6800)
[Prune] Removed 1 stale IDs (frame 6900)
[Prune] Removed 1 stale IDs (frame 7000)
[Evidence] Saved evidence/1776338092_240s.jpg (145117 bytes, sha256:68d146e77ca54...)
[Prune] Removed 3 stale IDs (frame 7500)
[Prune] Removed 1 stale IDs (frame 7600)
[Prune] Removed 5 stale IDs (frame 7800)
[Evidence] Saved evidence/1776338092_270s.jpg (138856 bytes, sha256:26235a44004ea...)
[Prune] Removed 3 stale IDs (frame 8100)
[Prune] Removed 1 stale IDs (frame 8200)
[Prune] Removed 1 stale IDs (frame 8400)
[Prune] Removed 1 stale IDs (frame 8600)
[Prune] Removed 1 stale IDs (frame 8700)
[Evidence] Saved evidence/1776338092_final.jpg (147304 bytes, sha256:6d38ecf154eeb...)
[Evidence] Saved evidence/1776338092_final.jpg (147080 bytes, sha256:42d05604ac660...)
[Evidence] Saved evidence/1776338092_final.jpg (147137 bytes, sha256:ad9a6e87c677a...)
[STATE] idle — round 69 complete: 34 vehicles
[Prune] Removed 3 stale IDs (frame 8800)
[Prune] Removed 1 stale IDs (frame 9300)
[Prune] Removed 1 stale IDs (frame 9500)
[2026-04-16 08:20:22] No round_complete via WS — reading result.json fallback
[2026-04-16 08:20:22] Count complete: 34 vehicles (in=4 out=30)
[2026-04-16 08:20:24] No bets placed — cancelling market
[2026-04-16 08:20:25] Market cancelled: 0xa597F9fc2CfB3D7dF2248a02d08dD972BB865b4B (tx: 398e553fef9aa9a95d30885825b92071d30d673efe2ddb4441b4f89b2f538346)
[2026-04-16 08:20:25] Ably publish OK: market_cancelled
[2026-04-16 08:20:26] Refunds distributed: 0xa597F9fc2CfB3D7dF2248a02d08dD972BB865b4B (tx: 7a9428e7230cb964794dc8798cc3f9e24ce6cbfa0640197d4eaea2876ad51331)
[2026-04-16 08:20:26] Ledger POST OK: {"ok":true}
[2026-04-16 08:20:26] New threshold: 35 (avg of [36, 34])
[2026-04-16 08:20:26] Waiting 15s before Round #70...
[Prune] Removed 1 stale IDs (frame 9900)
[Prune] Removed 2 stale IDs (frame 10000)
[Prune] Removed 1 stale IDs (frame 10100)
[2026-04-16 08:20:41] Round #70 | Peace Bridge — USA/Canada Border | threshold=35
[Prune] Removed 2 stale IDs (frame 10200)
[2026-04-16 08:20:42] createMarket tx sent: 76e9fbb0be7f6b03c33da00faf4f14569210f93eb98a6f29320b4773da031c45
[2026-04-16 08:20:45] Market created: 0x5ACE9C7E006612190595dA7ea8C69d29D0eA58Bc (tx: 76e9fbb0be7f6b03c33da00faf4f14569210f93eb98a6f29320b4773da031c45)
[2026-04-16 08:20:45] Ably publish OK: market_created
[2026-04-16 08:20:45] Counting vehicles for 150s...
[STATE] betting — market=0x5ACE9C7E... bet=150s count=150s round=70
[LineZone] (307,432) -> (960,432)
[Counter] Line: (579, 10) -> (701, 710)
[2026-04-16 08:20:45] [StreamClient] Round 70 started on stream_server
[Prune] Removed 1 stale IDs (frame 200)
[Prune] Removed 8 stale IDs (frame 300)
[Prune] Removed 4 stale IDs (frame 400)
[Prune] Removed 5 stale IDs (frame 500)
[Prune] Removed 1 stale IDs (frame 700)
[Evidence] Saved evidence/1776338445_30s.jpg (141717 bytes, sha256:2fabbefa9efae...)
[Prune] Removed 2 stale IDs (frame 1100)
[Prune] Removed 2 stale IDs (frame 1200)
[Prune] Removed 2 stale IDs (frame 1300)
[Prune] Removed 4 stale IDs (frame 1400)
[Prune] Removed 3 stale IDs (frame 1500)
[Prune] Removed 2 stale IDs (frame 1600)
[Evidence] Saved evidence/1776338445_60s.jpg (147610 bytes, sha256:8a68e341caaf3...)
[Prune] Removed 4 stale IDs (frame 2300)
[Prune] Removed 2 stale IDs (frame 2400)
[Prune] Removed 1 stale IDs (frame 2500)
[Prune] Removed 1 stale IDs (frame 2600)
[Evidence] Saved evidence/1776338445_90s.jpg (159591 bytes, sha256:5476079717fbe...)
[Prune] Removed 1 stale IDs (frame 2700)
[Prune] Removed 1 stale IDs (frame 2800)
[Prune] Removed 6 stale IDs (frame 2900)
[Prune] Removed 1 stale IDs (frame 3000)
[Prune] Removed 1 stale IDs (frame 3100)
[Prune] Removed 3 stale IDs (frame 3200)
[Prune] Removed 1 stale IDs (frame 3300)
[Prune] Removed 2 stale IDs (frame 3400)
[Evidence] Saved evidence/1776338445_120s.jpg (147870 bytes, sha256:684cf465e25a7...)
[Prune] Removed 2 stale IDs (frame 3700)
[Prune] Removed 8 stale IDs (frame 3800)
[Prune] Removed 2 stale IDs (frame 4000)
[Prune] Removed 1 stale IDs (frame 4100)
[Prune] Removed 3 stale IDs (frame 4200)
[Prune] Removed 4 stale IDs (frame 4300)
[STATE] counting — market=0x5ACE9C7E... duration=150s round=70
[Evidence] Saved evidence/1776338445_150s.jpg (167337 bytes, sha256:4e393035b718d...)
[Prune] Removed 2 stale IDs (frame 4400)
[Prune] Removed 3 stale IDs (frame 4600)
[Prune] Removed 2 stale IDs (frame 4700)
[Evidence] Saved evidence/1776338445_180s.jpg (144629 bytes, sha256:5afa23cd12465...)
[Prune] Removed 2 stale IDs (frame 5300)
[Prune] Removed 3 stale IDs (frame 5600)
[Prune] Removed 2 stale IDs (frame 5700)
[Prune] Removed 3 stale IDs (frame 5800)
[Prune] Removed 2 stale IDs (frame 5900)
[Prune] Removed 2 stale IDs (frame 6000)
[Prune] Removed 2 stale IDs (frame 6100)
[Evidence] Saved evidence/1776338445_210s.jpg (155643 bytes, sha256:f52c52efa7b5c...)
[WS] Client connected (2 total)
[Prune] Removed 2 stale IDs (frame 6200)
[Prune] Removed 2 stale IDs (frame 6300)
[Prune] Removed 1 stale IDs (frame 6600)
[Prune] Removed 3 stale IDs (frame 6700)
[Prune] Removed 3 stale IDs (frame 6800)
[Prune] Removed 8 stale IDs (frame 6900)
[Prune] Removed 4 stale IDs (frame 7000)
[Evidence] Saved evidence/1776338445_240s.jpg (136148 bytes, sha256:9664d47c81eea...)
[Prune] Removed 3 stale IDs (frame 7100)
[Prune] Removed 1 stale IDs (frame 7200)
[Prune] Removed 2 stale IDs (frame 7300)
[Prune] Removed 2 stale IDs (frame 7400)
[Prune] Removed 2 stale IDs (frame 7600)
[Prune] Removed 1 stale IDs (frame 7700)
[Prune] Removed 1 stale IDs (frame 7800)
[Evidence] Saved evidence/1776338445_270s.jpg (140226 bytes, sha256:9807762132810...)
[Prune] Removed 7 stale IDs (frame 7900)
[Prune] Removed 4 stale IDs (frame 8000)
[Prune] Removed 4 stale IDs (frame 8100)
[Prune] Removed 7 stale IDs (frame 8200)
[Prune] Removed 6 stale IDs (frame 8300)
[Prune] Removed 2 stale IDs (frame 8400)
[Evidence] Saved evidence/1776338445_final.jpg (155233 bytes, sha256:81789102e6c83...)
[Evidence] Saved evidence/1776338445_final.jpg (155123 bytes, sha256:837aafb4f4979...)
[Evidence] Saved evidence/1776338445_final.jpg (155110 bytes, sha256:2651e8846a9e2...)
[Evidence] Saved evidence/1776338445_final.jpg (155094 bytes, sha256:61970da424a89...)
[STATE] idle — round 70 complete: 44 vehicles
[Prune] Removed 1 stale IDs (frame 8800)
[Prune] Removed 1 stale IDs (frame 8900)
[Prune] Removed 2 stale IDs (frame 9000)
[Prune] Removed 1 stale IDs (frame 9500)
[Prune] Removed 1 stale IDs (frame 9600)
[2026-04-16 08:26:15] No round_complete via WS — reading result.json fallback
[2026-04-16 08:26:15] Count complete: 44 vehicles (in=8 out=36)
[Prune] Removed 2 stale IDs (frame 9700)
[2026-04-16 08:26:17] No bets placed — cancelling market
[2026-04-16 08:26:18] Market cancelled: 0x5ACE9C7E006612190595dA7ea8C69d29D0eA58Bc (tx: 93864190d8b3e7971bba6dff215feb312931154e3bde97e218e6069eb074e754)
[2026-04-16 08:26:18] Ably publish OK: market_cancelled
[2026-04-16 08:26:19] Refunds distributed: 0x5ACE9C7E006612190595dA7ea8C69d29D0eA58Bc (tx: 913622910e7f3ea8f7175e3bab67786347a98db7155a35f5282e9eb38f0e1768)
[2026-04-16 08:26:19] Ledger POST OK: {"ok":true}
[2026-04-16 08:26:19] New threshold: 39 (avg of [34, 44])
[2026-04-16 08:26:19] Waiting 15s before Round #71...
[Prune] Removed 4 stale IDs (frame 9800)
[Prune] Removed 1 stale IDs (frame 10000)
[Prune] Removed 1 stale IDs (frame 10200)
[2026-04-16 08:26:34] Round #71 | Peace Bridge — USA/Canada Border | threshold=39
[2026-04-16 08:26:35] createMarket tx sent: aea959509b4651b3337883b8fc2203044618889626099079707b68e64b86fe25
[2026-04-16 08:26:35] Market created: 0x706d9aA957E4e5C3b4e045b2481Bba6B357732Ba (tx: aea959509b4651b3337883b8fc2203044618889626099079707b68e64b86fe25)
[2026-04-16 08:26:36] Ably publish OK: market_created
[2026-04-16 08:26:36] Counting vehicles for 150s...
[STATE] betting — market=0x706d9aA9... bet=150s count=150s round=71
[LineZone] (307,432) -> (960,432)
[Counter] Line: (579, 10) -> (701, 710)
[2026-04-16 08:26:36] [StreamClient] Round 71 started on stream_server
[Prune] Removed 1 stale IDs (frame 500)
[Prune] Removed 3 stale IDs (frame 600)
[Prune] Removed 1 stale IDs (frame 700)
[Evidence] Saved evidence/1776338796_30s.jpg (154097 bytes, sha256:9ad7f2bdd9389...)
[Prune] Removed 1 stale IDs (frame 900)
[Prune] Removed 3 stale IDs (frame 1000)
[Prune] Removed 2 stale IDs (frame 1100)
[Prune] Removed 1 stale IDs (frame 1300)
[Prune] Removed 3 stale IDs (frame 1400)
[Prune] Removed 1 stale IDs (frame 1500)
[Prune] Removed 1 stale IDs (frame 1600)
[Prune] Removed 3 stale IDs (frame 1700)
[Evidence] Saved evidence/1776338796_60s.jpg (136526 bytes, sha256:0de989409676f...)
[Prune] Removed 3 stale IDs (frame 1800)
[Prune] Removed 6 stale IDs (frame 1900)
[Prune] Removed 2 stale IDs (frame 2000)
[Prune] Removed 2 stale IDs (frame 2200)
[Prune] Removed 1 stale IDs (frame 2500)
[Prune] Removed 4 stale IDs (frame 2600)
[Evidence] Saved evidence/1776338796_90s.jpg (163312 bytes, sha256:119723a30bb47...)
[Prune] Removed 1 stale IDs (frame 3500)
[Evidence] Saved evidence/1776338796_120s.jpg (163818 bytes, sha256:d71b1a28eaad0...)
[Prune] Removed 1 stale IDs (frame 3600)
[Prune] Removed 2 stale IDs (frame 3700)
[Prune] Removed 4 stale IDs (frame 3800)
[Prune] Removed 2 stale IDs (frame 3900)
[Prune] Removed 1 stale IDs (frame 4000)
[Prune] Removed 3 stale IDs (frame 4100)
[Prune] Removed 7 stale IDs (frame 4200)
[Prune] Removed 1 stale IDs (frame 4300)
[STATE] counting — market=0x706d9aA9... duration=150s round=71
[Evidence] Saved evidence/1776338796_150s.jpg (142527 bytes, sha256:92ed0fa264e15...)
[Prune] Removed 2 stale IDs (frame 4500)
[Prune] Removed 3 stale IDs (frame 4600)
[Prune] Removed 2 stale IDs (frame 4700)
[Prune] Removed 1 stale IDs (frame 4900)
[Prune] Removed 1 stale IDs (frame 5000)
[Prune] Removed 1 stale IDs (frame 5100)
[Prune] Removed 2 stale IDs (frame 5200)
[Prune] Removed 1 stale IDs (frame 5300)
[Evidence] Saved evidence/1776338796_180s.jpg (157956 bytes, sha256:deff989c10364...)
[Prune] Removed 1 stale IDs (frame 6000)
[Evidence] Saved evidence/1776338796_210s.jpg (131423 bytes, sha256:df676aebcae28...)
[Prune] Removed 2 stale IDs (frame 6300)
[Prune] Removed 2 stale IDs (frame 6400)
[Prune] Removed 2 stale IDs (frame 6900)
[Evidence] Saved evidence/1776338796_240s.jpg (160573 bytes, sha256:7d1f66d506896...)
[Prune] Removed 1 stale IDs (frame 7200)
[Prune] Removed 2 stale IDs (frame 7400)
[Prune] Removed 2 stale IDs (frame 7500)
[Prune] Removed 1 stale IDs (frame 7600)
[Prune] Removed 3 stale IDs (frame 7800)
[Prune] Removed 1 stale IDs (frame 7900)
[Evidence] Saved evidence/1776338796_270s.jpg (148345 bytes, sha256:f49bf67533bd8...)
[Prune] Removed 3 stale IDs (frame 8000)
[Prune] Removed 4 stale IDs (frame 8100)
[Prune] Removed 3 stale IDs (frame 8200)
[Prune] Removed 3 stale IDs (frame 8300)
[Prune] Removed 8 stale IDs (frame 8400)
[Prune] Removed 4 stale IDs (frame 8500)
[Prune] Removed 3 stale IDs (frame 8600)
[Prune] Removed 2 stale IDs (frame 8700)
[Prune] Removed 12 stale IDs (frame 8800)
[Evidence] Saved evidence/1776338796_final.jpg (116645 bytes, sha256:09843ba061e4c...)
[Evidence] Saved evidence/1776338796_final.jpg (116458 bytes, sha256:4f03837036d9c...)
[Evidence] Saved evidence/1776338796_final.jpg (116634 bytes, sha256:c8228045d6454...)
[STATE] idle — round 71 complete: 40 vehicles
[Prune] Removed 8 stale IDs (frame 8900)
[Prune] Removed 8 stale IDs (frame 9000)
[Prune] Removed 5 stale IDs (frame 9100)
[Prune] Removed 6 stale IDs (frame 9200)
[Prune] Removed 6 stale IDs (frame 9300)
[Prune] Removed 1 stale IDs (frame 9400)
[Prune] Removed 3 stale IDs (frame 9500)
[Prune] Removed 10 stale IDs (frame 9700)
[2026-04-16 08:32:06] No round_complete via WS — reading result.json fallback
[2026-04-16 08:32:06] Count complete: 40 vehicles (in=11 out=29)
[2026-04-16 08:32:08] No bets placed — cancelling market
[Prune] Removed 2 stale IDs (frame 9800)
[2026-04-16 08:32:11] Market cancelled: 0x706d9aA957E4e5C3b4e045b2481Bba6B357732Ba (tx: eb94e74d1771f2b536b8df60d042b44abe4d054ad6cf1b6bd72c78d77bea2617)
[2026-04-16 08:32:11] Ably publish OK: market_cancelled
[2026-04-16 08:32:12] Refunds distributed: 0x706d9aA957E4e5C3b4e045b2481Bba6B357732Ba (tx: 99d22a86b30fe293c99fc64465a2effef0a057a9c2835a89586076ced7537dda)
[Prune] Removed 2 stale IDs (frame 9900)
[2026-04-16 08:32:12] Ledger POST OK: {"ok":true}
[2026-04-16 08:32:12] New threshold: 42 (avg of [44, 40])
[2026-04-16 08:32:12] Waiting 15s before Round #72...
[Prune] Removed 2 stale IDs (frame 10000)
[Prune] Removed 3 stale IDs (frame 10100)
[2026-04-16 08:32:27] Round #72 | Peace Bridge — USA/Canada Border | threshold=42
[2026-04-16 08:32:28] createMarket tx sent: e6b22c23ad3d5afaf2fb1d792be6eb1c86729c5ba3ed5f9c6533c8f540f315d7
[2026-04-16 08:32:31] Market created: 0x8AC176D6415767dAbC8DCE1c38F6676C50EE6177 (tx: e6b22c23ad3d5afaf2fb1d792be6eb1c86729c5ba3ed5f9c6533c8f540f315d7)
[2026-04-16 08:32:31] Ably publish OK: market_created
[2026-04-16 08:32:31] Counting vehicles for 150s...
[STATE] betting — market=0x8AC176D6... bet=150s count=150s round=72
[LineZone] (307,432) -> (960,432)
[Counter] Line: (579, 10) -> (701, 710)
[2026-04-16 08:32:31] [StreamClient] Round 72 started on stream_server
[Evidence] Saved evidence/1776339151_30s.jpg (167143 bytes, sha256:17375c1fe653e...)
[Prune] Removed 2 stale IDs (frame 1200)
[Prune] Removed 1 stale IDs (frame 1400)
[WS] Client disconnected (1 total)
[Prune] Removed 2 stale IDs (frame 1700)
[Evidence] Saved evidence/1776339151_60s.jpg (149231 bytes, sha256:54aba8122fe2c...)
[Prune] Removed 2 stale IDs (frame 1800)
[Prune] Removed 2 stale IDs (frame 2000)
[Prune] Removed 2 stale IDs (frame 2200)
[Prune] Removed 2 stale IDs (frame 2300)
[Prune] Removed 5 stale IDs (frame 2400)
[Prune] Removed 1 stale IDs (frame 2500)
[Evidence] Saved evidence/1776339151_90s.jpg (145055 bytes, sha256:3d912a6e3666d...)
[Prune] Removed 2 stale IDs (frame 2700)
[Prune] Removed 1 stale IDs (frame 2800)
[Prune] Removed 3 stale IDs (frame 2900)
[Prune] Removed 2 stale IDs (frame 3000)
[Prune] Removed 5 stale IDs (frame 3100)
[Prune] Removed 4 stale IDs (frame 3200)
[Prune] Removed 1 stale IDs (frame 3300)
[Prune] Removed 4 stale IDs (frame 3400)
[Prune] Removed 2 stale IDs (frame 3500)
[Evidence] Saved evidence/1776339151_120s.jpg (121214 bytes, sha256:a22d009b5e58d...)
[Prune] Removed 2 stale IDs (frame 3600)
[Prune] Removed 6 stale IDs (frame 3700)
[Prune] Removed 9 stale IDs (frame 3800)
[Prune] Removed 7 stale IDs (frame 3900)
[Prune] Removed 1 stale IDs (frame 4000)
[Prune] Removed 1 stale IDs (frame 4100)
[STATE] counting — market=0x8AC176D6... duration=150s round=72
[Evidence] Saved evidence/1776339151_150s.jpg (158495 bytes, sha256:47d5f761fb69b...)
[Prune] Removed 1 stale IDs (frame 4400)
[Prune] Removed 1 stale IDs (frame 4500)
[Prune] Removed 3 stale IDs (frame 4600)
[Prune] Removed 2 stale IDs (frame 4700)
[Prune] Removed 1 stale IDs (frame 4800)
[Prune] Removed 2 stale IDs (frame 4900)
[Prune] Removed 5 stale IDs (frame 5100)
[Prune] Removed 1 stale IDs (frame 5200)
[Evidence] Saved evidence/1776339151_180s.jpg (170014 bytes, sha256:0b16ca49b756a...)
[Prune] Removed 1 stale IDs (frame 5600)
[Prune] Removed 3 stale IDs (frame 5700)
[Prune] Removed 5 stale IDs (frame 5800)
[Prune] Removed 3 stale IDs (frame 5900)
[Prune] Removed 8 stale IDs (frame 6000)
[Prune] Removed 5 stale IDs (frame 6100)
[Evidence] Saved evidence/1776339151_210s.jpg (141041 bytes, sha256:ebcdae15d55ca...)
[Prune] Removed 2 stale IDs (frame 6200)
[Prune] Removed 3 stale IDs (frame 6300)
[Prune] Removed 1 stale IDs (frame 6600)
[Prune] Removed 1 stale IDs (frame 6800)
[Prune] Removed 1 stale IDs (frame 6900)
[Prune] Removed 3 stale IDs (frame 7000)
[Evidence] Saved evidence/1776339151_240s.jpg (156786 bytes, sha256:b04bc7990278f...)
[Prune] Removed 1 stale IDs (frame 7200)
[Prune] Removed 2 stale IDs (frame 7500)
[Prune] Removed 5 stale IDs (frame 7600)
[Prune] Removed 7 stale IDs (frame 7700)
[Prune] Removed 1 stale IDs (frame 7900)
[Evidence] Saved evidence/1776339151_270s.jpg (151825 bytes, sha256:e45aa518033ca...)
[Prune] Removed 1 stale IDs (frame 8300)
[Prune] Removed 4 stale IDs (frame 8400)
[Prune] Removed 12 stale IDs (frame 8500)
[Prune] Removed 9 stale IDs (frame 8600)
[Prune] Removed 11 stale IDs (frame 8700)
[Evidence] Saved evidence/1776339151_final.jpg (134235 bytes, sha256:a55611b44ac1c...)
[Evidence] Saved evidence/1776339151_final.jpg (134245 bytes, sha256:851122fbdb58c...)
[Evidence] Saved evidence/1776339151_final.jpg (134109 bytes, sha256:51fe15b3fb1a4...)
[Evidence] Saved evidence/1776339151_final.jpg (134188 bytes, sha256:3b40c559cda64...)
[STATE] idle — round 72 complete: 43 vehicles
[Prune] Removed 4 stale IDs (frame 8800)
[Prune] Removed 1 stale IDs (frame 9300)
[Prune] Removed 1 stale IDs (frame 9400)
[Prune] Removed 3 stale IDs (frame 9500)
[Prune] Removed 5 stale IDs (frame 9600)
[2026-04-16 08:38:01] No round_complete via WS — reading result.json fallback
[2026-04-16 08:38:01] Count complete: 43 vehicles (in=9 out=34)
[2026-04-16 08:38:03] No bets placed — cancelling market
[Prune] Removed 5 stale IDs (frame 9700)
[2026-04-16 08:38:06] Market cancelled: 0x8AC176D6415767dAbC8DCE1c38F6676C50EE6177 (tx: fd9d20927dcec31f4b1fef64c71bf2fd5c447a841837a08694fea5f251a79412)
[2026-04-16 08:38:06] Ably publish OK: market_cancelled
[2026-04-16 08:38:07] Refunds distributed: 0x8AC176D6415767dAbC8DCE1c38F6676C50EE6177 (tx: 0ac5e4be180413b47954fdbb387d932f40fb9d0af8c84335f2adedecd52b75d8)
[2026-04-16 08:38:07] Ledger POST failed (non-fatal): HTTP Error 400: Bad Request
[2026-04-16 08:38:07] New threshold: 41 (avg of [40, 43])
[2026-04-16 08:38:07] Waiting 15s before Round #73...
[Prune] Removed 1 stale IDs (frame 9900)
[Prune] Removed 1 stale IDs (frame 10000)
[2026-04-16 08:38:22] Round #73 | Peace Bridge — USA/Canada Border | threshold=41
[2026-04-16 08:38:23] createMarket tx sent: f3c9e58ce06cf503cfddba22cce50ef1c96f53c9dc64ce7aed964ac371156f52
[2026-04-16 08:38:23] Market created: 0xC62e8543Ae06bbA9636b9f31eF9a4c01b441A113 (tx: f3c9e58ce06cf503cfddba22cce50ef1c96f53c9dc64ce7aed964ac371156f52)
[Prune] Removed 1 stale IDs (frame 10300)
[2026-04-16 08:38:24] Ably publish OK: market_created
[2026-04-16 08:38:24] Counting vehicles for 150s...
[STATE] betting — market=0xC62e8543... bet=150s count=150s round=73
[LineZone] (307,432) -> (960,432)
[Counter] Line: (579, 10) -> (701, 710)
[2026-04-16 08:38:24] [StreamClient] Round 73 started on stream_server
[Prune] Removed 1 stale IDs (frame 100)
[Prune] Removed 6 stale IDs (frame 200)
[Prune] Removed 6 stale IDs (frame 300)
[Prune] Removed 5 stale IDs (frame 400)
[Prune] Removed 3 stale IDs (frame 600)
[Prune] Removed 2 stale IDs (frame 700)
[Prune] Removed 8 stale IDs (frame 800)
[Evidence] Saved evidence/1776339504_30s.jpg (131708 bytes, sha256:a288b16d9ecb4...)
[Prune] Removed 7 stale IDs (frame 900)
[Prune] Removed 5 stale IDs (frame 1000)
[Prune] Removed 3 stale IDs (frame 1100)
[Prune] Removed 5 stale IDs (frame 1200)
[Prune] Removed 6 stale IDs (frame 1300)
[Prune] Removed 5 stale IDs (frame 1400)
[Prune] Removed 2 stale IDs (frame 1500)
[Prune] Removed 1 stale IDs (frame 1600)
[Evidence] Saved evidence/1776339504_60s.jpg (145928 bytes, sha256:be72ab13531eb...)
[Prune] Removed 3 stale IDs (frame 1900)
[Prune] Removed 3 stale IDs (frame 2000)
[Prune] Removed 1 stale IDs (frame 2300)
[Prune] Removed 1 stale IDs (frame 2400)
[Prune] Removed 4 stale IDs (frame 2500)
[Evidence] Saved evidence/1776339504_90s.jpg (139018 bytes, sha256:708db47732341...)
[Prune] Removed 3 stale IDs (frame 2700)
[Prune] Removed 2 stale IDs (frame 2800)
[Prune] Removed 1 stale IDs (frame 2900)
[Prune] Removed 1 stale IDs (frame 3400)
[Evidence] Saved evidence/1776339504_120s.jpg (115055 bytes, sha256:75cf32d192292...)
[Prune] Removed 1 stale IDs (frame 3500)
[Prune] Removed 2 stale IDs (frame 3600)
[Prune] Removed 2 stale IDs (frame 3800)
[Prune] Removed 2 stale IDs (frame 4000)
[Prune] Removed 1 stale IDs (frame 4200)
[STATE] counting — market=0xC62e8543... duration=150s round=73
[Evidence] Saved evidence/1776339504_150s.jpg (163554 bytes, sha256:896cee3d6abba...)
[Prune] Removed 1 stale IDs (frame 4800)
[Prune] Removed 2 stale IDs (frame 4900)
[Prune] Removed 4 stale IDs (frame 5000)
[Prune] Removed 2 stale IDs (frame 5100)
[Prune] Removed 2 stale IDs (frame 5200)
[Evidence] Saved evidence/1776339504_180s.jpg (156151 bytes, sha256:89d9ea2b8490b...)
[Prune] Removed 3 stale IDs (frame 5300)
[Prune] Removed 1 stale IDs (frame 5400)
[Prune] Removed 1 stale IDs (frame 5500)
[Prune] Removed 1 stale IDs (frame 5700)
[Prune] Removed 5 stale IDs (frame 5800)
[Prune] Removed 1 stale IDs (frame 5900)
[Prune] Removed 2 stale IDs (frame 6000)
[Evidence] Saved evidence/1776339504_210s.jpg (152780 bytes, sha256:211dd5d6aa759...)
[Prune] Removed 9 stale IDs (frame 6300)
[WS] Client connected (2 total)
[Prune] Removed 2 stale IDs (frame 6400)
[Prune] Removed 5 stale IDs (frame 6500)
[Prune] Removed 12 stale IDs (frame 6600)
[Prune] Removed 9 stale IDs (frame 6700)
[Prune] Removed 4 stale IDs (frame 6800)
[Prune] Removed 1 stale IDs (frame 7000)
[Evidence] Saved evidence/1776339504_240s.jpg (141359 bytes, sha256:7769dab0ae108...)
[Prune] Removed 2 stale IDs (frame 7200)
[WS] Client disconnected (1 total)
[Prune] Removed 1 stale IDs (frame 7300)
[Prune] Removed 2 stale IDs (frame 7400)
[Evidence] Saved evidence/1776339504_270s.jpg (155317 bytes, sha256:1791cb71b0056...)
[Prune] Removed 1 stale IDs (frame 8400)
[Prune] Removed 1 stale IDs (frame 8500)
[Prune] Removed 2 stale IDs (frame 8600)
[Evidence] Saved evidence/1776339504_final.jpg (129363 bytes, sha256:2ccca51c561ff...)
[Evidence] Saved evidence/1776339504_final.jpg (129710 bytes, sha256:77f9bdfd7d87c...)
[Evidence] Saved evidence/1776339504_final.jpg (128627 bytes, sha256:7c0139208e6bf...)
[STATE] idle — round 73 complete: 46 vehicles
[Prune] Removed 3 stale IDs (frame 8800)
[Prune] Removed 2 stale IDs (frame 8900)
[Prune] Removed 1 stale IDs (frame 9100)
[Prune] Removed 1 stale IDs (frame 9200)
[Prune] Removed 6 stale IDs (frame 9300)
[Prune] Removed 3 stale IDs (frame 9400)
[Prune] Removed 7 stale IDs (frame 9500)
[Prune] Removed 5 stale IDs (frame 9600)
[2026-04-16 08:43:54] No round_complete via WS — reading result.json fallback
[2026-04-16 08:43:54] Count complete: 46 vehicles (in=7 out=39)
[2026-04-16 08:43:55] No bets placed — cancelling market
[Prune] Removed 1 stale IDs (frame 9700)
[2026-04-16 08:43:58] Market cancelled: 0xC62e8543Ae06bbA9636b9f31eF9a4c01b441A113 (tx: 13cf821ef71fea6f4cf811a35bfdcad2ac5cabddaa8a99fd36ea3e00649ecf56)
[2026-04-16 08:43:59] Ably publish OK: market_cancelled
[2026-04-16 08:44:01] Refunds distributed: 0xC62e8543Ae06bbA9636b9f31eF9a4c01b441A113 (tx: 50d7b044a9cbb3933a29fec9df8b9c43f8015cd984c513df9d68ab377bd8f2e3)
[2026-04-16 08:44:02] Ledger POST OK: {"ok":true}
[2026-04-16 08:44:02] New threshold: 44 (avg of [43, 46])
[2026-04-16 08:44:02] Waiting 15s before Round #74...
[Prune] Removed 2 stale IDs (frame 10000)
[Prune] Removed 1 stale IDs (frame 10100)
[Prune] Removed 8 stale IDs (frame 10200)
[2026-04-16 08:44:17] Round #74 | Peace Bridge — USA/Canada Border | threshold=44
[Prune] Removed 1 stale IDs (frame 10300)
[2026-04-16 08:44:20] createMarket tx sent: a22566c9a7fac1637578d5a6f0a470b20128b2382c07bc4f635d7835b4a291a5
[Prune] Removed 1 stale IDs (frame 10400)
[2026-04-16 08:44:22] Market created: 0x1125808E42996196A60056cC6C8713052aEda0FF (tx: a22566c9a7fac1637578d5a6f0a470b20128b2382c07bc4f635d7835b4a291a5)
[2026-04-16 08:44:23] Ably publish OK: market_created
[2026-04-16 08:44:23] Counting vehicles for 150s...
[STATE] betting — market=0x1125808E... bet=150s count=150s round=74
[LineZone] (307,432) -> (960,432)
[Counter] Line: (579, 10) -> (701, 710)
[2026-04-16 08:44:23] [StreamClient] Round 74 started on stream_server
[Prune] Removed 1 stale IDs (frame 400)
[Prune] Removed 2 stale IDs (frame 600)
[Prune] Removed 1 stale IDs (frame 800)
[Evidence] Saved evidence/1776339863_30s.jpg (142354 bytes, sha256:c1dfac6113c80...)
[Prune] Removed 3 stale IDs (frame 900)
[Prune] Removed 5 stale IDs (frame 1000)
[Prune] Removed 4 stale IDs (frame 1200)
[Prune] Removed 7 stale IDs (frame 1300)
[Prune] Removed 2 stale IDs (frame 1400)
[Prune] Removed 2 stale IDs (frame 1500)
[Prune] Removed 1 stale IDs (frame 1600)
[Prune] Removed 4 stale IDs (frame 1700)
[Evidence] Saved evidence/1776339863_60s.jpg (145711 bytes, sha256:3a459d734ca2d...)
[Prune] Removed 3 stale IDs (frame 1800)
[Prune] Removed 7 stale IDs (frame 1900)
[Prune] Removed 7 stale IDs (frame 2000)
[Prune] Removed 3 stale IDs (frame 2100)
[Prune] Removed 2 stale IDs (frame 2300)
[Prune] Removed 2 stale IDs (frame 2400)
[Prune] Removed 3 stale IDs (frame 2500)
[Prune] Removed 3 stale IDs (frame 2600)
[Evidence] Saved evidence/1776339863_90s.jpg (158407 bytes, sha256:ce719c36b0ca9...)
[Prune] Removed 1 stale IDs (frame 2800)
[Prune] Removed 5 stale IDs (frame 3000)
[Prune] Removed 2 stale IDs (frame 3100)
[Prune] Removed 2 stale IDs (frame 3200)
[Prune] Removed 2 stale IDs (frame 3300)
[Prune] Removed 1 stale IDs (frame 3400)
[Prune] Removed 2 stale IDs (frame 3500)
[Evidence] Saved evidence/1776339863_120s.jpg (144305 bytes, sha256:bab4618f61181...)
[Prune] Removed 3 stale IDs (frame 3600)
[Prune] Removed 2 stale IDs (frame 3700)
[Prune] Removed 1 stale IDs (frame 4100)
[Prune] Removed 2 stale IDs (frame 4200)
[STATE] counting — market=0x1125808E... duration=150s round=74
[Evidence] Saved evidence/1776339863_150s.jpg (125346 bytes, sha256:bafdcc75cabf1...)
[Prune] Removed 3 stale IDs (frame 4500)
[Prune] Removed 1 stale IDs (frame 4600)
[Prune] Removed 6 stale IDs (frame 4700)
[Prune] Removed 3 stale IDs (frame 4800)
[Prune] Removed 3 stale IDs (frame 4900)
[Prune] Removed 2 stale IDs (frame 5000)
[Prune] Removed 2 stale IDs (frame 5100)
[Prune] Removed 1 stale IDs (frame 5200)
[Evidence] Saved evidence/1776339863_180s.jpg (148754 bytes, sha256:e30c81783dfac...)
[Prune] Removed 1 stale IDs (frame 5300)
[Prune] Removed 4 stale IDs (frame 5500)
[Evidence] Saved evidence/1776339863_210s.jpg (145542 bytes, sha256:654c14469dd10...)
[Prune] Removed 3 stale IDs (frame 6200)
[Prune] Removed 1 stale IDs (frame 6300)
[Evidence] Saved evidence/1776339863_240s.jpg (137389 bytes, sha256:837dc41b1739f...)
[Prune] Removed 1 stale IDs (frame 7100)
[Prune] Removed 1 stale IDs (frame 7200)
[Prune] Removed 2 stale IDs (frame 7300)
[Prune] Removed 1 stale IDs (frame 7400)
[Prune] Removed 1 stale IDs (frame 7500)
[Prune] Removed 1 stale IDs (frame 7700)
[Evidence] Saved evidence/1776339863_270s.jpg (148330 bytes, sha256:096f274891d6f...)
[Prune] Removed 5 stale IDs (frame 7900)
[Prune] Removed 7 stale IDs (frame 8000)
[Prune] Removed 1 stale IDs (frame 8100)
[Prune] Removed 3 stale IDs (frame 8200)
[Prune] Removed 1 stale IDs (frame 8500)
[Prune] Removed 3 stale IDs (frame 8600)
[Prune] Removed 2 stale IDs (frame 8700)
[Evidence] Saved evidence/1776339863_final.jpg (129003 bytes, sha256:a7a2b86433840...)
[Evidence] Saved evidence/1776339863_final.jpg (130327 bytes, sha256:153f57772af9f...)
[Evidence] Saved evidence/1776339863_final.jpg (131713 bytes, sha256:6ff283264069f...)
[STATE] idle — round 74 complete: 49 vehicles
[Prune] Removed 2 stale IDs (frame 8800)
[Prune] Removed 2 stale IDs (frame 8900)
[Prune] Removed 2 stale IDs (frame 9000)
[Prune] Removed 7 stale IDs (frame 9100)
[Prune] Removed 5 stale IDs (frame 9200)
[Prune] Removed 9 stale IDs (frame 9300)
[Prune] Removed 5 stale IDs (frame 9400)
[ffmpeg] [tls @ 0x7a905479fcc0] Error in the pull function.
[ffmpeg] [tls @ 0x7a905479fcc0] IO error: End of file
[Prune] Removed 3 stale IDs (frame 9500)
[Prune] Removed 3 stale IDs (frame 9600)
[2026-04-16 08:49:53] No round_complete via WS — reading result.json fallback
[2026-04-16 08:49:53] Count complete: 49 vehicles (in=16 out=33)
[2026-04-16 08:49:54] No bets placed — cancelling market
[2026-04-16 08:49:55] Market cancelled: 0x1125808E42996196A60056cC6C8713052aEda0FF (tx: b742658dc5afad0433d3760df1f055eaf43576507f26299ba480fe277684198f)
[Prune] Removed 1 stale IDs (frame 9700)
[2026-04-16 08:49:56] Ably publish OK: market_cancelled
[2026-04-16 08:49:58] Refunds distributed: 0x1125808E42996196A60056cC6C8713052aEda0FF (tx: 548bd4dcb37104ebf25cc4c67376714a41a72f974ab69f381d0ca4ced6213fbd)
[2026-04-16 08:49:59] Ledger POST OK: {"ok":true}
[2026-04-16 08:49:59] New threshold: 47 (avg of [46, 49])
[2026-04-16 08:49:59] Waiting 15s before Round #75...
[Prune] Removed 1 stale IDs (frame 10000)
[Prune] Removed 4 stale IDs (frame 10100)
[Prune] Removed 7 stale IDs (frame 10200)
[2026-04-16 08:50:14] Round #75 | Peace Bridge — USA/Canada Border | threshold=47
[2026-04-16 08:50:15] createMarket tx sent: d363aad1899b5715add2295ee74840739950a8c43bef5cd61c0a0d125b970509
[2026-04-16 08:50:15] Market created: 0xDE510FD529d388484AE2F635A15240e97059cC2d (tx: d363aad1899b5715add2295ee74840739950a8c43bef5cd61c0a0d125b970509)
[2026-04-16 08:50:16] Ably publish OK: market_created
[2026-04-16 08:50:16] Counting vehicles for 150s...
[STATE] betting — market=0xDE510FD5... bet=150s count=150s round=75
[LineZone] (307,432) -> (960,432)
[Counter] Line: (579, 10) -> (701, 710)
[2026-04-16 08:50:16] [StreamClient] Round 75 started on stream_server
[Prune] Removed 5 stale IDs (frame 200)
[Prune] Removed 5 stale IDs (frame 300)
[Prune] Removed 2 stale IDs (frame 400)
[Prune] Removed 4 stale IDs (frame 500)
[Prune] Removed 6 stale IDs (frame 600)
[Prune] Removed 9 stale IDs (frame 700)
[Evidence] Saved evidence/1776340216_30s.jpg (145282 bytes, sha256:193cf394dd739...)
[Prune] Removed 2 stale IDs (frame 900)
[Prune] Removed 1 stale IDs (frame 1000)
[Prune] Removed 3 stale IDs (frame 1100)
[Prune] Removed 3 stale IDs (frame 1200)
[Prune] Removed 3 stale IDs (frame 1300)
[Prune] Removed 3 stale IDs (frame 1400)
[Prune] Removed 2 stale IDs (frame 1500)
[Prune] Removed 1 stale IDs (frame 1700)
[Evidence] Saved evidence/1776340216_60s.jpg (149244 bytes, sha256:a33d7373f00c3...)
[Prune] Removed 1 stale IDs (frame 1800)
[Prune] Removed 2 stale IDs (frame 1900)
[Prune] Removed 2 stale IDs (frame 2000)
[Prune] Removed 2 stale IDs (frame 2100)
[Prune] Removed 4 stale IDs (frame 2200)
[Prune] Removed 2 stale IDs (frame 2600)
[Evidence] Saved evidence/1776340216_90s.jpg (134408 bytes, sha256:ad2c621e57014...)
[Prune] Removed 3 stale IDs (frame 2800)
[Prune] Removed 1 stale IDs (frame 3000)
[Prune] Removed 2 stale IDs (frame 3100)
[Prune] Removed 2 stale IDs (frame 3200)
[Prune] Removed 10 stale IDs (frame 3300)
[Prune] Removed 2 stale IDs (frame 3400)
[Evidence] Saved evidence/1776340216_120s.jpg (135248 bytes, sha256:d5b98f1a84883...)
[Prune] Removed 2 stale IDs (frame 3500)
[Prune] Removed 2 stale IDs (frame 3600)
[Prune] Removed 12 stale IDs (frame 3700)
[Prune] Removed 7 stale IDs (frame 3800)
[Prune] Removed 6 stale IDs (frame 3900)
[Prune] Removed 3 stale IDs (frame 4000)
[Prune] Removed 4 stale IDs (frame 4100)
[Prune] Removed 2 stale IDs (frame 4200)
[Prune] Removed 10 stale IDs (frame 4300)
[STATE] counting — market=0xDE510FD5... duration=150s round=75
[Evidence] Saved evidence/1776340216_150s.jpg (134472 bytes, sha256:f932e2ff481ce...)
[Prune] Removed 8 stale IDs (frame 4400)
[Prune] Removed 4 stale IDs (frame 4500)
[Prune] Removed 9 stale IDs (frame 4600)
[Prune] Removed 7 stale IDs (frame 4700)
[Prune] Removed 4 stale IDs (frame 4800)
[Prune] Removed 1 stale IDs (frame 5000)
[Prune] Removed 1 stale IDs (frame 5100)
[Prune] Removed 4 stale IDs (frame 5200)
[Evidence] Saved evidence/1776340216_180s.jpg (147654 bytes, sha256:ae399ca657012...)
[Prune] Removed 1 stale IDs (frame 5400)
[Prune] Removed 2 stale IDs (frame 5500)
[Prune] Removed 3 stale IDs (frame 5600)
[Prune] Removed 1 stale IDs (frame 5700)
[Prune] Removed 1 stale IDs (frame 5800)
[Prune] Removed 1 stale IDs (frame 5900)
[Prune] Removed 1 stale IDs (frame 6000)
[Evidence] Saved evidence/1776340216_210s.jpg (154128 bytes, sha256:029b1e8d7800a...)
[Prune] Removed 2 stale IDs (frame 6200)
[Prune] Removed 2 stale IDs (frame 6300)
[Prune] Removed 2 stale IDs (frame 6400)
[Prune] Removed 7 stale IDs (frame 7000)
[Evidence] Saved evidence/1776340216_240s.jpg (151472 bytes, sha256:7e4b35a50ddea...)
[Prune] Removed 11 stale IDs (frame 7100)
[Prune] Removed 11 stale IDs (frame 7200)
[Prune] Removed 5 stale IDs (frame 7300)
[Prune] Removed 8 stale IDs (frame 7400)
[Prune] Removed 4 stale IDs (frame 7500)
[Prune] Removed 5 stale IDs (frame 7600)
[Prune] Removed 2 stale IDs (frame 7700)
[Prune] Removed 3 stale IDs (frame 7800)
[Evidence] Saved evidence/1776340216_270s.jpg (138755 bytes, sha256:97c54e2e19bc6...)
[Prune] Removed 4 stale IDs (frame 7900)
[Prune] Removed 6 stale IDs (frame 8000)
[Prune] Removed 4 stale IDs (frame 8100)
[Prune] Removed 5 stale IDs (frame 8200)
[Prune] Removed 2 stale IDs (frame 8300)
[Prune] Removed 1 stale IDs (frame 8400)
[Prune] Removed 2 stale IDs (frame 8600)
[Evidence] Saved evidence/1776340216_final.jpg (158245 bytes, sha256:3addbec4449ed...)
[Evidence] Saved evidence/1776340216_final.jpg (158153 bytes, sha256:fe4cfaf88cd0a...)
[Evidence] Saved evidence/1776340216_final.jpg (157994 bytes, sha256:e4ac93cc7a210...)
[STATE] idle — round 75 complete: 64 vehicles
[Prune] Removed 1 stale IDs (frame 9100)
[WS] Client connected (2 total)
[WS] Client disconnected (1 total)
[Prune] Removed 1 stale IDs (frame 9400)
[Prune] Removed 1 stale IDs (frame 9500)
[2026-04-16 08:55:46] No round_complete via WS — reading result.json fallback
[2026-04-16 08:55:46] Count complete: 64 vehicles (in=17 out=47)
[2026-04-16 08:55:47] No bets placed — cancelling market
[2026-04-16 08:55:50] Market cancelled: 0xDE510FD529d388484AE2F635A15240e97059cC2d (tx: ec830e2ca2f16188fae6f61b9a8db121af0e242b97554d9d06f8b5274e1cfded)
[2026-04-16 08:55:50] Ably publish OK: market_cancelled
[2026-04-16 08:55:51] Refunds distributed: 0xDE510FD529d388484AE2F635A15240e97059cC2d (tx: 38f354486ce57c48eef92d3a45fcd23776147cebdd67548e9b3aec2a2c245cd8)
[2026-04-16 08:55:51] Ledger POST failed (non-fatal): HTTP Error 400: Bad Request
[2026-04-16 08:55:51] New threshold: 56 (avg of [49, 64])
[2026-04-16 08:55:51] Waiting 15s before Round #76...
[Prune] Removed 2 stale IDs (frame 9800)
[Prune] Removed 1 stale IDs (frame 9900)
[Prune] Removed 1 stale IDs (frame 10000)
[2026-04-16 08:56:06] Round #76 | Peace Bridge — USA/Canada Border | threshold=56
[2026-04-16 08:56:08] createMarket tx sent: 899efda32f9cb08160d5d5e11b47eb0fcd7519ab8832c4d13edbf6a436a8b176
[2026-04-16 08:56:08] Market created: 0x2CD3678a53f1C9bA05255f5d4A5dc5405Ea0dc06 (tx: 899efda32f9cb08160d5d5e11b47eb0fcd7519ab8832c4d13edbf6a436a8b176)
[2026-04-16 08:56:08] Ably publish OK: market_created
[2026-04-16 08:56:08] Counting vehicles for 150s...
[STATE] betting — market=0x2CD3678a... bet=150s count=150s round=76
[LineZone] (307,432) -> (960,432)
[Counter] Line: (579, 10) -> (701, 710)
[2026-04-16 08:56:09] [StreamClient] Round 76 started on stream_server
[Prune] Removed 2 stale IDs (frame 200)
[Prune] Removed 1 stale IDs (frame 300)
[Prune] Removed 4 stale IDs (frame 400)
[Prune] Removed 3 stale IDs (frame 500)
[Prune] Removed 4 stale IDs (frame 700)
[Evidence] Saved evidence/1776340569_30s.jpg (144135 bytes, sha256:0c6f2862d7aef...)
[Prune] Removed 4 stale IDs (frame 900)
[Prune] Removed 11 stale IDs (frame 1000)
[Prune] Removed 5 stale IDs (frame 1100)
[Prune] Removed 8 stale IDs (frame 1200)
[Prune] Removed 5 stale IDs (frame 1300)
[Prune] Removed 6 stale IDs (frame 1400)
[Prune] Removed 1 stale IDs (frame 1500)
[Evidence] Saved evidence/1776340569_60s.jpg (151594 bytes, sha256:94d8bb84f86c0...)
[Prune] Removed 2 stale IDs (frame 1800)
[Prune] Removed 2 stale IDs (frame 1900)
[Prune] Removed 5 stale IDs (frame 2000)
[Prune] Removed 4 stale IDs (frame 2100)
[Prune] Removed 4 stale IDs (frame 2200)
[Prune] Removed 5 stale IDs (frame 2300)
[Prune] Removed 2 stale IDs (frame 2400)
[Prune] Removed 3 stale IDs (frame 2500)
[Evidence] Saved evidence/1776340569_90s.jpg (147504 bytes, sha256:938d25092a00c...)
[Prune] Removed 3 stale IDs (frame 2700)
[Prune] Removed 1 stale IDs (frame 2800)
[Prune] Removed 1 stale IDs (frame 2900)
[Prune] Removed 2 stale IDs (frame 3000)
[Prune] Removed 1 stale IDs (frame 3300)
[Prune] Removed 1 stale IDs (frame 3400)
[Prune] Removed 5 stale IDs (frame 3500)
[Evidence] Saved evidence/1776340569_120s.jpg (142593 bytes, sha256:22b03213a1632...)
[Prune] Removed 4 stale IDs (frame 3600)
[Prune] Removed 4 stale IDs (frame 3800)
[Prune] Removed 8 stale IDs (frame 3900)
[Prune] Removed 4 stale IDs (frame 4000)
[Prune] Removed 5 stale IDs (frame 4100)
[Prune] Removed 3 stale IDs (frame 4200)
[STATE] counting — market=0x2CD3678a... duration=150s round=76
[Evidence] Saved evidence/1776340569_150s.jpg (159413 bytes, sha256:d2a50e5724873...)
[Prune] Removed 1 stale IDs (frame 4800)
[Prune] Removed 5 stale IDs (frame 5000)
[Prune] Removed 1 stale IDs (frame 5100)
[Prune] Removed 2 stale IDs (frame 5200)
[Evidence] Saved evidence/1776340569_180s.jpg (169189 bytes, sha256:1e49c2b31ee00...)
[Prune] Removed 3 stale IDs (frame 5300)
[Prune] Removed 2 stale IDs (frame 5500)
[Prune] Removed 2 stale IDs (frame 5600)
[Prune] Removed 1 stale IDs (frame 5700)
[Prune] Removed 1 stale IDs (frame 6100)
[Evidence] Saved evidence/1776340569_210s.jpg (162319 bytes, sha256:2d8e06e3c2276...)
[Prune] Removed 2 stale IDs (frame 6500)
[Prune] Removed 1 stale IDs (frame 6600)
[Prune] Removed 1 stale IDs (frame 6700)
[Prune] Removed 1 stale IDs (frame 6900)
[Evidence] Saved evidence/1776340569_240s.jpg (113188 bytes, sha256:38362890f3d6b...)
[Prune] Removed 3 stale IDs (frame 7100)
[Prune] Removed 1 stale IDs (frame 7200)
[Prune] Removed 1 stale IDs (frame 7300)
[Prune] Removed 6 stale IDs (frame 7600)
[Prune] Removed 6 stale IDs (frame 7700)
[Prune] Removed 2 stale IDs (frame 7800)
[Prune] Removed 1 stale IDs (frame 7900)
[Evidence] Saved evidence/1776340569_270s.jpg (126345 bytes, sha256:fabcc6673ca58...)
[Prune] Removed 4 stale IDs (frame 8000)
[Prune] Removed 4 stale IDs (frame 8100)
[Prune] Removed 7 stale IDs (frame 8200)
[Evidence] Saved evidence/1776340569_final.jpg (166998 bytes, sha256:a293c2a96490b...)
[Evidence] Saved evidence/1776340569_final.jpg (166972 bytes, sha256:0e6e98249425e...)
[Evidence] Saved evidence/1776340569_final.jpg (166903 bytes, sha256:e8aa88b14ac52...)
[Evidence] Saved evidence/1776340569_final.jpg (166907 bytes, sha256:95dadd06c25ba...)
[STATE] idle — round 76 complete: 49 vehicles
[WS] Client connected (2 total)
[Prune] Removed 3 stale IDs (frame 9400)
[Prune] Removed 4 stale IDs (frame 9500)
[2026-04-16 09:01:39] No round_complete via WS — reading result.json fallback
[2026-04-16 09:01:39] Count complete: 49 vehicles (in=14 out=35)
[2026-04-16 09:01:40] No bets placed — cancelling market
[2026-04-16 09:01:43] Market cancelled: 0x2CD3678a53f1C9bA05255f5d4A5dc5405Ea0dc06 (tx: 18e754fad8394b491ce00794ccae02c15d6c1711cbb7bf1ddf2f0733494e97c8)
[2026-04-16 09:01:43] Ably publish OK: market_cancelled
[Prune] Removed 2 stale IDs (frame 9800)
[2026-04-16 09:01:44] Refunds distributed: 0x2CD3678a53f1C9bA05255f5d4A5dc5405Ea0dc06 (tx: f99452d9ede98f736dff1720a2eeaf3d6cd6f41a2e379e9fbe8e417f140ff197)
[2026-04-16 09:01:44] Ledger POST failed (non-fatal): HTTP Error 400: Bad Request
[2026-04-16 09:01:44] New threshold: 56 (avg of [64, 49])
[2026-04-16 09:01:44] Waiting 15s before Round #77...
[Prune] Removed 1 stale IDs (frame 9900)
[Prune] Removed 3 stale IDs (frame 10000)
[Prune] Removed 7 stale IDs (frame 10100)
[Prune] Removed 1 stale IDs (frame 10200)
[2026-04-16 09:01:59] Round #77 | Peace Bridge — USA/Canada Border | threshold=56
[Prune] Removed 1 stale IDs (frame 10300)
[2026-04-16 09:02:01] createMarket tx sent: c600ff525527a185c6a8e01bfceaae17716590fd7db8306ca15ac8cdc05b465b
[2026-04-16 09:02:03] Market created: 0x14E9f3A5a7573f4c9e8fB9c641e965aD1b7a49bA (tx: c600ff525527a185c6a8e01bfceaae17716590fd7db8306ca15ac8cdc05b465b)
[2026-04-16 09:02:04] Ably publish OK: market_created
[2026-04-16 09:02:04] Counting vehicles for 150s...
[STATE] betting — market=0x14E9f3A5... bet=150s count=150s round=77
[LineZone] (307,432) -> (960,432)
[Counter] Line: (579, 10) -> (701, 710)
[2026-04-16 09:02:04] [StreamClient] Round 77 started on stream_server
[Prune] Removed 1 stale IDs (frame 300)
[Prune] Removed 5 stale IDs (frame 400)
[Prune] Removed 2 stale IDs (frame 500)
[Prune] Removed 2 stale IDs (frame 600)
[Prune] Removed 4 stale IDs (frame 700)
[Prune] Removed 1 stale IDs (frame 800)
[Evidence] Saved evidence/1776340924_30s.jpg (163572 bytes, sha256:cb9c54691616a...)
[Prune] Removed 1 stale IDs (frame 900)
[WS] Client connected (3 total)
[Prune] Removed 1 stale IDs (frame 1300)
[Prune] Removed 2 stale IDs (frame 1500)
[Prune] Removed 2 stale IDs (frame 1600)
[Prune] Removed 1 stale IDs (frame 1700)
[Evidence] Saved evidence/1776340924_60s.jpg (172545 bytes, sha256:73a6b7a64c5a4...)
[Prune] Removed 1 stale IDs (frame 1800)
[Prune] Removed 1 stale IDs (frame 2000)
[Prune] Removed 6 stale IDs (frame 2100)
[Prune] Removed 4 stale IDs (frame 2300)
[Prune] Removed 1 stale IDs (frame 2400)
[Evidence] Saved evidence/1776340924_90s.jpg (163169 bytes, sha256:34868e02369e1...)
[WS] Client disconnected (2 total)
[Prune] Removed 1 stale IDs (frame 3000)
[Prune] Removed 2 stale IDs (frame 3100)
[Prune] Removed 1 stale IDs (frame 3200)
[Prune] Removed 1 stale IDs (frame 3300)
[WS] Client disconnected (1 total)
[Prune] Removed 1 stale IDs (frame 3400)
[WS] Client connected (2 total)
[Prune] Removed 6 stale IDs (frame 3500)
[Evidence] Saved evidence/1776340924_120s.jpg (146309 bytes, sha256:06f84ab8b6bba...)
[Prune] Removed 1 stale IDs (frame 3600)
[Prune] Removed 3 stale IDs (frame 3700)
[Prune] Removed 2 stale IDs (frame 3800)
[Prune] Removed 1 stale IDs (frame 4200)
[Prune] Removed 2 stale IDs (frame 4300)
[Prune] Removed 5 stale IDs (frame 4400)
[STATE] counting — market=0x14E9f3A5... duration=150s round=77
[Evidence] Saved evidence/1776340924_150s.jpg (141728 bytes, sha256:1ca2e08ceabaa...)
[Prune] Removed 3 stale IDs (frame 4500)
[Prune] Removed 1 stale IDs (frame 4900)
[Prune] Removed 1 stale IDs (frame 5000)
[Prune] Removed 1 stale IDs (frame 5200)
[WS] Client connected (3 total)
[Evidence] Saved evidence/1776340924_180s.jpg (150992 bytes, sha256:4f5e48b62c444...)
[Prune] Removed 2 stale IDs (frame 5300)
[Prune] Removed 4 stale IDs (frame 5400)
[WS] Client disconnected (2 total)
[Prune] Removed 10 stale IDs (frame 5500)
[Prune] Removed 1 stale IDs (frame 5700)
[Prune] Removed 1 stale IDs (frame 5900)
[Prune] Removed 3 stale IDs (frame 6000)
[Prune] Removed 2 stale IDs (frame 6100)
[Evidence] Saved evidence/1776340924_210s.jpg (145360 bytes, sha256:eb5e8f371ed81...)
[Prune] Removed 2 stale IDs (frame 6200)
[Prune] Removed 2 stale IDs (frame 6300)
[Evidence] Saved evidence/1776340924_240s.jpg (170458 bytes, sha256:97123584a45a5...)
[Prune] Removed 1 stale IDs (frame 7900)
[Evidence] Saved evidence/1776340924_270s.jpg (147029 bytes, sha256:10dedb7ab656b...)
[Prune] Removed 2 stale IDs (frame 8000)
[Prune] Removed 7 stale IDs (frame 8100)
[Prune] Removed 5 stale IDs (frame 8200)
[Prune] Removed 5 stale IDs (frame 8300)
[Prune] Removed 1 stale IDs (frame 8500)
[Prune] Removed 5 stale IDs (frame 8600)
[Prune] Removed 8 stale IDs (frame 8700)
[Evidence] Saved evidence/1776340924_final.jpg (139739 bytes, sha256:2f7d977707700...)
[Evidence] Saved evidence/1776340924_final.jpg (139650 bytes, sha256:73ced85b11c77...)
[Evidence] Saved evidence/1776340924_final.jpg (139452 bytes, sha256:6cb341451b262...)
[Evidence] Saved evidence/1776340924_final.jpg (139480 bytes, sha256:73672e1524e61...)
[STATE] idle — round 77 complete: 34 vehicles
[Prune] Removed 18 stale IDs (frame 8800)
[Prune] Removed 4 stale IDs (frame 8900)
[Prune] Removed 1 stale IDs (frame 9400)
[2026-04-16 09:07:34] No round_complete via WS — reading result.json fallback
[2026-04-16 09:07:34] Count complete: 34 vehicles (in=11 out=23)
[Prune] Removed 3 stale IDs (frame 9700)
[2026-04-16 09:07:35] No bets placed — cancelling market
[2026-04-16 09:07:36] Market cancelled: 0x14E9f3A5a7573f4c9e8fB9c641e965aD1b7a49bA (tx: 28b53f46e0285b2b4d49f79265ed98bbe8275c6c9cb482ddf425cf5b56c9cd37)
[2026-04-16 09:07:36] Ably publish OK: market_cancelled
[2026-04-16 09:07:37] Refunds distributed: 0x14E9f3A5a7573f4c9e8fB9c641e965aD1b7a49bA (tx: e8b9ac46db44e09ca70278f08843b4e67490859cd46adf8709296eaa018e4f93)
[2026-04-16 09:07:37] Ledger POST failed (non-fatal): HTTP Error 400: Bad Request
[2026-04-16 09:07:37] New threshold: 41 (avg of [49, 34])
[2026-04-16 09:07:37] Waiting 15s before Round #78...
[Prune] Removed 5 stale IDs (frame 9800)
[Prune] Removed 7 stale IDs (frame 9900)
[Prune] Removed 10 stale IDs (frame 10000)
[Prune] Removed 12 stale IDs (frame 10100)
[Prune] Removed 6 stale IDs (frame 10200)
[2026-04-16 09:07:52] Round #78 | Peace Bridge — USA/Canada Border | threshold=41
[2026-04-16 09:07:54] createMarket tx sent: e749e8146a00a7012adc71c87baefcd810cb7ebed68ab4b2d4cc51552f03bfab
[2026-04-16 09:07:54] Market created: 0x21602e59c9a7A2e230E39c9a98d597EBE0610E49 (tx: e749e8146a00a7012adc71c87baefcd810cb7ebed68ab4b2d4cc51552f03bfab)
[2026-04-16 09:07:55] Ably publish OK: market_created
[2026-04-16 09:07:55] Counting vehicles for 150s...
[STATE] betting — market=0x21602e59... bet=150s count=150s round=78
[LineZone] (307,432) -> (960,432)
[Counter] Line: (579, 10) -> (701, 710)
[2026-04-16 09:07:55] [StreamClient] Round 78 started on stream_server
[Prune] Removed 1 stale IDs (frame 100)
[Prune] Removed 1 stale IDs (frame 600)
[Prune] Removed 1 stale IDs (frame 700)
[Prune] Removed 4 stale IDs (frame 800)
[Evidence] Saved evidence/1776341275_30s.jpg (134982 bytes, sha256:dc509a216748d...)
[Prune] Removed 19 stale IDs (frame 900)
[Prune] Removed 9 stale IDs (frame 1000)
[Prune] Removed 11 stale IDs (frame 1100)
[Prune] Removed 2 stale IDs (frame 1200)
[Evidence] Saved evidence/1776341275_60s.jpg (164530 bytes, sha256:544d1ca0444b1...)
[Prune] Removed 1 stale IDs (frame 1800)
[Prune] Removed 2 stale IDs (frame 2000)
[Prune] Removed 1 stale IDs (frame 2100)
[Prune] Removed 1 stale IDs (frame 2200)
[Prune] Removed 1 stale IDs (frame 2400)
[Evidence] Saved evidence/1776341275_90s.jpg (167992 bytes, sha256:96f0d11b30490...)
[Evidence] Saved evidence/1776341275_120s.jpg (135763 bytes, sha256:f4c356bb4d9db...)
[Prune] Removed 3 stale IDs (frame 3600)
[Prune] Removed 2 stale IDs (frame 3700)
[Prune] Removed 4 stale IDs (frame 3800)
[Prune] Removed 1 stale IDs (frame 3900)
[Prune] Removed 1 stale IDs (frame 4000)
[Prune] Removed 5 stale IDs (frame 4100)
[Prune] Removed 5 stale IDs (frame 4200)
[Prune] Removed 1 stale IDs (frame 4300)
[Prune] Removed 1 stale IDs (frame 4400)
[STATE] counting — market=0x21602e59... duration=150s round=78
[Evidence] Saved evidence/1776341275_150s.jpg (160834 bytes, sha256:42751dcdd0bd3...)
[Prune] Removed 1 stale IDs (frame 4900)
[ffmpeg] [tls @ 0x7a905421c800] Error in the pull function.
[ffmpeg] [tls @ 0x7a905421c800] IO error: End of file
[Prune] Removed 3 stale IDs (frame 5000)
[Prune] Removed 1 stale IDs (frame 5200)
[Evidence] Saved evidence/1776341275_180s.jpg (164256 bytes, sha256:d981d9948f390...)
[Prune] Removed 1 stale IDs (frame 5300)
[Prune] Removed 3 stale IDs (frame 5500)
[Prune] Removed 4 stale IDs (frame 5600)
[Prune] Removed 3 stale IDs (frame 5700)
[Prune] Removed 5 stale IDs (frame 5800)
[Prune] Removed 7 stale IDs (frame 5900)
[Prune] Removed 1 stale IDs (frame 6000)
[Prune] Removed 1 stale IDs (frame 6100)
[Evidence] Saved evidence/1776341275_210s.jpg (154035 bytes, sha256:af7dd45e033c4...)
[Prune] Removed 1 stale IDs (frame 6200)
[WS] Client disconnected (1 total)
[Prune] Removed 2 stale IDs (frame 6300)
[Prune] Removed 1 stale IDs (frame 6400)
[WS] Client connected (2 total)
[Prune] Removed 1 stale IDs (frame 6600)
[Prune] Removed 1 stale IDs (frame 6700)
[Prune] Removed 2 stale IDs (frame 6900)
[Prune] Removed 2 stale IDs (frame 7000)
[Evidence] Saved evidence/1776341275_240s.jpg (156605 bytes, sha256:54d29fc893840...)
[Prune] Removed 1 stale IDs (frame 7200)
[Prune] Removed 4 stale IDs (frame 7300)
[Prune] Removed 2 stale IDs (frame 7400)
[Prune] Removed 2 stale IDs (frame 7500)
[Prune] Removed 2 stale IDs (frame 7700)
[Prune] Removed 1 stale IDs (frame 7800)
[Prune] Removed 1 stale IDs (frame 7900)
[Evidence] Saved evidence/1776341275_270s.jpg (137289 bytes, sha256:c695776f3ab77...)
[Prune] Removed 3 stale IDs (frame 8000)
[Prune] Removed 3 stale IDs (frame 8100)
[Prune] Removed 7 stale IDs (frame 8200)
[Prune] Removed 7 stale IDs (frame 8300)
[Prune] Removed 5 stale IDs (frame 8400)
[Prune] Removed 7 stale IDs (frame 8500)
[Prune] Removed 3 stale IDs (frame 8600)
[Prune] Removed 2 stale IDs (frame 8700)
[Evidence] Saved evidence/1776341275_final.jpg (132930 bytes, sha256:e1327c290d0be...)
[Evidence] Saved evidence/1776341275_final.jpg (134347 bytes, sha256:120d1e4217504...)
[Evidence] Saved evidence/1776341275_final.jpg (134355 bytes, sha256:83597c9c3feec...)
[Prune] Removed 5 stale IDs (frame 8800)
[Evidence] Saved evidence/1776341275_final.jpg (131777 bytes, sha256:4d5736aff7784...)
[STATE] idle — round 78 complete: 46 vehicles
[Prune] Removed 5 stale IDs (frame 8900)
[Prune] Removed 2 stale IDs (frame 9000)
[Prune] Removed 4 stale IDs (frame 9100)
[Prune] Removed 1 stale IDs (frame 9200)
[Prune] Removed 1 stale IDs (frame 9300)
[Prune] Removed 1 stale IDs (frame 9500)
[2026-04-16 09:13:25] No round_complete via WS — reading result.json fallback
[2026-04-16 09:13:25] Count complete: 46 vehicles (in=13 out=33)
[Prune] Removed 1 stale IDs (frame 9700)
[2026-04-16 09:13:26] No bets placed — cancelling market
[Prune] Removed 1 stale IDs (frame 9800)
[2026-04-16 09:13:29] Market cancelled: 0x21602e59c9a7A2e230E39c9a98d597EBE0610E49 (tx: 2bb0dd038ef59d0d06195480b1c934daffa644589386dd1b7829adcbe6f24fed)
[2026-04-16 09:13:29] Ably publish OK: market_cancelled
[2026-04-16 09:13:32] Refunds distributed: 0x21602e59c9a7A2e230E39c9a98d597EBE0610E49 (tx: d8cabe8ca4a4ba777e63d70f1890cd73c0914f4b326445aba72c29cc0c16c3a5)
[2026-04-16 09:13:32] Ledger POST failed (non-fatal): HTTP Error 400: Bad Request
[2026-04-16 09:13:32] New threshold: 40 (avg of [34, 46])
[2026-04-16 09:13:32] Waiting 15s before Round #79...
[Prune] Removed 5 stale IDs (frame 10000)
[Prune] Removed 12 stale IDs (frame 10100)
[Prune] Removed 5 stale IDs (frame 10200)
[2026-04-16 09:13:47] Round #79 | Peace Bridge — USA/Canada Border | threshold=40
[2026-04-16 09:13:49] createMarket tx sent: ce76d00b5713a543c0c41f92ac07059369fd51dd8fb6aff97f7985e42e29fcff
[2026-04-16 09:13:49] Market created: 0x50ed12dA2800Ff199bFB249d3146CC7805D3317E (tx: ce76d00b5713a543c0c41f92ac07059369fd51dd8fb6aff97f7985e42e29fcff)
[2026-04-16 09:13:50] Ably publish OK: market_created
[2026-04-16 09:13:50] Counting vehicles for 150s...
[STATE] betting — market=0x50ed12dA... bet=150s count=150s round=79
[LineZone] (307,432) -> (960,432)
[Counter] Line: (579, 10) -> (701, 710)
[2026-04-16 09:13:50] [StreamClient] Round 79 started on stream_server
[Prune] Removed 5 stale IDs (frame 400)
[Prune] Removed 2 stale IDs (frame 500)
[Prune] Removed 4 stale IDs (frame 700)
[Evidence] Saved evidence/1776341630_30s.jpg (164531 bytes, sha256:90760cce1b3fc...)
[Prune] Removed 1 stale IDs (frame 900)
[Prune] Removed 1 stale IDs (frame 1100)
[Prune] Removed 1 stale IDs (frame 1200)
[Prune] Removed 1 stale IDs (frame 1700)
[Evidence] Saved evidence/1776341630_60s.jpg (138072 bytes, sha256:f525f865f31eb...)
[Prune] Removed 1 stale IDs (frame 1900)
[Prune] Removed 1 stale IDs (frame 2400)
[Prune] Removed 1 stale IDs (frame 2500)
[Prune] Removed 2 stale IDs (frame 2600)
[Evidence] Saved evidence/1776341630_90s.jpg (138449 bytes, sha256:2a19094ac4a09...)
[Prune] Removed 1 stale IDs (frame 2700)
[Prune] Removed 1 stale IDs (frame 2800)
[Prune] Removed 1 stale IDs (frame 3200)
[Prune] Removed 2 stale IDs (frame 3300)
[Prune] Removed 4 stale IDs (frame 3400)
[Prune] Removed 7 stale IDs (frame 3500)
[Evidence] Saved evidence/1776341630_120s.jpg (133606 bytes, sha256:51dc2ee719e06...)
[Prune] Removed 4 stale IDs (frame 3600)
[Prune] Removed 6 stale IDs (frame 3700)
[Prune] Removed 3 stale IDs (frame 3800)
[Prune] Removed 1 stale IDs (frame 3900)
[STATE] counting — market=0x50ed12dA... duration=150s round=79
[Evidence] Saved evidence/1776341630_150s.jpg (161043 bytes, sha256:1bbf8b987817a...)
[Prune] Removed 2 stale IDs (frame 4500)
[Prune] Removed 2 stale IDs (frame 4600)
[Prune] Removed 2 stale IDs (frame 4700)
[Prune] Removed 4 stale IDs (frame 4800)
[Prune] Removed 1 stale IDs (frame 4900)
[Prune] Removed 1 stale IDs (frame 5000)
[Prune] Removed 1 stale IDs (frame 5200)
[Evidence] Saved evidence/1776341630_180s.jpg (166134 bytes, sha256:995f9ffa2df45...)
[Prune] Removed 2 stale IDs (frame 5300)
[Prune] Removed 2 stale IDs (frame 5400)
[Prune] Removed 2 stale IDs (frame 5600)
[Prune] Removed 1 stale IDs (frame 5800)
[Prune] Removed 1 stale IDs (frame 5900)
[Prune] Removed 1 stale IDs (frame 6000)
[Prune] Removed 2 stale IDs (frame 6100)
[Evidence] Saved evidence/1776341630_210s.jpg (151878 bytes, sha256:cdceb25f6cd81...)
[Prune] Removed 3 stale IDs (frame 6400)
[Prune] Removed 1 stale IDs (frame 6500)
[Prune] Removed 1 stale IDs (frame 6600)
[Prune] Removed 6 stale IDs (frame 6700)
[Prune] Removed 1 stale IDs (frame 6900)
[Prune] Removed 5 stale IDs (frame 7000)
[Evidence] Saved evidence/1776341630_240s.jpg (125447 bytes, sha256:6bd3967937242...)
[Prune] Removed 4 stale IDs (frame 7100)
[Prune] Removed 1 stale IDs (frame 7500)
[Prune] Removed 1 stale IDs (frame 7800)
[Prune] Removed 4 stale IDs (frame 7900)
[Evidence] Saved evidence/1776341630_270s.jpg (164558 bytes, sha256:4d66451db21e6...)
[Prune] Removed 3 stale IDs (frame 8000)
[Prune] Removed 1 stale IDs (frame 8100)
[Prune] Removed 5 stale IDs (frame 8200)
[Prune] Removed 1 stale IDs (frame 8400)
[Prune] Removed 3 stale IDs (frame 8500)
[Prune] Removed 3 stale IDs (frame 8600)
[Prune] Removed 7 stale IDs (frame 8700)
[Prune] Removed 5 stale IDs (frame 8800)
[Evidence] Saved evidence/1776341630_final.jpg (160948 bytes, sha256:484bb4d841422...)
[Evidence] Saved evidence/1776341630_final.jpg (160636 bytes, sha256:f79c33c0177ee...)
[Evidence] Saved evidence/1776341630_final.jpg (160301 bytes, sha256:5d79faee5ac2a...)
[STATE] idle — round 79 complete: 42 vehicles
[Prune] Removed 6 stale IDs (frame 8900)
[Prune] Removed 10 stale IDs (frame 9000)
[Prune] Removed 10 stale IDs (frame 9100)
[Prune] Removed 8 stale IDs (frame 9200)
[Prune] Removed 9 stale IDs (frame 9300)
[Prune] Removed 10 stale IDs (frame 9400)
[Prune] Removed 7 stale IDs (frame 9500)
[Prune] Removed 15 stale IDs (frame 9600)
[Prune] Removed 8 stale IDs (frame 9700)
[2026-04-16 09:19:20] No round_complete via WS — reading result.json fallback
[2026-04-16 09:19:20] Count complete: 42 vehicles (in=13 out=29)
[2026-04-16 09:19:21] No bets placed — cancelling market
[Prune] Removed 7 stale IDs (frame 9800)
[2026-04-16 09:19:24] Market cancelled: 0x50ed12dA2800Ff199bFB249d3146CC7805D3317E (tx: 728bc5a84e96939cc3927bc03badabf9af36e6147e06f8d66d35ebfffff31320)
[2026-04-16 09:19:24] Ably publish OK: market_cancelled
[Prune] Removed 13 stale IDs (frame 9900)
[2026-04-16 09:19:27] Refunds distributed: 0x50ed12dA2800Ff199bFB249d3146CC7805D3317E (tx: 5503a6a30b21a1bb01ad84b4503ba655160066f14a57a6db4fc3153382bbda4d)
[2026-04-16 09:19:28] Ledger POST failed (non-fatal): HTTP Error 400: Bad Request
[2026-04-16 09:19:28] New threshold: 44 (avg of [46, 42])
[2026-04-16 09:19:28] Waiting 15s before Round #80...
[Prune] Removed 4 stale IDs (frame 10000)
[Prune] Removed 1 stale IDs (frame 10100)
[Prune] Removed 3 stale IDs (frame 10200)
[Prune] Removed 10 stale IDs (frame 10300)
[2026-04-16 09:19:43] Round #80 | Peace Bridge — USA/Canada Border | threshold=44
[Prune] Removed 2 stale IDs (frame 10400)
[2026-04-16 09:19:46] createMarket tx sent: 43f3b9e7688b1a78be066555e57c8feb760d899260842fcd3dc6d69172d8af9f
[2026-04-16 09:19:46] Market created: 0x077a6C27da91e4661Ec9FDE09FEF8347a177FAce (tx: 43f3b9e7688b1a78be066555e57c8feb760d899260842fcd3dc6d69172d8af9f)
[Prune] Removed 7 stale IDs (frame 10500)
[2026-04-16 09:19:47] Ably publish OK: market_created
[2026-04-16 09:19:47] Counting vehicles for 150s...
[STATE] betting — market=0x077a6C27... bet=150s count=150s round=80
[LineZone] (307,432) -> (960,432)
[Counter] Line: (579, 10) -> (701, 710)
[2026-04-16 09:19:47] [StreamClient] Round 80 started on stream_server
[Prune] Removed 1 stale IDs (frame 200)
[Prune] Removed 1 stale IDs (frame 400)
[Prune] Removed 2 stale IDs (frame 600)
[Prune] Removed 3 stale IDs (frame 700)
[Prune] Removed 5 stale IDs (frame 800)
[Evidence] Saved evidence/1776341987_30s.jpg (156447 bytes, sha256:d3ecd5c6009d9...)
[Prune] Removed 6 stale IDs (frame 900)
[Prune] Removed 2 stale IDs (frame 1000)
[Prune] Removed 1 stale IDs (frame 1100)
[Prune] Removed 1 stale IDs (frame 1300)
[Prune] Removed 2 stale IDs (frame 1500)
[Prune] Removed 2 stale IDs (frame 1600)
[Evidence] Saved evidence/1776341987_60s.jpg (170405 bytes, sha256:4e5e0e614e44a...)
[Prune] Removed 2 stale IDs (frame 1800)
[Prune] Removed 1 stale IDs (frame 2000)
[Prune] Removed 1 stale IDs (frame 2100)
[Prune] Removed 2 stale IDs (frame 2300)
[Prune] Removed 4 stale IDs (frame 2400)
[Prune] Removed 8 stale IDs (frame 2500)
[Prune] Removed 3 stale IDs (frame 2600)
[Evidence] Saved evidence/1776341987_90s.jpg (143117 bytes, sha256:762a5801aeaa7...)
[Prune] Removed 1 stale IDs (frame 2700)
[Prune] Removed 3 stale IDs (frame 2800)
[Prune] Removed 2 stale IDs (frame 3000)
[Prune] Removed 4 stale IDs (frame 3100)
[Prune] Removed 8 stale IDs (frame 3200)
[Prune] Removed 7 stale IDs (frame 3300)
[Prune] Removed 4 stale IDs (frame 3400)
[Prune] Removed 1 stale IDs (frame 3500)
[Evidence] Saved evidence/1776341987_120s.jpg (126552 bytes, sha256:eb6b98d445806...)
[Prune] Removed 5 stale IDs (frame 3600)
[Prune] Removed 3 stale IDs (frame 3900)
[Prune] Removed 3 stale IDs (frame 4000)
[Prune] Removed 10 stale IDs (frame 4100)
[Prune] Removed 3 stale IDs (frame 4300)
[STATE] counting — market=0x077a6C27... duration=150s round=80
[Evidence] Saved evidence/1776341987_150s.jpg (147101 bytes, sha256:c49e5990a6c9f...)
[Prune] Removed 2 stale IDs (frame 4500)
[Prune] Removed 4 stale IDs (frame 4600)
[Prune] Removed 4 stale IDs (frame 4700)
[Evidence] Saved evidence/1776341987_180s.jpg (157883 bytes, sha256:68782e3e4f510...)
[Prune] Removed 1 stale IDs (frame 6000)
[Prune] Removed 5 stale IDs (frame 6100)
[Evidence] Saved evidence/1776341987_210s.jpg (130723 bytes, sha256:f1c26a5723cdf...)
[Prune] Removed 3 stale IDs (frame 6200)
[Prune] Removed 1 stale IDs (frame 6300)
[Prune] Removed 1 stale IDs (frame 6400)
[Prune] Removed 3 stale IDs (frame 6600)
[Prune] Removed 5 stale IDs (frame 6700)
[Prune] Removed 6 stale IDs (frame 6800)
[Prune] Removed 2 stale IDs (frame 7000)
[Evidence] Saved evidence/1776341987_240s.jpg (154412 bytes, sha256:9f24aceee0214...)
[Prune] Removed 1 stale IDs (frame 7700)
[Prune] Removed 2 stale IDs (frame 7900)
[Evidence] Saved evidence/1776341987_270s.jpg (147780 bytes, sha256:a8d7e89ec37ec...)
[Prune] Removed 1 stale IDs (frame 8000)
[Prune] Removed 4 stale IDs (frame 8100)
[Prune] Removed 1 stale IDs (frame 8200)
[Prune] Removed 2 stale IDs (frame 8400)
[Prune] Removed 11 stale IDs (frame 8500)
[Prune] Removed 8 stale IDs (frame 8600)
[Prune] Removed 9 stale IDs (frame 8700)
[Prune] Removed 7 stale IDs (frame 8800)
[Evidence] Saved evidence/1776341987_final.jpg (145073 bytes, sha256:35b28db00dd7e...)
[Evidence] Saved evidence/1776341987_final.jpg (144834 bytes, sha256:eb7c35a3e506e...)
[Evidence] Saved evidence/1776341987_final.jpg (144812 bytes, sha256:c387cb69db5ec...)
[STATE] idle — round 80 complete: 46 vehicles
[Prune] Removed 1 stale IDs (frame 9000)
[Prune] Removed 2 stale IDs (frame 9100)
[Prune] Removed 3 stale IDs (frame 9200)
[Prune] Removed 1 stale IDs (frame 9300)
[Prune] Removed 5 stale IDs (frame 9400)
[Prune] Removed 7 stale IDs (frame 9500)
[Prune] Removed 1 stale IDs (frame 9600)
[Prune] Removed 1 stale IDs (frame 9700)
[2026-04-16 09:25:17] No round_complete via WS — reading result.json fallback
[2026-04-16 09:25:17] Count complete: 46 vehicles (in=17 out=29)
[2026-04-16 09:25:19] No bets placed — cancelling market
[2026-04-16 09:25:19] Market cancelled: 0x077a6C27da91e4661Ec9FDE09FEF8347a177FAce (tx: d166fa085e76c7f8afdf40f77354f5ac2ec91a2e7b309d10559eade5e029487b)
[2026-04-16 09:25:20] Ably publish OK: market_cancelled
[Prune] Removed 11 stale IDs (frame 9800)
[2026-04-16 09:25:23] Refunds distributed: 0x077a6C27da91e4661Ec9FDE09FEF8347a177FAce (tx: 630e89e23812221643124b3d72557fd4b072c99db9aa5b3eaf1075c139a559b0)
[2026-04-16 09:25:23] Ledger POST failed (non-fatal): HTTP Error 400: Bad Request
[2026-04-16 09:25:23] New threshold: 44 (avg of [42, 46])
[2026-04-16 09:25:23] Waiting 15s before Round #81...
[Prune] Removed 7 stale IDs (frame 9900)
[Prune] Removed 8 stale IDs (frame 10000)
[Prune] Removed 2 stale IDs (frame 10100)
[2026-04-16 09:25:38] Round #81 | Peace Bridge — USA/Canada Border | threshold=44
[2026-04-16 09:25:40] createMarket tx sent: 738166d3a1916466e7fb34d95f08c23ee957cd4dbf7c0ae1af86c1ee11b1e826
[Prune] Removed 1 stale IDs (frame 10400)
[2026-04-16 09:25:42] Market created: 0xb179e491bb8D54712F0B8AEC93157CA0a71677A5 (tx: 738166d3a1916466e7fb34d95f08c23ee957cd4dbf7c0ae1af86c1ee11b1e826)
[2026-04-16 09:25:43] Ably publish OK: market_created
[2026-04-16 09:25:43] Counting vehicles for 150s...
[STATE] betting — market=0xb179e491... bet=150s count=150s round=81
[LineZone] (307,432) -> (960,432)
[Counter] Line: (579, 10) -> (701, 710)
[2026-04-16 09:25:43] [StreamClient] Round 81 started on stream_server
[Prune] Removed 7 stale IDs (frame 200)
[Prune] Removed 1 stale IDs (frame 300)
[Prune] Removed 1 stale IDs (frame 500)
[Prune] Removed 1 stale IDs (frame 700)
[Prune] Removed 1 stale IDs (frame 800)
[Evidence] Saved evidence/1776342343_30s.jpg (155167 bytes, sha256:e407814d1164e...)
[Prune] Removed 3 stale IDs (frame 900)
[Prune] Removed 1 stale IDs (frame 1100)
[Prune] Removed 4 stale IDs (frame 1300)
[Evidence] Saved evidence/1776342343_60s.jpg (132268 bytes, sha256:614fc02ee6153...)
[Prune] Removed 1 stale IDs (frame 1800)
[Prune] Removed 6 stale IDs (frame 1900)
[Prune] Removed 2 stale IDs (frame 2200)
[Prune] Removed 7 stale IDs (frame 2400)
[Prune] Removed 2 stale IDs (frame 2500)
[Prune] Removed 2 stale IDs (frame 2600)
[Evidence] Saved evidence/1776342343_90s.jpg (127430 bytes, sha256:8936ab30a3756...)
[Prune] Removed 6 stale IDs (frame 2700)
[Prune] Removed 5 stale IDs (frame 2800)
[Prune] Removed 1 stale IDs (frame 2900)
[Prune] Removed 1 stale IDs (frame 3000)
[Prune] Removed 5 stale IDs (frame 3100)
[Evidence] Saved evidence/1776342343_120s.jpg (153229 bytes, sha256:74ccd0622e656...)
[Prune] Removed 1 stale IDs (frame 4000)
[Prune] Removed 1 stale IDs (frame 4100)
[Prune] Removed 13 stale IDs (frame 4200)
[Prune] Removed 5 stale IDs (frame 4300)
[Prune] Removed 4 stale IDs (frame 4400)
[STATE] counting — market=0xb179e491... duration=150s round=81
[Evidence] Saved evidence/1776342343_150s.jpg (129256 bytes, sha256:132f4534b040c...)
[Prune] Removed 14 stale IDs (frame 5000)
[Prune] Removed 1 stale IDs (frame 5200)
[Prune] Removed 3 stale IDs (frame 5300)
[Evidence] Saved evidence/1776342343_180s.jpg (144532 bytes, sha256:1e58e6445ecc7...)
[Prune] Removed 3 stale IDs (frame 5400)
[Prune] Removed 3 stale IDs (frame 5500)
[Prune] Removed 3 stale IDs (frame 5600)
[Prune] Removed 1 stale IDs (frame 5700)
[Prune] Removed 3 stale IDs (frame 5800)
[Prune] Removed 1 stale IDs (frame 6000)
[Prune] Removed 1 stale IDs (frame 6100)
[Evidence] Saved evidence/1776342343_210s.jpg (115270 bytes, sha256:5784f27f81ffa...)
[Prune] Removed 5 stale IDs (frame 6200)
[Prune] Removed 11 stale IDs (frame 6300)
[Prune] Removed 2 stale IDs (frame 6400)
[Prune] Removed 3 stale IDs (frame 6700)
[Prune] Removed 6 stale IDs (frame 6800)
[Prune] Removed 2 stale IDs (frame 6900)
[Prune] Removed 1 stale IDs (frame 7000)
[Evidence] Saved evidence/1776342343_240s.jpg (155807 bytes, sha256:59da76f8ea9a9...)
[Prune] Removed 2 stale IDs (frame 7200)
[Prune] Removed 3 stale IDs (frame 7400)
[Prune] Removed 2 stale IDs (frame 7900)
[Evidence] Saved evidence/1776342343_270s.jpg (149222 bytes, sha256:707483b84f767...)
[Prune] Removed 1 stale IDs (frame 8000)
[Prune] Removed 2 stale IDs (frame 8100)
[Prune] Removed 1 stale IDs (frame 8200)
[Prune] Removed 1 stale IDs (frame 8300)
[Prune] Removed 2 stale IDs (frame 8500)
[Prune] Removed 3 stale IDs (frame 8700)
[Prune] Removed 1 stale IDs (frame 8800)
[Evidence] Saved evidence/1776342343_final.jpg (150636 bytes, sha256:8512f222aef92...)
[Evidence] Saved evidence/1776342343_final.jpg (150037 bytes, sha256:7805a339bf0fe...)
[Evidence] Saved evidence/1776342343_final.jpg (149847 bytes, sha256:d0914f38a1800...)
[STATE] idle — round 81 complete: 41 vehicles
[Prune] Removed 2 stale IDs (frame 8900)
[Prune] Removed 1 stale IDs (frame 9000)
[Prune] Removed 1 stale IDs (frame 9200)
[Prune] Removed 7 stale IDs (frame 9300)
[Prune] Removed 5 stale IDs (frame 9400)
[Prune] Removed 15 stale IDs (frame 9500)
[Prune] Removed 4 stale IDs (frame 9600)
[Prune] Removed 9 stale IDs (frame 9700)
[2026-04-16 09:31:13] No round_complete via WS — reading result.json fallback
[2026-04-16 09:31:13] Count complete: 41 vehicles (in=12 out=29)
[2026-04-16 09:31:15] No bets placed — cancelling market
[2026-04-16 09:31:16] Market cancelled: 0xb179e491bb8D54712F0B8AEC93157CA0a71677A5 (tx: be6b691f8ad554d65e5055b2289ad4ad0dcc22443c95497213f8282e05a04c97)
[2026-04-16 09:31:16] Ably publish OK: market_cancelled
[Prune] Removed 2 stale IDs (frame 9800)
[2026-04-16 09:31:19] Refunds distributed: 0xb179e491bb8D54712F0B8AEC93157CA0a71677A5 (tx: f94b43cb3b23bd69adfc72d02506ec4b0d1c4d9993955608e1e09e2b3348496a)
[2026-04-16 09:31:19] Ledger POST failed (non-fatal): HTTP Error 400: Bad Request
[2026-04-16 09:31:19] New threshold: 43 (avg of [46, 41])
[2026-04-16 09:31:19] Waiting 15s before Round #82...
[Prune] Removed 4 stale IDs (frame 9900)
[Prune] Removed 1 stale IDs (frame 10100)
[Prune] Removed 1 stale IDs (frame 10200)
[Prune] Removed 2 stale IDs (frame 10300)
[2026-04-16 09:31:34] Round #82 | Peace Bridge — USA/Canada Border | threshold=43
[2026-04-16 09:31:35] createMarket tx sent: 5787e0501ac2025779fcaa630ddf64169fea7a06b44212c1704a6c85c57ae95b
[Prune] Removed 5 stale IDs (frame 10400)
[2026-04-16 09:31:38] Market created: 0x4416612AFaB1144F2A9D0C5b2E99e1dfa48D72F5 (tx: 5787e0501ac2025779fcaa630ddf64169fea7a06b44212c1704a6c85c57ae95b)
[2026-04-16 09:31:38] Ably publish OK: market_created
[2026-04-16 09:31:38] Counting vehicles for 150s...
[STATE] betting — market=0x4416612A... bet=150s count=150s round=82
[LineZone] (307,432) -> (960,432)
[Counter] Line: (579, 10) -> (701, 710)
[2026-04-16 09:31:38] [StreamClient] Round 82 started on stream_server
[Prune] Removed 3 stale IDs (frame 200)
[Prune] Removed 1 stale IDs (frame 300)
[Prune] Removed 1 stale IDs (frame 400)
[Prune] Removed 1 stale IDs (frame 500)
[Prune] Removed 3 stale IDs (frame 600)
[Prune] Removed 2 stale IDs (frame 700)
[Prune] Removed 4 stale IDs (frame 800)
[Evidence] Saved evidence/1776342698_30s.jpg (136141 bytes, sha256:9ccd6b870bdb3...)
[Prune] Removed 6 stale IDs (frame 900)
[Prune] Removed 1 stale IDs (frame 1000)
[Prune] Removed 1 stale IDs (frame 1500)
[Prune] Removed 3 stale IDs (frame 1600)
[Prune] Removed 4 stale IDs (frame 1700)
[Evidence] Saved evidence/1776342698_60s.jpg (127976 bytes, sha256:d53e13440e14b...)
[Prune] Removed 11 stale IDs (frame 1800)
[Prune] Removed 8 stale IDs (frame 1900)
[Prune] Removed 5 stale IDs (frame 2000)
[Prune] Removed 8 stale IDs (frame 2100)
[Prune] Removed 2 stale IDs (frame 2200)
[Prune] Removed 4 stale IDs (frame 2300)
[Prune] Removed 4 stale IDs (frame 2400)
[Prune] Removed 2 stale IDs (frame 2500)
[Evidence] Saved evidence/1776342698_90s.jpg (143987 bytes, sha256:976c144ee8794...)
[Prune] Removed 1 stale IDs (frame 2800)
[Prune] Removed 1 stale IDs (frame 2900)
[Prune] Removed 3 stale IDs (frame 3000)
[Prune] Removed 1 stale IDs (frame 3100)
[Prune] Removed 3 stale IDs (frame 3200)
[Prune] Removed 6 stale IDs (frame 3300)
[Prune] Removed 2 stale IDs (frame 3400)
[Prune] Removed 1 stale IDs (frame 3500)
[Evidence] Saved evidence/1776342698_120s.jpg (141759 bytes, sha256:b914093e46135...)
[Prune] Removed 3 stale IDs (frame 3600)
[Prune] Removed 1 stale IDs (frame 3700)
[Prune] Removed 1 stale IDs (frame 4100)
[Prune] Removed 13 stale IDs (frame 4300)
[Prune] Removed 5 stale IDs (frame 4400)
[STATE] counting — market=0x4416612A... duration=150s round=82
[Evidence] Saved evidence/1776342698_150s.jpg (130853 bytes, sha256:7924759eb34da...)
[Prune] Removed 2 stale IDs (frame 4600)
[Prune] Removed 1 stale IDs (frame 4800)
[Prune] Removed 1 stale IDs (frame 5000)
[Prune] Removed 3 stale IDs (frame 5300)
[Evidence] Saved evidence/1776342698_180s.jpg (155086 bytes, sha256:cab695471db1d...)
[Prune] Removed 1 stale IDs (frame 5400)
[Prune] Removed 6 stale IDs (frame 5500)
[Prune] Removed 1 stale IDs (frame 5600)
[Prune] Removed 1 stale IDs (frame 5700)
[Prune] Removed 2 stale IDs (frame 5800)
[Prune] Removed 1 stale IDs (frame 5900)
[Prune] Removed 2 stale IDs (frame 6000)
[Evidence] Saved evidence/1776342698_210s.jpg (155571 bytes, sha256:33fa594481146...)
[Prune] Removed 1 stale IDs (frame 6200)
[Prune] Removed 1 stale IDs (frame 6400)
[Prune] Removed 1 stale IDs (frame 6500)
[Prune] Removed 4 stale IDs (frame 6600)
[Prune] Removed 4 stale IDs (frame 6700)
[Prune] Removed 2 stale IDs (frame 6800)
