[Launcher] Loaded .env from /home/lumen/.gemini/antigravity/scratch/rush/.env
[Launcher] Cleaning previous instances (preserving named tunnel)...
═══════════════════════════════════════════════════
  Rush Oracle Launcher
  WebSocket port: 9000
  Public hostname: wss://oracle.rushgame.vip (named tunnel)
═══════════════════════════════════════════════════
[Launcher] Named tunnel cloudflared is up — WS will be reachable at oracle.rushgame.vip
[Launcher] Starting persistent stream server...
[Launcher] Stream server PID: 2241256 (camera: levi-ski-finland, port: 9000)
[Launcher] Waiting for stream server to be ready...
[Camera] Confidence override: 0.05
[Camera] Levi Ski Resort — Finland (Levi Ski Resort Live Cam) — YOUTUBE
[Camera] Classes override: [0] (person)
[Camera] Line zones: 1 (canonical sv.LineZone, threshold=1)

=======================================================
  SinalBet Live Oracle Server (v4 — Persistent)
  WebSocket: ws://0.0.0.0:9000
  Stream: https://www.youtube.com/watch?v=Wr9b5aYA4mI
  Camera: levi-ski-finland
  Model: yolo12s.pt
  Mode: persistent (rounds via WS control)
  Target FPS: 8
=======================================================

[yt-dlp] OK: https://manifest.googlevideo.com/api/manifest/hls_playlist/expire/1776364538/ei/...

[Stream] Probing stream...
[Stream] 1280x720 @ 30.0fps
[Stream] ffmpeg spawned (PID 2241433)
[STATE] idle — waiting for round
[Stream] Throttle target: 30.0 fps
[WS] Client connected (1 total)
[WS] Client connected (2 total)
opening handshake failed
Traceback (most recent call last):
  File "/home/lumen/miniconda3/lib/python3.13/site-packages/websockets/asyncio/server.py", line 356, in conn_handler
    await connection.handshake(
    ...<3 lines>...
    )
  File "/home/lumen/miniconda3/lib/python3.13/site-packages/websockets/asyncio/server.py", line 142, in handshake
    async with self.send_context(expected_state=CONNECTING):
               ~~~~~~~~~~~~~~~~~^^^^^^^^^^^^^^^^^^^^^^^^^^^
  File "/home/lumen/miniconda3/lib/python3.13/contextlib.py", line 214, in __aenter__
    return await anext(self.gen)
           ^^^^^^^^^^^^^^^^^^^^^
  File "/home/lumen/miniconda3/lib/python3.13/site-packages/websockets/asyncio/connection.py", line 957, in send_context
    raise self.protocol.close_exc from original_exc
websockets.exceptions.ConnectionClosedError: no close frame received or sent
[WS] Client connected (3 total)
[WS] Client disconnected (2 total)
[Launcher] Stream server ready!
[Launcher] Starting watchdog (round manager)...
[Launcher] Mode: Supervised Round Manager (watchdog.py)
[Launcher] Watchdog PID: 2241439
[2026-04-16 09:35:42] INFO ============================================================
[2026-04-16 09:35:42] INFO   Rush Oracle Watchdog
[2026-04-16 09:35:42] INFO   Managing: /home/lumen/.gemini/antigravity/scratch/rush/oracle/round_manager_rush.py
[2026-04-16 09:35:42] INFO   Heartbeat: /tmp/rush_oracle_heartbeat.json
[2026-04-16 09:35:42] INFO   Log: /tmp/rush_oracle.log
[2026-04-16 09:35:42] INFO ============================================================
[2026-04-16 09:35:42] INFO Running startup orphan scan...
[LineZone] (295,570) -> (1276,335)
[Counter] Line: (579, 10) -> (701, 710)
[2026-04-16 09:35:43] INFO Orphan scan: 1 active market(s) found
[2026-04-16 09:35:44] INFO No orphan markets found
[2026-04-16 09:35:44] INFO Starting child: /home/lumen/miniconda3/bin/python3 -u /home/lumen/.gemini/antigravity/scratch/rush/oracle/round_manager_rush.py
[2026-04-16 09:35:44] INFO Child started (PID 2241632)
[2026-04-16 09:35:45] Chain: connected to https://base-mainnet.core.chainstack.com/977532e58b2430d1f01739e7d209d236 (chain_id=8453)
[2026-04-16 09:35:45] Oracle wallet: 0x4c385830c2E241EfeEd070Eb92606B6AedeDA277
[2026-04-16 09:35:45] Loaded 23 cameras from /home/lumen/.gemini/antigravity/scratch/rush/oracle/cameras.json
[2026-04-16 09:35:45] ============================================================
[2026-04-16 09:35:45]   SinalBet Rush Round Manager
[2026-04-16 09:35:45]   Factory:  0x5b04F3DFaE780A7e109066E754d27f491Af55Af9
[2026-04-16 09:35:45]   Duration: 150s per round
[2026-04-16 09:35:45]   Cameras:  Levi Ski Resort — Finland
[2026-04-16 09:35:45] ============================================================
[2026-04-16 09:35:45] Round #1 | Levi Ski Resort — Finland | threshold=50
[WS] Client connected (3 total)
[2026-04-16 09:35:46] Cancelling orphan market: 0x4416612AFaB1144F2A9D0C5b2E99e1dfa48D72F5
[Prune] Removed 3 stale IDs (frame 100)
[2026-04-16 09:35:49] Market cancelled: 0x4416612AFaB1144F2A9D0C5b2E99e1dfa48D72F5 (tx: ca2509a573df1565bb7e91da9f089915fcef2dac3d35e4475fd1e8fdb8698ae7)
[2026-04-16 09:35:49] Ably publish OK: market_cancelled
[2026-04-16 09:35:50] Refunds distributed: 0x4416612AFaB1144F2A9D0C5b2E99e1dfa48D72F5 (tx: 3628b9a7431556946273ed01786b33bbcd2cf42f40b5327a41c5b5df25668b43)
[2026-04-16 09:35:50] Cancelled 1 orphan market(s)
[2026-04-16 09:35:50] createMarket tx sent: ef50caa881b3b5ed61c4808aec72a91bb670d114484ede870427198d48fd9fcb
[Prune] Removed 10 stale IDs (frame 200)
[2026-04-16 09:35:53] Market created: 0x37772dB5019AcA46Ca58dd0e229147c17a8a1d68 (tx: ef50caa881b3b5ed61c4808aec72a91bb670d114484ede870427198d48fd9fcb)
[2026-04-16 09:35:53] Ably publish OK: market_created
[2026-04-16 09:35:53] Counting vehicles for 150s...
[2026-04-16 09:35:53] [StreamClient] Reconnecting...
[WS] Client connected (4 total)
[2026-04-16 09:35:53] [StreamClient] Connected to ws://localhost:9000
[2026-04-16 09:35:53] [StreamClient] Unexpected response: {'type': 'init', 'stream': 'https://www.youtube.com/watch?v=Wr9b5aYA4mI', 'state': 'idle', 'count': 8, 'cameraId': 'levi-ski-finland'}
[STATE] betting — market=0x37772dB5... bet=150s count=150s round=1
[LineZone] (295,570) -> (1276,335)
[Counter] Line: (579, 10) -> (701, 710)
[Prune] Removed 2 stale IDs (frame 100)
[Prune] Removed 20 stale IDs (frame 200)
[Prune] Removed 13 stale IDs (frame 300)
[Prune] Removed 3 stale IDs (frame 400)
[Prune] Removed 4 stale IDs (frame 500)
[Prune] Removed 7 stale IDs (frame 600)
[Prune] Removed 15 stale IDs (frame 700)
[Evidence] Saved evidence/1776342953_30s.jpg (192703 bytes, sha256:36a55f271683e...)
[Prune] Removed 9 stale IDs (frame 800)
[Prune] Removed 14 stale IDs (frame 900)
[WS] Client disconnected (3 total)
[Prune] Removed 10 stale IDs (frame 1000)
[Prune] Removed 3 stale IDs (frame 1100)
[Prune] Removed 3 stale IDs (frame 1200)
[Prune] Removed 7 stale IDs (frame 1300)
[Prune] Removed 4 stale IDs (frame 1400)
[Prune] Removed 2 stale IDs (frame 1500)
[Evidence] Saved evidence/1776342953_60s.jpg (191902 bytes, sha256:229a5a07d0263...)
[Prune] Removed 4 stale IDs (frame 1600)
[Prune] Removed 1 stale IDs (frame 1700)
[Prune] Removed 5 stale IDs (frame 1900)
[Prune] Removed 2 stale IDs (frame 2000)
[Prune] Removed 2 stale IDs (frame 2100)
[Prune] Removed 5 stale IDs (frame 2200)
[Prune] Removed 9 stale IDs (frame 2300)
[Evidence] Saved evidence/1776342953_90s.jpg (188885 bytes, sha256:802b37a42f74c...)
[Prune] Removed 2 stale IDs (frame 2500)
[Prune] Removed 1 stale IDs (frame 2700)
[Prune] Removed 3 stale IDs (frame 2800)
[Prune] Removed 3 stale IDs (frame 2900)
[Prune] Removed 3 stale IDs (frame 3000)
[Prune] Removed 5 stale IDs (frame 3100)
[Prune] Removed 4 stale IDs (frame 3200)
[Evidence] Saved evidence/1776342953_120s.jpg (187804 bytes, sha256:59df69305bff4...)
[Prune] Removed 1 stale IDs (frame 3400)
[Prune] Removed 2 stale IDs (frame 3500)
[Prune] Removed 1 stale IDs (frame 3600)
[Prune] Removed 1 stale IDs (frame 3700)
[Prune] Removed 1 stale IDs (frame 3800)
[Prune] Removed 3 stale IDs (frame 4000)
[Prune] Removed 1 stale IDs (frame 4100)
[STATE] counting — market=0x37772dB5... duration=150s round=1
[Evidence] Saved evidence/1776342953_150s.jpg (189219 bytes, sha256:951e9a5c6762f...)
[Prune] Removed 1 stale IDs (frame 4200)
[Prune] Removed 1 stale IDs (frame 4500)
[Prune] Removed 1 stale IDs (frame 4600)
[Prune] Removed 3 stale IDs (frame 4700)
[Prune] Removed 1 stale IDs (frame 4800)
[Evidence] Saved evidence/1776342953_180s.jpg (187321 bytes, sha256:eb9dfbca38036...)
[Prune] Removed 1 stale IDs (frame 5000)
[Prune] Removed 1 stale IDs (frame 5200)
[Prune] Removed 1 stale IDs (frame 5300)
[Prune] Removed 1 stale IDs (frame 5400)
[Prune] Removed 3 stale IDs (frame 5600)
[Prune] Removed 6 stale IDs (frame 5700)
[Prune] Removed 5 stale IDs (frame 5800)
[Evidence] Saved evidence/1776342953_210s.jpg (188172 bytes, sha256:c3c38953f7624...)
[Prune] Removed 6 stale IDs (frame 5900)
[Prune] Removed 7 stale IDs (frame 6000)
[Prune] Removed 6 stale IDs (frame 6100)
[Prune] Removed 5 stale IDs (frame 6200)
[Prune] Removed 4 stale IDs (frame 6300)
[Prune] Removed 1 stale IDs (frame 6400)
[Prune] Removed 1 stale IDs (frame 6500)
[Prune] Removed 2 stale IDs (frame 6600)
[Prune] Removed 1 stale IDs (frame 6700)
[Evidence] Saved evidence/1776342953_240s.jpg (189326 bytes, sha256:13584dc7040e4...)
[Prune] Removed 1 stale IDs (frame 6900)
[Prune] Removed 1 stale IDs (frame 7100)
[Prune] Removed 2 stale IDs (frame 7200)
[Prune] Removed 8 stale IDs (frame 7300)
[Prune] Removed 7 stale IDs (frame 7400)
[Prune] Removed 8 stale IDs (frame 7500)
[Evidence] Saved evidence/1776342953_270s.jpg (194007 bytes, sha256:b865081fa47e6...)
[Prune] Removed 7 stale IDs (frame 7600)
[Prune] Removed 3 stale IDs (frame 7700)
[Prune] Removed 10 stale IDs (frame 7800)
[Prune] Removed 13 stale IDs (frame 7900)
[Prune] Removed 6 stale IDs (frame 8000)
[Prune] Removed 2 stale IDs (frame 8100)
[Prune] Removed 5 stale IDs (frame 8200)
[Prune] Removed 4 stale IDs (frame 8300)
[Evidence] Saved evidence/1776342953_final.jpg (191005 bytes, sha256:fc3d69ad7418f...)
[Evidence] Saved evidence/1776342953_final.jpg (191007 bytes, sha256:4cf86a46663f2...)
[Prune] Removed 2 stale IDs (frame 8400)
[Evidence] Saved evidence/1776342953_final.jpg (191068 bytes, sha256:3ce59ebf4cfa4...)
[Evidence] Saved evidence/1776342953_final.jpg (191023 bytes, sha256:66358d0ee18e5...)
[STATE] idle — round 1 complete: 14 vehicles
[2026-04-16 09:40:53] Count complete: 14 vehicles (in=0 out=14)
[2026-04-16 09:40:55] No bets placed — cancelling market
[2026-04-16 09:40:56] Market cancelled: 0x37772dB5019AcA46Ca58dd0e229147c17a8a1d68 (tx: 4f90cf801530add5aa2285888c0823d5b8255b8b51738f898a96d35272aead98)
[2026-04-16 09:40:56] Ably publish OK: market_cancelled
[Prune] Removed 6 stale IDs (frame 8500)
[2026-04-16 09:40:59] Refunds distributed: 0x37772dB5019AcA46Ca58dd0e229147c17a8a1d68 (tx: 8aadd7dddd2ee53b0eb23b620d11011d400f64fba0d1985d13397451f1d580e1)
[2026-04-16 09:40:59] Ledger POST failed (non-fatal): HTTP Error 400: Bad Request
[2026-04-16 09:40:59] New threshold: 14 (avg of [14])
[2026-04-16 09:40:59] Waiting 15s before Round #2...
[Prune] Removed 1 stale IDs (frame 8600)
[Prune] Removed 1 stale IDs (frame 8700)
[Prune] Removed 1 stale IDs (frame 8800)
[2026-04-16 09:41:14] Round #2 | Levi Ski Resort — Finland | threshold=14
[2026-04-16 09:41:16] createMarket tx sent: 571426e38a33a80c95cc44858201fee7a93b3f599a7cd77cfe14a1c343cfacd4
[2026-04-16 09:41:16] Market created: 0xfDfeF378FBAd27F25D76d015D20EE75Aa528db71 (tx: 571426e38a33a80c95cc44858201fee7a93b3f599a7cd77cfe14a1c343cfacd4)
[2026-04-16 09:41:16] Ably publish OK: market_created
[2026-04-16 09:41:16] Counting vehicles for 150s...
[2026-04-16 09:41:16] [StreamClient] Unexpected response: {'type': 'idle', 'state': 'waiting', 'cameraId': 'levi-ski-finland'}
[STATE] betting — market=0xfDfeF378... bet=150s count=150s round=2
[LineZone] (295,570) -> (1276,335)
[Counter] Line: (579, 10) -> (701, 710)
[Prune] Removed 1 stale IDs (frame 200)
[Prune] Removed 1 stale IDs (frame 300)
[Prune] Removed 3 stale IDs (frame 400)
[Prune] Removed 6 stale IDs (frame 500)
[Prune] Removed 3 stale IDs (frame 600)
[Prune] Removed 11 stale IDs (frame 700)
[Prune] Removed 9 stale IDs (frame 800)
[Evidence] Saved evidence/1776343276_30s.jpg (194860 bytes, sha256:a69f51f71cf1c...)
[Prune] Removed 1 stale IDs (frame 900)
[Prune] Removed 5 stale IDs (frame 1000)
[Prune] Removed 1 stale IDs (frame 1200)
[Prune] Removed 3 stale IDs (frame 1400)
[Prune] Removed 4 stale IDs (frame 1500)
[Prune] Removed 4 stale IDs (frame 1600)
[Prune] Removed 9 stale IDs (frame 1700)
[Evidence] Saved evidence/1776343276_60s.jpg (192814 bytes, sha256:c3735dc36647a...)
[Prune] Removed 1 stale IDs (frame 1800)
[Prune] Removed 1 stale IDs (frame 1900)
[Prune] Removed 6 stale IDs (frame 2100)
[Prune] Removed 4 stale IDs (frame 2200)
[Prune] Removed 9 stale IDs (frame 2300)
[Prune] Removed 12 stale IDs (frame 2400)
[Prune] Removed 3 stale IDs (frame 2500)
[Evidence] Saved evidence/1776343276_90s.jpg (199740 bytes, sha256:1df3b44192476...)
[Prune] Removed 5 stale IDs (frame 2600)
[Prune] Removed 3 stale IDs (frame 2700)
[Prune] Removed 6 stale IDs (frame 2800)
[Prune] Removed 8 stale IDs (frame 2900)
[Prune] Removed 10 stale IDs (frame 3000)
[Prune] Removed 17 stale IDs (frame 3100)
[Prune] Removed 8 stale IDs (frame 3200)
[Prune] Removed 16 stale IDs (frame 3300)
[Prune] Removed 17 stale IDs (frame 3400)
[Evidence] Saved evidence/1776343276_120s.jpg (209659 bytes, sha256:fc1d6ff85d97f...)
[Prune] Removed 8 stale IDs (frame 3500)
[Prune] Removed 13 stale IDs (frame 3600)
[Prune] Removed 6 stale IDs (frame 3700)
[Prune] Removed 13 stale IDs (frame 3900)
[Prune] Removed 3 stale IDs (frame 4000)
[Prune] Removed 1 stale IDs (frame 4100)
[Prune] Removed 5 stale IDs (frame 4200)
[STATE] counting — market=0xfDfeF378... duration=150s round=2
[Evidence] Saved evidence/1776343276_150s.jpg (158047 bytes, sha256:6501cc7098931...)
[Prune] Removed 2 stale IDs (frame 4400)
[Prune] Removed 4 stale IDs (frame 4500)
[Prune] Removed 5 stale IDs (frame 4600)
[Prune] Removed 4 stale IDs (frame 4700)
[Prune] Removed 3 stale IDs (frame 4800)
[Prune] Removed 3 stale IDs (frame 4900)
[Prune] Removed 2 stale IDs (frame 5000)
[Evidence] Saved evidence/1776343276_180s.jpg (144051 bytes, sha256:213f562eb01fd...)
[Prune] Removed 1 stale IDs (frame 5200)
[Prune] Removed 1 stale IDs (frame 5300)
[Prune] Removed 1 stale IDs (frame 6000)
[Evidence] Saved evidence/1776343276_210s.jpg (140626 bytes, sha256:5ae7580e9512d...)
[Prune] Removed 1 stale IDs (frame 6200)
[Prune] Removed 1 stale IDs (frame 6300)
[Prune] Removed 3 stale IDs (frame 6500)
[Prune] Removed 6 stale IDs (frame 6600)
[Prune] Removed 12 stale IDs (frame 6700)
[Prune] Removed 15 stale IDs (frame 6800)
[Prune] Removed 11 stale IDs (frame 6900)
[Evidence] Saved evidence/1776343276_240s.jpg (146043 bytes, sha256:52ca525e44358...)
[Prune] Removed 5 stale IDs (frame 7000)
[Prune] Removed 5 stale IDs (frame 7100)
[Prune] Removed 3 stale IDs (frame 7200)
[Prune] Removed 1 stale IDs (frame 7300)
[Prune] Removed 4 stale IDs (frame 7400)
[Prune] Removed 1 stale IDs (frame 7500)
[Prune] Removed 2 stale IDs (frame 7600)
[Prune] Removed 2 stale IDs (frame 7700)
[Evidence] Saved evidence/1776343276_270s.jpg (152973 bytes, sha256:11549f9b2d8ee...)
[Prune] Removed 4 stale IDs (frame 7800)
[Prune] Removed 2 stale IDs (frame 7900)
[Prune] Removed 2 stale IDs (frame 8000)
[Prune] Removed 7 stale IDs (frame 8200)
[Prune] Removed 3 stale IDs (frame 8300)
[Prune] Removed 4 stale IDs (frame 8400)
[Prune] Removed 2 stale IDs (frame 8500)
[Prune] Removed 5 stale IDs (frame 8600)
[Evidence] Saved evidence/1776343276_final.jpg (150526 bytes, sha256:dc1baa91e7603...)
[Evidence] Saved evidence/1776343276_final.jpg (150581 bytes, sha256:190b7fb460ca8...)
[Evidence] Saved evidence/1776343276_final.jpg (150649 bytes, sha256:0e8823975ea6e...)
[STATE] idle — round 2 complete: 16 vehicles
[Prune] Removed 4 stale IDs (frame 8700)
[Prune] Removed 7 stale IDs (frame 8800)
[Prune] Removed 8 stale IDs (frame 8900)
[Prune] Removed 12 stale IDs (frame 9000)
[Prune] Removed 18 stale IDs (frame 9100)
[Prune] Removed 30 stale IDs (frame 9200)
[Prune] Removed 36 stale IDs (frame 9300)
[Prune] Removed 15 stale IDs (frame 9400)
[2026-04-16 09:46:46] No round_complete via WS — reading result.json fallback
[2026-04-16 09:46:46] Count complete: 16 vehicles (in=0 out=16)
[Prune] Removed 13 stale IDs (frame 9500)
[2026-04-16 09:46:48] No bets placed — cancelling market
[2026-04-16 09:46:49] Market cancelled: 0xfDfeF378FBAd27F25D76d015D20EE75Aa528db71 (tx: 88cd50fc48de69e6c98e80747e66919dd043145c5f197973bb76e0f93f984d66)
[2026-04-16 09:46:49] Ably publish OK: market_cancelled
[Prune] Removed 6 stale IDs (frame 9600)
[2026-04-16 09:46:52] Refunds distributed: 0xfDfeF378FBAd27F25D76d015D20EE75Aa528db71 (tx: ab31dd936690e796c0db27ee404f0f8e92618fe1b51247bfc9c2c3794bb10a20)
[2026-04-16 09:46:52] Ledger POST OK: {"ok":true}
[2026-04-16 09:46:52] New threshold: 15 (avg of [14, 16])
[2026-04-16 09:46:52] Waiting 15s before Round #3...
[Prune] Removed 3 stale IDs (frame 9700)
[Prune] Removed 2 stale IDs (frame 9800)
[Prune] Removed 6 stale IDs (frame 9900)
[Prune] Removed 8 stale IDs (frame 10000)
[2026-04-16 09:47:07] Round #3 | Levi Ski Resort — Finland | threshold=15
[Prune] Removed 10 stale IDs (frame 10100)
[2026-04-16 09:47:09] createMarket tx sent: 200dc373ec05e729bf5d4c00adb608cd370d117bc8d5c216ba0fa615c266564a
[2026-04-16 09:47:11] Market created: 0x8cdAE467942371Ae4A33f2CDD469cc13b1622B9d (tx: 200dc373ec05e729bf5d4c00adb608cd370d117bc8d5c216ba0fa615c266564a)
[Prune] Removed 15 stale IDs (frame 10200)
[2026-04-16 09:47:12] Ably publish OK: market_created
[2026-04-16 09:47:12] Counting vehicles for 150s...
[STATE] betting — market=0x8cdAE467... bet=150s count=150s round=3
[LineZone] (295,570) -> (1276,335)
[Counter] Line: (579, 10) -> (701, 710)
[2026-04-16 09:47:12] [StreamClient] Round 3 started on stream_server
[Prune] Removed 7 stale IDs (frame 200)
[Prune] Removed 1 stale IDs (frame 300)
[Prune] Removed 1 stale IDs (frame 500)
[Prune] Removed 1 stale IDs (frame 800)
[Evidence] Saved evidence/1776343632_30s.jpg (151260 bytes, sha256:1e823cee63a1f...)
[Prune] Removed 3 stale IDs (frame 900)
[Prune] Removed 3 stale IDs (frame 1000)
[Prune] Removed 2 stale IDs (frame 1100)
[Prune] Removed 5 stale IDs (frame 1200)
[Prune] Removed 17 stale IDs (frame 1300)
[Prune] Removed 9 stale IDs (frame 1400)
[Prune] Removed 6 stale IDs (frame 1500)
[Prune] Removed 3 stale IDs (frame 1600)
[Prune] Removed 3 stale IDs (frame 1700)
[Evidence] Saved evidence/1776343632_60s.jpg (155116 bytes, sha256:6be072d515d16...)
[Prune] Removed 6 stale IDs (frame 1800)
[Prune] Removed 6 stale IDs (frame 1900)
[Prune] Removed 10 stale IDs (frame 2000)
[Prune] Removed 15 stale IDs (frame 2100)
[Prune] Removed 34 stale IDs (frame 2200)
[Prune] Removed 32 stale IDs (frame 2300)
[Prune] Removed 13 stale IDs (frame 2400)
[Prune] Removed 5 stale IDs (frame 2500)
[Evidence] Saved evidence/1776343632_90s.jpg (158638 bytes, sha256:9cff3123ce0fc...)
[Prune] Removed 9 stale IDs (frame 2600)
[Prune] Removed 1 stale IDs (frame 2700)
[Prune] Removed 2 stale IDs (frame 2900)
[Prune] Removed 7 stale IDs (frame 3100)
[Prune] Removed 4 stale IDs (frame 3200)
[Evidence] Saved evidence/1776343632_120s.jpg (151741 bytes, sha256:cab63241a2dd9...)
[Prune] Removed 1 stale IDs (frame 3600)
[Prune] Removed 4 stale IDs (frame 4000)
[Prune] Removed 2 stale IDs (frame 4100)
[Prune] Removed 3 stale IDs (frame 4200)
[Prune] Removed 2 stale IDs (frame 4300)
[STATE] counting — market=0x8cdAE467... duration=150s round=3
[WS] Client connected (3 total)
[Evidence] Saved evidence/1776343632_150s.jpg (135618 bytes, sha256:fd0a9a744eda4...)
[Prune] Removed 10 stale IDs (frame 4400)
[Prune] Removed 6 stale IDs (frame 4500)
[WS] Client disconnected (2 total)
connection handler failed
Traceback (most recent call last):
  File "/home/lumen/miniconda3/lib/python3.13/asyncio/selector_events.py", line 1005, in _read_ready__data_received
    data = self._sock.recv(self.max_size)
ConnectionResetError: [Errno 104] Connection reset by peer

The above exception was the direct cause of the following exception:

Traceback (most recent call last):
  File "/home/lumen/miniconda3/lib/python3.13/site-packages/websockets/asyncio/server.py", line 376, in conn_handler
    await self.handler(connection)
  File "/home/lumen/.gemini/antigravity/scratch/rush/oracle/stream_server.py", line 1261, in handler
    async for msg in ws:
    ...<37 lines>...
            pass
  File "/home/lumen/miniconda3/lib/python3.13/site-packages/websockets/asyncio/connection.py", line 242, in __aiter__
    yield await self.recv()
          ^^^^^^^^^^^^^^^^^
  File "/home/lumen/miniconda3/lib/python3.13/site-packages/websockets/asyncio/connection.py", line 322, in recv
    raise self.protocol.close_exc from self.recv_exc
websockets.exceptions.ConnectionClosedError: no close frame received or sent
[Prune] Removed 4 stale IDs (frame 4600)
[Prune] Removed 2 stale IDs (frame 4700)
[Prune] Removed 7 stale IDs (frame 4800)
[Prune] Removed 5 stale IDs (frame 4900)
[Prune] Removed 6 stale IDs (frame 5000)
[Prune] Removed 8 stale IDs (frame 5100)
[Evidence] Saved evidence/1776343632_180s.jpg (135501 bytes, sha256:4831fcf24476c...)
[Prune] Removed 3 stale IDs (frame 5200)
[Prune] Removed 5 stale IDs (frame 5300)
[Prune] Removed 6 stale IDs (frame 5400)
[Prune] Removed 3 stale IDs (frame 5500)
[Prune] Removed 10 stale IDs (frame 5600)
[Prune] Removed 9 stale IDs (frame 5700)
[Prune] Removed 5 stale IDs (frame 5800)
[Prune] Removed 2 stale IDs (frame 5900)
[Prune] Removed 6 stale IDs (frame 6000)
[Evidence] Saved evidence/1776343632_210s.jpg (139185 bytes, sha256:8247811381d26...)
[Prune] Removed 3 stale IDs (frame 6100)
[Prune] Removed 3 stale IDs (frame 6200)
[Prune] Removed 6 stale IDs (frame 6300)
[Prune] Removed 1 stale IDs (frame 6400)
[Prune] Removed 2 stale IDs (frame 6500)
[Prune] Removed 1 stale IDs (frame 6700)
[Evidence] Saved evidence/1776343632_240s.jpg (139706 bytes, sha256:c3d014e10d65b...)
[Prune] Removed 1 stale IDs (frame 7500)
[WS] Client disconnected (1 total)
[Evidence] Saved evidence/1776343632_270s.jpg (144173 bytes, sha256:ddeb0aa65e7e7...)
[Prune] Removed 1 stale IDs (frame 7800)
[Prune] Removed 4 stale IDs (frame 8000)
[Prune] Removed 2 stale IDs (frame 8200)
[Prune] Removed 3 stale IDs (frame 8300)
[Prune] Removed 3 stale IDs (frame 8400)
[Prune] Removed 3 stale IDs (frame 8500)
[Prune] Removed 1 stale IDs (frame 8600)
[Evidence] Saved evidence/1776343632_final.jpg (140421 bytes, sha256:9c21a89f0e39d...)
[Evidence] Saved evidence/1776343632_final.jpg (140380 bytes, sha256:0ae8067e941cb...)
[Evidence] Saved evidence/1776343632_final.jpg (140451 bytes, sha256:be624fdcd929c...)
[Evidence] Saved evidence/1776343632_final.jpg (140353 bytes, sha256:5845d0ea4ffad...)
[STATE] idle — round 3 complete: 18 vehicles
[Prune] Removed 3 stale IDs (frame 8700)
[Prune] Removed 3 stale IDs (frame 8800)
[WS] Client connected (2 total)
[Prune] Removed 6 stale IDs (frame 8900)
[Prune] Removed 3 stale IDs (frame 9000)
[Prune] Removed 3 stale IDs (frame 9100)
[Prune] Removed 4 stale IDs (frame 9200)
[Prune] Removed 8 stale IDs (frame 9300)
[Prune] Removed 3 stale IDs (frame 9400)
[2026-04-16 09:52:42] No round_complete via WS — reading result.json fallback
[2026-04-16 09:52:42] Count complete: 18 vehicles (in=0 out=18)
[2026-04-16 09:52:43] Pool check OK: total=0.0100 ETH, under=0.0050, over=0.0050
[2026-04-16 09:52:43] Market resolved: 18 vehicles → Over 15 wins
[2026-04-16 09:52:44] resolveMarket tx sent: 9043d9d7ac4e13f89f646d2bb950e9b7efb2bdb8c94fac158ea5bf75abbeeca5
[Prune] Removed 2 stale IDs (frame 9500)
[2026-04-16 09:52:44] resolveMarket confirmed (tx: 9043d9d7ac4e13f89f646d2bb950e9b7efb2bdb8c94fac158ea5bf75abbeeca5)
[2026-04-16 09:52:44] Ably publish OK: market_resolved
[2026-04-16 09:52:47] Winnings distributed: 0x8cdAE467942371Ae4A33f2CDD469cc13b1622B9d (tx: d8c4683f0c3fa1b57f4b93c26ca74e26ce2c16149bdabf882a87235f3e782a60)
[2026-04-16 09:52:47] Auto-distributed winnings (tx: d8c4683f0c3fa1b57f4b93c26ca74e26ce2c16149bdabf882a87235f3e782a60)
[2026-04-16 09:52:47] Ably publish OK: winnings_distributed
[Prune] Removed 2 stale IDs (frame 9600)
[2026-04-16 09:52:47] Ledger POST OK: {"ok":true}
[2026-04-16 09:52:47] New threshold: 17 (avg of [16, 18])
[2026-04-16 09:52:47] Waiting 15s before Round #4...
[Prune] Removed 3 stale IDs (frame 9700)
[Prune] Removed 3 stale IDs (frame 9800)
[Prune] Removed 2 stale IDs (frame 9900)
[Prune] Removed 2 stale IDs (frame 10000)
[2026-04-16 09:53:02] Round #4 | Levi Ski Resort — Finland | threshold=17
[2026-04-16 09:53:03] createMarket tx sent: 8d1d3ff81583daa78de9cace2797a51d95c0d876514214195e7c31d0daf90bd0
[2026-04-16 09:53:04] Market created: 0x33F5Ca28D81D51A0A5d4153EB1661Ac7f0B9FF5F (tx: 8d1d3ff81583daa78de9cace2797a51d95c0d876514214195e7c31d0daf90bd0)
[2026-04-16 09:53:04] Ably publish OK: market_created
[2026-04-16 09:53:04] Counting vehicles for 150s...
[STATE] betting — market=0x33F5Ca28... bet=150s count=150s round=4
[LineZone] (295,570) -> (1276,335)
[Counter] Line: (579, 10) -> (701, 710)
[2026-04-16 09:53:04] [StreamClient] Round 4 started on stream_server
[Prune] Removed 1 stale IDs (frame 200)
[Prune] Removed 1 stale IDs (frame 700)
[Evidence] Saved evidence/1776343984_30s.jpg (135976 bytes, sha256:12ad6e55a2770...)
[Prune] Removed 2 stale IDs (frame 1000)
[Prune] Removed 7 stale IDs (frame 1100)
[Prune] Removed 7 stale IDs (frame 1200)
[WS] Client disconnected (1 total)
connection handler failed
Traceback (most recent call last):
  File "/home/lumen/miniconda3/lib/python3.13/site-packages/websockets/asyncio/server.py", line 376, in conn_handler
    await self.handler(connection)
  File "/home/lumen/.gemini/antigravity/scratch/rush/oracle/stream_server.py", line 1261, in handler
    async for msg in ws:
    ...<37 lines>...
            pass
  File "/home/lumen/miniconda3/lib/python3.13/site-packages/websockets/asyncio/connection.py", line 242, in __aiter__
    yield await self.recv()
          ^^^^^^^^^^^^^^^^^
  File "/home/lumen/miniconda3/lib/python3.13/site-packages/websockets/asyncio/connection.py", line 322, in recv
    raise self.protocol.close_exc from self.recv_exc
websockets.exceptions.ConnectionClosedError: no close frame received or sent
[Prune] Removed 6 stale IDs (frame 1300)
[Prune] Removed 3 stale IDs (frame 1400)
[Prune] Removed 3 stale IDs (frame 1500)
[Prune] Removed 1 stale IDs (frame 1600)
[Prune] Removed 1 stale IDs (frame 1700)
[Evidence] Saved evidence/1776343984_60s.jpg (131882 bytes, sha256:d55a7157024ad...)
[Prune] Removed 6 stale IDs (frame 1800)
[Prune] Removed 10 stale IDs (frame 1900)
[Prune] Removed 18 stale IDs (frame 2000)
[Prune] Removed 16 stale IDs (frame 2100)
[Prune] Removed 12 stale IDs (frame 2200)
[Prune] Removed 11 stale IDs (frame 2300)
[Prune] Removed 13 stale IDs (frame 2400)
[Prune] Removed 4 stale IDs (frame 2500)
[Evidence] Saved evidence/1776343984_90s.jpg (125136 bytes, sha256:572d5e9319f63...)
[Prune] Removed 2 stale IDs (frame 2600)
[WS] Client connected (2 total)
[Prune] Removed 4 stale IDs (frame 2700)
[Prune] Removed 1 stale IDs (frame 2800)
[Evidence] Saved evidence/1776343984_120s.jpg (124711 bytes, sha256:4d25f3016e9d4...)
[WS] Client disconnected (1 total)
connection handler failed
Traceback (most recent call last):
  File "/home/lumen/miniconda3/lib/python3.13/asyncio/selector_events.py", line 1067, in write
    n = self._sock.send(data)
BrokenPipeError: [Errno 32] Broken pipe

The above exception was the direct cause of the following exception:

Traceback (most recent call last):
  File "/home/lumen/miniconda3/lib/python3.13/site-packages/websockets/asyncio/server.py", line 376, in conn_handler
    await self.handler(connection)
  File "/home/lumen/.gemini/antigravity/scratch/rush/oracle/stream_server.py", line 1261, in handler
    async for msg in ws:
    ...<37 lines>...
            pass
  File "/home/lumen/miniconda3/lib/python3.13/site-packages/websockets/asyncio/connection.py", line 242, in __aiter__
    yield await self.recv()
          ^^^^^^^^^^^^^^^^^
  File "/home/lumen/miniconda3/lib/python3.13/site-packages/websockets/asyncio/connection.py", line 322, in recv
    raise self.protocol.close_exc from self.recv_exc
websockets.exceptions.ConnectionClosedError: no close frame received or sent
[Prune] Removed 1 stale IDs (frame 3900)
[Prune] Removed 1 stale IDs (frame 4000)
[Prune] Removed 4 stale IDs (frame 4200)
[Prune] Removed 5 stale IDs (frame 4300)
[STATE] counting — market=0x33F5Ca28... duration=150s round=4
[Evidence] Saved evidence/1776343984_150s.jpg (124217 bytes, sha256:851d7f7ff9845...)
[Prune] Removed 15 stale IDs (frame 4400)
[Prune] Removed 8 stale IDs (frame 4500)
[Prune] Removed 3 stale IDs (frame 4600)
[Prune] Removed 3 stale IDs (frame 5100)
[Evidence] Saved evidence/1776343984_180s.jpg (124571 bytes, sha256:5bb610942abde...)
[Prune] Removed 6 stale IDs (frame 5200)
[Prune] Removed 4 stale IDs (frame 5300)
[Prune] Removed 1 stale IDs (frame 5400)
[Evidence] Saved evidence/1776343984_210s.jpg (127295 bytes, sha256:431aa1ffc4927...)
[Prune] Removed 1 stale IDs (frame 6700)
[Prune] Removed 4 stale IDs (frame 6900)
[Evidence] Saved evidence/1776343984_240s.jpg (130070 bytes, sha256:dd8c6f00ff57e...)
[Prune] Removed 3 stale IDs (frame 7000)
[Prune] Removed 4 stale IDs (frame 7100)
[Prune] Removed 2 stale IDs (frame 7200)
[Prune] Removed 1 stale IDs (frame 7300)
[Prune] Removed 1 stale IDs (frame 7600)
[Evidence] Saved evidence/1776343984_270s.jpg (129437 bytes, sha256:728ce343723e1...)
[Prune] Removed 3 stale IDs (frame 7800)
[Prune] Removed 2 stale IDs (frame 7900)
[Prune] Removed 9 stale IDs (frame 8000)
[Prune] Removed 15 stale IDs (frame 8100)
[Prune] Removed 37 stale IDs (frame 8200)
[Prune] Removed 19 stale IDs (frame 8300)
[Prune] Removed 12 stale IDs (frame 8400)
[Prune] Removed 3 stale IDs (frame 8500)
[Evidence] Saved evidence/1776343984_final.jpg (129354 bytes, sha256:ae5e491953081...)
[Evidence] Saved evidence/1776343984_final.jpg (129247 bytes, sha256:1bace05781eef...)
[Evidence] Saved evidence/1776343984_final.jpg (129304 bytes, sha256:d930d3a7311bd...)
[STATE] idle — round 4 complete: 14 vehicles
[2026-04-16 09:58:34] No round_complete via WS — reading result.json fallback
[2026-04-16 09:58:34] Count complete: 14 vehicles (in=0 out=14)
[2026-04-16 09:58:36] No bets placed — cancelling market
[2026-04-16 09:58:39] Market cancelled: 0x33F5Ca28D81D51A0A5d4153EB1661Ac7f0B9FF5F (tx: 8abc071aa367d88140e5029b743382e880d7dda018814df556887f7d3b351bfa)
[2026-04-16 09:58:39] Ably publish OK: market_cancelled
[2026-04-16 09:58:40] Refunds distributed: 0x33F5Ca28D81D51A0A5d4153EB1661Ac7f0B9FF5F (tx: 57f40036711011e1a7620af057f8281e3cb840051dac365a06fef5a3a4c55cd5)
[2026-04-16 09:58:40] Ledger POST failed (non-fatal): HTTP Error 400: Bad Request
[2026-04-16 09:58:40] New threshold: 16 (avg of [18, 14])
[2026-04-16 09:58:40] Waiting 15s before Round #5...
[Prune] Removed 1 stale IDs (frame 9700)
[Prune] Removed 1 stale IDs (frame 10000)
[2026-04-16 09:58:55] Round #5 | Levi Ski Resort — Finland | threshold=16
[Prune] Removed 2 stale IDs (frame 10100)
[2026-04-16 09:58:58] createMarket tx sent: d9f9ff7d24ed8d5aa51a3dc6b4d34729516362a0aee654b9c86551f07c05845f
[Prune] Removed 1 stale IDs (frame 10200)
[2026-04-16 09:59:01] Market created: 0xE58B49dD82811330fC94cCebf98896e3Ea345Fc2 (tx: d9f9ff7d24ed8d5aa51a3dc6b4d34729516362a0aee654b9c86551f07c05845f)
[2026-04-16 09:59:01] Ably publish OK: market_created
[2026-04-16 09:59:01] Counting vehicles for 150s...
[STATE] betting — market=0xE58B49dD... bet=150s count=150s round=5
[LineZone] (295,570) -> (1276,335)
[Counter] Line: (579, 10) -> (701, 710)
[2026-04-16 09:59:01] [StreamClient] Round 5 started on stream_server
[Prune] Removed 5 stale IDs (frame 200)
[Prune] Removed 3 stale IDs (frame 300)
[Prune] Removed 3 stale IDs (frame 400)
[Prune] Removed 6 stale IDs (frame 500)
[Prune] Removed 2 stale IDs (frame 600)
[Prune] Removed 3 stale IDs (frame 700)
[WS] Client connected (2 total)
[Prune] Removed 4 stale IDs (frame 800)
[Evidence] Saved evidence/1776344341_30s.jpg (168775 bytes, sha256:ac320fc01e8fc...)
[Prune] Removed 2 stale IDs (frame 900)
[Prune] Removed 1 stale IDs (frame 1100)
[Prune] Removed 1 stale IDs (frame 1300)
[Prune] Removed 2 stale IDs (frame 1400)
[WS] Client disconnected (1 total)
[Prune] Removed 4 stale IDs (frame 1500)
[Prune] Removed 1 stale IDs (frame 1700)
[Evidence] Saved evidence/1776344341_60s.jpg (171135 bytes, sha256:e1782532f939f...)
[Prune] Removed 2 stale IDs (frame 1800)
[Prune] Removed 1 stale IDs (frame 1900)
[WS] Client connected (2 total)
[Prune] Removed 1 stale IDs (frame 2000)
[WS] Client disconnected (1 total)
[Prune] Removed 4 stale IDs (frame 2200)
[Prune] Removed 2 stale IDs (frame 2300)
[Prune] Removed 3 stale IDs (frame 2400)
[Prune] Removed 2 stale IDs (frame 2500)
[Evidence] Saved evidence/1776344341_90s.jpg (139815 bytes, sha256:824fcdaf9bfc6...)
[Prune] Removed 4 stale IDs (frame 2600)
[Prune] Removed 3 stale IDs (frame 2700)
[Prune] Removed 2 stale IDs (frame 2800)
[Prune] Removed 1 stale IDs (frame 2900)
[Prune] Removed 5 stale IDs (frame 3000)
[Prune] Removed 1 stale IDs (frame 3100)
[Prune] Removed 1 stale IDs (frame 3200)
[Prune] Removed 1 stale IDs (frame 3400)
[Evidence] Saved evidence/1776344341_120s.jpg (137363 bytes, sha256:f2a27592d62fe...)
[Prune] Removed 2 stale IDs (frame 3500)
[Prune] Removed 4 stale IDs (frame 3600)
[Prune] Removed 5 stale IDs (frame 3700)
[Prune] Removed 7 stale IDs (frame 3800)
[Prune] Removed 5 stale IDs (frame 3900)
[Prune] Removed 2 stale IDs (frame 4000)
[Prune] Removed 9 stale IDs (frame 4100)
[Prune] Removed 10 stale IDs (frame 4200)
[Prune] Removed 11 stale IDs (frame 4300)
[STATE] counting — market=0xE58B49dD... duration=150s round=5
[Evidence] Saved evidence/1776344341_150s.jpg (136811 bytes, sha256:65c01dd2005f7...)
[Prune] Removed 10 stale IDs (frame 4400)
[Prune] Removed 16 stale IDs (frame 4500)
[Prune] Removed 9 stale IDs (frame 4600)
[Prune] Removed 7 stale IDs (frame 4700)
[Prune] Removed 9 stale IDs (frame 4800)
[Prune] Removed 7 stale IDs (frame 4900)
[Prune] Removed 15 stale IDs (frame 5000)
[Prune] Removed 10 stale IDs (frame 5100)
[Evidence] Saved evidence/1776344341_180s.jpg (135957 bytes, sha256:03de92b7c5dcc...)
[Prune] Removed 15 stale IDs (frame 5200)
[Prune] Removed 8 stale IDs (frame 5300)
[Prune] Removed 8 stale IDs (frame 5400)
[Prune] Removed 2 stale IDs (frame 5500)
[Prune] Removed 3 stale IDs (frame 5600)
[Prune] Removed 1 stale IDs (frame 5700)
[Prune] Removed 1 stale IDs (frame 5800)
[Prune] Removed 2 stale IDs (frame 5900)
[Prune] Removed 1 stale IDs (frame 6000)
[Evidence] Saved evidence/1776344341_210s.jpg (135676 bytes, sha256:297175cfef252...)
[Prune] Removed 1 stale IDs (frame 6400)
[Prune] Removed 3 stale IDs (frame 6800)
[Prune] Removed 1 stale IDs (frame 6900)
[Evidence] Saved evidence/1776344341_240s.jpg (134758 bytes, sha256:891c77dafdbbd...)
[Prune] Removed 4 stale IDs (frame 7000)
[Prune] Removed 13 stale IDs (frame 7100)
[Prune] Removed 17 stale IDs (frame 7200)
[Prune] Removed 17 stale IDs (frame 7300)
[WS] Client connected (1 total)
[Prune] Removed 12 stale IDs (frame 7400)
[WS] Client disconnected (1 total)
connection handler failed
Traceback (most recent call last):
  File "/home/lumen/miniconda3/lib/python3.13/asyncio/selector_events.py", line 1005, in _read_ready__data_received
    data = self._sock.recv(self.max_size)
ConnectionResetError: [Errno 104] Connection reset by peer

The above exception was the direct cause of the following exception:

Traceback (most recent call last):
  File "/home/lumen/miniconda3/lib/python3.13/site-packages/websockets/asyncio/server.py", line 376, in conn_handler
    await self.handler(connection)
  File "/home/lumen/.gemini/antigravity/scratch/rush/oracle/stream_server.py", line 1261, in handler
    async for msg in ws:
    ...<37 lines>...
            pass
  File "/home/lumen/miniconda3/lib/python3.13/site-packages/websockets/asyncio/connection.py", line 242, in __aiter__
    yield await self.recv()
          ^^^^^^^^^^^^^^^^^
  File "/home/lumen/miniconda3/lib/python3.13/site-packages/websockets/asyncio/connection.py", line 322, in recv
    raise self.protocol.close_exc from self.recv_exc
websockets.exceptions.ConnectionClosedError: no close frame received or sent
[Prune] Removed 12 stale IDs (frame 7500)
[Prune] Removed 13 stale IDs (frame 7600)
[Prune] Removed 13 stale IDs (frame 7700)
[Evidence] Saved evidence/1776344341_270s.jpg (135749 bytes, sha256:b517f77f8002d...)
[Prune] Removed 6 stale IDs (frame 7800)
[Prune] Removed 15 stale IDs (frame 7900)
[Prune] Removed 10 stale IDs (frame 8000)
[Prune] Removed 12 stale IDs (frame 8100)
[Prune] Removed 8 stale IDs (frame 8200)
[Prune] Removed 9 stale IDs (frame 8300)
[Prune] Removed 8 stale IDs (frame 8400)
[Prune] Removed 3 stale IDs (frame 8500)
[Prune] Removed 4 stale IDs (frame 8600)
[Evidence] Saved evidence/1776344341_final.jpg (135093 bytes, sha256:fc19e202fb005...)
[Evidence] Saved evidence/1776344341_final.jpg (135002 bytes, sha256:30f18fb08e03e...)
[Evidence] Saved evidence/1776344341_final.jpg (134963 bytes, sha256:93076ec8678e7...)
[STATE] idle — round 5 complete: 25 vehicles
[Prune] Removed 6 stale IDs (frame 8700)
[Prune] Removed 9 stale IDs (frame 8800)
[Prune] Removed 10 stale IDs (frame 8900)
[WS] Client connected (2 total)
[Prune] Removed 15 stale IDs (frame 9000)
[Prune] Removed 14 stale IDs (frame 9100)
[Prune] Removed 4 stale IDs (frame 9300)
[Prune] Removed 8 stale IDs (frame 9400)
[2026-04-16 10:04:31] No round_complete via WS — reading result.json fallback
[2026-04-16 10:04:31] Count complete: 25 vehicles (in=0 out=25)
[Prune] Removed 12 stale IDs (frame 9500)
[2026-04-16 10:04:33] No bets placed — cancelling market
[2026-04-16 10:04:36] Market cancelled: 0xE58B49dD82811330fC94cCebf98896e3Ea345Fc2 (tx: 40d4b2f852fa5d9ff913362cf0c1303dc4b975a2b627c5ab43626b99f1dfb97d)
[Prune] Removed 8 stale IDs (frame 9600)
[2026-04-16 10:04:36] Ably publish OK: market_cancelled
[2026-04-16 10:04:39] Refunds distributed: 0xE58B49dD82811330fC94cCebf98896e3Ea345Fc2 (tx: bf061fe1817088bbdf45c5a2bfd37ae2f873e71df8dc5849399f4fe65d29a529)
[2026-04-16 10:04:39] Ledger POST OK: {"ok":true}
[2026-04-16 10:04:39] New threshold: 19 (avg of [14, 25])
[2026-04-16 10:04:39] Waiting 15s before Round #6...
[Prune] Removed 2 stale IDs (frame 9700)
[Prune] Removed 2 stale IDs (frame 9800)
[Prune] Removed 1 stale IDs (frame 9900)
[Prune] Removed 2 stale IDs (frame 10000)
[Prune] Removed 5 stale IDs (frame 10100)
[2026-04-16 10:04:54] Round #6 | Levi Ski Resort — Finland | threshold=19
[2026-04-16 10:04:55] createMarket tx sent: e684998f357755e44364ae6b62a037835189343bc6f8d14c3d3ecc0b0c1175cb
[2026-04-16 10:04:55] Market created: 0x444c5dFe6Aa1Ee0c856fa45A7ADD66e11A2f7d5b (tx: e684998f357755e44364ae6b62a037835189343bc6f8d14c3d3ecc0b0c1175cb)
[2026-04-16 10:04:56] Ably publish OK: market_created
[2026-04-16 10:04:56] Counting vehicles for 150s...
[STATE] betting — market=0x444c5dFe... bet=150s count=150s round=6
[LineZone] (295,570) -> (1276,335)
[Counter] Line: (579, 10) -> (701, 710)
[2026-04-16 10:04:56] [StreamClient] Round 6 started on stream_server
[Prune] Removed 7 stale IDs (frame 200)
[Prune] Removed 7 stale IDs (frame 300)
[WS] Client connected (3 total)
[WS] Client disconnected (2 total)
[Prune] Removed 1 stale IDs (frame 600)
[Prune] Removed 10 stale IDs (frame 700)
[Prune] Removed 7 stale IDs (frame 800)
[Evidence] Saved evidence/1776344696_30s.jpg (134296 bytes, sha256:c15c0defd9720...)
[Prune] Removed 4 stale IDs (frame 900)
[Prune] Removed 8 stale IDs (frame 1000)
[Prune] Removed 9 stale IDs (frame 1100)
[Prune] Removed 5 stale IDs (frame 1200)
[Prune] Removed 4 stale IDs (frame 1300)
[Prune] Removed 5 stale IDs (frame 1400)
[Prune] Removed 4 stale IDs (frame 1500)
[Prune] Removed 3 stale IDs (frame 1600)
[Prune] Removed 7 stale IDs (frame 1700)
[Evidence] Saved evidence/1776344696_60s.jpg (131276 bytes, sha256:c20b26f057b02...)
[Prune] Removed 9 stale IDs (frame 1800)
[Prune] Removed 16 stale IDs (frame 1900)
[Prune] Removed 11 stale IDs (frame 2000)
[Prune] Removed 10 stale IDs (frame 2100)
[Prune] Removed 12 stale IDs (frame 2200)
[Prune] Removed 13 stale IDs (frame 2300)
[Prune] Removed 11 stale IDs (frame 2400)
[Prune] Removed 13 stale IDs (frame 2500)
[Evidence] Saved evidence/1776344696_90s.jpg (137012 bytes, sha256:84cbd3bf19a45...)
[Prune] Removed 10 stale IDs (frame 2600)
[Prune] Removed 8 stale IDs (frame 2700)
[Prune] Removed 14 stale IDs (frame 2800)
[Prune] Removed 8 stale IDs (frame 2900)
[Prune] Removed 1 stale IDs (frame 3000)
[Prune] Removed 5 stale IDs (frame 3100)
[Prune] Removed 3 stale IDs (frame 3200)
[Prune] Removed 5 stale IDs (frame 3300)
[Prune] Removed 7 stale IDs (frame 3400)
[Evidence] Saved evidence/1776344696_120s.jpg (145111 bytes, sha256:1fef14c9f5b92...)
[Prune] Removed 14 stale IDs (frame 3500)
[Prune] Removed 18 stale IDs (frame 3600)
[Prune] Removed 32 stale IDs (frame 3700)
[Prune] Removed 35 stale IDs (frame 3800)
[Prune] Removed 26 stale IDs (frame 3900)
[Prune] Removed 11 stale IDs (frame 4000)
[Prune] Removed 6 stale IDs (frame 4100)
[Prune] Removed 7 stale IDs (frame 4200)
[Prune] Removed 2 stale IDs (frame 4300)
[STATE] counting — market=0x444c5dFe... duration=150s round=6
[Evidence] Saved evidence/1776344696_150s.jpg (147292 bytes, sha256:a733737df2dfa...)
[Prune] Removed 5 stale IDs (frame 4400)
[Evidence] Saved evidence/1776344696_180s.jpg (163569 bytes, sha256:e585344c4e2fb...)
[Prune] Removed 1 stale IDs (frame 5200)
[Prune] Removed 9 stale IDs (frame 5500)
[Prune] Removed 15 stale IDs (frame 5600)
[Prune] Removed 9 stale IDs (frame 5700)
[Prune] Removed 8 stale IDs (frame 5800)
[Prune] Removed 3 stale IDs (frame 5900)
[Prune] Removed 2 stale IDs (frame 6000)
[Evidence] Saved evidence/1776344696_210s.jpg (185435 bytes, sha256:2deec7a6bec88...)
[Prune] Removed 3 stale IDs (frame 6100)
[Prune] Removed 6 stale IDs (frame 6200)
[Prune] Removed 3 stale IDs (frame 6300)
[Prune] Removed 5 stale IDs (frame 6400)
[Prune] Removed 3 stale IDs (frame 6600)
[Prune] Removed 4 stale IDs (frame 6700)
[Prune] Removed 6 stale IDs (frame 6800)
[Evidence] Saved evidence/1776344696_240s.jpg (194253 bytes, sha256:31cb491a4c0bd...)
[Prune] Removed 2 stale IDs (frame 6900)
[Prune] Removed 3 stale IDs (frame 7000)
[Prune] Removed 7 stale IDs (frame 7100)
[Prune] Removed 6 stale IDs (frame 7200)
[Prune] Removed 6 stale IDs (frame 7300)
[Prune] Removed 2 stale IDs (frame 7500)
[Prune] Removed 1 stale IDs (frame 7600)
[Evidence] Saved evidence/1776344696_270s.jpg (193738 bytes, sha256:8c18ff3a3a879...)
[Prune] Removed 2 stale IDs (frame 7800)
[Prune] Removed 3 stale IDs (frame 8000)
[Prune] Removed 5 stale IDs (frame 8100)
[Prune] Removed 4 stale IDs (frame 8200)
[Prune] Removed 1 stale IDs (frame 8300)
[Prune] Removed 2 stale IDs (frame 8400)
[Prune] Removed 1 stale IDs (frame 8500)
[Evidence] Saved evidence/1776344696_final.jpg (192476 bytes, sha256:359aaccc36e32...)
[Evidence] Saved evidence/1776344696_final.jpg (192471 bytes, sha256:088bdf5c9f393...)
[Evidence] Saved evidence/1776344696_final.jpg (192509 bytes, sha256:a78474b6027b4...)
[STATE] idle — round 6 complete: 24 vehicles
[Prune] Removed 3 stale IDs (frame 8600)
[Prune] Removed 3 stale IDs (frame 8700)
[Prune] Removed 2 stale IDs (frame 9000)
[Prune] Removed 1 stale IDs (frame 9100)
[Prune] Removed 1 stale IDs (frame 9300)
[Prune] Removed 2 stale IDs (frame 9400)
[2026-04-16 10:10:26] No round_complete via WS — reading result.json fallback
[2026-04-16 10:10:26] Count complete: 24 vehicles (in=0 out=24)
[2026-04-16 10:10:28] No bets placed — cancelling market
[Prune] Removed 11 stale IDs (frame 9500)
[2026-04-16 10:10:31] Market cancelled: 0x444c5dFe6Aa1Ee0c856fa45A7ADD66e11A2f7d5b (tx: a1f9730d80196d262dba1bc430ac8b19be505ce32aa896c890250331a53e3d44)
[2026-04-16 10:10:31] Ably publish OK: market_cancelled
[Prune] Removed 10 stale IDs (frame 9600)
[2026-04-16 10:10:34] Refunds distributed: 0x444c5dFe6Aa1Ee0c856fa45A7ADD66e11A2f7d5b (tx: d023a14b045edb30d9c4e5c7a32825fccc5e2cf4b48533493cf91bd7acfc090f)
[2026-04-16 10:10:35] Ledger POST failed (non-fatal): HTTP Error 400: Bad Request
[2026-04-16 10:10:35] New threshold: 24 (avg of [25, 24])
[2026-04-16 10:10:35] Waiting 15s before Round #7...
[Prune] Removed 10 stale IDs (frame 9700)
[Prune] Removed 12 stale IDs (frame 9800)
[Prune] Removed 9 stale IDs (frame 9900)
[Prune] Removed 6 stale IDs (frame 10000)
[Prune] Removed 2 stale IDs (frame 10100)
[2026-04-16 10:10:50] Round #7 | Levi Ski Resort — Finland | threshold=24
[Prune] Removed 2 stale IDs (frame 10200)
[2026-04-16 10:10:53] createMarket tx sent: bc967bf0ed78f4c4b808ae77e510b363dbaca13db17eb4d0309eccfd6162e457
[2026-04-16 10:10:54] Market created: 0xF1F046390d3Ce44Fa650Bd6fe8D7ba5867630cA1 (tx: bc967bf0ed78f4c4b808ae77e510b363dbaca13db17eb4d0309eccfd6162e457)
[2026-04-16 10:10:54] Ably publish OK: market_created
[2026-04-16 10:10:54] Counting vehicles for 150s...
[STATE] betting — market=0xF1F04639... bet=150s count=150s round=7
[LineZone] (295,570) -> (1276,335)
[Counter] Line: (579, 10) -> (701, 710)
[2026-04-16 10:10:54] [StreamClient] Round 7 started on stream_server
[Prune] Removed 2 stale IDs (frame 200)
[Prune] Removed 1 stale IDs (frame 300)
[Prune] Removed 5 stale IDs (frame 400)
[Prune] Removed 5 stale IDs (frame 500)
[Prune] Removed 15 stale IDs (frame 600)
[Prune] Removed 8 stale IDs (frame 700)
[Prune] Removed 8 stale IDs (frame 800)
[Evidence] Saved evidence/1776345054_30s.jpg (193647 bytes, sha256:c15fd4c9d3e02...)
[Prune] Removed 6 stale IDs (frame 900)
[Prune] Removed 15 stale IDs (frame 1000)
[Prune] Removed 9 stale IDs (frame 1100)
[Prune] Removed 5 stale IDs (frame 1200)
[Prune] Removed 2 stale IDs (frame 1300)
[Prune] Removed 3 stale IDs (frame 1400)
[Prune] Removed 2 stale IDs (frame 1500)
[Prune] Removed 2 stale IDs (frame 1600)
[Evidence] Saved evidence/1776345054_60s.jpg (193072 bytes, sha256:bebe3c090e59d...)
[Prune] Removed 1 stale IDs (frame 2200)
[Prune] Removed 3 stale IDs (frame 2300)
[Prune] Removed 4 stale IDs (frame 2400)
[Prune] Removed 7 stale IDs (frame 2500)
[Evidence] Saved evidence/1776345054_90s.jpg (193602 bytes, sha256:30dc11f23a683...)
[Prune] Removed 4 stale IDs (frame 2600)
[Prune] Removed 5 stale IDs (frame 2700)
[Prune] Removed 4 stale IDs (frame 2800)
[Prune] Removed 11 stale IDs (frame 2900)
[Prune] Removed 8 stale IDs (frame 3000)
[Prune] Removed 6 stale IDs (frame 3100)
[Prune] Removed 2 stale IDs (frame 3200)
[Prune] Removed 2 stale IDs (frame 3300)
[Prune] Removed 1 stale IDs (frame 3400)
[Evidence] Saved evidence/1776345054_120s.jpg (193164 bytes, sha256:3590ea522a3eb...)
[Prune] Removed 3 stale IDs (frame 3500)
[Prune] Removed 3 stale IDs (frame 3600)
[Prune] Removed 4 stale IDs (frame 3700)
[Prune] Removed 3 stale IDs (frame 3800)
[Prune] Removed 5 stale IDs (frame 3900)
[Prune] Removed 3 stale IDs (frame 4000)
[Prune] Removed 3 stale IDs (frame 4100)
[Prune] Removed 3 stale IDs (frame 4200)
[STATE] counting — market=0xF1F04639... duration=150s round=7
[Evidence] Saved evidence/1776345054_150s.jpg (189484 bytes, sha256:1c4745568f9a6...)
[Prune] Removed 1 stale IDs (frame 4300)
[Prune] Removed 3 stale IDs (frame 4500)
[Prune] Removed 3 stale IDs (frame 4600)
[Prune] Removed 1 stale IDs (frame 4700)
[Prune] Removed 1 stale IDs (frame 4800)
[Prune] Removed 1 stale IDs (frame 4900)
[Prune] Removed 2 stale IDs (frame 5000)
[Prune] Removed 2 stale IDs (frame 5100)
[Evidence] Saved evidence/1776345054_180s.jpg (187906 bytes, sha256:c487e5ad540a3...)
[Prune] Removed 3 stale IDs (frame 5200)
[Prune] Removed 5 stale IDs (frame 5300)
[Prune] Removed 3 stale IDs (frame 5400)
[Prune] Removed 13 stale IDs (frame 5500)
[Prune] Removed 2 stale IDs (frame 5600)
[Prune] Removed 7 stale IDs (frame 5700)
[Prune] Removed 9 stale IDs (frame 5800)
[Evidence] Saved evidence/1776345054_210s.jpg (191974 bytes, sha256:9403edfd0d9f7...)
[Prune] Removed 4 stale IDs (frame 6000)
[Prune] Removed 1 stale IDs (frame 6200)
[Prune] Removed 4 stale IDs (frame 6300)
[Prune] Removed 9 stale IDs (frame 6500)
[Prune] Removed 9 stale IDs (frame 6600)
[Prune] Removed 2 stale IDs (frame 6700)
[Prune] Removed 4 stale IDs (frame 6800)
[Evidence] Saved evidence/1776345054_240s.jpg (189612 bytes, sha256:d6fe08fcac2e6...)
[Prune] Removed 2 stale IDs (frame 6900)
[Prune] Removed 3 stale IDs (frame 7000)
[Prune] Removed 4 stale IDs (frame 7100)
[Prune] Removed 1 stale IDs (frame 7300)
[Prune] Removed 5 stale IDs (frame 7400)
[Prune] Removed 1 stale IDs (frame 7600)
[Evidence] Saved evidence/1776345054_270s.jpg (189720 bytes, sha256:206680554b141...)
[Prune] Removed 4 stale IDs (frame 7700)
[Prune] Removed 4 stale IDs (frame 7800)
[Prune] Removed 4 stale IDs (frame 7900)
[Prune] Removed 8 stale IDs (frame 8000)
[Prune] Removed 8 stale IDs (frame 8100)
[Prune] Removed 17 stale IDs (frame 8200)
[Prune] Removed 20 stale IDs (frame 8300)
[Prune] Removed 23 stale IDs (frame 8400)
[Prune] Removed 15 stale IDs (frame 8500)
[Evidence] Saved evidence/1776345054_final.jpg (193898 bytes, sha256:ca3f6f0aff406...)
[Evidence] Saved evidence/1776345054_final.jpg (193848 bytes, sha256:6df85a73494ba...)
[STATE] idle — round 7 complete: 17 vehicles
[Prune] Removed 24 stale IDs (frame 8600)
[Prune] Removed 4 stale IDs (frame 8700)
[Prune] Removed 12 stale IDs (frame 8800)
[Prune] Removed 23 stale IDs (frame 8900)
[Prune] Removed 28 stale IDs (frame 9000)
[Prune] Removed 22 stale IDs (frame 9100)
[WS] Client connected (1 total)
[WS] Client connected (2 total)
[WS] Client disconnected (2 total)
connection handler failed
Traceback (most recent call last):
  File "/home/lumen/miniconda3/lib/python3.13/asyncio/selector_events.py", line 1005, in _read_ready__data_received
    data = self._sock.recv(self.max_size)
ConnectionResetError: [Errno 104] Connection reset by peer

The above exception was the direct cause of the following exception:

Traceback (most recent call last):
  File "/home/lumen/miniconda3/lib/python3.13/site-packages/websockets/asyncio/server.py", line 376, in conn_handler
    await self.handler(connection)
  File "/home/lumen/.gemini/antigravity/scratch/rush/oracle/stream_server.py", line 1261, in handler
    async for msg in ws:
    ...<37 lines>...
            pass
  File "/home/lumen/miniconda3/lib/python3.13/site-packages/websockets/asyncio/connection.py", line 242, in __aiter__
    yield await self.recv()
          ^^^^^^^^^^^^^^^^^
  File "/home/lumen/miniconda3/lib/python3.13/site-packages/websockets/asyncio/connection.py", line 322, in recv
    raise self.protocol.close_exc from self.recv_exc
websockets.exceptions.ConnectionClosedError: no close frame received or sent
[WS] Client disconnected (2 total)
connection handler failed
Traceback (most recent call last):
  File "/home/lumen/miniconda3/lib/python3.13/asyncio/selector_events.py", line 1005, in _read_ready__data_received
    data = self._sock.recv(self.max_size)
ConnectionResetError: [Errno 104] Connection reset by peer

The above exception was the direct cause of the following exception:

Traceback (most recent call last):
  File "/home/lumen/miniconda3/lib/python3.13/site-packages/websockets/asyncio/server.py", line 376, in conn_handler
    await self.handler(connection)
  File "/home/lumen/.gemini/antigravity/scratch/rush/oracle/stream_server.py", line 1261, in handler
    async for msg in ws:
    ...<37 lines>...
            pass
  File "/home/lumen/miniconda3/lib/python3.13/site-packages/websockets/asyncio/connection.py", line 242, in __aiter__
    yield await self.recv()
          ^^^^^^^^^^^^^^^^^
  File "/home/lumen/miniconda3/lib/python3.13/site-packages/websockets/asyncio/connection.py", line 322, in recv
    raise self.protocol.close_exc from self.recv_exc
websockets.exceptions.ConnectionClosedError: no close frame received or sent
[Prune] Removed 28 stale IDs (frame 9200)
[Prune] Removed 49 stale IDs (frame 9300)
[2026-04-16 10:16:24] No round_complete via WS — reading result.json fallback
[2026-04-16 10:16:24] Count complete: 17 vehicles (in=0 out=17)
[Prune] Removed 38 stale IDs (frame 9400)
[2026-04-16 10:16:26] No bets placed — cancelling market
[2026-04-16 10:16:27] Market cancelled: 0xF1F046390d3Ce44Fa650Bd6fe8D7ba5867630cA1 (tx: f95e29050f323f8e5e90555a668a73d2c555d27ac8489f48828349bf22f9fe21)
[2026-04-16 10:16:27] Ably publish OK: market_cancelled
[Prune] Removed 11 stale IDs (frame 9500)
[2026-04-16 10:16:30] Refunds distributed: 0xF1F046390d3Ce44Fa650Bd6fe8D7ba5867630cA1 (tx: 1ea09a2715265530ce494161c309d50e6eceb479e135dd823c68c9a3068db306)
[2026-04-16 10:16:30] Ledger POST OK: {"ok":true}
[2026-04-16 10:16:30] New threshold: 20 (avg of [24, 17])
[2026-04-16 10:16:30] Waiting 15s before Round #8...
[Prune] Removed 9 stale IDs (frame 9600)
[Prune] Removed 5 stale IDs (frame 9700)
[Prune] Removed 6 stale IDs (frame 9800)
[Prune] Removed 4 stale IDs (frame 9900)
[2026-04-16 10:16:45] Round #8 | Levi Ski Resort — Finland | threshold=20
[Prune] Removed 4 stale IDs (frame 10000)
[2026-04-16 10:16:49] createMarket tx sent: 16e926d84963b4d7c54722e15658416d285578ac23da0da0a575777e0e611456
[2026-04-16 10:16:49] Market created: 0xe7E40eC282b575132D67c3F8840cCDaf4f67988A (tx: 16e926d84963b4d7c54722e15658416d285578ac23da0da0a575777e0e611456)
[2026-04-16 10:16:50] Ably publish OK: market_created
[2026-04-16 10:16:50] Counting vehicles for 150s...
[STATE] betting — market=0xe7E40eC2... bet=150s count=150s round=8
[LineZone] (295,570) -> (1276,335)
[Counter] Line: (579, 10) -> (701, 710)
[2026-04-16 10:16:50] [StreamClient] Round 8 started on stream_server
[WS] Client connected (3 total)
[Prune] Removed 2 stale IDs (frame 200)
[WS] Client disconnected (2 total)
connection handler failed
Traceback (most recent call last):
  File "/home/lumen/miniconda3/lib/python3.13/asyncio/selector_events.py", line 1005, in _read_ready__data_received
    data = self._sock.recv(self.max_size)
ConnectionResetError: [Errno 104] Connection reset by peer

The above exception was the direct cause of the following exception:

Traceback (most recent call last):
  File "/home/lumen/miniconda3/lib/python3.13/site-packages/websockets/asyncio/server.py", line 376, in conn_handler
    await self.handler(connection)
  File "/home/lumen/.gemini/antigravity/scratch/rush/oracle/stream_server.py", line 1261, in handler
    async for msg in ws:
    ...<37 lines>...
            pass
  File "/home/lumen/miniconda3/lib/python3.13/site-packages/websockets/asyncio/connection.py", line 242, in __aiter__
    yield await self.recv()
          ^^^^^^^^^^^^^^^^^
  File "/home/lumen/miniconda3/lib/python3.13/site-packages/websockets/asyncio/connection.py", line 322, in recv
    raise self.protocol.close_exc from self.recv_exc
websockets.exceptions.ConnectionClosedError: no close frame received or sent
[Prune] Removed 6 stale IDs (frame 300)
[Prune] Removed 6 stale IDs (frame 400)
[Prune] Removed 22 stale IDs (frame 500)
[Prune] Removed 18 stale IDs (frame 600)
[Prune] Removed 1 stale IDs (frame 700)
[Prune] Removed 1 stale IDs (frame 800)
[Evidence] Saved evidence/1776345410_30s.jpg (170439 bytes, sha256:d5a878541f1f6...)
[Prune] Removed 1 stale IDs (frame 1000)
[Prune] Removed 2 stale IDs (frame 1100)
[Prune] Removed 5 stale IDs (frame 1200)
[Prune] Removed 3 stale IDs (frame 1300)
[Prune] Removed 6 stale IDs (frame 1400)
[Prune] Removed 6 stale IDs (frame 1500)
[Prune] Removed 2 stale IDs (frame 1600)
[Prune] Removed 6 stale IDs (frame 1700)
[Evidence] Saved evidence/1776345410_60s.jpg (178943 bytes, sha256:3d1bf9a48182d...)
[Prune] Removed 9 stale IDs (frame 1800)
[Prune] Removed 13 stale IDs (frame 1900)
[Prune] Removed 8 stale IDs (frame 2000)
[Prune] Removed 5 stale IDs (frame 2100)
[Prune] Removed 5 stale IDs (frame 2200)
[Prune] Removed 2 stale IDs (frame 2300)
[Prune] Removed 4 stale IDs (frame 2400)
[Prune] Removed 4 stale IDs (frame 2500)
[Evidence] Saved evidence/1776345410_90s.jpg (174548 bytes, sha256:a5e8e4029c29a...)
[Prune] Removed 1 stale IDs (frame 2600)
[Prune] Removed 3 stale IDs (frame 2700)
[Prune] Removed 3 stale IDs (frame 2800)
[Prune] Removed 2 stale IDs (frame 2900)
[Prune] Removed 3 stale IDs (frame 3000)
[Prune] Removed 3 stale IDs (frame 3100)
[Prune] Removed 4 stale IDs (frame 3200)
[Prune] Removed 2 stale IDs (frame 3300)
[WS] Client connected (3 total)
[Prune] Removed 2 stale IDs (frame 3400)
[Evidence] Saved evidence/1776345410_120s.jpg (167425 bytes, sha256:ebbce3828a4ef...)
[Prune] Removed 5 stale IDs (frame 3500)
[WS] Client disconnected (2 total)
connection handler failed
Traceback (most recent call last):
  File "/home/lumen/miniconda3/lib/python3.13/asyncio/selector_events.py", line 1067, in write
    n = self._sock.send(data)
BrokenPipeError: [Errno 32] Broken pipe

The above exception was the direct cause of the following exception:

Traceback (most recent call last):
  File "/home/lumen/miniconda3/lib/python3.13/site-packages/websockets/asyncio/server.py", line 376, in conn_handler
    await self.handler(connection)
  File "/home/lumen/.gemini/antigravity/scratch/rush/oracle/stream_server.py", line 1261, in handler
    async for msg in ws:
    ...<37 lines>...
            pass
  File "/home/lumen/miniconda3/lib/python3.13/site-packages/websockets/asyncio/connection.py", line 242, in __aiter__
    yield await self.recv()
          ^^^^^^^^^^^^^^^^^
  File "/home/lumen/miniconda3/lib/python3.13/site-packages/websockets/asyncio/connection.py", line 322, in recv
    raise self.protocol.close_exc from self.recv_exc
websockets.exceptions.ConnectionClosedError: no close frame received or sent
[Prune] Removed 2 stale IDs (frame 3600)
[Prune] Removed 3 stale IDs (frame 3700)
[Prune] Removed 4 stale IDs (frame 3800)
[Prune] Removed 2 stale IDs (frame 3900)
[Prune] Removed 4 stale IDs (frame 4000)
[Prune] Removed 1 stale IDs (frame 4100)
[Prune] Removed 2 stale IDs (frame 4200)
[STATE] counting — market=0xe7E40eC2... duration=150s round=8
[Evidence] Saved evidence/1776345410_150s.jpg (163011 bytes, sha256:728c561ddf5d1...)
[Prune] Removed 3 stale IDs (frame 4300)
[Prune] Removed 1 stale IDs (frame 4400)
[Prune] Removed 1 stale IDs (frame 4500)
[Prune] Removed 1 stale IDs (frame 4600)
[Prune] Removed 1 stale IDs (frame 4700)
[Prune] Removed 1 stale IDs (frame 5000)
[Prune] Removed 5 stale IDs (frame 5100)
[Evidence] Saved evidence/1776345410_180s.jpg (163292 bytes, sha256:2545029773995...)
[Prune] Removed 1 stale IDs (frame 5200)
[Prune] Removed 1 stale IDs (frame 5300)
[Prune] Removed 3 stale IDs (frame 5500)
[Prune] Removed 1 stale IDs (frame 5600)
[Prune] Removed 1 stale IDs (frame 5700)
[Prune] Removed 3 stale IDs (frame 5800)
[Prune] Removed 3 stale IDs (frame 5900)
[Prune] Removed 2 stale IDs (frame 6000)
[Evidence] Saved evidence/1776345410_210s.jpg (164953 bytes, sha256:5086665e63497...)
[Prune] Removed 4 stale IDs (frame 6100)
[Prune] Removed 5 stale IDs (frame 6300)
[Prune] Removed 5 stale IDs (frame 6400)
[Prune] Removed 4 stale IDs (frame 6500)
[Prune] Removed 5 stale IDs (frame 6600)
[Prune] Removed 4 stale IDs (frame 6700)
[Prune] Removed 4 stale IDs (frame 6800)
[Evidence] Saved evidence/1776345410_240s.jpg (164698 bytes, sha256:18fdfeb9ac669...)
[Prune] Removed 5 stale IDs (frame 6900)
[Prune] Removed 1 stale IDs (frame 7100)
[Prune] Removed 5 stale IDs (frame 7200)
[Prune] Removed 3 stale IDs (frame 7400)
[Prune] Removed 2 stale IDs (frame 7500)
[Prune] Removed 11 stale IDs (frame 7600)
[Prune] Removed 14 stale IDs (frame 7700)
[Evidence] Saved evidence/1776345410_270s.jpg (163928 bytes, sha256:4561e1c48e8ab...)
[Prune] Removed 17 stale IDs (frame 7800)
[Prune] Removed 11 stale IDs (frame 7900)
[Prune] Removed 13 stale IDs (frame 8000)
[Prune] Removed 20 stale IDs (frame 8100)
[Prune] Removed 16 stale IDs (frame 8200)
[Prune] Removed 17 stale IDs (frame 8300)
[Prune] Removed 10 stale IDs (frame 8400)
[Prune] Removed 10 stale IDs (frame 8500)
[Evidence] Saved evidence/1776345410_final.jpg (163934 bytes, sha256:9ff87c92230af...)
[Evidence] Saved evidence/1776345410_final.jpg (163939 bytes, sha256:9da4f87a198ef...)
[Evidence] Saved evidence/1776345410_final.jpg (163823 bytes, sha256:3ebef6c347513...)
[STATE] idle — round 8 complete: 16 vehicles
[Prune] Removed 9 stale IDs (frame 8600)
[Prune] Removed 11 stale IDs (frame 8700)
[Prune] Removed 6 stale IDs (frame 8800)
[Prune] Removed 8 stale IDs (frame 8900)
[Prune] Removed 9 stale IDs (frame 9000)
[Prune] Removed 3 stale IDs (frame 9100)
[Prune] Removed 5 stale IDs (frame 9200)
[Prune] Removed 10 stale IDs (frame 9300)
[Prune] Removed 5 stale IDs (frame 9400)
[2026-04-16 10:22:20] No round_complete via WS — reading result.json fallback
[2026-04-16 10:22:20] Count complete: 16 vehicles (in=1 out=15)
[2026-04-16 10:22:21] No bets placed — cancelling market
[Prune] Removed 3 stale IDs (frame 9500)
[2026-04-16 10:22:24] Market cancelled: 0xe7E40eC282b575132D67c3F8840cCDaf4f67988A (tx: 21e07b9ef78b3978c501c3da004c0db421faeecb731a8c0c2c72c20485c12fe2)
[2026-04-16 10:22:25] Ably publish OK: market_cancelled
[2026-04-16 10:22:25] Refunds distributed: 0xe7E40eC282b575132D67c3F8840cCDaf4f67988A (tx: 7ae233cb5c67989bde52fc6ee8b01871c630fb79663b549a7ba96db11ad73a8b)
[2026-04-16 10:22:26] Ledger POST OK: {"ok":true}
[2026-04-16 10:22:26] New threshold: 16 (avg of [17, 16])
[2026-04-16 10:22:26] Waiting 15s before Round #9...
[Prune] Removed 1 stale IDs (frame 9600)
[Prune] Removed 2 stale IDs (frame 9700)
[Prune] Removed 1 stale IDs (frame 9800)
[Prune] Removed 3 stale IDs (frame 9900)
[Prune] Removed 6 stale IDs (frame 10000)
[2026-04-16 10:22:41] Round #9 | Levi Ski Resort — Finland | threshold=16
[Prune] Removed 2 stale IDs (frame 10100)
[2026-04-16 10:22:44] createMarket tx sent: 963fb5f5ab5dbd803a3829a1e3e0a84bd26bb3963bdd33b89ee40429e64f1f1d
[2026-04-16 10:22:46] Market created: 0xd8e1A0FA72A2676B0145da5a2C154c5683041444 (tx: 963fb5f5ab5dbd803a3829a1e3e0a84bd26bb3963bdd33b89ee40429e64f1f1d)
[2026-04-16 10:22:47] Ably publish OK: market_created
[2026-04-16 10:22:47] Counting vehicles for 150s...
[STATE] betting — market=0xd8e1A0FA... bet=150s count=150s round=9
[LineZone] (295,570) -> (1276,335)
[Counter] Line: (579, 10) -> (701, 710)
[2026-04-16 10:22:47] [StreamClient] Round 9 started on stream_server
[Prune] Removed 2 stale IDs (frame 200)
[Prune] Removed 3 stale IDs (frame 300)
[Prune] Removed 7 stale IDs (frame 400)
[Prune] Removed 1 stale IDs (frame 500)
[Prune] Removed 1 stale IDs (frame 600)
[Evidence] Saved evidence/1776345767_30s.jpg (157653 bytes, sha256:cf1b34431ec14...)
[Prune] Removed 1 stale IDs (frame 1000)
[Prune] Removed 3 stale IDs (frame 1100)
[Prune] Removed 1 stale IDs (frame 1200)
[Prune] Removed 3 stale IDs (frame 1500)
[Prune] Removed 9 stale IDs (frame 1600)
[Prune] Removed 11 stale IDs (frame 1700)
[Evidence] Saved evidence/1776345767_60s.jpg (156521 bytes, sha256:142d823ff27a4...)
[Prune] Removed 16 stale IDs (frame 1800)
[Prune] Removed 9 stale IDs (frame 1900)
[Prune] Removed 3 stale IDs (frame 2000)
[Prune] Removed 2 stale IDs (frame 2100)
[Prune] Removed 8 stale IDs (frame 2200)
[Prune] Removed 11 stale IDs (frame 2300)
[Prune] Removed 11 stale IDs (frame 2400)
[Prune] Removed 15 stale IDs (frame 2500)
[Evidence] Saved evidence/1776345767_90s.jpg (158512 bytes, sha256:28891a3a0d09b...)
[Prune] Removed 14 stale IDs (frame 2600)
[Prune] Removed 23 stale IDs (frame 2700)
[Prune] Removed 30 stale IDs (frame 2800)
[Prune] Removed 28 stale IDs (frame 2900)
[Prune] Removed 24 stale IDs (frame 3000)
[Prune] Removed 35 stale IDs (frame 3100)
[Prune] Removed 20 stale IDs (frame 3200)
[Prune] Removed 17 stale IDs (frame 3300)
[Prune] Removed 19 stale IDs (frame 3400)
[Evidence] Saved evidence/1776345767_120s.jpg (156282 bytes, sha256:667ad03e5f4ed...)
[Prune] Removed 25 stale IDs (frame 3500)
[Prune] Removed 14 stale IDs (frame 3600)
[Prune] Removed 17 stale IDs (frame 3700)
[Prune] Removed 23 stale IDs (frame 3800)
[Prune] Removed 13 stale IDs (frame 3900)
[Prune] Removed 13 stale IDs (frame 4000)
[Prune] Removed 12 stale IDs (frame 4100)
[Prune] Removed 12 stale IDs (frame 4200)
[STATE] counting — market=0xd8e1A0FA... duration=150s round=9
[Evidence] Saved evidence/1776345767_150s.jpg (160378 bytes, sha256:660e9b2ce7240...)
[Prune] Removed 12 stale IDs (frame 4300)
[Prune] Removed 11 stale IDs (frame 4400)
[Prune] Removed 13 stale IDs (frame 4500)
[Prune] Removed 17 stale IDs (frame 4600)
[Prune] Removed 11 stale IDs (frame 4700)
[Prune] Removed 19 stale IDs (frame 4800)
[Prune] Removed 14 stale IDs (frame 4900)
[Prune] Removed 7 stale IDs (frame 5000)
[Prune] Removed 8 stale IDs (frame 5100)
[Evidence] Saved evidence/1776345767_180s.jpg (162732 bytes, sha256:35a3e55bc6909...)
[Prune] Removed 2 stale IDs (frame 5200)
[Prune] Removed 8 stale IDs (frame 5300)
[Prune] Removed 6 stale IDs (frame 5400)
[Prune] Removed 15 stale IDs (frame 5500)
[Prune] Removed 18 stale IDs (frame 5600)
[Prune] Removed 8 stale IDs (frame 5700)
[Prune] Removed 5 stale IDs (frame 5800)
[Prune] Removed 7 stale IDs (frame 5900)
[Evidence] Saved evidence/1776345767_210s.jpg (159428 bytes, sha256:5fd404c7cb8db...)
[Prune] Removed 5 stale IDs (frame 6000)
[Prune] Removed 8 stale IDs (frame 6100)
[Prune] Removed 14 stale IDs (frame 6200)
[Prune] Removed 13 stale IDs (frame 6300)
[Prune] Removed 8 stale IDs (frame 6400)
[Prune] Removed 19 stale IDs (frame 6500)
[Prune] Removed 13 stale IDs (frame 6600)
[Prune] Removed 10 stale IDs (frame 6700)
[Prune] Removed 11 stale IDs (frame 6800)
[Evidence] Saved evidence/1776345767_240s.jpg (161846 bytes, sha256:7f46a6db2be4f...)
[Prune] Removed 19 stale IDs (frame 6900)
[Prune] Removed 8 stale IDs (frame 7000)
[Prune] Removed 9 stale IDs (frame 7100)
[Prune] Removed 3 stale IDs (frame 7200)
[Prune] Removed 7 stale IDs (frame 7300)
[Prune] Removed 7 stale IDs (frame 7400)
[Prune] Removed 5 stale IDs (frame 7500)
[Prune] Removed 11 stale IDs (frame 7600)
[Evidence] Saved evidence/1776345767_270s.jpg (164575 bytes, sha256:935ad59c5e5d0...)
[Prune] Removed 8 stale IDs (frame 7700)
[Prune] Removed 8 stale IDs (frame 7800)
[Prune] Removed 6 stale IDs (frame 7900)
[Prune] Removed 2 stale IDs (frame 8000)
[Prune] Removed 4 stale IDs (frame 8100)
[Prune] Removed 4 stale IDs (frame 8200)
[Prune] Removed 4 stale IDs (frame 8300)
[Prune] Removed 3 stale IDs (frame 8400)
[Prune] Removed 3 stale IDs (frame 8500)
[Evidence] Saved evidence/1776345767_final.jpg (161096 bytes, sha256:6c70662b8290c...)
[Evidence] Saved evidence/1776345767_final.jpg (161021 bytes, sha256:cc951b7b1a906...)
[Evidence] Saved evidence/1776345767_final.jpg (161017 bytes, sha256:eeef1beac8498...)
[Evidence] Saved evidence/1776345767_final.jpg (161092 bytes, sha256:c5db57061a6a1...)
[STATE] idle — round 9 complete: 57 vehicles
[Prune] Removed 1 stale IDs (frame 8600)
[Prune] Removed 1 stale IDs (frame 8700)
[Prune] Removed 2 stale IDs (frame 8800)
[Prune] Removed 7 stale IDs (frame 8900)
[Prune] Removed 7 stale IDs (frame 9000)
[2026-04-16 10:28:17] No round_complete via WS — reading result.json fallback
[2026-04-16 10:28:17] Count complete: 57 vehicles (in=2 out=55)
[2026-04-16 10:28:19] No bets placed — cancelling market
[2026-04-16 10:28:19] Market cancelled: 0xd8e1A0FA72A2676B0145da5a2C154c5683041444 (tx: f50a60c41ecef84956099e98551345248ef9b4a1dc57087bebf52683d707cc43)
[2026-04-16 10:28:20] Ably publish OK: market_cancelled
[Prune] Removed 1 stale IDs (frame 9500)
[2026-04-16 10:28:22] Refunds distributed: 0xd8e1A0FA72A2676B0145da5a2C154c5683041444 (tx: a09d57a8015ca594fe58567bbc635e43aa5215c68871c3d21713a22586201da9)
[2026-04-16 10:28:23] Ledger POST OK: {"ok":true}
[2026-04-16 10:28:23] New threshold: 36 (avg of [16, 57])
[2026-04-16 10:28:23] Waiting 15s before Round #10...
[Prune] Removed 2 stale IDs (frame 9600)
[Prune] Removed 3 stale IDs (frame 9700)
[Prune] Removed 1 stale IDs (frame 9800)
[Prune] Removed 3 stale IDs (frame 9900)
[2026-04-16 10:28:38] Round #10 | Levi Ski Resort — Finland | threshold=36
[2026-04-16 10:28:39] createMarket tx sent: c84d7d8b50552c69969cf45ede9fabaa495082d0ec95a8279eb8def6c8c80805
[2026-04-16 10:28:39] Market created: 0x24a6bE6C91a2219C3b86190F0Dfaf0309992fdCA (tx: c84d7d8b50552c69969cf45ede9fabaa495082d0ec95a8279eb8def6c8c80805)
[2026-04-16 10:28:40] Ably publish OK: market_created
[2026-04-16 10:28:40] Counting vehicles for 150s...
[STATE] betting — market=0x24a6bE6C... bet=150s count=150s round=10
[LineZone] (295,570) -> (1276,335)
[Counter] Line: (579, 10) -> (701, 710)
[2026-04-16 10:28:40] [StreamClient] Round 10 started on stream_server
[Prune] Removed 1 stale IDs (frame 100)
[Prune] Removed 1 stale IDs (frame 200)
[Prune] Removed 2 stale IDs (frame 300)
[Prune] Removed 6 stale IDs (frame 400)
[Prune] Removed 1 stale IDs (frame 500)
[Prune] Removed 1 stale IDs (frame 600)
[Prune] Removed 4 stale IDs (frame 700)
[Prune] Removed 9 stale IDs (frame 800)
[Evidence] Saved evidence/1776346120_30s.jpg (162944 bytes, sha256:b9bb314811bd9...)
[Prune] Removed 6 stale IDs (frame 900)
[Prune] Removed 5 stale IDs (frame 1000)
[Prune] Removed 6 stale IDs (frame 1100)
[Prune] Removed 2 stale IDs (frame 1200)
[Prune] Removed 3 stale IDs (frame 1300)
[Prune] Removed 1 stale IDs (frame 1400)
[Prune] Removed 3 stale IDs (frame 1500)
[Prune] Removed 1 stale IDs (frame 1600)
[Prune] Removed 2 stale IDs (frame 1700)
[Evidence] Saved evidence/1776346120_60s.jpg (162887 bytes, sha256:a32dcf6cff5ca...)
[Prune] Removed 6 stale IDs (frame 1800)
[Prune] Removed 12 stale IDs (frame 1900)
[Prune] Removed 9 stale IDs (frame 2000)
[Prune] Removed 8 stale IDs (frame 2100)
[Prune] Removed 8 stale IDs (frame 2200)
[Prune] Removed 4 stale IDs (frame 2300)
[Prune] Removed 3 stale IDs (frame 2400)
[Prune] Removed 7 stale IDs (frame 2500)
[Evidence] Saved evidence/1776346120_90s.jpg (163740 bytes, sha256:dd84ba37a5b78...)
[Prune] Removed 4 stale IDs (frame 2600)
[Prune] Removed 1 stale IDs (frame 2700)
[Prune] Removed 1 stale IDs (frame 2800)
[Prune] Removed 4 stale IDs (frame 2900)
[Prune] Removed 11 stale IDs (frame 3000)
[Prune] Removed 5 stale IDs (frame 3100)
[Prune] Removed 6 stale IDs (frame 3200)
[Prune] Removed 10 stale IDs (frame 3300)
[Evidence] Saved evidence/1776346120_120s.jpg (164834 bytes, sha256:f9e868282d258...)
[Prune] Removed 10 stale IDs (frame 3400)
[Prune] Removed 9 stale IDs (frame 3500)
[Prune] Removed 7 stale IDs (frame 3600)
[Prune] Removed 2 stale IDs (frame 3700)
[Prune] Removed 1 stale IDs (frame 3900)
[Prune] Removed 2 stale IDs (frame 4100)
[STATE] counting — market=0x24a6bE6C... duration=150s round=10
[Evidence] Saved evidence/1776346120_150s.jpg (164390 bytes, sha256:a72b4c258202d...)
[Prune] Removed 4 stale IDs (frame 4200)
[Prune] Removed 8 stale IDs (frame 4300)
[Prune] Removed 9 stale IDs (frame 4400)
[Prune] Removed 11 stale IDs (frame 4500)
[Prune] Removed 4 stale IDs (frame 4600)
[Prune] Removed 7 stale IDs (frame 4700)
[Prune] Removed 6 stale IDs (frame 4800)
[Prune] Removed 5 stale IDs (frame 4900)
[Prune] Removed 4 stale IDs (frame 5000)
[Evidence] Saved evidence/1776346120_180s.jpg (165569 bytes, sha256:6508fce82f703...)
[Prune] Removed 8 stale IDs (frame 5100)
[Prune] Removed 7 stale IDs (frame 5200)
[Prune] Removed 4 stale IDs (frame 5300)
[Prune] Removed 3 stale IDs (frame 5400)
[Prune] Removed 2 stale IDs (frame 5500)
[Prune] Removed 9 stale IDs (frame 5600)
[Prune] Removed 8 stale IDs (frame 5700)
[Prune] Removed 7 stale IDs (frame 5800)
[Evidence] Saved evidence/1776346120_210s.jpg (168575 bytes, sha256:32e2e1e1d86cd...)
[Prune] Removed 13 stale IDs (frame 5900)
[Prune] Removed 20 stale IDs (frame 6000)
[Prune] Removed 11 stale IDs (frame 6100)
[Prune] Removed 8 stale IDs (frame 6200)
[Prune] Removed 10 stale IDs (frame 6300)
[Prune] Removed 13 stale IDs (frame 6400)
[Prune] Removed 7 stale IDs (frame 6500)
[Prune] Removed 5 stale IDs (frame 6600)
[Evidence] Saved evidence/1776346120_240s.jpg (168996 bytes, sha256:1ae0d7fb8bfe4...)
[Prune] Removed 1 stale IDs (frame 6800)
[Prune] Removed 1 stale IDs (frame 6900)
[Prune] Removed 3 stale IDs (frame 7000)
[Prune] Removed 2 stale IDs (frame 7100)
[Prune] Removed 4 stale IDs (frame 7200)
[Prune] Removed 2 stale IDs (frame 7300)
[Prune] Removed 1 stale IDs (frame 7400)
[Evidence] Saved evidence/1776346120_270s.jpg (171004 bytes, sha256:68a7e666a12e0...)
[Prune] Removed 1 stale IDs (frame 7700)
[Prune] Removed 4 stale IDs (frame 7800)
[Prune] Removed 1 stale IDs (frame 8000)
[Prune] Removed 8 stale IDs (frame 8100)
[Prune] Removed 12 stale IDs (frame 8200)
[WS] Client connected (3 total)
[Prune] Removed 11 stale IDs (frame 8300)
[Prune] Removed 5 stale IDs (frame 8400)
[Evidence] Saved evidence/1776346120_final.jpg (171955 bytes, sha256:40228dc5b2ef8...)
[Evidence] Saved evidence/1776346120_final.jpg (171979 bytes, sha256:81876560f46f9...)
[Evidence] Saved evidence/1776346120_final.jpg (171886 bytes, sha256:0c2e921784799...)
[STATE] idle — round 10 complete: 19 vehicles
[Prune] Removed 4 stale IDs (frame 8500)
[Prune] Removed 10 stale IDs (frame 8600)
[Prune] Removed 10 stale IDs (frame 8700)
[Prune] Removed 5 stale IDs (frame 8800)
[WS] Client disconnected (2 total)
connection handler failed
Traceback (most recent call last):
  File "/home/lumen/miniconda3/lib/python3.13/asyncio/selector_events.py", line 1067, in write
    n = self._sock.send(data)
BrokenPipeError: [Errno 32] Broken pipe

The above exception was the direct cause of the following exception:

Traceback (most recent call last):
  File "/home/lumen/miniconda3/lib/python3.13/site-packages/websockets/asyncio/server.py", line 376, in conn_handler
    await self.handler(connection)
  File "/home/lumen/.gemini/antigravity/scratch/rush/oracle/stream_server.py", line 1261, in handler
    async for msg in ws:
    ...<37 lines>...
            pass
  File "/home/lumen/miniconda3/lib/python3.13/site-packages/websockets/asyncio/connection.py", line 242, in __aiter__
    yield await self.recv()
          ^^^^^^^^^^^^^^^^^
  File "/home/lumen/miniconda3/lib/python3.13/site-packages/websockets/asyncio/connection.py", line 322, in recv
    raise self.protocol.close_exc from self.recv_exc
websockets.exceptions.ConnectionClosedError: no close frame received or sent
[Prune] Removed 9 stale IDs (frame 8900)
[Prune] Removed 8 stale IDs (frame 9000)
[Prune] Removed 12 stale IDs (frame 9100)
[Prune] Removed 21 stale IDs (frame 9200)
[2026-04-16 10:34:10] No round_complete via WS — reading result.json fallback
[2026-04-16 10:34:10] Count complete: 19 vehicles (in=0 out=19)
[Prune] Removed 18 stale IDs (frame 9300)
[2026-04-16 10:34:12] No bets placed — cancelling market
[Prune] Removed 14 stale IDs (frame 9400)
[2026-04-16 10:34:15] Market cancelled: 0x24a6bE6C91a2219C3b86190F0Dfaf0309992fdCA (tx: 98ccdbf778b44fe4d1970e57f6438f6bd99f3d43837ab456802664571310b7f3)
[2026-04-16 10:34:15] Ably publish OK: market_cancelled
[2026-04-16 10:34:16] Refunds distributed: 0x24a6bE6C91a2219C3b86190F0Dfaf0309992fdCA (tx: 1b713ad4cffb8bc29972808213f9ba583507b655358ef4e8173acd5e063c4886)
[2026-04-16 10:34:16] Ledger POST OK: {"ok":true}
[2026-04-16 10:34:16] New threshold: 38 (avg of [57, 19])
[2026-04-16 10:34:16] Waiting 15s before Round #11...
[Prune] Removed 19 stale IDs (frame 9500)
[Prune] Removed 9 stale IDs (frame 9600)
[Prune] Removed 6 stale IDs (frame 9700)
[Prune] Removed 2 stale IDs (frame 9800)
[2026-04-16 10:34:31] Round #11 | Levi Ski Resort — Finland | threshold=38
[Prune] Removed 6 stale IDs (frame 9900)
[2026-04-16 10:34:32] createMarket tx sent: 5cba12f4f617346ebe4e4a2a8f278fd950f0895a6483bad9b15ce31d106519c3
[2026-04-16 10:34:35] Market created: 0x115084dC213737f18657B1A11e67113d184cb335 (tx: 5cba12f4f617346ebe4e4a2a8f278fd950f0895a6483bad9b15ce31d106519c3)
[2026-04-16 10:34:35] Ably publish OK: market_created
[2026-04-16 10:34:35] Counting vehicles for 150s...
[STATE] betting — market=0x115084dC... bet=150s count=150s round=11
[LineZone] (295,570) -> (1276,335)
[Counter] Line: (579, 10) -> (701, 710)
[2026-04-16 10:34:35] [StreamClient] Round 11 started on stream_server
[Prune] Removed 2 stale IDs (frame 100)
[Prune] Removed 7 stale IDs (frame 200)
[Prune] Removed 1 stale IDs (frame 300)
[Prune] Removed 1 stale IDs (frame 400)
[Prune] Removed 1 stale IDs (frame 500)
[Evidence] Saved evidence/1776346475_30s.jpg (173168 bytes, sha256:6190e4f5076e1...)
[Prune] Removed 1 stale IDs (frame 900)
[Prune] Removed 5 stale IDs (frame 1000)
[Prune] Removed 9 stale IDs (frame 1100)
[Prune] Removed 3 stale IDs (frame 1200)
[Prune] Removed 7 stale IDs (frame 1300)
[Prune] Removed 7 stale IDs (frame 1400)
[Prune] Removed 2 stale IDs (frame 1500)
[Prune] Removed 7 stale IDs (frame 1600)
[Prune] Removed 4 stale IDs (frame 1700)
[Evidence] Saved evidence/1776346475_60s.jpg (172538 bytes, sha256:2bd2f11547479...)
[Prune] Removed 12 stale IDs (frame 1800)
[Prune] Removed 5 stale IDs (frame 1900)
[Prune] Removed 6 stale IDs (frame 2000)
[Prune] Removed 5 stale IDs (frame 2100)
[Prune] Removed 1 stale IDs (frame 2400)
[Prune] Removed 7 stale IDs (frame 2500)
[Evidence] Saved evidence/1776346475_90s.jpg (173472 bytes, sha256:923c6775cc7ce...)
[Prune] Removed 2 stale IDs (frame 2600)
[Prune] Removed 2 stale IDs (frame 3000)
[Prune] Removed 4 stale IDs (frame 3200)
[Prune] Removed 5 stale IDs (frame 3300)
[Prune] Removed 5 stale IDs (frame 3400)
[Evidence] Saved evidence/1776346475_120s.jpg (179238 bytes, sha256:52061970e2673...)
[Prune] Removed 3 stale IDs (frame 3500)
[Prune] Removed 1 stale IDs (frame 3600)
[Prune] Removed 2 stale IDs (frame 3700)
[Prune] Removed 1 stale IDs (frame 4200)
[STATE] counting — market=0x115084dC... duration=150s round=11
[Evidence] Saved evidence/1776346475_150s.jpg (182907 bytes, sha256:398e2ec32f5e6...)
[Prune] Removed 3 stale IDs (frame 4300)
[Prune] Removed 4 stale IDs (frame 4400)
[Prune] Removed 1 stale IDs (frame 4800)
[Prune] Removed 2 stale IDs (frame 4900)
[Prune] Removed 1 stale IDs (frame 5100)
[Evidence] Saved evidence/1776346475_180s.jpg (185287 bytes, sha256:7b59d12f1b9ff...)
[Prune] Removed 1 stale IDs (frame 5200)
[Prune] Removed 1 stale IDs (frame 5500)
[Prune] Removed 4 stale IDs (frame 5600)
[Prune] Removed 1 stale IDs (frame 5700)
[Prune] Removed 4 stale IDs (frame 5800)
[Prune] Removed 4 stale IDs (frame 5900)
[Evidence] Saved evidence/1776346475_210s.jpg (185570 bytes, sha256:95e2563efefa7...)
[Prune] Removed 5 stale IDs (frame 6000)
[Prune] Removed 2 stale IDs (frame 6100)
[Prune] Removed 1 stale IDs (frame 6200)
[Prune] Removed 5 stale IDs (frame 6300)
[Prune] Removed 2 stale IDs (frame 6400)
[Prune] Removed 2 stale IDs (frame 6500)
[Prune] Removed 2 stale IDs (frame 6600)
[Evidence] Saved evidence/1776346475_240s.jpg (182952 bytes, sha256:0bc6a913bfa21...)
[Prune] Removed 2 stale IDs (frame 6800)
[Prune] Removed 1 stale IDs (frame 6900)
[Prune] Removed 1 stale IDs (frame 7000)
[Prune] Removed 1 stale IDs (frame 7100)
[Prune] Removed 3 stale IDs (frame 7200)
[Prune] Removed 4 stale IDs (frame 7300)
[Prune] Removed 5 stale IDs (frame 7400)
[Prune] Removed 11 stale IDs (frame 7500)
[Prune] Removed 10 stale IDs (frame 7600)
[Evidence] Saved evidence/1776346475_270s.jpg (177677 bytes, sha256:ad4bcfe53e213...)
[Prune] Removed 9 stale IDs (frame 7700)
[Prune] Removed 2 stale IDs (frame 7800)
[Prune] Removed 5 stale IDs (frame 7900)
[Prune] Removed 3 stale IDs (frame 8000)
[Prune] Removed 5 stale IDs (frame 8100)
[Prune] Removed 9 stale IDs (frame 8200)
[Prune] Removed 14 stale IDs (frame 8300)
[Prune] Removed 10 stale IDs (frame 8400)
[Evidence] Saved evidence/1776346475_final.jpg (173750 bytes, sha256:adeda888e0724...)
[Evidence] Saved evidence/1776346475_final.jpg (173697 bytes, sha256:d595a2e562e46...)
[Evidence] Saved evidence/1776346475_final.jpg (173783 bytes, sha256:c35db15badc89...)
[Evidence] Saved evidence/1776346475_final.jpg (173736 bytes, sha256:33eeaa7297d13...)
[STATE] idle — round 11 complete: 18 vehicles
[Prune] Removed 17 stale IDs (frame 8500)
[Prune] Removed 11 stale IDs (frame 8600)
[Prune] Removed 4 stale IDs (frame 8700)
[Prune] Removed 6 stale IDs (frame 8800)
[Prune] Removed 11 stale IDs (frame 8900)
[Prune] Removed 10 stale IDs (frame 9000)
[Prune] Removed 24 stale IDs (frame 9100)
[Prune] Removed 15 stale IDs (frame 9200)
[Prune] Removed 21 stale IDs (frame 9300)
[2026-04-16 10:40:05] No round_complete via WS — reading result.json fallback
[2026-04-16 10:40:05] Count complete: 18 vehicles (in=0 out=18)
[2026-04-16 10:40:07] No bets placed — cancelling market
[Prune] Removed 12 stale IDs (frame 9400)
[2026-04-16 10:40:08] Market cancelled: 0x115084dC213737f18657B1A11e67113d184cb335 (tx: 081355b476e32877d23a7b1a8009b6b05702d27349c42d2240176d321d54cd97)
[2026-04-16 10:40:08] Ably publish OK: market_cancelled
[2026-04-16 10:40:09] Refunds distributed: 0x115084dC213737f18657B1A11e67113d184cb335 (tx: db6b4c3afc84cf9540765a11e1a949c5f53eed11f4042f0b5fe0b37203b27901)
[2026-04-16 10:40:09] Ledger POST OK: {"ok":true}
[2026-04-16 10:40:09] New threshold: 18 (avg of [19, 18])
[2026-04-16 10:40:09] Waiting 15s before Round #12...
[Prune] Removed 21 stale IDs (frame 9500)
[Prune] Removed 14 stale IDs (frame 9600)
[Prune] Removed 11 stale IDs (frame 9700)
[Prune] Removed 13 stale IDs (frame 9800)
[2026-04-16 10:40:24] Round #12 | Levi Ski Resort — Finland | threshold=18
[Prune] Removed 15 stale IDs (frame 9900)
[2026-04-16 10:40:26] createMarket tx sent: 75a54fa3d1d6bbaa17a2562bb14f47c66c67ef4d96006f32e68cb7fd8ca7977e
[2026-04-16 10:40:26] Market created: 0xc5542F573f817c8E219C08B24A79A31F6dA93f75 (tx: 75a54fa3d1d6bbaa17a2562bb14f47c66c67ef4d96006f32e68cb7fd8ca7977e)
[2026-04-16 10:40:27] Ably publish OK: market_created
[2026-04-16 10:40:27] Counting vehicles for 150s...
[STATE] betting — market=0xc5542F57... bet=150s count=150s round=12
[LineZone] (295,570) -> (1276,335)
[Counter] Line: (579, 10) -> (701, 710)
[2026-04-16 10:40:27] [StreamClient] Round 12 started on stream_server
[Prune] Removed 2 stale IDs (frame 200)
[Prune] Removed 3 stale IDs (frame 300)
[Prune] Removed 9 stale IDs (frame 400)
[Prune] Removed 6 stale IDs (frame 500)
[Prune] Removed 8 stale IDs (frame 600)
[Prune] Removed 7 stale IDs (frame 700)
[Prune] Removed 6 stale IDs (frame 800)
[Evidence] Saved evidence/1776346827_30s.jpg (140774 bytes, sha256:6d579be913e18...)
[Prune] Removed 4 stale IDs (frame 900)
[Prune] Removed 13 stale IDs (frame 1100)
[Prune] Removed 14 stale IDs (frame 1200)
[WS] Client connected (3 total)
[Prune] Removed 17 stale IDs (frame 1300)
[Prune] Removed 7 stale IDs (frame 1400)
[Prune] Removed 3 stale IDs (frame 1500)
[Evidence] Saved evidence/1776346827_60s.jpg (139144 bytes, sha256:25c22ba0a0e6c...)
[Prune] Removed 1 stale IDs (frame 1800)
[Prune] Removed 7 stale IDs (frame 1900)
[Prune] Removed 6 stale IDs (frame 2000)
[Prune] Removed 2 stale IDs (frame 2100)
[Prune] Removed 3 stale IDs (frame 2200)
[Evidence] Saved evidence/1776346827_90s.jpg (136659 bytes, sha256:3f5bf25993cde...)
[Prune] Removed 3 stale IDs (frame 2300)
[Prune] Removed 5 stale IDs (frame 2400)
[Prune] Removed 6 stale IDs (frame 2500)
[Prune] Removed 11 stale IDs (frame 2600)
[Prune] Removed 6 stale IDs (frame 2700)
[Evidence] Saved evidence/1776346827_120s.jpg (136743 bytes, sha256:79ac5a24d9c2b...)
[Prune] Removed 10 stale IDs (frame 2800)
[Prune] Removed 19 stale IDs (frame 2900)
[Prune] Removed 10 stale IDs (frame 3000)
[Prune] Removed 6 stale IDs (frame 3100)
[Prune] Removed 6 stale IDs (frame 3200)
[Prune] Removed 11 stale IDs (frame 3300)
[STATE] counting — market=0xc5542F57... duration=150s round=12
[Evidence] Saved evidence/1776346827_150s.jpg (135792 bytes, sha256:6a5f20da480b5...)
[Prune] Removed 15 stale IDs (frame 3400)
[Prune] Removed 7 stale IDs (frame 3500)
[Prune] Removed 4 stale IDs (frame 3600)
[Prune] Removed 8 stale IDs (frame 3700)
[Prune] Removed 1 stale IDs (frame 3800)
[Prune] Removed 4 stale IDs (frame 3900)
[Prune] Removed 5 stale IDs (frame 4000)
[Prune] Removed 5 stale IDs (frame 4100)
[Prune] Removed 10 stale IDs (frame 4200)
[Evidence] Saved evidence/1776346827_180s.jpg (133993 bytes, sha256:528a15883d09e...)
[Prune] Removed 7 stale IDs (frame 4300)
[Prune] Removed 11 stale IDs (frame 4400)
[Prune] Removed 2 stale IDs (frame 4500)
[Prune] Removed 9 stale IDs (frame 4600)
[Prune] Removed 13 stale IDs (frame 4700)
[Prune] Removed 9 stale IDs (frame 4800)
[Prune] Removed 11 stale IDs (frame 4900)
[Prune] Removed 7 stale IDs (frame 5000)
[Prune] Removed 6 stale IDs (frame 5100)
[Evidence] Saved evidence/1776346827_210s.jpg (128261 bytes, sha256:3b58124e19270...)
[Prune] Removed 4 stale IDs (frame 5200)
[Prune] Removed 6 stale IDs (frame 5300)
[Prune] Removed 1 stale IDs (frame 5400)
[Prune] Removed 1 stale IDs (frame 5500)
[Prune] Removed 2 stale IDs (frame 5600)
[Prune] Removed 1 stale IDs (frame 5700)
[Prune] Removed 1 stale IDs (frame 5800)
[Prune] Removed 2 stale IDs (frame 5900)
[WS] Client disconnected (2 total)
connection handler failed
Traceback (most recent call last):
  File "/home/lumen/miniconda3/lib/python3.13/site-packages/websockets/asyncio/server.py", line 376, in conn_handler
    await self.handler(connection)
  File "/home/lumen/.gemini/antigravity/scratch/rush/oracle/stream_server.py", line 1261, in handler
    async for msg in ws:
    ...<37 lines>...
            pass
  File "/home/lumen/miniconda3/lib/python3.13/site-packages/websockets/asyncio/connection.py", line 242, in __aiter__
    yield await self.recv()
          ^^^^^^^^^^^^^^^^^
  File "/home/lumen/miniconda3/lib/python3.13/site-packages/websockets/asyncio/connection.py", line 322, in recv
    raise self.protocol.close_exc from self.recv_exc
websockets.exceptions.ConnectionClosedError: no close frame received or sent
[Evidence] Saved evidence/1776346827_240s.jpg (134094 bytes, sha256:44305d76b3a67...)
[Prune] Removed 1 stale IDs (frame 6100)
[Prune] Removed 2 stale IDs (frame 6200)
[Prune] Removed 1 stale IDs (frame 6300)
[Prune] Removed 7 stale IDs (frame 6400)
[Prune] Removed 8 stale IDs (frame 6500)
[WS] Client connected (3 total)
[Prune] Removed 7 stale IDs (frame 6600)
[Prune] Removed 23 stale IDs (frame 6700)
[Evidence] Saved evidence/1776346827_270s.jpg (135457 bytes, sha256:3dfb1bff04b91...)
[Prune] Removed 12 stale IDs (frame 6800)
[Prune] Removed 20 stale IDs (frame 6900)
[Prune] Removed 3 stale IDs (frame 7000)
[Prune] Removed 13 stale IDs (frame 7100)
[Prune] Removed 3 stale IDs (frame 7200)
[Prune] Removed 10 stale IDs (frame 7300)
[Prune] Removed 11 stale IDs (frame 7400)
[Prune] Removed 7 stale IDs (frame 7500)
[Prune] Removed 6 stale IDs (frame 7600)
[Evidence] Saved evidence/1776346827_final.jpg (137508 bytes, sha256:04a0a2c5e04f0...)
[Evidence] Saved evidence/1776346827_final.jpg (137490 bytes, sha256:6fa951e882b0e...)
[Evidence] Saved evidence/1776346827_final.jpg (137401 bytes, sha256:8266949cf7898...)
[Evidence] Saved evidence/1776346827_final.jpg (137350 bytes, sha256:393c7c6a10105...)
[STATE] idle — round 12 complete: 25 vehicles
[Prune] Removed 5 stale IDs (frame 7700)
[Prune] Removed 15 stale IDs (frame 7800)
[Prune] Removed 14 stale IDs (frame 7900)
[Prune] Removed 9 stale IDs (frame 8000)
[Prune] Removed 7 stale IDs (frame 8100)
[Prune] Removed 3 stale IDs (frame 8200)
[Prune] Removed 5 stale IDs (frame 8300)
[Prune] Removed 8 stale IDs (frame 8400)
[2026-04-16 10:45:57] No round_complete via WS — reading result.json fallback
[2026-04-16 10:45:57] Count complete: 25 vehicles (in=0 out=25)
[Prune] Removed 12 stale IDs (frame 8500)
[2026-04-16 10:45:58] No bets placed — cancelling market
[Prune] Removed 18 stale IDs (frame 8600)
[2026-04-16 10:46:01] Market cancelled: 0xc5542F573f817c8E219C08B24A79A31F6dA93f75 (tx: a227e5e636e2f91c52679c1485d43df633769c412312879d6185e1a56a1155f4)
[2026-04-16 10:46:02] Ably publish OK: market_cancelled
[Prune] Removed 15 stale IDs (frame 8700)
[2026-04-16 10:46:05] Refunds distributed: 0xc5542F573f817c8E219C08B24A79A31F6dA93f75 (tx: 4109c46e5ce925a80cdb0bc8aad770319a37ffe821d0bc0e36be5bc76b29ff4b)
[2026-04-16 10:46:05] Ledger POST OK: {"ok":true}
[2026-04-16 10:46:05] New threshold: 21 (avg of [18, 25])
[2026-04-16 10:46:05] Waiting 15s before Round #13...
[Prune] Removed 6 stale IDs (frame 8800)
[Prune] Removed 7 stale IDs (frame 8900)
[WS] Client disconnected (2 total)
[Prune] Removed 8 stale IDs (frame 9000)
[Prune] Removed 6 stale IDs (frame 9100)
[2026-04-16 10:46:20] Round #13 | Levi Ski Resort — Finland | threshold=21
[2026-04-16 10:46:21] createMarket tx sent: 8345ce97e5ce3dd8da99b39ed6894a9b30a55760a7e137805ad5562e1be6b72a
[Prune] Removed 8 stale IDs (frame 9200)
[2026-04-16 10:46:23] Market created: 0x3432a0B612ff84FA01B1d3b56497d5Fea8Ed60B3 (tx: 8345ce97e5ce3dd8da99b39ed6894a9b30a55760a7e137805ad5562e1be6b72a)
[2026-04-16 10:46:24] Ably publish OK: market_created
[2026-04-16 10:46:24] Counting vehicles for 150s...
[STATE] betting — market=0x3432a0B6... bet=150s count=150s round=13
[LineZone] (295,570) -> (1276,335)
[Counter] Line: (579, 10) -> (701, 710)
[2026-04-16 10:46:24] [StreamClient] Round 13 started on stream_server
[Prune] Removed 2 stale IDs (frame 200)
[Prune] Removed 2 stale IDs (frame 300)
[Prune] Removed 2 stale IDs (frame 400)
[Prune] Removed 1 stale IDs (frame 500)
[Prune] Removed 2 stale IDs (frame 700)
[Prune] Removed 6 stale IDs (frame 800)
[Evidence] Saved evidence/1776347184_30s.jpg (141358 bytes, sha256:578106d315505...)
[Prune] Removed 1 stale IDs (frame 1000)
[Prune] Removed 3 stale IDs (frame 1300)
[Prune] Removed 9 stale IDs (frame 1400)
[Prune] Removed 9 stale IDs (frame 1500)
[Prune] Removed 9 stale IDs (frame 1600)
[Prune] Removed 8 stale IDs (frame 1700)
[Evidence] Saved evidence/1776347184_60s.jpg (143963 bytes, sha256:fb1f87236d3a3...)
[Prune] Removed 6 stale IDs (frame 1800)
[Prune] Removed 7 stale IDs (frame 1900)
[Prune] Removed 3 stale IDs (frame 2000)
[Prune] Removed 2 stale IDs (frame 2100)
[Prune] Removed 5 stale IDs (frame 2200)
[Prune] Removed 3 stale IDs (frame 2300)
[Prune] Removed 2 stale IDs (frame 2400)
[Evidence] Saved evidence/1776347184_90s.jpg (144002 bytes, sha256:d5373840b66ab...)
[Prune] Removed 7 stale IDs (frame 2900)
[Prune] Removed 2 stale IDs (frame 3200)
[Prune] Removed 2 stale IDs (frame 3300)
[Prune] Removed 6 stale IDs (frame 3400)
[Evidence] Saved evidence/1776347184_120s.jpg (167858 bytes, sha256:447a564ac788c...)
[Prune] Removed 12 stale IDs (frame 3500)
[Prune] Removed 5 stale IDs (frame 3600)
[Prune] Removed 5 stale IDs (frame 3700)
[Prune] Removed 11 stale IDs (frame 3800)
[WS] Client disconnected (1 total)
[Prune] Removed 10 stale IDs (frame 3900)
[WS] Client connected (2 total)
[Prune] Removed 11 stale IDs (frame 4000)
[Prune] Removed 18 stale IDs (frame 4100)
[Prune] Removed 12 stale IDs (frame 4200)
[STATE] counting — market=0x3432a0B6... duration=150s round=13
[Evidence] Saved evidence/1776347184_150s.jpg (177611 bytes, sha256:8750581d3f305...)
[Prune] Removed 13 stale IDs (frame 4300)
[Prune] Removed 10 stale IDs (frame 4400)
[Prune] Removed 21 stale IDs (frame 4500)
[Prune] Removed 18 stale IDs (frame 4600)
[Prune] Removed 26 stale IDs (frame 4700)
[Prune] Removed 5 stale IDs (frame 4800)
[Prune] Removed 11 stale IDs (frame 4900)
[Prune] Removed 11 stale IDs (frame 5000)
[Prune] Removed 12 stale IDs (frame 5100)
[Evidence] Saved evidence/1776347184_180s.jpg (166394 bytes, sha256:32aa33b6390cb...)
[Prune] Removed 9 stale IDs (frame 5200)
[Prune] Removed 1 stale IDs (frame 5300)
[Prune] Removed 5 stale IDs (frame 5400)
[Prune] Removed 2 stale IDs (frame 5500)
[Prune] Removed 6 stale IDs (frame 5600)
[Prune] Removed 12 stale IDs (frame 5700)
[Prune] Removed 9 stale IDs (frame 5800)
[Prune] Removed 4 stale IDs (frame 5900)
[Evidence] Saved evidence/1776347184_210s.jpg (179836 bytes, sha256:800f0b04255bc...)
[Prune] Removed 1 stale IDs (frame 6000)
[Prune] Removed 6 stale IDs (frame 6100)
[Prune] Removed 7 stale IDs (frame 6200)
[Prune] Removed 7 stale IDs (frame 6300)
[Prune] Removed 14 stale IDs (frame 6400)
[Prune] Removed 8 stale IDs (frame 6500)
[Prune] Removed 7 stale IDs (frame 6600)
[Prune] Removed 2 stale IDs (frame 6700)
[Prune] Removed 7 stale IDs (frame 6800)
[Evidence] Saved evidence/1776347184_240s.jpg (182850 bytes, sha256:9401ed79d65c8...)
[Prune] Removed 8 stale IDs (frame 6900)
[Prune] Removed 17 stale IDs (frame 7000)
[Prune] Removed 19 stale IDs (frame 7100)
[Prune] Removed 16 stale IDs (frame 7200)
[Prune] Removed 11 stale IDs (frame 7300)
[Prune] Removed 1 stale IDs (frame 7400)
[Prune] Removed 4 stale IDs (frame 7600)
[Evidence] Saved evidence/1776347184_270s.jpg (181048 bytes, sha256:23ea2924374d1...)
[Prune] Removed 8 stale IDs (frame 7700)
[Prune] Removed 11 stale IDs (frame 7800)
[Prune] Removed 4 stale IDs (frame 7900)
[Prune] Removed 11 stale IDs (frame 8000)
[Prune] Removed 13 stale IDs (frame 8100)
[Prune] Removed 13 stale IDs (frame 8200)
[Prune] Removed 15 stale IDs (frame 8300)
[Prune] Removed 5 stale IDs (frame 8400)
[Prune] Removed 8 stale IDs (frame 8500)
[Evidence] Saved evidence/1776347184_final.jpg (185051 bytes, sha256:5e1a131bc57c6...)
[Evidence] Saved evidence/1776347184_final.jpg (185098 bytes, sha256:fef83926624d2...)
[Evidence] Saved evidence/1776347184_final.jpg (185034 bytes, sha256:f32c4626ea88c...)
[STATE] idle — round 13 complete: 26 vehicles
[Prune] Removed 6 stale IDs (frame 8600)
[Prune] Removed 12 stale IDs (frame 8700)
[Prune] Removed 15 stale IDs (frame 8800)
[Prune] Removed 9 stale IDs (frame 8900)
[Prune] Removed 3 stale IDs (frame 9000)
[Prune] Removed 2 stale IDs (frame 9100)
[Prune] Removed 1 stale IDs (frame 9300)
[2026-04-16 10:51:54] No round_complete via WS — reading result.json fallback
[2026-04-16 10:51:54] Count complete: 26 vehicles (in=0 out=26)
[Prune] Removed 2 stale IDs (frame 9400)
[2026-04-16 10:51:56] No bets placed — cancelling market
[2026-04-16 10:51:59] Market cancelled: 0x3432a0B612ff84FA01B1d3b56497d5Fea8Ed60B3 (tx: 997da76e2844ab6f254791d0ad0d0eaf03b6227fd2b872a046571ae3e1cb85ad)
[Prune] Removed 2 stale IDs (frame 9500)
[2026-04-16 10:51:59] Ably publish OK: market_cancelled
[2026-04-16 10:52:00] Refunds distributed: 0x3432a0B612ff84FA01B1d3b56497d5Fea8Ed60B3 (tx: 2e32215ef2fa610b19b8a40647a294a10d9944732798cad68dcc3048e394df1b)
[2026-04-16 10:52:00] Ledger POST failed (non-fatal): HTTP Error 400: Bad Request
[2026-04-16 10:52:00] New threshold: 25 (avg of [25, 26])
[2026-04-16 10:52:00] Waiting 15s before Round #14...
[Prune] Removed 15 stale IDs (frame 9600)
[Prune] Removed 7 stale IDs (frame 9700)
[Prune] Removed 11 stale IDs (frame 9800)
[Prune] Removed 12 stale IDs (frame 9900)
[2026-04-16 10:52:15] Round #14 | Levi Ski Resort — Finland | threshold=25
[Prune] Removed 8 stale IDs (frame 10000)
[2026-04-16 10:52:20] createMarket tx sent: a50453a6283101713d969cb08a2ca423fbf632bf761fd9b3a84de6250d194f70
[Prune] Removed 13 stale IDs (frame 10100)
[2026-04-16 10:52:22] Market created: 0x4931539bDa2fad93dfA4Ae27094e58109C88866D (tx: a50453a6283101713d969cb08a2ca423fbf632bf761fd9b3a84de6250d194f70)
[2026-04-16 10:52:22] Ably publish OK: market_created
[2026-04-16 10:52:22] Counting vehicles for 150s...
[STATE] betting — market=0x4931539b... bet=150s count=150s round=14
[LineZone] (295,570) -> (1276,335)
[Counter] Line: (579, 10) -> (701, 710)
[2026-04-16 10:52:23] [StreamClient] Round 14 started on stream_server
[Prune] Removed 6 stale IDs (frame 200)
[Prune] Removed 6 stale IDs (frame 300)
[Prune] Removed 8 stale IDs (frame 400)
[Prune] Removed 6 stale IDs (frame 500)
[Prune] Removed 4 stale IDs (frame 600)
[Prune] Removed 8 stale IDs (frame 700)
[Prune] Removed 13 stale IDs (frame 800)
[Evidence] Saved evidence/1776347543_30s.jpg (197834 bytes, sha256:a773849bda043...)
[Prune] Removed 12 stale IDs (frame 900)
[Prune] Removed 11 stale IDs (frame 1000)
[Prune] Removed 9 stale IDs (frame 1100)
[Prune] Removed 17 stale IDs (frame 1200)
[Prune] Removed 10 stale IDs (frame 1300)
[Prune] Removed 6 stale IDs (frame 1400)
[Prune] Removed 7 stale IDs (frame 1500)
[Prune] Removed 12 stale IDs (frame 1600)
[Evidence] Saved evidence/1776347543_60s.jpg (195250 bytes, sha256:4b3726fae7893...)
[Prune] Removed 8 stale IDs (frame 1700)
[Prune] Removed 11 stale IDs (frame 1800)
[Prune] Removed 14 stale IDs (frame 1900)
[Prune] Removed 13 stale IDs (frame 2000)
[Prune] Removed 9 stale IDs (frame 2100)
[Prune] Removed 18 stale IDs (frame 2200)
[Prune] Removed 11 stale IDs (frame 2300)
[Prune] Removed 14 stale IDs (frame 2400)
[Prune] Removed 6 stale IDs (frame 2500)
[Evidence] Saved evidence/1776347543_90s.jpg (192092 bytes, sha256:789de72e61b92...)
[Prune] Removed 5 stale IDs (frame 2600)
[Prune] Removed 4 stale IDs (frame 2700)
[Prune] Removed 4 stale IDs (frame 2800)
[Prune] Removed 4 stale IDs (frame 2900)
[Prune] Removed 1 stale IDs (frame 3000)
[Prune] Removed 6 stale IDs (frame 3100)
[Evidence] Saved evidence/1776347543_120s.jpg (189818 bytes, sha256:b2b313a8db3ac...)
[Prune] Removed 2 stale IDs (frame 3500)
[Prune] Removed 2 stale IDs (frame 3600)
[Prune] Removed 1 stale IDs (frame 3700)
[Prune] Removed 7 stale IDs (frame 3800)
[Prune] Removed 1 stale IDs (frame 4200)
[STATE] counting — market=0x4931539b... duration=150s round=14
[Evidence] Saved evidence/1776347543_150s.jpg (189212 bytes, sha256:0264508c7037e...)
[Prune] Removed 2 stale IDs (frame 4300)
[Prune] Removed 1 stale IDs (frame 4400)
[Prune] Removed 3 stale IDs (frame 4500)
[Prune] Removed 9 stale IDs (frame 4600)
[Prune] Removed 8 stale IDs (frame 4700)
[Prune] Removed 5 stale IDs (frame 4800)
[Prune] Removed 1 stale IDs (frame 4900)
[Prune] Removed 1 stale IDs (frame 5000)
[Evidence] Saved evidence/1776347543_180s.jpg (188580 bytes, sha256:f7907f1516d98...)
[Prune] Removed 2 stale IDs (frame 5100)
[Prune] Removed 5 stale IDs (frame 5200)
[Prune] Removed 2 stale IDs (frame 5300)
[Prune] Removed 6 stale IDs (frame 5400)
[Prune] Removed 5 stale IDs (frame 5500)
[Prune] Removed 7 stale IDs (frame 5600)
[Prune] Removed 3 stale IDs (frame 5700)
[Prune] Removed 16 stale IDs (frame 5800)
[Prune] Removed 5 stale IDs (frame 5900)
[Evidence] Saved evidence/1776347543_210s.jpg (186784 bytes, sha256:47777dbd700a9...)
[Prune] Removed 1 stale IDs (frame 6000)
[Prune] Removed 2 stale IDs (frame 6100)
[Prune] Removed 3 stale IDs (frame 6200)
[Prune] Removed 4 stale IDs (frame 6300)
[Prune] Removed 5 stale IDs (frame 6400)
[Prune] Removed 2 stale IDs (frame 6500)
[Prune] Removed 2 stale IDs (frame 6600)
[Prune] Removed 4 stale IDs (frame 6700)
[Evidence] Saved evidence/1776347543_240s.jpg (188602 bytes, sha256:9760033359a49...)
[Prune] Removed 2 stale IDs (frame 6800)
[Prune] Removed 2 stale IDs (frame 6900)
[Prune] Removed 2 stale IDs (frame 7000)
[Prune] Removed 8 stale IDs (frame 7100)
[Prune] Removed 9 stale IDs (frame 7200)
[Prune] Removed 1 stale IDs (frame 7300)
[Prune] Removed 1 stale IDs (frame 7400)
[Prune] Removed 2 stale IDs (frame 7500)
[Prune] Removed 4 stale IDs (frame 7600)
[Evidence] Saved evidence/1776347543_270s.jpg (188829 bytes, sha256:cc101537c64ef...)
[Prune] Removed 8 stale IDs (frame 7700)
[Prune] Removed 6 stale IDs (frame 7800)
[Prune] Removed 6 stale IDs (frame 7900)
[Prune] Removed 3 stale IDs (frame 8000)
[Prune] Removed 7 stale IDs (frame 8100)
[Prune] Removed 4 stale IDs (frame 8200)
[Prune] Removed 10 stale IDs (frame 8300)
[Prune] Removed 10 stale IDs (frame 8400)
[Evidence] Saved evidence/1776347543_final.jpg (189926 bytes, sha256:eb1b5172d555d...)
[Evidence] Saved evidence/1776347543_final.jpg (189904 bytes, sha256:311b489ec688f...)
[Evidence] Saved evidence/1776347543_final.jpg (189907 bytes, sha256:4b8d8eedb2426...)
[Evidence] Saved evidence/1776347543_final.jpg (191370 bytes, sha256:778623eda2d7b...)
[STATE] idle — round 14 complete: 23 vehicles
[Prune] Removed 6 stale IDs (frame 8500)
[Prune] Removed 7 stale IDs (frame 8600)
[Prune] Removed 9 stale IDs (frame 8700)
[Prune] Removed 7 stale IDs (frame 8800)
[Prune] Removed 10 stale IDs (frame 8900)
[Prune] Removed 3 stale IDs (frame 9000)
[Prune] Removed 8 stale IDs (frame 9100)
[Prune] Removed 16 stale IDs (frame 9200)
[Prune] Removed 1 stale IDs (frame 9300)
[2026-04-16 10:57:53] No round_complete via WS — reading result.json fallback
[2026-04-16 10:57:53] Count complete: 23 vehicles (in=0 out=23)
[2026-04-16 10:57:54] No bets placed — cancelling market
[2026-04-16 10:57:57] Market cancelled: 0x4931539bDa2fad93dfA4Ae27094e58109C88866D (tx: 861077176d3faf9628e4ffc50b543e85327f5f2a7f0cc53946e0f848433bba36)
[2026-04-16 10:57:58] Ably publish OK: market_cancelled
[Prune] Removed 3 stale IDs (frame 9500)
[2026-04-16 10:58:01] Refunds distributed: 0x4931539bDa2fad93dfA4Ae27094e58109C88866D (tx: fa46b26b35fead5abb27ba783c21861ee3d3eac56f7d434bdb7109aa81f5c3f6)
[2026-04-16 10:58:01] Ledger POST failed (non-fatal): HTTP Error 400: Bad Request
[2026-04-16 10:58:01] New threshold: 24 (avg of [26, 23])
[2026-04-16 10:58:01] Waiting 15s before Round #15...
[Prune] Removed 7 stale IDs (frame 9600)
[Prune] Removed 9 stale IDs (frame 9700)
[Prune] Removed 1 stale IDs (frame 9800)
[Prune] Removed 1 stale IDs (frame 9900)
[2026-04-16 10:58:16] Round #15 | Levi Ski Resort — Finland | threshold=24
[Prune] Removed 4 stale IDs (frame 10000)
[Prune] Removed 2 stale IDs (frame 10100)
[2026-04-16 10:58:20] createMarket tx sent: 08c0a6dee001b7dd0b36a1d85fbcf9011108da891b50f791c5a6a36ecb686a4c
[2026-04-16 10:58:20] Market created: 0x5847632f1c6CccAbCF2e11D11c7097bf582EdF96 (tx: 08c0a6dee001b7dd0b36a1d85fbcf9011108da891b50f791c5a6a36ecb686a4c)
[2026-04-16 10:58:21] Ably publish OK: market_created
[2026-04-16 10:58:21] Counting vehicles for 150s...
[STATE] betting — market=0x5847632f... bet=150s count=150s round=15
[LineZone] (295,570) -> (1276,335)
[Counter] Line: (579, 10) -> (701, 710)
[2026-04-16 10:58:21] [StreamClient] Round 15 started on stream_server
[Prune] Removed 2 stale IDs (frame 200)
[Prune] Removed 3 stale IDs (frame 300)
[Prune] Removed 4 stale IDs (frame 400)
[Prune] Removed 3 stale IDs (frame 500)
[Prune] Removed 9 stale IDs (frame 600)
[Prune] Removed 6 stale IDs (frame 700)
[Prune] Removed 7 stale IDs (frame 800)
[Evidence] Saved evidence/1776347901_30s.jpg (193389 bytes, sha256:0848fc98e06ec...)
[Prune] Removed 14 stale IDs (frame 900)
[Prune] Removed 16 stale IDs (frame 1000)
[Prune] Removed 16 stale IDs (frame 1100)
[Prune] Removed 11 stale IDs (frame 1200)
[Prune] Removed 11 stale IDs (frame 1300)
[Prune] Removed 5 stale IDs (frame 1400)
[Prune] Removed 11 stale IDs (frame 1500)
[Prune] Removed 2 stale IDs (frame 1600)
[Prune] Removed 2 stale IDs (frame 1700)
[Evidence] Saved evidence/1776347901_60s.jpg (195803 bytes, sha256:e0a019d7e06e4...)
[Prune] Removed 2 stale IDs (frame 1800)
[Prune] Removed 4 stale IDs (frame 1900)
[Prune] Removed 2 stale IDs (frame 2000)
[Prune] Removed 6 stale IDs (frame 2100)
[Prune] Removed 1 stale IDs (frame 2200)
[Prune] Removed 9 stale IDs (frame 2300)
[Prune] Removed 5 stale IDs (frame 2400)
[Prune] Removed 2 stale IDs (frame 2500)
[Evidence] Saved evidence/1776347901_90s.jpg (198588 bytes, sha256:3660c3ab127ae...)
[Prune] Removed 3 stale IDs (frame 2600)
[Prune] Removed 4 stale IDs (frame 2700)
[Prune] Removed 7 stale IDs (frame 2800)
[Prune] Removed 21 stale IDs (frame 2900)
[Prune] Removed 15 stale IDs (frame 3000)
[Prune] Removed 18 stale IDs (frame 3100)
[Prune] Removed 14 stale IDs (frame 3200)
[Prune] Removed 14 stale IDs (frame 3300)
[Prune] Removed 14 stale IDs (frame 3400)
[Evidence] Saved evidence/1776347901_120s.jpg (197849 bytes, sha256:98220d25e1f9b...)
[Prune] Removed 4 stale IDs (frame 3500)
[Prune] Removed 5 stale IDs (frame 3600)
[Prune] Removed 2 stale IDs (frame 3700)
[Prune] Removed 5 stale IDs (frame 3800)
[Prune] Removed 3 stale IDs (frame 3900)
[Prune] Removed 2 stale IDs (frame 4000)
[Prune] Removed 2 stale IDs (frame 4100)
[Prune] Removed 2 stale IDs (frame 4200)
[STATE] counting — market=0x5847632f... duration=150s round=15
[Evidence] Saved evidence/1776347901_150s.jpg (196983 bytes, sha256:a429962a01112...)
[Prune] Removed 4 stale IDs (frame 4300)
[Prune] Removed 4 stale IDs (frame 4400)
[Prune] Removed 3 stale IDs (frame 4500)
[Prune] Removed 19 stale IDs (frame 4600)
[Prune] Removed 4 stale IDs (frame 4700)
[Prune] Removed 3 stale IDs (frame 4800)
[Prune] Removed 3 stale IDs (frame 4900)
[Prune] Removed 10 stale IDs (frame 5000)
[Evidence] Saved evidence/1776347901_180s.jpg (197076 bytes, sha256:82251e1d80fc5...)
[Prune] Removed 9 stale IDs (frame 5100)
[Prune] Removed 1 stale IDs (frame 5300)
[Prune] Removed 3 stale IDs (frame 5400)
[Prune] Removed 8 stale IDs (frame 5600)
[Prune] Removed 2 stale IDs (frame 5700)
[Prune] Removed 3 stale IDs (frame 5800)
[Prune] Removed 4 stale IDs (frame 5900)
[Evidence] Saved evidence/1776347901_210s.jpg (195976 bytes, sha256:46317b0a2f8dd...)
[Prune] Removed 1 stale IDs (frame 6100)
[Prune] Removed 1 stale IDs (frame 6200)
[Prune] Removed 1 stale IDs (frame 6300)
[Prune] Removed 2 stale IDs (frame 6400)
[Prune] Removed 1 stale IDs (frame 6500)
[Prune] Removed 2 stale IDs (frame 6600)
[Prune] Removed 6 stale IDs (frame 6700)
[Evidence] Saved evidence/1776347901_240s.jpg (163030 bytes, sha256:7215695c1ffae...)
[Prune] Removed 5 stale IDs (frame 6800)
[Prune] Removed 12 stale IDs (frame 6900)
[Prune] Removed 7 stale IDs (frame 7000)
[Prune] Removed 10 stale IDs (frame 7100)
[Prune] Removed 13 stale IDs (frame 7200)
[Prune] Removed 11 stale IDs (frame 7300)
[Prune] Removed 3 stale IDs (frame 7400)
[Prune] Removed 5 stale IDs (frame 7500)
[Prune] Removed 10 stale IDs (frame 7600)
[Evidence] Saved evidence/1776347901_270s.jpg (161048 bytes, sha256:1d633be57df4f...)
[Prune] Removed 18 stale IDs (frame 7700)
[Prune] Removed 12 stale IDs (frame 7800)
[WS] Client connected (3 total)
[Prune] Removed 7 stale IDs (frame 7900)
[Prune] Removed 19 stale IDs (frame 8000)
[Prune] Removed 2 stale IDs (frame 8100)
[WS] Client disconnected (2 total)
connection handler failed
Traceback (most recent call last):
  File "/home/lumen/miniconda3/lib/python3.13/asyncio/selector_events.py", line 1067, in write
    n = self._sock.send(data)
BrokenPipeError: [Errno 32] Broken pipe

The above exception was the direct cause of the following exception:

Traceback (most recent call last):
  File "/home/lumen/miniconda3/lib/python3.13/site-packages/websockets/asyncio/server.py", line 376, in conn_handler
    await self.handler(connection)
  File "/home/lumen/.gemini/antigravity/scratch/rush/oracle/stream_server.py", line 1261, in handler
    async for msg in ws:
    ...<37 lines>...
            pass
  File "/home/lumen/miniconda3/lib/python3.13/site-packages/websockets/asyncio/connection.py", line 242, in __aiter__
    yield await self.recv()
          ^^^^^^^^^^^^^^^^^
  File "/home/lumen/miniconda3/lib/python3.13/site-packages/websockets/asyncio/connection.py", line 322, in recv
    raise self.protocol.close_exc from self.recv_exc
websockets.exceptions.ConnectionClosedError: no close frame received or sent
[Prune] Removed 2 stale IDs (frame 8200)
[Prune] Removed 5 stale IDs (frame 8400)
[Evidence] Saved evidence/1776347901_final.jpg (161863 bytes, sha256:722d19b33293f...)
[Evidence] Saved evidence/1776347901_final.jpg (161806 bytes, sha256:2cd9121cb15a7...)
[Evidence] Saved evidence/1776347901_final.jpg (161820 bytes, sha256:fbe904470b696...)
[STATE] idle — round 15 complete: 20 vehicles
[Prune] Removed 8 stale IDs (frame 8500)
[Prune] Removed 6 stale IDs (frame 8600)
[Prune] Removed 12 stale IDs (frame 8700)
[Prune] Removed 5 stale IDs (frame 8800)
[Prune] Removed 9 stale IDs (frame 8900)
[Prune] Removed 20 stale IDs (frame 9000)
[Prune] Removed 23 stale IDs (frame 9100)
[Prune] Removed 34 stale IDs (frame 9200)
[Prune] Removed 16 stale IDs (frame 9300)
[2026-04-16 11:03:51] No round_complete via WS — reading result.json fallback
[2026-04-16 11:03:51] Count complete: 20 vehicles (in=0 out=20)
[2026-04-16 11:03:53] No bets placed — cancelling market
[Prune] Removed 8 stale IDs (frame 9400)
[2026-04-16 11:03:56] Market cancelled: 0x5847632f1c6CccAbCF2e11D11c7097bf582EdF96 (tx: 86548366ad99dd1d525f0b819ca23642def752a6f1fe09aeeb1af8bf239edaa3)
[2026-04-16 11:03:56] Ably publish OK: market_cancelled
[Prune] Removed 10 stale IDs (frame 9500)
[2026-04-16 11:03:59] Refunds distributed: 0x5847632f1c6CccAbCF2e11D11c7097bf582EdF96 (tx: b47e2ab810abaa6b7aac3eab26781a6863a44c760b93e90983851b0e253fb5ca)
[2026-04-16 11:03:59] Ledger POST failed (non-fatal): HTTP Error 400: Bad Request
[2026-04-16 11:03:59] New threshold: 21 (avg of [23, 20])
[2026-04-16 11:03:59] Waiting 15s before Round #16...
[Prune] Removed 10 stale IDs (frame 9600)
[Prune] Removed 9 stale IDs (frame 9700)
[Prune] Removed 7 stale IDs (frame 9800)
[Prune] Removed 12 stale IDs (frame 9900)
[2026-04-16 11:04:14] Round #16 | Levi Ski Resort — Finland | threshold=21
[Prune] Removed 3 stale IDs (frame 10000)
[2026-04-16 11:04:15] createMarket tx sent: 0dd1daa98f3b9bb5999f1e908eeb8cf2287325f074931252998a728a92f80bd4
[2026-04-16 11:04:18] Market created: 0x7b0cb5e5EE4D5c403b388174F75cb009b048707D (tx: 0dd1daa98f3b9bb5999f1e908eeb8cf2287325f074931252998a728a92f80bd4)
[2026-04-16 11:04:18] Ably publish OK: market_created
[2026-04-16 11:04:18] Counting vehicles for 150s...
[STATE] betting — market=0x7b0cb5e5... bet=150s count=150s round=16
[LineZone] (295,570) -> (1276,335)
[Counter] Line: (579, 10) -> (701, 710)
[2026-04-16 11:04:18] [StreamClient] Round 16 started on stream_server
[Prune] Removed 1 stale IDs (frame 300)
[Prune] Removed 1 stale IDs (frame 400)
[Prune] Removed 1 stale IDs (frame 500)
[Prune] Removed 1 stale IDs (frame 600)
[WS] Client connected (3 total)
[Prune] Removed 2 stale IDs (frame 700)
[Prune] Removed 4 stale IDs (frame 800)
[Evidence] Saved evidence/1776348258_30s.jpg (165843 bytes, sha256:6c55893e181dd...)
[Prune] Removed 11 stale IDs (frame 900)
[Prune] Removed 9 stale IDs (frame 1000)
[Prune] Removed 6 stale IDs (frame 1100)
[Prune] Removed 2 stale IDs (frame 1200)
[Prune] Removed 6 stale IDs (frame 1300)
[Prune] Removed 7 stale IDs (frame 1400)
[WS] Client disconnected (2 total)
[Prune] Removed 4 stale IDs (frame 1500)
[Prune] Removed 3 stale IDs (frame 1600)
[Evidence] Saved evidence/1776348258_60s.jpg (169626 bytes, sha256:7a9d9352d65c7...)
[Prune] Removed 3 stale IDs (frame 1700)
[Prune] Removed 4 stale IDs (frame 1800)
[Prune] Removed 15 stale IDs (frame 1900)
[Prune] Removed 18 stale IDs (frame 2000)
[Prune] Removed 14 stale IDs (frame 2100)
[Prune] Removed 7 stale IDs (frame 2200)
[WS] Client connected (3 total)
[Prune] Removed 3 stale IDs (frame 2300)
[Prune] Removed 3 stale IDs (frame 2400)
[Evidence] Saved evidence/1776348258_90s.jpg (165265 bytes, sha256:d5fde5408d427...)
[Prune] Removed 5 stale IDs (frame 2500)
[WS] Client disconnected (2 total)
connection handler failed
Traceback (most recent call last):
  File "/home/lumen/miniconda3/lib/python3.13/asyncio/selector_events.py", line 1067, in write
    n = self._sock.send(data)
BrokenPipeError: [Errno 32] Broken pipe

The above exception was the direct cause of the following exception:

Traceback (most recent call last):
  File "/home/lumen/miniconda3/lib/python3.13/site-packages/websockets/asyncio/server.py", line 376, in conn_handler
    await self.handler(connection)
  File "/home/lumen/.gemini/antigravity/scratch/rush/oracle/stream_server.py", line 1261, in handler
    async for msg in ws:
    ...<37 lines>...
            pass
  File "/home/lumen/miniconda3/lib/python3.13/site-packages/websockets/asyncio/connection.py", line 242, in __aiter__
    yield await self.recv()
          ^^^^^^^^^^^^^^^^^
  File "/home/lumen/miniconda3/lib/python3.13/site-packages/websockets/asyncio/connection.py", line 322, in recv
    raise self.protocol.close_exc from self.recv_exc
websockets.exceptions.ConnectionClosedError: no close frame received or sent
[Prune] Removed 9 stale IDs (frame 2600)
[Prune] Removed 11 stale IDs (frame 2700)
[Prune] Removed 8 stale IDs (frame 2800)
[Prune] Removed 6 stale IDs (frame 2900)
[Prune] Removed 3 stale IDs (frame 3100)
[Prune] Removed 4 stale IDs (frame 3200)
[Prune] Removed 7 stale IDs (frame 3300)
[Evidence] Saved evidence/1776348258_120s.jpg (208591 bytes, sha256:0c395d5edb541...)
[Prune] Removed 4 stale IDs (frame 3400)
[Prune] Removed 2 stale IDs (frame 3500)
[Prune] Removed 1 stale IDs (frame 3600)
[Prune] Removed 6 stale IDs (frame 3700)
[Prune] Removed 7 stale IDs (frame 3800)
[Prune] Removed 9 stale IDs (frame 3900)
[Prune] Removed 5 stale IDs (frame 4000)
[Prune] Removed 6 stale IDs (frame 4100)
[STATE] counting — market=0x7b0cb5e5... duration=150s round=16
[Evidence] Saved evidence/1776348258_150s.jpg (215136 bytes, sha256:b05d97be5097f...)
[Prune] Removed 2 stale IDs (frame 4200)
[Prune] Removed 1 stale IDs (frame 4300)
[Prune] Removed 2 stale IDs (frame 4400)
[Prune] Removed 3 stale IDs (frame 4500)
[Prune] Removed 5 stale IDs (frame 4600)
[Prune] Removed 5 stale IDs (frame 4700)
[Prune] Removed 1 stale IDs (frame 4800)
[Prune] Removed 5 stale IDs (frame 4900)
[Prune] Removed 8 stale IDs (frame 5000)
[Evidence] Saved evidence/1776348258_180s.jpg (219652 bytes, sha256:56577f33f77ae...)
[Prune] Removed 1 stale IDs (frame 5100)
[Prune] Removed 3 stale IDs (frame 5200)
[Prune] Removed 4 stale IDs (frame 5300)
[Prune] Removed 6 stale IDs (frame 5400)
[Prune] Removed 8 stale IDs (frame 5500)
[Prune] Removed 3 stale IDs (frame 5600)
[Prune] Removed 5 stale IDs (frame 5700)
[Prune] Removed 13 stale IDs (frame 5800)
[Evidence] Saved evidence/1776348258_210s.jpg (216724 bytes, sha256:b33b72abe40fc...)
[Prune] Removed 18 stale IDs (frame 5900)
[Prune] Removed 24 stale IDs (frame 6000)
[Prune] Removed 28 stale IDs (frame 6100)
[Prune] Removed 22 stale IDs (frame 6200)
[Prune] Removed 16 stale IDs (frame 6300)
[Prune] Removed 8 stale IDs (frame 6400)
[Prune] Removed 19 stale IDs (frame 6500)
[Prune] Removed 10 stale IDs (frame 6600)
[Evidence] Saved evidence/1776348258_240s.jpg (208798 bytes, sha256:ed0995f55b9b0...)
[Prune] Removed 18 stale IDs (frame 6700)
[Prune] Removed 31 stale IDs (frame 6800)
[Prune] Removed 22 stale IDs (frame 6900)
[Prune] Removed 17 stale IDs (frame 7000)
[Prune] Removed 15 stale IDs (frame 7100)
[Prune] Removed 22 stale IDs (frame 7200)
[Prune] Removed 12 stale IDs (frame 7300)
[Prune] Removed 8 stale IDs (frame 7400)
[Prune] Removed 4 stale IDs (frame 7500)
[Evidence] Saved evidence/1776348258_270s.jpg (210232 bytes, sha256:667522215a1d8...)
[Prune] Removed 6 stale IDs (frame 7600)
[Prune] Removed 10 stale IDs (frame 7700)
[Prune] Removed 8 stale IDs (frame 7800)
[Prune] Removed 11 stale IDs (frame 7900)
[Prune] Removed 8 stale IDs (frame 8000)
[Evidence] Saved evidence/1776348258_final.jpg (211751 bytes, sha256:0b131b7bcdbab...)
[Evidence] Saved evidence/1776348258_final.jpg (211714 bytes, sha256:3bcbc1aa4b50f...)
[Evidence] Saved evidence/1776348258_final.jpg (211684 bytes, sha256:fb41d7b523959...)
[STATE] idle — round 16 complete: 29 vehicles
[Prune] Removed 1 stale IDs (frame 8400)
[Prune] Removed 2 stale IDs (frame 8500)
[Prune] Removed 6 stale IDs (frame 8600)
[Prune] Removed 3 stale IDs (frame 8700)
[Prune] Removed 4 stale IDs (frame 8800)
[Prune] Removed 3 stale IDs (frame 8900)
[Prune] Removed 2 stale IDs (frame 9000)
[Prune] Removed 6 stale IDs (frame 9100)
[2026-04-16 11:09:48] No round_complete via WS — reading result.json fallback
[2026-04-16 11:09:48] Count complete: 29 vehicles (in=0 out=29)
[Prune] Removed 3 stale IDs (frame 9200)
[2026-04-16 11:09:50] No bets placed — cancelling market
[2026-04-16 11:09:51] Market cancelled: 0x7b0cb5e5EE4D5c403b388174F75cb009b048707D (tx: 9cc88d4158dbe2480244570ef297f6615b0e87108dac57b6b8d81d42e850bb05)
[2026-04-16 11:09:51] Ably publish OK: market_cancelled
[2026-04-16 11:09:52] Refunds distributed: 0x7b0cb5e5EE4D5c403b388174F75cb009b048707D (tx: 08014145ee0c87e05776ea54a9a1fc513c9d5b1ca14b9d45b560a45391ecf0b0)
[2026-04-16 11:09:52] Ledger POST OK: {"ok":true}
[2026-04-16 11:09:52] New threshold: 24 (avg of [20, 29])
[2026-04-16 11:09:52] Waiting 15s before Round #17...
[Prune] Removed 12 stale IDs (frame 9300)
[Prune] Removed 2 stale IDs (frame 9400)
[Prune] Removed 4 stale IDs (frame 9600)
[Prune] Removed 2 stale IDs (frame 9700)
[2026-04-16 11:10:07] Round #17 | Levi Ski Resort — Finland | threshold=24
[2026-04-16 11:10:09] createMarket tx sent: b8e6728999bf19049e61fee2d6eb15d452d0db57631dcbba688723de96e509e5
[Prune] Removed 1 stale IDs (frame 9800)
[2026-04-16 11:10:11] Market created: 0x9A8fC96004DE64c5b68406BfBbf32992648D97e2 (tx: b8e6728999bf19049e61fee2d6eb15d452d0db57631dcbba688723de96e509e5)
[2026-04-16 11:10:12] Ably publish OK: market_created
[2026-04-16 11:10:12] Counting vehicles for 150s...
[STATE] betting — market=0x9A8fC960... bet=150s count=150s round=17
[LineZone] (295,570) -> (1276,335)
[Counter] Line: (579, 10) -> (701, 710)
[2026-04-16 11:10:12] [StreamClient] Round 17 started on stream_server
[Prune] Removed 8 stale IDs (frame 200)
[Prune] Removed 9 stale IDs (frame 300)
[Prune] Removed 11 stale IDs (frame 400)
[Prune] Removed 11 stale IDs (frame 500)
[Prune] Removed 10 stale IDs (frame 600)
[Prune] Removed 24 stale IDs (frame 700)
[Prune] Removed 14 stale IDs (frame 800)
[Evidence] Saved evidence/1776348612_30s.jpg (238176 bytes, sha256:3b8f019b3aaba...)
[Prune] Removed 13 stale IDs (frame 900)
[Prune] Removed 11 stale IDs (frame 1000)
[Prune] Removed 14 stale IDs (frame 1100)
[Prune] Removed 22 stale IDs (frame 1200)
[Prune] Removed 2 stale IDs (frame 1300)
[Prune] Removed 5 stale IDs (frame 1400)
[Prune] Removed 8 stale IDs (frame 1500)
[Prune] Removed 10 stale IDs (frame 1600)
[Evidence] Saved evidence/1776348612_60s.jpg (195404 bytes, sha256:075c3f3363f70...)
[Prune] Removed 6 stale IDs (frame 1700)
[Prune] Removed 7 stale IDs (frame 1800)
[Prune] Removed 6 stale IDs (frame 1900)
[Prune] Removed 8 stale IDs (frame 2000)
[Prune] Removed 7 stale IDs (frame 2100)
[Prune] Removed 5 stale IDs (frame 2200)
[Prune] Removed 10 stale IDs (frame 2300)
[Prune] Removed 10 stale IDs (frame 2400)
[Evidence] Saved evidence/1776348612_90s.jpg (198644 bytes, sha256:8592c6642c235...)
[Prune] Removed 6 stale IDs (frame 2500)
[Prune] Removed 11 stale IDs (frame 2600)
[Prune] Removed 2 stale IDs (frame 2700)
[Prune] Removed 6 stale IDs (frame 2800)
[Prune] Removed 4 stale IDs (frame 2900)
[Prune] Removed 16 stale IDs (frame 3000)
[Prune] Removed 5 stale IDs (frame 3100)
[Prune] Removed 2 stale IDs (frame 3200)
[Prune] Removed 5 stale IDs (frame 3300)
[Evidence] Saved evidence/1776348612_120s.jpg (190978 bytes, sha256:6004be5dce715...)
[Prune] Removed 7 stale IDs (frame 3400)
[Prune] Removed 3 stale IDs (frame 3500)
[Prune] Removed 5 stale IDs (frame 3800)
[Prune] Removed 1 stale IDs (frame 3900)
[Prune] Removed 2 stale IDs (frame 4000)
[STATE] counting — market=0x9A8fC960... duration=150s round=17
[Evidence] Saved evidence/1776348612_150s.jpg (228331 bytes, sha256:6f4c96fa33c02...)
[Prune] Removed 1 stale IDs (frame 4200)
[Prune] Removed 2 stale IDs (frame 4300)
[Prune] Removed 3 stale IDs (frame 4400)
[Prune] Removed 4 stale IDs (frame 4500)
[Prune] Removed 2 stale IDs (frame 4600)
[Prune] Removed 5 stale IDs (frame 4700)
[Prune] Removed 1 stale IDs (frame 4800)
[Prune] Removed 4 stale IDs (frame 4900)
[Evidence] Saved evidence/1776348612_180s.jpg (225109 bytes, sha256:3565e73c22fcb...)
[Prune] Removed 3 stale IDs (frame 5000)
[Prune] Removed 3 stale IDs (frame 5100)
[Prune] Removed 5 stale IDs (frame 5200)
[Prune] Removed 1 stale IDs (frame 5300)
[Prune] Removed 4 stale IDs (frame 5400)
[Prune] Removed 6 stale IDs (frame 5500)
[Prune] Removed 4 stale IDs (frame 5600)
[Prune] Removed 12 stale IDs (frame 5700)
[Prune] Removed 18 stale IDs (frame 5800)
[Evidence] Saved evidence/1776348612_210s.jpg (225392 bytes, sha256:1372e90df3e0c...)
[Prune] Removed 15 stale IDs (frame 5900)
[Prune] Removed 20 stale IDs (frame 6000)
[Prune] Removed 9 stale IDs (frame 6100)
[Prune] Removed 13 stale IDs (frame 6200)
[Prune] Removed 10 stale IDs (frame 6300)
[Prune] Removed 3 stale IDs (frame 6400)
[Prune] Removed 9 stale IDs (frame 6500)
[Prune] Removed 2 stale IDs (frame 6600)
[Evidence] Saved evidence/1776348612_240s.jpg (227230 bytes, sha256:8e484426df764...)
[Prune] Removed 6 stale IDs (frame 6700)
[Prune] Removed 8 stale IDs (frame 6800)
[Prune] Removed 19 stale IDs (frame 6900)
[Prune] Removed 15 stale IDs (frame 7000)
[Prune] Removed 9 stale IDs (frame 7100)
[Prune] Removed 6 stale IDs (frame 7200)
[Prune] Removed 3 stale IDs (frame 7300)
[Prune] Removed 7 stale IDs (frame 7400)
[Evidence] Saved evidence/1776348612_270s.jpg (226060 bytes, sha256:6fa52e3bf1882...)
[Prune] Removed 7 stale IDs (frame 7500)
[Prune] Removed 2 stale IDs (frame 7600)
[Prune] Removed 4 stale IDs (frame 7700)
[Prune] Removed 5 stale IDs (frame 7800)
[Prune] Removed 7 stale IDs (frame 7900)
[Prune] Removed 1 stale IDs (frame 8000)
[Prune] Removed 5 stale IDs (frame 8100)
[Prune] Removed 4 stale IDs (frame 8200)
[Prune] Removed 4 stale IDs (frame 8300)
[Evidence] Saved evidence/1776348612_final.jpg (224555 bytes, sha256:5fad7aca1754c...)
[Evidence] Saved evidence/1776348612_final.jpg (224408 bytes, sha256:19777abe3c2e6...)
[Evidence] Saved evidence/1776348612_final.jpg (224447 bytes, sha256:5ca7ec6757435...)
[STATE] idle — round 17 complete: 32 vehicles
[Prune] Removed 6 stale IDs (frame 8400)
[Prune] Removed 8 stale IDs (frame 8500)
[Prune] Removed 3 stale IDs (frame 8600)
[Prune] Removed 2 stale IDs (frame 8700)
[Prune] Removed 7 stale IDs (frame 8800)
[Prune] Removed 1 stale IDs (frame 8900)
[Prune] Removed 2 stale IDs (frame 9000)
[Prune] Removed 4 stale IDs (frame 9100)
[2026-04-16 11:15:42] No round_complete via WS — reading result.json fallback
[2026-04-16 11:15:42] Count complete: 32 vehicles (in=0 out=32)
[Prune] Removed 4 stale IDs (frame 9200)
[2026-04-16 11:15:44] No bets placed — cancelling market
[Prune] Removed 3 stale IDs (frame 9300)
[2026-04-16 11:15:47] Market cancelled: 0x9A8fC96004DE64c5b68406BfBbf32992648D97e2 (tx: 78a3077ad3f62f841ce9fd25c6669006d066d1113a6597bf2c2f21355fb22c2d)
[2026-04-16 11:15:47] Ably publish OK: market_cancelled
[Prune] Removed 6 stale IDs (frame 9400)
[2026-04-16 11:15:50] Refunds distributed: 0x9A8fC96004DE64c5b68406BfBbf32992648D97e2 (tx: ee6ebafef70de4c82790084569ba7d5dfd72f456e9c6ab52d61ac6c50d96ccfd)
[2026-04-16 11:15:50] Ledger POST OK: {"ok":true}
[2026-04-16 11:15:50] New threshold: 30 (avg of [29, 32])
[2026-04-16 11:15:50] Waiting 15s before Round #18...
[Prune] Removed 4 stale IDs (frame 9500)
[Prune] Removed 5 stale IDs (frame 9600)
[Prune] Removed 3 stale IDs (frame 9700)
[Prune] Removed 5 stale IDs (frame 9800)
[2026-04-16 11:16:05] Round #18 | Levi Ski Resort — Finland | threshold=30
[2026-04-16 11:16:06] createMarket tx sent: d3a1e6006b43a6323a84a7f4349b5b627cfcc104b4a236ce2b8099175af24718
[Prune] Removed 6 stale IDs (frame 9900)
[2026-04-16 11:16:09] Market created: 0xde660f9bef64e9571f14c2b54126e579bD9Dda7C (tx: d3a1e6006b43a6323a84a7f4349b5b627cfcc104b4a236ce2b8099175af24718)
[2026-04-16 11:16:09] Ably publish OK: market_created
[2026-04-16 11:16:09] Counting vehicles for 150s...
[STATE] betting — market=0xde660f9b... bet=150s count=150s round=18
[LineZone] (295,570) -> (1276,335)
[Counter] Line: (579, 10) -> (701, 710)
[2026-04-16 11:16:09] [StreamClient] Round 18 started on stream_server
[Prune] Removed 1 stale IDs (frame 200)
[Prune] Removed 1 stale IDs (frame 300)
[Prune] Removed 6 stale IDs (frame 400)
[Prune] Removed 7 stale IDs (frame 500)
[Prune] Removed 4 stale IDs (frame 600)
[Prune] Removed 6 stale IDs (frame 700)
[Prune] Removed 3 stale IDs (frame 800)
[Evidence] Saved evidence/1776348969_30s.jpg (185739 bytes, sha256:37598047875a2...)
[Prune] Removed 2 stale IDs (frame 900)
[Prune] Removed 4 stale IDs (frame 1100)
[Prune] Removed 10 stale IDs (frame 1200)
[Prune] Removed 6 stale IDs (frame 1300)
[Prune] Removed 11 stale IDs (frame 1400)
[Prune] Removed 15 stale IDs (frame 1500)
[Prune] Removed 15 stale IDs (frame 1600)
[Evidence] Saved evidence/1776348969_60s.jpg (181001 bytes, sha256:44794bb02f8b1...)
[Prune] Removed 12 stale IDs (frame 1700)
[Prune] Removed 4 stale IDs (frame 1800)
[Prune] Removed 9 stale IDs (frame 1900)
[Prune] Removed 5 stale IDs (frame 2000)
[Prune] Removed 5 stale IDs (frame 2100)
[Prune] Removed 5 stale IDs (frame 2200)
[Prune] Removed 10 stale IDs (frame 2300)
[Prune] Removed 7 stale IDs (frame 2400)
[Prune] Removed 11 stale IDs (frame 2500)
[Evidence] Saved evidence/1776348969_90s.jpg (182181 bytes, sha256:2a15bcb02693f...)
[Prune] Removed 3 stale IDs (frame 2600)
[Prune] Removed 2 stale IDs (frame 2700)
[Prune] Removed 1 stale IDs (frame 2800)
[Prune] Removed 5 stale IDs (frame 2900)
[Prune] Removed 3 stale IDs (frame 3000)
[Prune] Removed 5 stale IDs (frame 3100)
[Prune] Removed 1 stale IDs (frame 3300)
[Evidence] Saved evidence/1776348969_120s.jpg (176480 bytes, sha256:62fb10f0ea1b7...)
[Prune] Removed 4 stale IDs (frame 3400)
[Prune] Removed 3 stale IDs (frame 3500)
[Prune] Removed 6 stale IDs (frame 3600)
[Prune] Removed 5 stale IDs (frame 3700)
[Prune] Removed 3 stale IDs (frame 3800)
[Prune] Removed 5 stale IDs (frame 4000)
[Prune] Removed 10 stale IDs (frame 4100)
[Prune] Removed 9 stale IDs (frame 4200)
[STATE] counting — market=0xde660f9b... duration=150s round=18
[Evidence] Saved evidence/1776348969_150s.jpg (172712 bytes, sha256:3dd5021a0ee0e...)
[Prune] Removed 11 stale IDs (frame 4300)
[Prune] Removed 3 stale IDs (frame 4400)
[Prune] Removed 8 stale IDs (frame 4500)
[Prune] Removed 4 stale IDs (frame 4600)
[Prune] Removed 4 stale IDs (frame 4700)
[Prune] Removed 21 stale IDs (frame 4800)
[Prune] Removed 8 stale IDs (frame 4900)
[Prune] Removed 6 stale IDs (frame 5000)
[Evidence] Saved evidence/1776348969_180s.jpg (171605 bytes, sha256:5c2e4a0ebee4a...)
[Prune] Removed 12 stale IDs (frame 5100)
[Prune] Removed 9 stale IDs (frame 5200)
[Prune] Removed 9 stale IDs (frame 5300)
[Prune] Removed 6 stale IDs (frame 5400)
[Prune] Removed 5 stale IDs (frame 5500)
[Prune] Removed 4 stale IDs (frame 5700)
[Prune] Removed 5 stale IDs (frame 5800)
[Prune] Removed 2 stale IDs (frame 5900)
[Evidence] Saved evidence/1776348969_210s.jpg (167767 bytes, sha256:f52d7ad3ded8e...)
[Prune] Removed 4 stale IDs (frame 6000)
[Prune] Removed 1 stale IDs (frame 6100)
[Prune] Removed 2 stale IDs (frame 6200)
[Prune] Removed 4 stale IDs (frame 6300)
[Prune] Removed 8 stale IDs (frame 6400)
[Prune] Removed 11 stale IDs (frame 6500)
[Prune] Removed 8 stale IDs (frame 6600)
[WS] Client connected (3 total)
[WS] Client disconnected (2 total)
connection handler failed
Traceback (most recent call last):
  File "/home/lumen/miniconda3/lib/python3.13/asyncio/selector_events.py", line 1067, in write
    n = self._sock.send(data)
ConnectionResetError: [Errno 104] Connection reset by peer

The above exception was the direct cause of the following exception:

Traceback (most recent call last):
  File "/home/lumen/miniconda3/lib/python3.13/site-packages/websockets/asyncio/server.py", line 376, in conn_handler
    await self.handler(connection)
  File "/home/lumen/.gemini/antigravity/scratch/rush/oracle/stream_server.py", line 1261, in handler
    async for msg in ws:
    ...<37 lines>...
            pass
  File "/home/lumen/miniconda3/lib/python3.13/site-packages/websockets/asyncio/connection.py", line 242, in __aiter__
    yield await self.recv()
          ^^^^^^^^^^^^^^^^^
  File "/home/lumen/miniconda3/lib/python3.13/site-packages/websockets/asyncio/connection.py", line 322, in recv
    raise self.protocol.close_exc from self.recv_exc
websockets.exceptions.ConnectionClosedError: no close frame received or sent
[WS] Client connected (3 total)
[Prune] Removed 7 stale IDs (frame 6700)
[WS] Client disconnected (2 total)
connection handler failed
Traceback (most recent call last):
  File "/home/lumen/miniconda3/lib/python3.13/asyncio/selector_events.py", line 1067, in write
    n = self._sock.send(data)
BrokenPipeError: [Errno 32] Broken pipe

The above exception was the direct cause of the following exception:

Traceback (most recent call last):
  File "/home/lumen/miniconda3/lib/python3.13/site-packages/websockets/asyncio/server.py", line 376, in conn_handler
    await self.handler(connection)
  File "/home/lumen/.gemini/antigravity/scratch/rush/oracle/stream_server.py", line 1261, in handler
    async for msg in ws:
    ...<37 lines>...
            pass
  File "/home/lumen/miniconda3/lib/python3.13/site-packages/websockets/asyncio/connection.py", line 242, in __aiter__
    yield await self.recv()
          ^^^^^^^^^^^^^^^^^
  File "/home/lumen/miniconda3/lib/python3.13/site-packages/websockets/asyncio/connection.py", line 322, in recv
    raise self.protocol.close_exc from self.recv_exc
websockets.exceptions.ConnectionClosedError: no close frame received or sent
[Evidence] Saved evidence/1776348969_240s.jpg (167137 bytes, sha256:1972be7915b23...)
[Prune] Removed 4 stale IDs (frame 6800)
[Prune] Removed 3 stale IDs (frame 6900)
[Prune] Removed 1 stale IDs (frame 7000)
[Prune] Removed 1 stale IDs (frame 7100)
[Prune] Removed 3 stale IDs (frame 7200)
[Prune] Removed 8 stale IDs (frame 7300)
[Prune] Removed 3 stale IDs (frame 7400)
[Prune] Removed 3 stale IDs (frame 7500)
[Evidence] Saved evidence/1776348969_270s.jpg (166436 bytes, sha256:c2da46be302a0...)
[Prune] Removed 1 stale IDs (frame 7700)
[Prune] Removed 4 stale IDs (frame 7800)
[Prune] Removed 2 stale IDs (frame 7900)
[Prune] Removed 7 stale IDs (frame 8000)
[Prune] Removed 9 stale IDs (frame 8100)
[Prune] Removed 5 stale IDs (frame 8200)
[Prune] Removed 1 stale IDs (frame 8300)
[Prune] Removed 6 stale IDs (frame 8400)
[Evidence] Saved evidence/1776348969_final.jpg (160106 bytes, sha256:635042a6b0052...)
[Evidence] Saved evidence/1776348969_final.jpg (159929 bytes, sha256:1c497dc38a112...)
[Evidence] Saved evidence/1776348969_final.jpg (160113 bytes, sha256:8df21e84ce1b3...)
[Evidence] Saved evidence/1776348969_final.jpg (160115 bytes, sha256:86f42245ac930...)
[STATE] idle — round 18 complete: 22 vehicles
[Prune] Removed 3 stale IDs (frame 8500)
[Prune] Removed 6 stale IDs (frame 8600)
[Prune] Removed 12 stale IDs (frame 8700)
[Prune] Removed 9 stale IDs (frame 8800)
[Prune] Removed 5 stale IDs (frame 8900)
[Prune] Removed 8 stale IDs (frame 9000)
[Prune] Removed 8 stale IDs (frame 9100)
[Prune] Removed 6 stale IDs (frame 9200)
[Prune] Removed 2 stale IDs (frame 9300)
[2026-04-16 11:21:39] No round_complete via WS — reading result.json fallback
[2026-04-16 11:21:39] Count complete: 22 vehicles (in=0 out=22)
[Prune] Removed 7 stale IDs (frame 9400)
[2026-04-16 11:21:41] No bets placed — cancelling market
[2026-04-16 11:21:42] Market cancelled: 0xde660f9bef64e9571f14c2b54126e579bD9Dda7C (tx: 5e1c67f3f26c978dea20746ff4330bb1f772f3e04f331ed3e3bc0b142cffa98e)
[2026-04-16 11:21:42] Ably publish OK: market_cancelled
[2026-04-16 11:21:43] Refunds distributed: 0xde660f9bef64e9571f14c2b54126e579bD9Dda7C (tx: e6f0ea6c8f3279d412117897212a29fd2d575280eb925ec0b92dc4ec72ee14b2)
[2026-04-16 11:21:43] Ledger POST failed (non-fatal): HTTP Error 400: Bad Request
[2026-04-16 11:21:43] New threshold: 27 (avg of [32, 22])
[2026-04-16 11:21:43] Waiting 15s before Round #19...
[Prune] Removed 5 stale IDs (frame 9500)
[Prune] Removed 6 stale IDs (frame 9600)
[Prune] Removed 6 stale IDs (frame 9700)
[Prune] Removed 3 stale IDs (frame 9800)
[2026-04-16 11:21:58] Round #19 | Levi Ski Resort — Finland | threshold=27
[2026-04-16 11:22:00] createMarket tx sent: d65a4947f9c05d47c20221b863ab8d5a1e40b4ff0783c1862b344aa8624c4a56
[2026-04-16 11:22:02] Market created: 0xcBdaaF5296F69232078beD85817b49f866Bd86Bb (tx: d65a4947f9c05d47c20221b863ab8d5a1e40b4ff0783c1862b344aa8624c4a56)
[Prune] Removed 1 stale IDs (frame 10000)
[2026-04-16 11:22:03] Ably publish OK: market_created
[2026-04-16 11:22:03] Counting vehicles for 150s...
[STATE] betting — market=0xcBdaaF52... bet=150s count=150s round=19
[LineZone] (295,570) -> (1276,335)
[Counter] Line: (579, 10) -> (701, 710)
[2026-04-16 11:22:03] [StreamClient] Round 19 started on stream_server
[Prune] Removed 2 stale IDs (frame 200)
[Prune] Removed 5 stale IDs (frame 300)
[Prune] Removed 3 stale IDs (frame 400)
[Prune] Removed 1 stale IDs (frame 500)
[Prune] Removed 3 stale IDs (frame 600)
[Prune] Removed 4 stale IDs (frame 700)
[Evidence] Saved evidence/1776349323_30s.jpg (162196 bytes, sha256:e3c5709126462...)
[Prune] Removed 8 stale IDs (frame 900)
[Prune] Removed 2 stale IDs (frame 1000)
[Prune] Removed 5 stale IDs (frame 1100)
[Prune] Removed 4 stale IDs (frame 1200)
[Prune] Removed 7 stale IDs (frame 1300)
[Prune] Removed 17 stale IDs (frame 1400)
[Prune] Removed 16 stale IDs (frame 1500)
[Prune] Removed 10 stale IDs (frame 1600)
[Prune] Removed 10 stale IDs (frame 1700)
[Evidence] Saved evidence/1776349323_60s.jpg (162597 bytes, sha256:d6b0507251bd6...)
[Prune] Removed 12 stale IDs (frame 1800)
[Prune] Removed 5 stale IDs (frame 1900)
[Prune] Removed 5 stale IDs (frame 2000)
[Prune] Removed 5 stale IDs (frame 2100)
[Prune] Removed 5 stale IDs (frame 2200)
[Prune] Removed 7 stale IDs (frame 2300)
[Prune] Removed 6 stale IDs (frame 2400)
[Prune] Removed 4 stale IDs (frame 2500)
[Evidence] Saved evidence/1776349323_90s.jpg (162178 bytes, sha256:6b46a33811279...)
[Prune] Removed 9 stale IDs (frame 2600)
[Prune] Removed 12 stale IDs (frame 2700)
[Prune] Removed 5 stale IDs (frame 2800)
[Prune] Removed 9 stale IDs (frame 2900)
[Prune] Removed 7 stale IDs (frame 3000)
[Prune] Removed 11 stale IDs (frame 3100)
[Prune] Removed 7 stale IDs (frame 3200)
[Prune] Removed 9 stale IDs (frame 3300)
[Prune] Removed 4 stale IDs (frame 3400)
[Evidence] Saved evidence/1776349323_120s.jpg (161933 bytes, sha256:4a778f2b37945...)
[Prune] Removed 6 stale IDs (frame 3500)
[Prune] Removed 6 stale IDs (frame 3600)
[Prune] Removed 3 stale IDs (frame 3700)
[Prune] Removed 2 stale IDs (frame 3800)
[Prune] Removed 6 stale IDs (frame 3900)
[Prune] Removed 3 stale IDs (frame 4000)
[Prune] Removed 4 stale IDs (frame 4100)
[Prune] Removed 10 stale IDs (frame 4200)
[STATE] counting — market=0xcBdaaF52... duration=150s round=19
[Evidence] Saved evidence/1776349323_150s.jpg (160584 bytes, sha256:34387f0374f8b...)
[Prune] Removed 5 stale IDs (frame 4300)
[Prune] Removed 2 stale IDs (frame 4400)
[Prune] Removed 1 stale IDs (frame 4500)
[Prune] Removed 6 stale IDs (frame 4600)
[Prune] Removed 1 stale IDs (frame 4700)
[Evidence] Saved evidence/1776349323_180s.jpg (159706 bytes, sha256:d3280c48a0c64...)
[Prune] Removed 1 stale IDs (frame 5200)
[Prune] Removed 1 stale IDs (frame 5500)
[Prune] Removed 1 stale IDs (frame 5600)
[Prune] Removed 1 stale IDs (frame 5700)
[Prune] Removed 5 stale IDs (frame 5800)
[Prune] Removed 6 stale IDs (frame 5900)
[Evidence] Saved evidence/1776349323_210s.jpg (161527 bytes, sha256:34b75c9190156...)
[Prune] Removed 2 stale IDs (frame 6000)
[Prune] Removed 2 stale IDs (frame 6100)
[Prune] Removed 3 stale IDs (frame 6200)
[Prune] Removed 5 stale IDs (frame 6300)
[Prune] Removed 6 stale IDs (frame 6400)
[Prune] Removed 5 stale IDs (frame 6500)
[Prune] Removed 15 stale IDs (frame 6600)
[Prune] Removed 19 stale IDs (frame 6700)
[Evidence] Saved evidence/1776349323_240s.jpg (192756 bytes, sha256:5dc3383525fbd...)
[Prune] Removed 15 stale IDs (frame 6800)
[Prune] Removed 12 stale IDs (frame 6900)
[Prune] Removed 18 stale IDs (frame 7000)
[Prune] Removed 11 stale IDs (frame 7100)
[Prune] Removed 7 stale IDs (frame 7200)
[Prune] Removed 7 stale IDs (frame 7300)
[Prune] Removed 10 stale IDs (frame 7400)
[Prune] Removed 9 stale IDs (frame 7500)
[Prune] Removed 2 stale IDs (frame 7600)
[Evidence] Saved evidence/1776349323_270s.jpg (181730 bytes, sha256:a57314807858d...)
[Prune] Removed 3 stale IDs (frame 7700)
[Prune] Removed 4 stale IDs (frame 7800)
[Prune] Removed 4 stale IDs (frame 7900)
[Prune] Removed 2 stale IDs (frame 8000)
[Prune] Removed 7 stale IDs (frame 8100)
[Prune] Removed 5 stale IDs (frame 8200)
[Prune] Removed 9 stale IDs (frame 8300)
[Prune] Removed 10 stale IDs (frame 8400)
[Evidence] Saved evidence/1776349323_final.jpg (185905 bytes, sha256:9d5b84e2139a2...)
[Evidence] Saved evidence/1776349323_final.jpg (185909 bytes, sha256:46e66450e1f15...)
[Evidence] Saved evidence/1776349323_final.jpg (185893 bytes, sha256:cacdbb8e627d7...)
[STATE] idle — round 19 complete: 18 vehicles
[Prune] Removed 10 stale IDs (frame 8500)
[Prune] Removed 7 stale IDs (frame 8600)
[Prune] Removed 5 stale IDs (frame 8700)
[Prune] Removed 14 stale IDs (frame 8800)
[Prune] Removed 13 stale IDs (frame 8900)
[Prune] Removed 10 stale IDs (frame 9000)
[Prune] Removed 8 stale IDs (frame 9100)
[Prune] Removed 6 stale IDs (frame 9200)
[Prune] Removed 4 stale IDs (frame 9300)
[2026-04-16 11:27:33] No round_complete via WS — reading result.json fallback
[2026-04-16 11:27:33] Count complete: 18 vehicles (in=0 out=18)
[Prune] Removed 3 stale IDs (frame 9400)
[2026-04-16 11:27:34] No bets placed — cancelling market
[2026-04-16 11:27:35] Market cancelled: 0xcBdaaF5296F69232078beD85817b49f866Bd86Bb (tx: 7460ece27addb197995eb6d94fa0c8386299a4fb0774b65045b73d8280a256c1)
[2026-04-16 11:27:35] Ably publish OK: market_cancelled
[Prune] Removed 2 stale IDs (frame 9500)
[2026-04-16 11:27:38] Refunds distributed: 0xcBdaaF5296F69232078beD85817b49f866Bd86Bb (tx: a50a42bf44725655fec839c90853d5603ded4bbbffa98114c5e696220b291c7c)
[2026-04-16 11:27:39] Ledger POST OK: {"ok":true}
[2026-04-16 11:27:39] New threshold: 20 (avg of [22, 18])
[2026-04-16 11:27:39] Waiting 15s before Round #20...
[Prune] Removed 2 stale IDs (frame 9700)
[Prune] Removed 9 stale IDs (frame 9800)
[Prune] Removed 11 stale IDs (frame 9900)
[2026-04-16 11:27:54] Round #20 | Levi Ski Resort — Finland | threshold=20
[2026-04-16 11:27:55] createMarket tx sent: dad7a35c071331a7f4e86ed63b900bacf463c72764602149b1c899a45d7a519a
[Prune] Removed 13 stale IDs (frame 10000)
[2026-04-16 11:27:57] Market created: 0xe718aEf014719c7fa58C1656ceBe2620dd768608 (tx: dad7a35c071331a7f4e86ed63b900bacf463c72764602149b1c899a45d7a519a)
[2026-04-16 11:27:58] Ably publish OK: market_created
[2026-04-16 11:27:58] Counting vehicles for 150s...
[STATE] betting — market=0xe718aEf0... bet=150s count=150s round=20
[2026-04-16 11:27:58] [StreamClient] Round 20 started on stream_server
[LineZone] (295,570) -> (1276,335)
[Counter] Line: (579, 10) -> (701, 710)
[Prune] Removed 2 stale IDs (frame 100)
[Prune] Removed 15 stale IDs (frame 200)
[Prune] Removed 9 stale IDs (frame 300)
[Prune] Removed 12 stale IDs (frame 400)
[Prune] Removed 6 stale IDs (frame 500)
[Prune] Removed 13 stale IDs (frame 600)
[Prune] Removed 15 stale IDs (frame 700)
[Prune] Removed 4 stale IDs (frame 800)
[Evidence] Saved evidence/1776349678_30s.jpg (178481 bytes, sha256:6c9517c19cee3...)
[Prune] Removed 5 stale IDs (frame 900)
[Prune] Removed 5 stale IDs (frame 1000)
[Prune] Removed 12 stale IDs (frame 1100)
[Prune] Removed 1 stale IDs (frame 1300)
[Prune] Removed 3 stale IDs (frame 1400)
[Prune] Removed 2 stale IDs (frame 1500)
[Prune] Removed 3 stale IDs (frame 1600)
[Prune] Removed 4 stale IDs (frame 1700)
[Evidence] Saved evidence/1776349678_60s.jpg (179387 bytes, sha256:fcbf146836485...)
[Prune] Removed 5 stale IDs (frame 1900)
[Prune] Removed 8 stale IDs (frame 2000)
[Prune] Removed 6 stale IDs (frame 2100)
[Prune] Removed 6 stale IDs (frame 2200)
[Prune] Removed 6 stale IDs (frame 2300)
[Prune] Removed 9 stale IDs (frame 2400)
[Prune] Removed 7 stale IDs (frame 2500)
[Evidence] Saved evidence/1776349678_90s.jpg (181379 bytes, sha256:d78d328b43cee...)
[Prune] Removed 5 stale IDs (frame 2600)
[Prune] Removed 1 stale IDs (frame 2700)
[Prune] Removed 3 stale IDs (frame 2800)
[Prune] Removed 7 stale IDs (frame 2900)
[Prune] Removed 5 stale IDs (frame 3000)
[Prune] Removed 15 stale IDs (frame 3100)
[Prune] Removed 10 stale IDs (frame 3200)
[Prune] Removed 7 stale IDs (frame 3300)
[Prune] Removed 2 stale IDs (frame 3400)
[Evidence] Saved evidence/1776349678_120s.jpg (182875 bytes, sha256:a01ebf3c8b0e4...)
[Prune] Removed 1 stale IDs (frame 3500)
[Prune] Removed 8 stale IDs (frame 3600)
[Prune] Removed 15 stale IDs (frame 3700)
[Prune] Removed 9 stale IDs (frame 3800)
[Prune] Removed 2 stale IDs (frame 3900)
[Prune] Removed 1 stale IDs (frame 4000)
[Prune] Removed 8 stale IDs (frame 4100)
[Prune] Removed 11 stale IDs (frame 4200)
[STATE] counting — market=0xe718aEf0... duration=150s round=20
[Prune] Removed 8 stale IDs (frame 4300)
[Evidence] Saved evidence/1776349678_150s.jpg (164318 bytes, sha256:090162286154c...)
[Prune] Removed 5 stale IDs (frame 4400)
[Prune] Removed 6 stale IDs (frame 4500)
[Prune] Removed 9 stale IDs (frame 4600)
[Prune] Removed 10 stale IDs (frame 4700)
[Prune] Removed 4 stale IDs (frame 4800)
[Prune] Removed 4 stale IDs (frame 4900)
[Prune] Removed 1 stale IDs (frame 5000)
[Prune] Removed 1 stale IDs (frame 5100)
[Evidence] Saved evidence/1776349678_180s.jpg (166846 bytes, sha256:367a69bd8af25...)
[Prune] Removed 1 stale IDs (frame 5200)
[Prune] Removed 1 stale IDs (frame 5300)
[Prune] Removed 4 stale IDs (frame 5400)
[Prune] Removed 6 stale IDs (frame 5500)
[Prune] Removed 6 stale IDs (frame 5600)
[Prune] Removed 2 stale IDs (frame 5700)
[Prune] Removed 2 stale IDs (frame 5800)
[Prune] Removed 3 stale IDs (frame 5900)
[Prune] Removed 4 stale IDs (frame 6000)
[Evidence] Saved evidence/1776349678_210s.jpg (165162 bytes, sha256:2b0985d491d90...)
[Prune] Removed 6 stale IDs (frame 6100)
[Prune] Removed 6 stale IDs (frame 6200)
[Prune] Removed 5 stale IDs (frame 6300)
[Prune] Removed 2 stale IDs (frame 6400)
[Prune] Removed 1 stale IDs (frame 6500)
[Prune] Removed 1 stale IDs (frame 6600)
[Prune] Removed 2 stale IDs (frame 6700)
[Prune] Removed 3 stale IDs (frame 6800)
[Evidence] Saved evidence/1776349678_240s.jpg (192317 bytes, sha256:246e9060c34eb...)
[Prune] Removed 1 stale IDs (frame 6900)
[Prune] Removed 2 stale IDs (frame 7000)
[Prune] Removed 3 stale IDs (frame 7100)
[Prune] Removed 4 stale IDs (frame 7200)
[Prune] Removed 5 stale IDs (frame 7300)
[Prune] Removed 3 stale IDs (frame 7400)
[Prune] Removed 3 stale IDs (frame 7500)
[Evidence] Saved evidence/1776349678_270s.jpg (162335 bytes, sha256:17eec17aee143...)
[Prune] Removed 1 stale IDs (frame 7800)
[Prune] Removed 1 stale IDs (frame 7900)
[Prune] Removed 1 stale IDs (frame 8000)
[Prune] Removed 4 stale IDs (frame 8300)
[Prune] Removed 5 stale IDs (frame 8400)
[Prune] Removed 4 stale IDs (frame 8500)
[Prune] Removed 2 stale IDs (frame 8600)
[Evidence] Saved evidence/1776349678_final.jpg (161006 bytes, sha256:78638833f8d7e...)
[Evidence] Saved evidence/1776349678_final.jpg (160973 bytes, sha256:d9e38a56a5d18...)
[Evidence] Saved evidence/1776349678_final.jpg (161012 bytes, sha256:18f317cf09944...)
[STATE] idle — round 20 complete: 15 vehicles
[Prune] Removed 3 stale IDs (frame 8700)
[Prune] Removed 8 stale IDs (frame 9000)
[Prune] Removed 12 stale IDs (frame 9100)
[Prune] Removed 6 stale IDs (frame 9200)
[Prune] Removed 11 stale IDs (frame 9300)
[Prune] Removed 13 stale IDs (frame 9400)
[2026-04-16 11:33:28] No round_complete via WS — reading result.json fallback
[2026-04-16 11:33:28] Count complete: 15 vehicles (in=0 out=15)
[Prune] Removed 4 stale IDs (frame 9500)
[2026-04-16 11:33:29] No bets placed — cancelling market
[2026-04-16 11:33:32] Market cancelled: 0xe718aEf014719c7fa58C1656ceBe2620dd768608 (tx: e28480c803e9ca2c4aefcb29e3d741b1c975ef8b07a849be9f499b0e9e60ad09)
[2026-04-16 11:33:32] Ably publish OK: market_cancelled
[2026-04-16 11:33:35] Refunds distributed: 0xe718aEf014719c7fa58C1656ceBe2620dd768608 (tx: 95f877e04c1145f79c8cda0b076f1c16af05da517ac6c73f7016e8a0e46828e1)
[2026-04-16 11:33:36] Ledger POST failed (non-fatal): HTTP Error 400: Bad Request
[2026-04-16 11:33:36] New threshold: 16 (avg of [18, 15])
[2026-04-16 11:33:36] Waiting 15s before Round #21...
[Prune] Removed 2 stale IDs (frame 9700)
[Prune] Removed 3 stale IDs (frame 9800)
[2026-04-16 11:33:51] Round #21 | Levi Ski Resort — Finland | threshold=16
[2026-04-16 11:33:52] createMarket tx sent: a69d6d3fc065a9cf5393542f677351ad9c98d8e6aee3ff99a1dc3fd7de98e457
[Prune] Removed 3 stale IDs (frame 10200)
[2026-04-16 11:33:54] Market created: 0xCCbdDAA71CBBF559DE6b69a992A037c9C0b8C181 (tx: a69d6d3fc065a9cf5393542f677351ad9c98d8e6aee3ff99a1dc3fd7de98e457)
[2026-04-16 11:33:55] Ably publish OK: market_created
[2026-04-16 11:33:55] Counting vehicles for 150s...
[STATE] betting — market=0xCCbdDAA7... bet=150s count=150s round=21
[LineZone] (295,570) -> (1276,335)
[Counter] Line: (579, 10) -> (701, 710)
[2026-04-16 11:33:55] [StreamClient] Round 21 started on stream_server
[Prune] Removed 4 stale IDs (frame 200)
[Prune] Removed 3 stale IDs (frame 300)
[Prune] Removed 1 stale IDs (frame 400)
[Prune] Removed 3 stale IDs (frame 500)
[Prune] Removed 1 stale IDs (frame 700)
[Prune] Removed 3 stale IDs (frame 800)
[Evidence] Saved evidence/1776350035_30s.jpg (178776 bytes, sha256:df3460819a66b...)
[Prune] Removed 1 stale IDs (frame 900)
[Prune] Removed 1 stale IDs (frame 1000)
[Prune] Removed 5 stale IDs (frame 1100)
[Prune] Removed 7 stale IDs (frame 1200)
[Prune] Removed 5 stale IDs (frame 1300)
[Prune] Removed 5 stale IDs (frame 1400)
[Prune] Removed 9 stale IDs (frame 1500)
[Prune] Removed 3 stale IDs (frame 1600)
[Prune] Removed 5 stale IDs (frame 1700)
[Evidence] Saved evidence/1776350035_60s.jpg (167956 bytes, sha256:76516542976ed...)
[Prune] Removed 7 stale IDs (frame 1800)
[Prune] Removed 6 stale IDs (frame 1900)
[Prune] Removed 8 stale IDs (frame 2000)
[Prune] Removed 14 stale IDs (frame 2100)
[Prune] Removed 11 stale IDs (frame 2200)
[Prune] Removed 8 stale IDs (frame 2300)
[Prune] Removed 4 stale IDs (frame 2400)
[WS] Client connected (2 total)
[Evidence] Saved evidence/1776350035_90s.jpg (166006 bytes, sha256:8df5fce048e3f...)
[Prune] Removed 1 stale IDs (frame 2600)
[Prune] Removed 4 stale IDs (frame 2800)
[Prune] Removed 5 stale IDs (frame 2900)
[Prune] Removed 8 stale IDs (frame 3000)
[Prune] Removed 3 stale IDs (frame 3100)
[Prune] Removed 6 stale IDs (frame 3200)
[Prune] Removed 15 stale IDs (frame 3300)
[Prune] Removed 8 stale IDs (frame 3400)
[Evidence] Saved evidence/1776350035_120s.jpg (195988 bytes, sha256:34b5dcb88222d...)
[Prune] Removed 5 stale IDs (frame 3500)
[WS] Client disconnected (1 total)
connection handler failed
Traceback (most recent call last):
  File "/home/lumen/miniconda3/lib/python3.13/asyncio/selector_events.py", line 1067, in write
    n = self._sock.send(data)
BrokenPipeError: [Errno 32] Broken pipe

The above exception was the direct cause of the following exception:

Traceback (most recent call last):
  File "/home/lumen/miniconda3/lib/python3.13/site-packages/websockets/asyncio/server.py", line 376, in conn_handler
    await self.handler(connection)
  File "/home/lumen/.gemini/antigravity/scratch/rush/oracle/stream_server.py", line 1261, in handler
    async for msg in ws:
    ...<37 lines>...
            pass
  File "/home/lumen/miniconda3/lib/python3.13/site-packages/websockets/asyncio/connection.py", line 242, in __aiter__
    yield await self.recv()
          ^^^^^^^^^^^^^^^^^
  File "/home/lumen/miniconda3/lib/python3.13/site-packages/websockets/asyncio/connection.py", line 322, in recv
    raise self.protocol.close_exc from self.recv_exc
websockets.exceptions.ConnectionClosedError: no close frame received or sent
[Prune] Removed 15 stale IDs (frame 3600)
[Prune] Removed 21 stale IDs (frame 3700)
[Prune] Removed 16 stale IDs (frame 3800)
[Prune] Removed 23 stale IDs (frame 3900)
[Prune] Removed 14 stale IDs (frame 4000)
[Prune] Removed 7 stale IDs (frame 4100)
[Prune] Removed 4 stale IDs (frame 4200)
[STATE] counting — market=0xCCbdDAA7... duration=150s round=21
[Evidence] Saved evidence/1776350035_150s.jpg (217995 bytes, sha256:9cf19158458ae...)
[Prune] Removed 8 stale IDs (frame 4300)
[Prune] Removed 1 stale IDs (frame 4400)
[Prune] Removed 7 stale IDs (frame 4500)
[Prune] Removed 9 stale IDs (frame 4600)
[Prune] Removed 1 stale IDs (frame 4700)
[Prune] Removed 5 stale IDs (frame 4800)
[Prune] Removed 2 stale IDs (frame 4900)
[Evidence] Saved evidence/1776350035_180s.jpg (216690 bytes, sha256:09628c3bf8185...)
[Prune] Removed 8 stale IDs (frame 5200)
[Prune] Removed 9 stale IDs (frame 5300)
[Prune] Removed 4 stale IDs (frame 5400)
[Prune] Removed 4 stale IDs (frame 5500)
[Prune] Removed 6 stale IDs (frame 5600)
[Prune] Removed 4 stale IDs (frame 5700)
[Prune] Removed 8 stale IDs (frame 5800)
[Prune] Removed 15 stale IDs (frame 5900)
[Evidence] Saved evidence/1776350035_210s.jpg (219054 bytes, sha256:1caa248f854ae...)
[Prune] Removed 3 stale IDs (frame 6000)
[Prune] Removed 2 stale IDs (frame 6100)
[Prune] Removed 3 stale IDs (frame 6200)
[Prune] Removed 3 stale IDs (frame 6300)
[Prune] Removed 9 stale IDs (frame 6400)
[Prune] Removed 2 stale IDs (frame 6500)
[Prune] Removed 4 stale IDs (frame 6600)
[Prune] Removed 11 stale IDs (frame 6700)
[Prune] Removed 13 stale IDs (frame 6800)
[Evidence] Saved evidence/1776350035_240s.jpg (214253 bytes, sha256:e8802ae72b44d...)
[Prune] Removed 10 stale IDs (frame 6900)
[Prune] Removed 3 stale IDs (frame 7000)
[Prune] Removed 3 stale IDs (frame 7100)
[Prune] Removed 1 stale IDs (frame 7200)
[Prune] Removed 1 stale IDs (frame 7300)
[Prune] Removed 3 stale IDs (frame 7500)
[Prune] Removed 4 stale IDs (frame 7600)
[Evidence] Saved evidence/1776350035_270s.jpg (174902 bytes, sha256:eb29f3b54243a...)
[Prune] Removed 4 stale IDs (frame 7700)
[Prune] Removed 3 stale IDs (frame 7800)
[Prune] Removed 2 stale IDs (frame 7900)
[Prune] Removed 2 stale IDs (frame 8000)
[Prune] Removed 5 stale IDs (frame 8300)
[Evidence] Saved evidence/1776350035_final.jpg (158424 bytes, sha256:c6a855d7a74ce...)
[Evidence] Saved evidence/1776350035_final.jpg (158326 bytes, sha256:0857d33b29dbf...)
[Evidence] Saved evidence/1776350035_final.jpg (158298 bytes, sha256:4fc6a31aadfea...)
[Evidence] Saved evidence/1776350035_final.jpg (158284 bytes, sha256:cf7c142cf1619...)
[STATE] idle — round 21 complete: 21 vehicles
[Prune] Removed 1 stale IDs (frame 8700)
[Prune] Removed 1 stale IDs (frame 8800)
[Prune] Removed 1 stale IDs (frame 8900)
[Prune] Removed 1 stale IDs (frame 9100)
[2026-04-16 11:39:25] No round_complete via WS — reading result.json fallback
[2026-04-16 11:39:25] Count complete: 21 vehicles (in=0 out=21)
[2026-04-16 11:39:26] No bets placed — cancelling market
[2026-04-16 11:39:29] Market cancelled: 0xCCbdDAA71CBBF559DE6b69a992A037c9C0b8C181 (tx: cb461b64c7ef963e3af8329cf198251293cdc169eef6903648ee973797a4099d)
[2026-04-16 11:39:29] Ably publish OK: market_cancelled
[2026-04-16 11:39:30] Refunds distributed: 0xCCbdDAA71CBBF559DE6b69a992A037c9C0b8C181 (tx: ffcf13db49511079f266db8e18c8f1724664c39a6c3f4e9777051de2d93f242f)
[2026-04-16 11:39:30] Ledger POST failed (non-fatal): HTTP Error 400: Bad Request
[2026-04-16 11:39:30] New threshold: 18 (avg of [15, 21])
[2026-04-16 11:39:30] Waiting 15s before Round #22...
[Prune] Removed 1 stale IDs (frame 9800)
[WS] Client connected (2 total)
[2026-04-16 11:39:45] Round #22 | Levi Ski Resort — Finland | threshold=18
[Prune] Removed 1 stale IDs (frame 10000)
[2026-04-16 11:39:46] createMarket tx sent: 60bb8d9d7688eb5c9b5056f0d925ffaad18acfb3cb679c41656463ab2019d8ca
[2026-04-16 11:39:49] Market created: 0xF6be086E9eC12E6fE9CAfE7c594f05912c29E6A7 (tx: 60bb8d9d7688eb5c9b5056f0d925ffaad18acfb3cb679c41656463ab2019d8ca)
[2026-04-16 11:39:49] Ably publish OK: market_created
[2026-04-16 11:39:49] Counting vehicles for 150s...
[STATE] betting — market=0xF6be086E... bet=150s count=150s round=22
[LineZone] (295,570) -> (1276,335)
[Counter] Line: (579, 10) -> (701, 710)
[2026-04-16 11:39:49] [StreamClient] Round 22 started on stream_server
[Prune] Removed 1 stale IDs (frame 200)
[Prune] Removed 2 stale IDs (frame 300)
[Prune] Removed 2 stale IDs (frame 400)
[Prune] Removed 14 stale IDs (frame 500)
[Prune] Removed 17 stale IDs (frame 600)
[Prune] Removed 24 stale IDs (frame 700)
[Prune] Removed 8 stale IDs (frame 800)
[Evidence] Saved evidence/1776350389_30s.jpg (207065 bytes, sha256:54f05158ed2bc...)
[Prune] Removed 2 stale IDs (frame 900)
[Prune] Removed 2 stale IDs (frame 1000)
[Prune] Removed 2 stale IDs (frame 1100)
[Prune] Removed 1 stale IDs (frame 1400)
[Prune] Removed 1 stale IDs (frame 1600)
[Evidence] Saved evidence/1776350389_60s.jpg (209096 bytes, sha256:fc122ad27c234...)
[Prune] Removed 1 stale IDs (frame 1700)
[Prune] Removed 3 stale IDs (frame 1800)
[Prune] Removed 3 stale IDs (frame 2000)
[Prune] Removed 5 stale IDs (frame 2100)
[Prune] Removed 13 stale IDs (frame 2200)
[Prune] Removed 12 stale IDs (frame 2300)
[Prune] Removed 2 stale IDs (frame 2400)
[Prune] Removed 15 stale IDs (frame 2500)
[Evidence] Saved evidence/1776350389_90s.jpg (222751 bytes, sha256:40b3075a1a4f0...)
[Prune] Removed 20 stale IDs (frame 2600)
[Prune] Removed 5 stale IDs (frame 2700)
[WS] Client connected (2 total)
[Prune] Removed 5 stale IDs (frame 3200)
[WS] Client disconnected (1 total)
connection handler failed
Traceback (most recent call last):
  File "/home/lumen/miniconda3/lib/python3.13/asyncio/selector_events.py", line 1005, in _read_ready__data_received
    data = self._sock.recv(self.max_size)
ConnectionResetError: [Errno 104] Connection reset by peer

The above exception was the direct cause of the following exception:

Traceback (most recent call last):
  File "/home/lumen/miniconda3/lib/python3.13/site-packages/websockets/asyncio/server.py", line 376, in conn_handler
    await self.handler(connection)
  File "/home/lumen/.gemini/antigravity/scratch/rush/oracle/stream_server.py", line 1261, in handler
    async for msg in ws:
    ...<37 lines>...
            pass
  File "/home/lumen/miniconda3/lib/python3.13/site-packages/websockets/asyncio/connection.py", line 242, in __aiter__
    yield await self.recv()
          ^^^^^^^^^^^^^^^^^
  File "/home/lumen/miniconda3/lib/python3.13/site-packages/websockets/asyncio/connection.py", line 322, in recv
    raise self.protocol.close_exc from self.recv_exc
websockets.exceptions.ConnectionClosedError: no close frame received or sent
[Prune] Removed 3 stale IDs (frame 3300)
[Evidence] Saved evidence/1776350389_120s.jpg (197215 bytes, sha256:b236b94ee7aca...)
[Prune] Removed 5 stale IDs (frame 3400)
[Prune] Removed 2 stale IDs (frame 3500)
[Prune] Removed 1 stale IDs (frame 3600)
[Prune] Removed 2 stale IDs (frame 3700)
[Prune] Removed 4 stale IDs (frame 4000)
[Prune] Removed 3 stale IDs (frame 4100)
[STATE] counting — market=0xF6be086E... duration=150s round=22
[Evidence] Saved evidence/1776350389_150s.jpg (173155 bytes, sha256:aa70136ac614e...)
[Prune] Removed 4 stale IDs (frame 4200)
[Prune] Removed 7 stale IDs (frame 4300)
[Prune] Removed 5 stale IDs (frame 4400)
[Prune] Removed 11 stale IDs (frame 4500)
[Prune] Removed 1 stale IDs (frame 4600)
[Prune] Removed 3 stale IDs (frame 4700)
[Prune] Removed 2 stale IDs (frame 4800)
[Prune] Removed 1 stale IDs (frame 4900)
[Evidence] Saved evidence/1776350389_180s.jpg (193490 bytes, sha256:3e634c1c3e187...)
[Prune] Removed 1 stale IDs (frame 5200)
[Prune] Removed 1 stale IDs (frame 5300)
[Prune] Removed 3 stale IDs (frame 5600)
[Prune] Removed 5 stale IDs (frame 5700)
[Prune] Removed 3 stale IDs (frame 5800)
[Prune] Removed 7 stale IDs (frame 5900)
[Evidence] Saved evidence/1776350389_210s.jpg (199699 bytes, sha256:3a78e90c26d5f...)
[Prune] Removed 5 stale IDs (frame 6000)
[Prune] Removed 4 stale IDs (frame 6100)
[Prune] Removed 1 stale IDs (frame 6200)
[Prune] Removed 4 stale IDs (frame 6300)
[Prune] Removed 9 stale IDs (frame 6500)
[Prune] Removed 5 stale IDs (frame 6600)
[Prune] Removed 7 stale IDs (frame 6700)
[Evidence] Saved evidence/1776350389_240s.jpg (175895 bytes, sha256:106c3fa415e94...)
[Prune] Removed 4 stale IDs (frame 6800)
[Prune] Removed 7 stale IDs (frame 6900)
[Prune] Removed 4 stale IDs (frame 7000)
[Prune] Removed 1 stale IDs (frame 7100)
[Prune] Removed 3 stale IDs (frame 7200)
[Prune] Removed 1 stale IDs (frame 7300)
[Prune] Removed 3 stale IDs (frame 7400)
[Prune] Removed 3 stale IDs (frame 7500)
[Prune] Removed 2 stale IDs (frame 7600)
[Evidence] Saved evidence/1776350389_270s.jpg (179058 bytes, sha256:34145f37ecc8d...)
[Prune] Removed 2 stale IDs (frame 7700)
[Prune] Removed 1 stale IDs (frame 7800)
[Prune] Removed 13 stale IDs (frame 8000)
[Prune] Removed 1 stale IDs (frame 8100)
[Prune] Removed 2 stale IDs (frame 8200)
[Prune] Removed 2 stale IDs (frame 8300)
[Prune] Removed 5 stale IDs (frame 8400)
[Evidence] Saved evidence/1776350389_final.jpg (180158 bytes, sha256:abb6c2bf9a3db...)
[Evidence] Saved evidence/1776350389_final.jpg (180042 bytes, sha256:70b07202c4aea...)
[Evidence] Saved evidence/1776350389_final.jpg (180156 bytes, sha256:a2f74e9583b70...)
[STATE] idle — round 22 complete: 9 vehicles
[Prune] Removed 8 stale IDs (frame 8500)
[Prune] Removed 8 stale IDs (frame 8600)
[Prune] Removed 7 stale IDs (frame 8700)
[Prune] Removed 11 stale IDs (frame 8800)
[Prune] Removed 11 stale IDs (frame 8900)
[WS] Client connected (2 total)
[Prune] Removed 13 stale IDs (frame 9000)
[Prune] Removed 20 stale IDs (frame 9100)
[Prune] Removed 5 stale IDs (frame 9200)
[Prune] Removed 6 stale IDs (frame 9300)
[2026-04-16 11:45:19] No round_complete via WS — reading result.json fallback
[2026-04-16 11:45:19] Count complete: 9 vehicles (in=0 out=9)
[2026-04-16 11:45:21] No bets placed — cancelling market
[Prune] Removed 7 stale IDs (frame 9400)
[2026-04-16 11:45:22] Market cancelled: 0xF6be086E9eC12E6fE9CAfE7c594f05912c29E6A7 (tx: 164dfd0aeaba121b220e7895a499355fe44abc39a9a345a85400f0af5cf2d521)
[2026-04-16 11:45:22] Ably publish OK: market_cancelled
[2026-04-16 11:45:23] Refunds distributed: 0xF6be086E9eC12E6fE9CAfE7c594f05912c29E6A7 (tx: 0aec276587099fa3f1c0ad188a1ba999ca0e59cec5c19b027a971996c18b74c2)
[2026-04-16 11:45:23] Ledger POST failed (non-fatal): HTTP Error 400: Bad Request
[2026-04-16 11:45:23] New threshold: 15 (avg of [21, 9])
[2026-04-16 11:45:23] Waiting 15s before Round #23...
[Prune] Removed 7 stale IDs (frame 9500)
[Prune] Removed 5 stale IDs (frame 9600)
[Prune] Removed 4 stale IDs (frame 9700)
[WS] Client disconnected (1 total)
[Prune] Removed 11 stale IDs (frame 9800)
[2026-04-16 11:45:38] Round #23 | Levi Ski Resort — Finland | threshold=15
[2026-04-16 11:45:39] createMarket tx sent: 5ca7cd9bca5dfd6074e9ae4ef8bd9520f6c2bbe55f6abebf3538aab411b10d53
[Prune] Removed 4 stale IDs (frame 9900)
[2026-04-16 11:45:42] Market created: 0x98140DF2CF411A0c70C79F99541AD95fA10Ee625 (tx: 5ca7cd9bca5dfd6074e9ae4ef8bd9520f6c2bbe55f6abebf3538aab411b10d53)
[2026-04-16 11:45:42] Ably publish OK: market_created
[2026-04-16 11:45:42] Counting vehicles for 150s...
[STATE] betting — market=0x98140DF2... bet=150s count=150s round=23
[LineZone] (295,570) -> (1276,335)
[Counter] Line: (579, 10) -> (701, 710)
[2026-04-16 11:45:42] [StreamClient] Round 23 started on stream_server
[Prune] Removed 2 stale IDs (frame 400)
[WS] Client connected (2 total)
[WS] Client disconnected (1 total)
[Prune] Removed 3 stale IDs (frame 600)
[WS] Client connected (2 total)
[Evidence] Saved evidence/1776350742_30s.jpg (193220 bytes, sha256:1a346319c9172...)
[Prune] Removed 1 stale IDs (frame 1000)
[Prune] Removed 1 stale IDs (frame 1300)
[Evidence] Saved evidence/1776350742_60s.jpg (209117 bytes, sha256:6fdd916631474...)
[WS] Client disconnected (1 total)
connection handler failed
Traceback (most recent call last):
  File "/home/lumen/miniconda3/lib/python3.13/asyncio/selector_events.py", line 1067, in write
    n = self._sock.send(data)
BrokenPipeError: [Errno 32] Broken pipe

The above exception was the direct cause of the following exception:

Traceback (most recent call last):
  File "/home/lumen/miniconda3/lib/python3.13/site-packages/websockets/asyncio/server.py", line 376, in conn_handler
    await self.handler(connection)
  File "/home/lumen/.gemini/antigravity/scratch/rush/oracle/stream_server.py", line 1261, in handler
    async for msg in ws:
    ...<37 lines>...
            pass
  File "/home/lumen/miniconda3/lib/python3.13/site-packages/websockets/asyncio/connection.py", line 242, in __aiter__
    yield await self.recv()
          ^^^^^^^^^^^^^^^^^
  File "/home/lumen/miniconda3/lib/python3.13/site-packages/websockets/asyncio/connection.py", line 322, in recv
    raise self.protocol.close_exc from self.recv_exc
websockets.exceptions.ConnectionClosedError: no close frame received or sent
[Prune] Removed 1 stale IDs (frame 2100)
[Prune] Removed 1 stale IDs (frame 2200)
[Prune] Removed 1 stale IDs (frame 2400)
[Prune] Removed 1 stale IDs (frame 2500)
[Evidence] Saved evidence/1776350742_90s.jpg (212323 bytes, sha256:5cbac37716683...)
[Prune] Removed 1 stale IDs (frame 2600)
[Prune] Removed 1 stale IDs (frame 2800)
[Prune] Removed 1 stale IDs (frame 3300)
[Evidence] Saved evidence/1776350742_120s.jpg (203256 bytes, sha256:a7182f938d336...)
[Prune] Removed 1 stale IDs (frame 3500)
[Prune] Removed 1 stale IDs (frame 3700)
[Prune] Removed 1 stale IDs (frame 3900)
[Prune] Removed 1 stale IDs (frame 4000)
[Prune] Removed 1 stale IDs (frame 4200)
[STATE] counting — market=0x98140DF2... duration=150s round=23
[Evidence] Saved evidence/1776350742_150s.jpg (197583 bytes, sha256:aed5918544910...)
[Prune] Removed 1 stale IDs (frame 4300)
[Prune] Removed 2 stale IDs (frame 4600)
[Prune] Removed 1 stale IDs (frame 4900)
[Evidence] Saved evidence/1776350742_180s.jpg (193788 bytes, sha256:d50d719bede07...)
[Prune] Removed 3 stale IDs (frame 5400)
[Prune] Removed 1 stale IDs (frame 5700)
[Evidence] Saved evidence/1776350742_210s.jpg (184938 bytes, sha256:9e547ac718d94...)
[Prune] Removed 11 stale IDs (frame 6000)
[Prune] Removed 10 stale IDs (frame 6100)
[Prune] Removed 15 stale IDs (frame 6200)
[Prune] Removed 3 stale IDs (frame 6300)
[Prune] Removed 1 stale IDs (frame 6400)
[Prune] Removed 3 stale IDs (frame 6500)
[Evidence] Saved evidence/1776350742_240s.jpg (181583 bytes, sha256:bfc8c0bc67d36...)
[Evidence] Saved evidence/1776350742_270s.jpg (186428 bytes, sha256:cd12852bc46fe...)
[Evidence] Saved evidence/1776350742_final.jpg (185863 bytes, sha256:75bde659392e1...)
[Evidence] Saved evidence/1776350742_final.jpg (185834 bytes, sha256:f0b2f2e0fbe08...)
[Evidence] Saved evidence/1776350742_final.jpg (185841 bytes, sha256:cc70799e3371c...)
[STATE] idle — round 23 complete: 2 vehicles
[Prune] Removed 1 stale IDs (frame 9400)
[2026-04-16 11:51:12] No round_complete via WS — reading result.json fallback
[2026-04-16 11:51:12] Count complete: 2 vehicles (in=0 out=2)
[2026-04-16 11:51:14] No bets placed — cancelling market
[Prune] Removed 2 stale IDs (frame 9500)
[2026-04-16 11:51:17] Market cancelled: 0x98140DF2CF411A0c70C79F99541AD95fA10Ee625 (tx: 9d10567d9fde11f017fa9a5ef4bdf548691236ed3c48f1f72b74d5f85dfbc545)
[2026-04-16 11:51:17] Ably publish OK: market_cancelled
[2026-04-16 11:51:18] Refunds distributed: 0x98140DF2CF411A0c70C79F99541AD95fA10Ee625 (tx: 4c36039808ff01156143822de217db68c6236fddf82cda5ddbe1bf9987da1daf)
[2026-04-16 11:51:18] Ledger POST OK: {"ok":true}
[2026-04-16 11:51:18] New threshold: 5 (avg of [9, 2])
[2026-04-16 11:51:18] Waiting 15s before Round #24...
[Prune] Removed 6 stale IDs (frame 9600)
[Prune] Removed 3 stale IDs (frame 9700)
[Prune] Removed 10 stale IDs (frame 9800)
[Prune] Removed 15 stale IDs (frame 9900)
[Prune] Removed 2 stale IDs (frame 10000)
[2026-04-16 11:51:34] Round #24 | Levi Ski Resort — Finland | threshold=5
[2026-04-16 11:51:35] createMarket tx sent: e633faa68092a651d2eeade7622bff07e7d5747d56a51134813c0316cbbc69c2
[2026-04-16 11:51:35] Market created: 0x027169BB7D78086b640A55F1EE25cb8aD1e9aE44 (tx: e633faa68092a651d2eeade7622bff07e7d5747d56a51134813c0316cbbc69c2)
[2026-04-16 11:51:36] Ably publish OK: market_created
[2026-04-16 11:51:36] Counting vehicles for 150s...
[STATE] betting — market=0x027169BB... bet=150s count=150s round=24
[LineZone] (295,570) -> (1276,335)
[Counter] Line: (579, 10) -> (701, 710)
[2026-04-16 11:51:36] [StreamClient] Round 24 started on stream_server
[Prune] Removed 1 stale IDs (frame 200)
[Prune] Removed 1 stale IDs (frame 700)
[Prune] Removed 5 stale IDs (frame 800)
[Evidence] Saved evidence/1776351096_30s.jpg (189653 bytes, sha256:95b92e34d5d25...)
[Prune] Removed 2 stale IDs (frame 900)
[Prune] Removed 2 stale IDs (frame 1100)
[Prune] Removed 1 stale IDs (frame 1200)
[Prune] Removed 2 stale IDs (frame 1300)
[Prune] Removed 2 stale IDs (frame 1400)
[Prune] Removed 5 stale IDs (frame 1600)
[Prune] Removed 10 stale IDs (frame 1700)
[Evidence] Saved evidence/1776351096_60s.jpg (189154 bytes, sha256:7a5e618964a63...)
[Prune] Removed 3 stale IDs (frame 1800)
[Prune] Removed 1 stale IDs (frame 1900)
[Prune] Removed 2 stale IDs (frame 2100)
[Prune] Removed 3 stale IDs (frame 2200)
[Prune] Removed 1 stale IDs (frame 2300)
[Prune] Removed 4 stale IDs (frame 2400)
[Prune] Removed 3 stale IDs (frame 2500)
[Evidence] Saved evidence/1776351096_90s.jpg (187370 bytes, sha256:fb3fe73da9aa1...)
[Prune] Removed 2 stale IDs (frame 2600)
[Prune] Removed 7 stale IDs (frame 2700)
[Prune] Removed 1 stale IDs (frame 2800)
[Prune] Removed 1 stale IDs (frame 3000)
[Prune] Removed 1 stale IDs (frame 3100)
[Evidence] Saved evidence/1776351096_120s.jpg (188314 bytes, sha256:04e833035a6b4...)
[Prune] Removed 1 stale IDs (frame 3500)
[Prune] Removed 1 stale IDs (frame 3700)
[Prune] Removed 3 stale IDs (frame 3800)
[Prune] Removed 5 stale IDs (frame 3900)
[Prune] Removed 8 stale IDs (frame 4000)
[Prune] Removed 1 stale IDs (frame 4300)
[STATE] counting — market=0x027169BB... duration=150s round=24
[Evidence] Saved evidence/1776351096_150s.jpg (186913 bytes, sha256:c566b3628fa36...)
[Prune] Removed 1 stale IDs (frame 4500)
[Prune] Removed 2 stale IDs (frame 4600)
[Prune] Removed 1 stale IDs (frame 4900)
[Prune] Removed 3 stale IDs (frame 5100)
[Evidence] Saved evidence/1776351096_180s.jpg (188741 bytes, sha256:b8dcc06b016be...)
[Prune] Removed 1 stale IDs (frame 5300)
[Prune] Removed 2 stale IDs (frame 5400)
[Prune] Removed 1 stale IDs (frame 5500)
[Prune] Removed 3 stale IDs (frame 5600)
[Prune] Removed 4 stale IDs (frame 5700)
[Prune] Removed 4 stale IDs (frame 5800)
[Prune] Removed 3 stale IDs (frame 6000)
[Evidence] Saved evidence/1776351096_210s.jpg (188150 bytes, sha256:d05dd2a1a1478...)
[Prune] Removed 1 stale IDs (frame 6100)
[Prune] Removed 3 stale IDs (frame 6200)
[Prune] Removed 3 stale IDs (frame 6300)
[Prune] Removed 11 stale IDs (frame 6400)
[Prune] Removed 3 stale IDs (frame 6500)
[Prune] Removed 2 stale IDs (frame 6600)
[Prune] Removed 1 stale IDs (frame 6700)
[Evidence] Saved evidence/1776351096_240s.jpg (183957 bytes, sha256:b2109cbac4b71...)
[Prune] Removed 1 stale IDs (frame 6900)
[Prune] Removed 1 stale IDs (frame 7200)
[Prune] Removed 8 stale IDs (frame 7500)
[Prune] Removed 3 stale IDs (frame 7600)
[Prune] Removed 4 stale IDs (frame 7700)
[Evidence] Saved evidence/1776351096_270s.jpg (192703 bytes, sha256:145987ee0514f...)
[Prune] Removed 3 stale IDs (frame 7800)
[Prune] Removed 6 stale IDs (frame 7900)
[Prune] Removed 4 stale IDs (frame 8000)
[Prune] Removed 8 stale IDs (frame 8100)
[Prune] Removed 5 stale IDs (frame 8200)
[Evidence] Saved evidence/1776351096_final.jpg (216972 bytes, sha256:2256a64038afa...)
[Evidence] Saved evidence/1776351096_final.jpg (217142 bytes, sha256:c2060fb9fdc43...)
[Evidence] Saved evidence/1776351096_final.jpg (217133 bytes, sha256:7afa734eebef5...)
[Evidence] Saved evidence/1776351096_final.jpg (217054 bytes, sha256:a84fe17968078...)
[STATE] idle — round 24 complete: 7 vehicles
[Prune] Removed 1 stale IDs (frame 8600)
[Prune] Removed 5 stale IDs (frame 8700)
[Prune] Removed 3 stale IDs (frame 8800)
[Prune] Removed 1 stale IDs (frame 9100)
[Prune] Removed 1 stale IDs (frame 9200)
[Prune] Removed 1 stale IDs (frame 9300)
[Prune] Removed 1 stale IDs (frame 9400)
[2026-04-16 11:57:06] No round_complete via WS — reading result.json fallback
[2026-04-16 11:57:06] Count complete: 7 vehicles (in=0 out=7)
[2026-04-16 11:57:08] No bets placed — cancelling market
[2026-04-16 11:57:11] Market cancelled: 0x027169BB7D78086b640A55F1EE25cb8aD1e9aE44 (tx: 39fc03345635c621a01fe184afdc9f814b33c4058330f58400c998ebe21e90e1)
[2026-04-16 11:57:11] Ably publish OK: market_cancelled
[2026-04-16 11:57:12] Refunds distributed: 0x027169BB7D78086b640A55F1EE25cb8aD1e9aE44 (tx: 9b9a0ade247aef52baf1fdbe430a519a5d2e1d95a527d317caa4cecdfab6c413)
[2026-04-16 11:57:12] Ledger POST OK: {"ok":true}
[2026-04-16 11:57:12] New threshold: 4 (avg of [2, 7])
[2026-04-16 11:57:12] Waiting 15s before Round #25...
[Prune] Removed 2 stale IDs (frame 9700)
[Prune] Removed 3 stale IDs (frame 9800)
[Prune] Removed 1 stale IDs (frame 9900)
[2026-04-16 11:57:27] Round #25 | Levi Ski Resort — Finland | threshold=4
[2026-04-16 11:57:29] createMarket tx sent: 0760c8de172af49a810962ff27234044aa69fecac7dc70d92328984a25f17030
[2026-04-16 11:57:29] Market created: 0x96dd5F1941E94aa7964D70a208E3a278Da6c875F (tx: 0760c8de172af49a810962ff27234044aa69fecac7dc70d92328984a25f17030)
[2026-04-16 11:57:30] Ably publish OK: market_created
[2026-04-16 11:57:30] Counting vehicles for 150s...
[STATE] betting — market=0x96dd5F19... bet=150s count=150s round=25
[LineZone] (295,570) -> (1276,335)
[Counter] Line: (579, 10) -> (701, 710)
[2026-04-16 11:57:30] [StreamClient] Round 25 started on stream_server
[Prune] Removed 1 stale IDs (frame 100)
[Prune] Removed 4 stale IDs (frame 200)
[Prune] Removed 2 stale IDs (frame 300)
[Prune] Removed 1 stale IDs (frame 500)
[Evidence] Saved evidence/1776351450_30s.jpg (197669 bytes, sha256:90c0049b9660e...)
[Prune] Removed 1 stale IDs (frame 900)
[Prune] Removed 2 stale IDs (frame 1000)
[Prune] Removed 1 stale IDs (frame 1100)
[Prune] Removed 5 stale IDs (frame 1200)
[Prune] Removed 7 stale IDs (frame 1300)
[Prune] Removed 11 stale IDs (frame 1400)
[Prune] Removed 6 stale IDs (frame 1500)
[Prune] Removed 1 stale IDs (frame 1600)
[Prune] Removed 2 stale IDs (frame 1700)
[Evidence] Saved evidence/1776351450_60s.jpg (211801 bytes, sha256:61a18282c2e35...)
[Prune] Removed 8 stale IDs (frame 1800)
[Prune] Removed 2 stale IDs (frame 1900)
[Prune] Removed 1 stale IDs (frame 2100)
[Prune] Removed 2 stale IDs (frame 2200)
[Prune] Removed 1 stale IDs (frame 2300)
[Prune] Removed 1 stale IDs (frame 2400)
[Prune] Removed 3 stale IDs (frame 2500)
[Evidence] Saved evidence/1776351450_90s.jpg (205495 bytes, sha256:ed62fef94b5fc...)
[Prune] Removed 3 stale IDs (frame 2700)
[Prune] Removed 2 stale IDs (frame 2800)
[Prune] Removed 3 stale IDs (frame 2900)
[Prune] Removed 6 stale IDs (frame 3000)
[Prune] Removed 5 stale IDs (frame 3100)
[Prune] Removed 2 stale IDs (frame 3200)
[Prune] Removed 11 stale IDs (frame 3300)
[Prune] Removed 6 stale IDs (frame 3400)
[Evidence] Saved evidence/1776351450_120s.jpg (196232 bytes, sha256:b97cb1dbff977...)
[Prune] Removed 4 stale IDs (frame 3500)
[Prune] Removed 1 stale IDs (frame 3600)
[Prune] Removed 1 stale IDs (frame 3700)
[Prune] Removed 4 stale IDs (frame 3800)
[Prune] Removed 5 stale IDs (frame 3900)
[Prune] Removed 8 stale IDs (frame 4000)
[Prune] Removed 13 stale IDs (frame 4100)
[Prune] Removed 12 stale IDs (frame 4200)
[Evidence] Saved evidence/1776351450_150s.jpg (206212 bytes, sha256:a69d0f2ad10c3...)
[STATE] counting — market=0x96dd5F19... duration=150s round=25
[Prune] Removed 8 stale IDs (frame 4300)
[Prune] Removed 4 stale IDs (frame 4400)
[Prune] Removed 6 stale IDs (frame 4500)
[Prune] Removed 2 stale IDs (frame 4600)
[Prune] Removed 11 stale IDs (frame 4700)
[Prune] Removed 9 stale IDs (frame 4800)
[Prune] Removed 1 stale IDs (frame 4900)
[Prune] Removed 7 stale IDs (frame 5000)
[Prune] Removed 6 stale IDs (frame 5100)
[Evidence] Saved evidence/1776351450_180s.jpg (213575 bytes, sha256:3ca3b1a969c2d...)
[Prune] Removed 7 stale IDs (frame 5200)
[Prune] Removed 5 stale IDs (frame 5300)
[Prune] Removed 2 stale IDs (frame 5400)
[Prune] Removed 2 stale IDs (frame 5500)
[Prune] Removed 3 stale IDs (frame 5700)
[Prune] Removed 4 stale IDs (frame 5800)
[Prune] Removed 2 stale IDs (frame 5900)
[Prune] Removed 6 stale IDs (frame 6000)
[Evidence] Saved evidence/1776351450_210s.jpg (213379 bytes, sha256:a2c7de75854b7...)
[Prune] Removed 2 stale IDs (frame 6200)
[Prune] Removed 5 stale IDs (frame 6300)
[Prune] Removed 11 stale IDs (frame 6400)
[Prune] Removed 10 stale IDs (frame 6500)
[Prune] Removed 17 stale IDs (frame 6600)
[Prune] Removed 11 stale IDs (frame 6700)
[Prune] Removed 14 stale IDs (frame 6800)
[Evidence] Saved evidence/1776351450_240s.jpg (217112 bytes, sha256:12da5c64317e0...)
[Prune] Removed 6 stale IDs (frame 6900)
[Prune] Removed 2 stale IDs (frame 7000)
[Prune] Removed 1 stale IDs (frame 7100)
[Prune] Removed 1 stale IDs (frame 7200)
[Prune] Removed 2 stale IDs (frame 7300)
[Prune] Removed 8 stale IDs (frame 7400)
[Prune] Removed 16 stale IDs (frame 7500)
[Prune] Removed 16 stale IDs (frame 7600)
[Prune] Removed 11 stale IDs (frame 7700)
[Evidence] Saved evidence/1776351450_270s.jpg (222937 bytes, sha256:35102851ad5f7...)
[Prune] Removed 10 stale IDs (frame 7800)
[Prune] Removed 8 stale IDs (frame 7900)
[Prune] Removed 17 stale IDs (frame 8000)
[Prune] Removed 10 stale IDs (frame 8100)
[Prune] Removed 18 stale IDs (frame 8200)
[Prune] Removed 12 stale IDs (frame 8300)
[Prune] Removed 18 stale IDs (frame 8400)
[Prune] Removed 12 stale IDs (frame 8500)
[STATE] idle — round 25 complete: 23 vehicles
[Prune] Removed 7 stale IDs (frame 8600)
[Prune] Removed 1 stale IDs (frame 8800)
[Prune] Removed 3 stale IDs (frame 8900)
[Prune] Removed 1 stale IDs (frame 9100)
[Prune] Removed 1 stale IDs (frame 9200)
[Prune] Removed 2 stale IDs (frame 9300)
[2026-04-16 12:03:00] No round_complete via WS — reading result.json fallback
[2026-04-16 12:03:00] Count complete: 23 vehicles (in=0 out=23)
[2026-04-16 12:03:02] No bets placed — cancelling market
[2026-04-16 12:03:05] Market cancelled: 0x96dd5F1941E94aa7964D70a208E3a278Da6c875F (tx: 46c198c6399d76747ed0364ccaf754091c2cd47fbd5b4ce3c82cfcacc027d1a4)
[2026-04-16 12:03:05] Ably publish OK: market_cancelled
[2026-04-16 12:03:06] Refunds distributed: 0x96dd5F1941E94aa7964D70a208E3a278Da6c875F (tx: b614b8ecb8fed6b9538d4eea460f13ff2d99b2e5ddeff8d095a62a837eaa49ce)
[2026-04-16 12:03:06] Ledger POST failed (non-fatal): HTTP Error 400: Bad Request
[2026-04-16 12:03:06] New threshold: 15 (avg of [7, 23])
[2026-04-16 12:03:06] Waiting 15s before Round #26...
[Prune] Removed 1 stale IDs (frame 9900)
[2026-04-16 12:03:21] Round #26 | Levi Ski Resort — Finland | threshold=15
[2026-04-16 12:03:22] createMarket tx sent: 5a94de4af8d2558db18af2833f1ee8994d252b525baa100318713a2b0211d81f
[2026-04-16 12:03:25] Market created: 0xbAA80464386734DE465a24521a95B5Cf1cC67880 (tx: 5a94de4af8d2558db18af2833f1ee8994d252b525baa100318713a2b0211d81f)
[2026-04-16 12:03:25] Ably publish OK: market_created
[2026-04-16 12:03:25] Counting vehicles for 150s...
[STATE] betting — market=0xbAA80464... bet=150s count=150s round=26
[LineZone] (295,570) -> (1276,335)
[Counter] Line: (579, 10) -> (701, 710)
[2026-04-16 12:03:25] [StreamClient] Round 26 started on stream_server
[Prune] Removed 1 stale IDs (frame 100)
[Prune] Removed 5 stale IDs (frame 200)
[Prune] Removed 3 stale IDs (frame 300)
[Prune] Removed 8 stale IDs (frame 400)
[Prune] Removed 7 stale IDs (frame 500)
[Prune] Removed 10 stale IDs (frame 600)
[Prune] Removed 2 stale IDs (frame 700)
[Prune] Removed 9 stale IDs (frame 800)
[Evidence] Saved evidence/1776351805_30s.jpg (227459 bytes, sha256:3d64d49710819...)
[Prune] Removed 1 stale IDs (frame 900)
[Prune] Removed 2 stale IDs (frame 1300)
[Prune] Removed 4 stale IDs (frame 1400)
[Prune] Removed 8 stale IDs (frame 1500)
[Prune] Removed 1 stale IDs (frame 1600)
[Evidence] Saved evidence/1776351805_60s.jpg (225590 bytes, sha256:90919bf614a58...)
[Prune] Removed 1 stale IDs (frame 1800)
[Prune] Removed 3 stale IDs (frame 1900)
[Prune] Removed 6 stale IDs (frame 2000)
[Prune] Removed 1 stale IDs (frame 2100)
[Prune] Removed 1 stale IDs (frame 2400)
[Prune] Removed 1 stale IDs (frame 2500)
[Evidence] Saved evidence/1776351805_90s.jpg (225935 bytes, sha256:039223d4e8e2a...)
[Prune] Removed 1 stale IDs (frame 2600)
[Prune] Removed 1 stale IDs (frame 2900)
[Prune] Removed 1 stale IDs (frame 3200)
[Evidence] Saved evidence/1776351805_120s.jpg (210620 bytes, sha256:a2381c29e3464...)
[Prune] Removed 9 stale IDs (frame 3800)
[Prune] Removed 3 stale IDs (frame 3900)
[Prune] Removed 10 stale IDs (frame 4000)
[Prune] Removed 8 stale IDs (frame 4100)
[Prune] Removed 8 stale IDs (frame 4200)
[STATE] counting — market=0xbAA80464... duration=150s round=26
[Evidence] Saved evidence/1776351805_150s.jpg (219357 bytes, sha256:8278751b0fa12...)
[Prune] Removed 5 stale IDs (frame 4300)
[Prune] Removed 1 stale IDs (frame 4400)
[Prune] Removed 1 stale IDs (frame 4700)
[Prune] Removed 1 stale IDs (frame 4800)
[Prune] Removed 6 stale IDs (frame 4900)
[WS] Client connected (2 total)
[Evidence] Saved evidence/1776351805_180s.jpg (224418 bytes, sha256:231513073b0f5...)
[WS] Client disconnected (1 total)
connection handler failed
Traceback (most recent call last):
  File "/home/lumen/miniconda3/lib/python3.13/asyncio/selector_events.py", line 1005, in _read_ready__data_received
    data = self._sock.recv(self.max_size)
ConnectionResetError: [Errno 104] Connection reset by peer

The above exception was the direct cause of the following exception:

Traceback (most recent call last):
  File "/home/lumen/miniconda3/lib/python3.13/site-packages/websockets/asyncio/server.py", line 376, in conn_handler
    await self.handler(connection)
  File "/home/lumen/.gemini/antigravity/scratch/rush/oracle/stream_server.py", line 1261, in handler
    async for msg in ws:
    ...<37 lines>...
            pass
  File "/home/lumen/miniconda3/lib/python3.13/site-packages/websockets/asyncio/connection.py", line 242, in __aiter__
    yield await self.recv()
          ^^^^^^^^^^^^^^^^^
  File "/home/lumen/miniconda3/lib/python3.13/site-packages/websockets/asyncio/connection.py", line 322, in recv
    raise self.protocol.close_exc from self.recv_exc
websockets.exceptions.ConnectionClosedError: no close frame received or sent
[Prune] Removed 2 stale IDs (frame 5400)
[Prune] Removed 2 stale IDs (frame 5500)
[Prune] Removed 5 stale IDs (frame 5600)
[Prune] Removed 2 stale IDs (frame 5700)
[Prune] Removed 2 stale IDs (frame 5800)
[WS] Client disconnected (1 total)
connection handler failed
Traceback (most recent call last):
  File "/home/lumen/miniconda3/lib/python3.13/site-packages/websockets/asyncio/server.py", line 376, in conn_handler
    await self.handler(connection)
  File "/home/lumen/.gemini/antigravity/scratch/rush/oracle/stream_server.py", line 1261, in handler
    async for msg in ws:
    ...<37 lines>...
            pass
  File "/home/lumen/miniconda3/lib/python3.13/site-packages/websockets/asyncio/connection.py", line 242, in __aiter__
    yield await self.recv()
          ^^^^^^^^^^^^^^^^^
  File "/home/lumen/miniconda3/lib/python3.13/site-packages/websockets/asyncio/connection.py", line 322, in recv
    raise self.protocol.close_exc from self.recv_exc
websockets.exceptions.ConnectionClosedError: no close frame received or sent
[Prune] Removed 1 stale IDs (frame 5900)
[Evidence] Saved evidence/1776351805_210s.jpg (224921 bytes, sha256:7056108b158bc...)
[Prune] Removed 3 stale IDs (frame 6000)
[Prune] Removed 7 stale IDs (frame 6100)
[Prune] Removed 4 stale IDs (frame 6200)
[Prune] Removed 11 stale IDs (frame 6400)
[Prune] Removed 9 stale IDs (frame 6500)
[Prune] Removed 1 stale IDs (frame 6600)
[Prune] Removed 1 stale IDs (frame 6700)
[Evidence] Saved evidence/1776351805_240s.jpg (214704 bytes, sha256:3ab0de7c35f17...)
[Prune] Removed 1 stale IDs (frame 6800)
[Prune] Removed 1 stale IDs (frame 6900)
[Prune] Removed 1 stale IDs (frame 7000)
[Prune] Removed 1 stale IDs (frame 7100)
[Prune] Removed 4 stale IDs (frame 7200)
[Prune] Removed 2 stale IDs (frame 7300)
[Prune] Removed 1 stale IDs (frame 7400)
[Prune] Removed 2 stale IDs (frame 7500)
[Prune] Removed 1 stale IDs (frame 7600)
[Evidence] Saved evidence/1776351805_270s.jpg (192999 bytes, sha256:9b8f582e9c3ed...)
[Prune] Removed 6 stale IDs (frame 7700)
[Prune] Removed 3 stale IDs (frame 7800)
[Prune] Removed 1 stale IDs (frame 8100)
[Prune] Removed 1 stale IDs (frame 8200)
[Prune] Removed 2 stale IDs (frame 8300)
[Evidence] Saved evidence/1776351805_final.jpg (202968 bytes, sha256:8894eb4ec6954...)
[Evidence] Saved evidence/1776351805_final.jpg (202910 bytes, sha256:7a2846235143e...)
[Evidence] Saved evidence/1776351805_final.jpg (202963 bytes, sha256:761840e1fce95...)
[STATE] idle — round 26 complete: 1 vehicles
[Prune] Removed 1 stale IDs (frame 8500)
[Prune] Removed 4 stale IDs (frame 8600)
[Prune] Removed 5 stale IDs (frame 8700)
[Prune] Removed 7 stale IDs (frame 8800)
[Prune] Removed 8 stale IDs (frame 8900)
[Prune] Removed 5 stale IDs (frame 9000)
[Prune] Removed 8 stale IDs (frame 9100)
[Prune] Removed 9 stale IDs (frame 9200)
[Prune] Removed 15 stale IDs (frame 9300)
[2026-04-16 12:08:55] No round_complete via WS — reading result.json fallback
[2026-04-16 12:08:55] Count complete: 1 vehicles (in=0 out=1)
[2026-04-16 12:08:57] No bets placed — cancelling market
[Prune] Removed 19 stale IDs (frame 9400)
[2026-04-16 12:09:00] Market cancelled: 0xbAA80464386734DE465a24521a95B5Cf1cC67880 (tx: 5f000fda7f405277e9b5fd346ddf9c03ad053d132c4f708a189e11afbbfc366c)
[2026-04-16 12:09:00] Ably publish OK: market_cancelled
[Prune] Removed 10 stale IDs (frame 9500)
[2026-04-16 12:09:03] Refunds distributed: 0xbAA80464386734DE465a24521a95B5Cf1cC67880 (tx: dbb7a77feffdf72d2800e1f5e224707297d5aa1d063041d7163796fafa3dc2d2)
[2026-04-16 12:09:04] Ledger POST failed (non-fatal): HTTP Error 400: Bad Request
[2026-04-16 12:09:04] New threshold: 12 (avg of [23, 1])
[2026-04-16 12:09:04] Waiting 15s before Round #27...
[Prune] Removed 5 stale IDs (frame 9600)
[Prune] Removed 4 stale IDs (frame 9700)
[Prune] Removed 5 stale IDs (frame 9800)
[Prune] Removed 6 stale IDs (frame 9900)
[Prune] Removed 2 stale IDs (frame 10000)
[2026-04-16 12:09:19] Round #27 | Levi Ski Resort — Finland | threshold=12
[2026-04-16 12:09:20] createMarket tx sent: b2f3a79c1959c1a3559562d66feb01a3731027483168b078137fe9145f316a7f
[Prune] Removed 4 stale IDs (frame 10100)
[2026-04-16 12:09:22] Market created: 0xf55672F0629205960dd86D8db277940320faDa64 (tx: b2f3a79c1959c1a3559562d66feb01a3731027483168b078137fe9145f316a7f)
[2026-04-16 12:09:23] Ably publish OK: market_created
[2026-04-16 12:09:23] Counting vehicles for 150s...
[STATE] betting — market=0xf55672F0... bet=150s count=150s round=27
[LineZone] (295,570) -> (1276,335)
[Counter] Line: (579, 10) -> (701, 710)
[2026-04-16 12:09:23] [StreamClient] Round 27 started on stream_server
[Prune] Removed 7 stale IDs (frame 200)
[Prune] Removed 1 stale IDs (frame 500)
[Prune] Removed 1 stale IDs (frame 600)
[Prune] Removed 1 stale IDs (frame 800)
[Evidence] Saved evidence/1776352163_30s.jpg (186209 bytes, sha256:beb07ca9ef08e...)
[Prune] Removed 1 stale IDs (frame 900)
[Prune] Removed 1 stale IDs (frame 1000)
[Prune] Removed 2 stale IDs (frame 1100)
[Prune] Removed 4 stale IDs (frame 1200)
[Prune] Removed 4 stale IDs (frame 1400)
[Prune] Removed 2 stale IDs (frame 1500)
[Prune] Removed 1 stale IDs (frame 1600)
[WS] Client connected (2 total)
[Prune] Removed 5 stale IDs (frame 1700)
[Evidence] Saved evidence/1776352163_60s.jpg (216652 bytes, sha256:be516c0797204...)
[Prune] Removed 10 stale IDs (frame 1800)
[Prune] Removed 4 stale IDs (frame 1900)
[Prune] Removed 6 stale IDs (frame 2000)
[Prune] Removed 6 stale IDs (frame 2100)
[Prune] Removed 3 stale IDs (frame 2200)
[Prune] Removed 4 stale IDs (frame 2300)
[Prune] Removed 6 stale IDs (frame 2400)
[Prune] Removed 5 stale IDs (frame 2500)
[Evidence] Saved evidence/1776352163_90s.jpg (218105 bytes, sha256:3c367dcb50952...)
[Prune] Removed 16 stale IDs (frame 2600)
[Prune] Removed 6 stale IDs (frame 2700)
[Prune] Removed 12 stale IDs (frame 2800)
[Prune] Removed 2 stale IDs (frame 2900)
[Prune] Removed 5 stale IDs (frame 3000)
[Prune] Removed 3 stale IDs (frame 3100)
[Evidence] Saved evidence/1776352163_120s.jpg (181723 bytes, sha256:10f1ff1177560...)
[Prune] Removed 5 stale IDs (frame 3400)
[Prune] Removed 3 stale IDs (frame 3500)
[Prune] Removed 1 stale IDs (frame 3600)
[Prune] Removed 4 stale IDs (frame 3700)
[STATE] counting — market=0xf55672F0... duration=150s round=27
[Evidence] Saved evidence/1776352163_150s.jpg (186427 bytes, sha256:da8264e6a4d39...)
[Prune] Removed 1 stale IDs (frame 4300)
[Prune] Removed 1 stale IDs (frame 4900)
[Evidence] Saved evidence/1776352163_180s.jpg (204350 bytes, sha256:d04fd95885e55...)
[Prune] Removed 1 stale IDs (frame 5200)
[Prune] Removed 4 stale IDs (frame 5300)
[Prune] Removed 5 stale IDs (frame 5400)
[Prune] Removed 8 stale IDs (frame 5500)
[Prune] Removed 5 stale IDs (frame 5600)
[Prune] Removed 5 stale IDs (frame 5700)
[Prune] Removed 4 stale IDs (frame 5800)
[Prune] Removed 1 stale IDs (frame 5900)
[Evidence] Saved evidence/1776352163_210s.jpg (213238 bytes, sha256:bcc5e5627e2fa...)
[Prune] Removed 3 stale IDs (frame 6100)
[Prune] Removed 2 stale IDs (frame 6200)
[Prune] Removed 5 stale IDs (frame 6300)
[Prune] Removed 3 stale IDs (frame 6400)
[Evidence] Saved evidence/1776352163_240s.jpg (212507 bytes, sha256:c47a1e0332a8e...)
[Prune] Removed 1 stale IDs (frame 6900)
[Prune] Removed 2 stale IDs (frame 7100)
[Prune] Removed 3 stale IDs (frame 7200)
[Prune] Removed 1 stale IDs (frame 7300)
[Prune] Removed 4 stale IDs (frame 7400)
[Prune] Removed 2 stale IDs (frame 7500)
[Evidence] Saved evidence/1776352163_270s.jpg (216694 bytes, sha256:103c0b68614dd...)
[Prune] Removed 2 stale IDs (frame 7700)
[Prune] Removed 7 stale IDs (frame 7800)
[Prune] Removed 3 stale IDs (frame 7900)
[Prune] Removed 1 stale IDs (frame 8000)
[Prune] Removed 3 stale IDs (frame 8100)
[Prune] Removed 2 stale IDs (frame 8200)
[Prune] Removed 4 stale IDs (frame 8300)
[Prune] Removed 5 stale IDs (frame 8400)
[Prune] Removed 3 stale IDs (frame 8500)
[Evidence] Saved evidence/1776352163_final.jpg (217399 bytes, sha256:0a66f1d5909eb...)
[Evidence] Saved evidence/1776352163_final.jpg (217396 bytes, sha256:b669a30cd19c1...)
[Evidence] Saved evidence/1776352163_final.jpg (217391 bytes, sha256:8b82aa5372bff...)
[STATE] idle — round 27 complete: 10 vehicles
[Prune] Removed 1 stale IDs (frame 8600)
[Prune] Removed 5 stale IDs (frame 8700)
[Prune] Removed 6 stale IDs (frame 8800)
[Prune] Removed 4 stale IDs (frame 8900)
[Prune] Removed 1 stale IDs (frame 9000)
[Prune] Removed 1 stale IDs (frame 9100)
[Prune] Removed 4 stale IDs (frame 9200)
[Prune] Removed 4 stale IDs (frame 9300)
[2026-04-16 12:14:53] No round_complete via WS — reading result.json fallback
[2026-04-16 12:14:53] Count complete: 10 vehicles (in=0 out=10)
[Prune] Removed 1 stale IDs (frame 9400)
[2026-04-16 12:14:55] No bets placed — cancelling market
[Prune] Removed 13 stale IDs (frame 9500)
[2026-04-16 12:14:58] Market cancelled: 0xf55672F0629205960dd86D8db277940320faDa64 (tx: c55a5b1dfc373d0f3e146ffbd3620c3dd030f3480c6f66694ea6a3872f06c888)
[2026-04-16 12:14:58] Ably publish OK: market_cancelled
[Prune] Removed 12 stale IDs (frame 9600)
[2026-04-16 12:15:01] Refunds distributed: 0xf55672F0629205960dd86D8db277940320faDa64 (tx: 75a6d54b9bcd6d8efacbabbdb67ececfe7b5e38feccffe17473b9d071816ac42)
[2026-04-16 12:15:01] Ledger POST failed (non-fatal): HTTP Error 400: Bad Request
[2026-04-16 12:15:01] New threshold: 5 (avg of [1, 10])
[2026-04-16 12:15:01] Waiting 15s before Round #28...
[Prune] Removed 5 stale IDs (frame 9700)
[Prune] Removed 1 stale IDs (frame 9800)
[Prune] Removed 5 stale IDs (frame 9900)
[Prune] Removed 2 stale IDs (frame 10000)
[2026-04-16 12:15:16] Round #28 | Levi Ski Resort — Finland | threshold=5
[2026-04-16 12:15:17] createMarket tx sent: 4eb74e93667158d2bdcc57c8280ef7a9eb8a40553f3580c52b4fde9f25595628
[Prune] Removed 7 stale IDs (frame 10100)
[2026-04-16 12:15:20] Market created: 0xcA8A6410C0b2A809B1108007918534489CdbA8e7 (tx: 4eb74e93667158d2bdcc57c8280ef7a9eb8a40553f3580c52b4fde9f25595628)
[2026-04-16 12:15:20] Ably publish OK: market_created
[2026-04-16 12:15:20] Counting vehicles for 150s...
[STATE] betting — market=0xcA8A6410... bet=150s count=150s round=28
[LineZone] (295,570) -> (1276,335)
[Counter] Line: (579, 10) -> (701, 710)
[2026-04-16 12:15:20] [StreamClient] Round 28 started on stream_server
[Prune] Removed 2 stale IDs (frame 200)
[Prune] Removed 3 stale IDs (frame 300)
[Prune] Removed 2 stale IDs (frame 400)
[Prune] Removed 3 stale IDs (frame 500)
[Prune] Removed 1 stale IDs (frame 600)
[Prune] Removed 1 stale IDs (frame 700)
[Prune] Removed 5 stale IDs (frame 800)
[Evidence] Saved evidence/1776352520_30s.jpg (208802 bytes, sha256:c96dd49dc9115...)
[Prune] Removed 2 stale IDs (frame 900)
[Prune] Removed 8 stale IDs (frame 1000)
[Prune] Removed 3 stale IDs (frame 1100)
[Prune] Removed 1 stale IDs (frame 1700)
[Evidence] Saved evidence/1776352520_60s.jpg (193137 bytes, sha256:d2a5a76a3a541...)
[Prune] Removed 2 stale IDs (frame 1800)
[Evidence] Saved evidence/1776352520_90s.jpg (204214 bytes, sha256:7f0f55a303f28...)
[Prune] Removed 1 stale IDs (frame 2700)
[Prune] Removed 1 stale IDs (frame 3000)
[Prune] Removed 3 stale IDs (frame 3200)
[Prune] Removed 8 stale IDs (frame 3300)
[Prune] Removed 8 stale IDs (frame 3400)
[Evidence] Saved evidence/1776352520_120s.jpg (195513 bytes, sha256:95af46566fa52...)
[Prune] Removed 2 stale IDs (frame 3500)
[Prune] Removed 3 stale IDs (frame 3600)
[Prune] Removed 2 stale IDs (frame 3700)
[Prune] Removed 1 stale IDs (frame 3800)
[Prune] Removed 2 stale IDs (frame 4000)
[Prune] Removed 2 stale IDs (frame 4100)
[Prune] Removed 1 stale IDs (frame 4200)
[STATE] counting — market=0xcA8A6410... duration=150s round=28
[Evidence] Saved evidence/1776352520_150s.jpg (190178 bytes, sha256:cdc27fab40ca8...)
[Prune] Removed 1 stale IDs (frame 4300)
[Prune] Removed 7 stale IDs (frame 4400)
[Prune] Removed 4 stale IDs (frame 4500)
[Prune] Removed 8 stale IDs (frame 4600)
[Prune] Removed 2 stale IDs (frame 4700)
[Prune] Removed 6 stale IDs (frame 4800)
[Prune] Removed 5 stale IDs (frame 4900)
[Prune] Removed 14 stale IDs (frame 5000)
[Prune] Removed 19 stale IDs (frame 5100)
[Evidence] Saved evidence/1776352520_180s.jpg (204215 bytes, sha256:6b2a9414fb061...)
[Prune] Removed 23 stale IDs (frame 5200)
[Prune] Removed 12 stale IDs (frame 5300)
[Prune] Removed 9 stale IDs (frame 5400)
[Prune] Removed 10 stale IDs (frame 5500)
[Prune] Removed 9 stale IDs (frame 5600)
[Prune] Removed 4 stale IDs (frame 5700)
[Prune] Removed 1 stale IDs (frame 5800)
[Prune] Removed 6 stale IDs (frame 5900)
[Prune] Removed 7 stale IDs (frame 6000)
[Evidence] Saved evidence/1776352520_210s.jpg (206203 bytes, sha256:fb84bc03c0317...)
[Prune] Removed 2 stale IDs (frame 6100)
[Prune] Removed 1 stale IDs (frame 6300)
[Prune] Removed 1 stale IDs (frame 6400)
[Prune] Removed 6 stale IDs (frame 6500)
[Prune] Removed 23 stale IDs (frame 6600)
[Prune] Removed 14 stale IDs (frame 6700)
[Prune] Removed 11 stale IDs (frame 6800)
[Evidence] Saved evidence/1776352520_240s.jpg (209399 bytes, sha256:e38adc0236ffc...)
[Prune] Removed 1 stale IDs (frame 6900)
[Prune] Removed 4 stale IDs (frame 7000)
[Prune] Removed 13 stale IDs (frame 7100)
[Prune] Removed 14 stale IDs (frame 7200)
[Prune] Removed 10 stale IDs (frame 7300)
[Prune] Removed 7 stale IDs (frame 7400)
[Prune] Removed 6 stale IDs (frame 7500)
[Prune] Removed 6 stale IDs (frame 7600)
[Prune] Removed 6 stale IDs (frame 7700)
[Evidence] Saved evidence/1776352520_270s.jpg (207629 bytes, sha256:5c0048d3ecee2...)
[Prune] Removed 4 stale IDs (frame 7800)
[Prune] Removed 5 stale IDs (frame 7900)
[WS] Client connected (2 total)
[Prune] Removed 5 stale IDs (frame 8000)
[Prune] Removed 5 stale IDs (frame 8100)
[Prune] Removed 1 stale IDs (frame 8200)
[Prune] Removed 1 stale IDs (frame 8300)
[Prune] Removed 2 stale IDs (frame 8400)
[Prune] Removed 2 stale IDs (frame 8500)
[Evidence] Saved evidence/1776352520_final.jpg (209341 bytes, sha256:73425f194fbc5...)
[Evidence] Saved evidence/1776352520_final.jpg (209373 bytes, sha256:d5dc6ab19104d...)
[Evidence] Saved evidence/1776352520_final.jpg (209325 bytes, sha256:993df3fcdfab7...)
[STATE] idle — round 28 complete: 18 vehicles
[Prune] Removed 1 stale IDs (frame 8600)
[Prune] Removed 5 stale IDs (frame 8700)
[Prune] Removed 3 stale IDs (frame 8800)
[Prune] Removed 2 stale IDs (frame 8900)
[Prune] Removed 1 stale IDs (frame 9000)
[Prune] Removed 1 stale IDs (frame 9200)
[Prune] Removed 1 stale IDs (frame 9400)
[2026-04-16 12:20:50] No round_complete via WS — reading result.json fallback
[2026-04-16 12:20:50] Count complete: 18 vehicles (in=0 out=18)
[2026-04-16 12:20:52] No bets placed — cancelling market
[Prune] Removed 3 stale IDs (frame 9500)
[2026-04-16 12:20:55] Market cancelled: 0xcA8A6410C0b2A809B1108007918534489CdbA8e7 (tx: 0ce2a5f3bf04a48dd9b96e3de7a726f94254eada061ceeabb11408d8539985ba)
[2026-04-16 12:20:55] Ably publish OK: market_cancelled
[2026-04-16 12:20:56] Refunds distributed: 0xcA8A6410C0b2A809B1108007918534489CdbA8e7 (tx: c40e2334690334bf2737e3984a1264c0901081ffcee764cfffd187109cb9f33f)
[2026-04-16 12:20:56] Ledger POST OK: {"ok":true}
[2026-04-16 12:20:56] New threshold: 14 (avg of [10, 18])
[2026-04-16 12:20:56] Waiting 15s before Round #29...
[Prune] Removed 5 stale IDs (frame 9600)
[Prune] Removed 6 stale IDs (frame 9700)
[Prune] Removed 1 stale IDs (frame 9800)
[Prune] Removed 2 stale IDs (frame 9900)
[Prune] Removed 4 stale IDs (frame 10000)
[2026-04-16 12:21:11] Round #29 | Levi Ski Resort — Finland | threshold=14
[2026-04-16 12:21:13] createMarket tx sent: bd0a8ab30ab701327626009d61ca1ba3df735700f2996e6ec3fb9f8eed880ce3
[2026-04-16 12:21:13] Market created: 0xa2B8A0BcAb7B2b2B1b5d1B1F6CFa4661dB9B972A (tx: bd0a8ab30ab701327626009d61ca1ba3df735700f2996e6ec3fb9f8eed880ce3)
[2026-04-16 12:21:14] Ably publish OK: market_created
[2026-04-16 12:21:14] Counting vehicles for 150s...
[STATE] betting — market=0xa2B8A0Bc... bet=150s count=150s round=29
[2026-04-16 12:21:14] [StreamClient] Round 29 started on stream_server
[LineZone] (295,570) -> (1276,335)
[Counter] Line: (579, 10) -> (701, 710)
[Prune] Removed 1 stale IDs (frame 600)
[Evidence] Saved evidence/1776352874_30s.jpg (205567 bytes, sha256:246fef08119b2...)
[Prune] Removed 1 stale IDs (frame 900)
[Prune] Removed 1 stale IDs (frame 1200)
[Prune] Removed 3 stale IDs (frame 1700)
[Evidence] Saved evidence/1776352874_60s.jpg (210149 bytes, sha256:13c12492d4788...)
[Prune] Removed 4 stale IDs (frame 1800)
[Prune] Removed 3 stale IDs (frame 1900)
[Prune] Removed 3 stale IDs (frame 2000)
[Prune] Removed 8 stale IDs (frame 2100)
[Prune] Removed 10 stale IDs (frame 2200)
[Prune] Removed 1 stale IDs (frame 2300)
[Prune] Removed 3 stale IDs (frame 2400)
[Prune] Removed 4 stale IDs (frame 2500)
[Evidence] Saved evidence/1776352874_90s.jpg (214949 bytes, sha256:c976aa6031263...)
[Prune] Removed 4 stale IDs (frame 2600)
[Prune] Removed 7 stale IDs (frame 2700)
[Prune] Removed 4 stale IDs (frame 2800)
[Prune] Removed 5 stale IDs (frame 2900)
[Prune] Removed 3 stale IDs (frame 3000)
[Prune] Removed 12 stale IDs (frame 3100)
[Prune] Removed 4 stale IDs (frame 3200)
[Prune] Removed 8 stale IDs (frame 3300)
[Prune] Removed 11 stale IDs (frame 3400)
[Evidence] Saved evidence/1776352874_120s.jpg (207417 bytes, sha256:3977a9a026390...)
[Prune] Removed 4 stale IDs (frame 3500)
[Prune] Removed 8 stale IDs (frame 3600)
[Prune] Removed 1 stale IDs (frame 3700)
[Prune] Removed 2 stale IDs (frame 4000)
[Prune] Removed 4 stale IDs (frame 4100)
[Prune] Removed 6 stale IDs (frame 4200)
[STATE] counting — market=0xa2B8A0Bc... duration=150s round=29
[Evidence] Saved evidence/1776352874_150s.jpg (169617 bytes, sha256:fd22eb3910b74...)
[Prune] Removed 11 stale IDs (frame 4300)
[Prune] Removed 8 stale IDs (frame 4400)
[Prune] Removed 5 stale IDs (frame 4500)
[Prune] Removed 5 stale IDs (frame 4600)
[Prune] Removed 9 stale IDs (frame 4700)
[Prune] Removed 4 stale IDs (frame 4800)
[Prune] Removed 2 stale IDs (frame 4900)
[Prune] Removed 3 stale IDs (frame 5000)
[Prune] Removed 1 stale IDs (frame 5100)
[Evidence] Saved evidence/1776352874_180s.jpg (170831 bytes, sha256:91b5843044ee3...)
[Prune] Removed 1 stale IDs (frame 5200)
[Prune] Removed 4 stale IDs (frame 5300)
[Prune] Removed 1 stale IDs (frame 5400)
[Prune] Removed 1 stale IDs (frame 5500)
[Prune] Removed 1 stale IDs (frame 5700)
[Evidence] Saved evidence/1776352874_210s.jpg (174340 bytes, sha256:84a9dbdeb1963...)
[Prune] Removed 1 stale IDs (frame 6300)
[Prune] Removed 3 stale IDs (frame 6400)
[Prune] Removed 5 stale IDs (frame 6500)
[Prune] Removed 1 stale IDs (frame 6600)
[Prune] Removed 7 stale IDs (frame 6700)
[Prune] Removed 5 stale IDs (frame 6800)
[Evidence] Saved evidence/1776352874_240s.jpg (194680 bytes, sha256:c628f48885ec8...)
[Prune] Removed 4 stale IDs (frame 6900)
[Prune] Removed 3 stale IDs (frame 7000)
[Prune] Removed 1 stale IDs (frame 7100)
[Prune] Removed 2 stale IDs (frame 7200)
[Prune] Removed 1 stale IDs (frame 7300)
[Prune] Removed 2 stale IDs (frame 7400)
[Prune] Removed 1 stale IDs (frame 7500)
[Evidence] Saved evidence/1776352874_270s.jpg (197383 bytes, sha256:e8ad0e1eef856...)
[WS] Client disconnected (1 total)
[WS] Client connected (2 total)
[WS] Client disconnected (1 total)
connection handler failed
Traceback (most recent call last):
  File "/home/lumen/miniconda3/lib/python3.13/asyncio/selector_events.py", line 1067, in write
    n = self._sock.send(data)
BrokenPipeError: [Errno 32] Broken pipe

The above exception was the direct cause of the following exception:

Traceback (most recent call last):
  File "/home/lumen/miniconda3/lib/python3.13/site-packages/websockets/asyncio/server.py", line 376, in conn_handler
    await self.handler(connection)
  File "/home/lumen/.gemini/antigravity/scratch/rush/oracle/stream_server.py", line 1261, in handler
    async for msg in ws:
    ...<37 lines>...
            pass
  File "/home/lumen/miniconda3/lib/python3.13/site-packages/websockets/asyncio/connection.py", line 242, in __aiter__
    yield await self.recv()
          ^^^^^^^^^^^^^^^^^
  File "/home/lumen/miniconda3/lib/python3.13/site-packages/websockets/asyncio/connection.py", line 322, in recv
    raise self.protocol.close_exc from self.recv_exc
websockets.exceptions.ConnectionClosedError: no close frame received or sent
[Evidence] Saved evidence/1776352874_final.jpg (199922 bytes, sha256:20afa8071060e...)
[Evidence] Saved evidence/1776352874_final.jpg (199984 bytes, sha256:1b56f9ef4633b...)
[Evidence] Saved evidence/1776352874_final.jpg (199976 bytes, sha256:d4deec0619160...)
[STATE] idle — round 29 complete: 12 vehicles
[Prune] Removed 3 stale IDs (frame 9000)
[Prune] Removed 1 stale IDs (frame 9100)
[Prune] Removed 1 stale IDs (frame 9200)
[2026-04-16 12:26:44] No round_complete via WS — reading result.json fallback
[2026-04-16 12:26:44] Count complete: 12 vehicles (in=0 out=12)
[2026-04-16 12:26:45] No bets placed — cancelling market
[2026-04-16 12:26:48] Market cancelled: 0xa2B8A0BcAb7B2b2B1b5d1B1F6CFa4661dB9B972A (tx: 68f8ca4d6575810924afa953cae0b21dccfb30705f525809e17e9cc6775e07b8)
[2026-04-16 12:26:48] Ably publish OK: market_cancelled
[2026-04-16 12:26:49] Refunds distributed: 0xa2B8A0BcAb7B2b2B1b5d1B1F6CFa4661dB9B972A (tx: 81a44f5ad790db13bb11ab91b68ba2291d743a037fc130d02f26f87d8dc234df)
[2026-04-16 12:26:49] Ledger POST failed (non-fatal): HTTP Error 400: Bad Request
[2026-04-16 12:26:49] New threshold: 15 (avg of [18, 12])
[2026-04-16 12:26:49] Waiting 15s before Round #30...
[Prune] Removed 1 stale IDs (frame 9700)
[Prune] Removed 1 stale IDs (frame 9800)
[Prune] Removed 4 stale IDs (frame 9900)
[Prune] Removed 4 stale IDs (frame 10000)
[2026-04-16 12:27:04] Round #30 | Levi Ski Resort — Finland | threshold=15
[2026-04-16 12:27:06] createMarket tx sent: 483eb0537bc2c24d92b928f0e9d9be6cd15f97ab99aa9d4dd210f185d7bc9290
[2026-04-16 12:27:06] Market created: 0xF770B62435dBBAef78F6E84B3A5fdD120Ff7c201 (tx: 483eb0537bc2c24d92b928f0e9d9be6cd15f97ab99aa9d4dd210f185d7bc9290)
[Prune] Removed 16 stale IDs (frame 10100)
[2026-04-16 12:27:06] Ably publish OK: market_created
[2026-04-16 12:27:06] Counting vehicles for 150s...
[STATE] betting — market=0xF770B624... bet=150s count=150s round=30
[LineZone] (295,570) -> (1276,335)
[Counter] Line: (579, 10) -> (701, 710)
[2026-04-16 12:27:07] [StreamClient] Round 30 started on stream_server
[Prune] Removed 1 stale IDs (frame 100)
[Prune] Removed 9 stale IDs (frame 200)
[Prune] Removed 1 stale IDs (frame 400)
[Prune] Removed 1 stale IDs (frame 500)
[Prune] Removed 2 stale IDs (frame 600)
[Prune] Removed 1 stale IDs (frame 800)
[Evidence] Saved evidence/1776353227_30s.jpg (199385 bytes, sha256:1a6b0cf3ad154...)
[Prune] Removed 1 stale IDs (frame 900)
[Evidence] Saved evidence/1776353227_60s.jpg (199776 bytes, sha256:35522a4914f59...)
[Prune] Removed 1 stale IDs (frame 1800)
[Prune] Removed 2 stale IDs (frame 1900)
[Prune] Removed 1 stale IDs (frame 2000)
[Evidence] Saved evidence/1776353227_90s.jpg (200941 bytes, sha256:3a13c2f9ce754...)
[Prune] Removed 2 stale IDs (frame 2800)
[Prune] Removed 1 stale IDs (frame 2900)
[Prune] Removed 2 stale IDs (frame 3000)
[Prune] Removed 1 stale IDs (frame 3100)
[Prune] Removed 3 stale IDs (frame 3200)
[Prune] Removed 3 stale IDs (frame 3300)
[Prune] Removed 3 stale IDs (frame 3400)
[Evidence] Saved evidence/1776353227_120s.jpg (201783 bytes, sha256:4c93907a300a3...)
[Prune] Removed 6 stale IDs (frame 3500)
[Prune] Removed 12 stale IDs (frame 3600)
[Prune] Removed 10 stale IDs (frame 3700)
[Prune] Removed 10 stale IDs (frame 3800)
[Prune] Removed 9 stale IDs (frame 3900)
[Prune] Removed 11 stale IDs (frame 4000)
[Prune] Removed 14 stale IDs (frame 4100)
[Prune] Removed 13 stale IDs (frame 4200)
[Prune] Removed 9 stale IDs (frame 4300)
[STATE] counting — market=0xF770B624... duration=150s round=30
[Evidence] Saved evidence/1776353227_150s.jpg (203810 bytes, sha256:6f642734345ae...)
[Prune] Removed 2 stale IDs (frame 4400)
[Prune] Removed 6 stale IDs (frame 4500)
[Prune] Removed 3 stale IDs (frame 4600)
[Prune] Removed 7 stale IDs (frame 4700)
[Prune] Removed 5 stale IDs (frame 4800)
[Prune] Removed 8 stale IDs (frame 4900)
[Prune] Removed 4 stale IDs (frame 5000)
[Prune] Removed 6 stale IDs (frame 5100)
[Evidence] Saved evidence/1776353227_180s.jpg (203850 bytes, sha256:de63d3656c168...)
[Prune] Removed 4 stale IDs (frame 5200)
[Prune] Removed 5 stale IDs (frame 5300)
[Prune] Removed 5 stale IDs (frame 5400)
[Prune] Removed 3 stale IDs (frame 5500)
[Prune] Removed 1 stale IDs (frame 5600)
[Prune] Removed 5 stale IDs (frame 5700)
[Prune] Removed 7 stale IDs (frame 5800)
[Prune] Removed 1 stale IDs (frame 5900)
[Evidence] Saved evidence/1776353227_210s.jpg (209618 bytes, sha256:3d09196ef20e8...)
[Prune] Removed 1 stale IDs (frame 6000)
[Prune] Removed 3 stale IDs (frame 6100)
[Prune] Removed 1 stale IDs (frame 6200)
[Prune] Removed 2 stale IDs (frame 6300)
[Prune] Removed 8 stale IDs (frame 6400)
[WS] Client connected (2 total)
[Prune] Removed 3 stale IDs (frame 6600)
[Prune] Removed 4 stale IDs (frame 6700)
[Prune] Removed 8 stale IDs (frame 6800)
[Evidence] Saved evidence/1776353227_240s.jpg (175575 bytes, sha256:8ab0d6c0088d3...)
[Prune] Removed 2 stale IDs (frame 6900)
[WS] Client disconnected (1 total)
connection handler failed
Traceback (most recent call last):
  File "/home/lumen/miniconda3/lib/python3.13/asyncio/selector_events.py", line 1067, in write
    n = self._sock.send(data)
BrokenPipeError: [Errno 32] Broken pipe

The above exception was the direct cause of the following exception:

Traceback (most recent call last):
  File "/home/lumen/miniconda3/lib/python3.13/site-packages/websockets/asyncio/server.py", line 376, in conn_handler
    await self.handler(connection)
  File "/home/lumen/.gemini/antigravity/scratch/rush/oracle/stream_server.py", line 1261, in handler
    async for msg in ws:
    ...<37 lines>...
            pass
  File "/home/lumen/miniconda3/lib/python3.13/site-packages/websockets/asyncio/connection.py", line 242, in __aiter__
    yield await self.recv()
          ^^^^^^^^^^^^^^^^^
  File "/home/lumen/miniconda3/lib/python3.13/site-packages/websockets/asyncio/connection.py", line 322, in recv
    raise self.protocol.close_exc from self.recv_exc
websockets.exceptions.ConnectionClosedError: no close frame received or sent
[Prune] Removed 2 stale IDs (frame 7100)
[Prune] Removed 1 stale IDs (frame 7600)
[Evidence] Saved evidence/1776353227_270s.jpg (167763 bytes, sha256:b37f814cfd98f...)
[Prune] Removed 3 stale IDs (frame 7700)
[Prune] Removed 3 stale IDs (frame 7800)
[Prune] Removed 4 stale IDs (frame 7900)
[Prune] Removed 10 stale IDs (frame 8000)
[Prune] Removed 11 stale IDs (frame 8100)
[Prune] Removed 3 stale IDs (frame 8200)
[Prune] Removed 9 stale IDs (frame 8300)
[Prune] Removed 4 stale IDs (frame 8400)
[Prune] Removed 11 stale IDs (frame 8500)
[Evidence] Saved evidence/1776353227_final.jpg (202629 bytes, sha256:5b090632a49de...)
[Evidence] Saved evidence/1776353227_final.jpg (202632 bytes, sha256:987bd435d1eef...)
[Evidence] Saved evidence/1776353227_final.jpg (202661 bytes, sha256:8d74d16bbd049...)
[STATE] idle — round 30 complete: 17 vehicles
[Prune] Removed 10 stale IDs (frame 8600)
[Prune] Removed 5 stale IDs (frame 8700)
[Prune] Removed 3 stale IDs (frame 8900)
[Prune] Removed 3 stale IDs (frame 9000)
[Prune] Removed 1 stale IDs (frame 9200)
[Prune] Removed 2 stale IDs (frame 9300)
[Prune] Removed 3 stale IDs (frame 9400)
[2026-04-16 12:32:37] No round_complete via WS — reading result.json fallback
[2026-04-16 12:32:37] Count complete: 17 vehicles (in=0 out=17)
[2026-04-16 12:32:38] No bets placed — cancelling market
[2026-04-16 12:32:39] Market cancelled: 0xF770B62435dBBAef78F6E84B3A5fdD120Ff7c201 (tx: b12327c81e45e6dac3926cf8390f42385114b2897025897ccc37bab69a2564a2)
[2026-04-16 12:32:39] Ably publish OK: market_cancelled
[Prune] Removed 1 stale IDs (frame 9500)
[2026-04-16 12:32:42] Refunds distributed: 0xF770B62435dBBAef78F6E84B3A5fdD120Ff7c201 (tx: 86d4958bf822b141e32cb94e42cbfb58a84105c7672ff8fe303ce72c5af701fc)
[2026-04-16 12:32:43] Ledger POST OK: {"ok":true}
[2026-04-16 12:32:43] New threshold: 14 (avg of [12, 17])
[2026-04-16 12:32:43] Waiting 15s before Round #31...
[Prune] Removed 2 stale IDs (frame 9700)
[Prune] Removed 2 stale IDs (frame 9900)
[Prune] Removed 6 stale IDs (frame 10000)
[2026-04-16 12:32:58] Round #31 | Levi Ski Resort — Finland | threshold=14
[2026-04-16 12:32:59] createMarket tx sent: f15121900d219fe20581b9546fef0932697872f7dd44bc2390b34fbddc3c2c1f
[Prune] Removed 7 stale IDs (frame 10100)
[2026-04-16 12:33:01] Market created: 0xA2eBB127944515AaC81203b62842c2aa9E3Bd091 (tx: f15121900d219fe20581b9546fef0932697872f7dd44bc2390b34fbddc3c2c1f)
[2026-04-16 12:33:02] Ably publish OK: market_created
[2026-04-16 12:33:02] Counting vehicles for 150s...
[STATE] betting — market=0xA2eBB127... bet=150s count=150s round=31
[LineZone] (295,570) -> (1276,335)
[Counter] Line: (579, 10) -> (701, 710)
[2026-04-16 12:33:02] [StreamClient] Round 31 started on stream_server
[Prune] Removed 11 stale IDs (frame 200)
[Prune] Removed 8 stale IDs (frame 300)
[Prune] Removed 11 stale IDs (frame 400)
[Prune] Removed 8 stale IDs (frame 500)
[Prune] Removed 8 stale IDs (frame 600)
[Prune] Removed 7 stale IDs (frame 700)
[Evidence] Saved evidence/1776353582_30s.jpg (204981 bytes, sha256:5c6f59e2a36b3...)
[Prune] Removed 4 stale IDs (frame 900)
[Prune] Removed 2 stale IDs (frame 1000)
[Prune] Removed 1 stale IDs (frame 1100)
[Prune] Removed 5 stale IDs (frame 1300)
[Prune] Removed 4 stale IDs (frame 1400)
[Prune] Removed 2 stale IDs (frame 1500)
[Prune] Removed 1 stale IDs (frame 1600)
[Prune] Removed 1 stale IDs (frame 1700)
[Evidence] Saved evidence/1776353582_60s.jpg (206302 bytes, sha256:b53d98c51eb49...)
[Prune] Removed 1 stale IDs (frame 1800)
[Prune] Removed 3 stale IDs (frame 2000)
[Prune] Removed 3 stale IDs (frame 2100)
[Prune] Removed 2 stale IDs (frame 2200)
[Prune] Removed 1 stale IDs (frame 2300)
[Prune] Removed 1 stale IDs (frame 2400)
[Prune] Removed 1 stale IDs (frame 2500)
[Evidence] Saved evidence/1776353582_90s.jpg (204134 bytes, sha256:623e93a346416...)
[Prune] Removed 4 stale IDs (frame 2600)
[Prune] Removed 5 stale IDs (frame 2700)
[Prune] Removed 3 stale IDs (frame 2800)
[Prune] Removed 2 stale IDs (frame 2900)
[Prune] Removed 4 stale IDs (frame 3200)
[Prune] Removed 2 stale IDs (frame 3300)
[Prune] Removed 8 stale IDs (frame 3400)
[Evidence] Saved evidence/1776353582_120s.jpg (205166 bytes, sha256:6c68e0d43137b...)
[Prune] Removed 2 stale IDs (frame 3500)
[Prune] Removed 2 stale IDs (frame 3600)
[Prune] Removed 2 stale IDs (frame 3700)
[Prune] Removed 2 stale IDs (frame 3800)
[Prune] Removed 2 stale IDs (frame 3900)
[Prune] Removed 1 stale IDs (frame 4000)
[Prune] Removed 1 stale IDs (frame 4100)
[Prune] Removed 2 stale IDs (frame 4200)
[STATE] counting — market=0xA2eBB127... duration=150s round=31
[Evidence] Saved evidence/1776353582_150s.jpg (204838 bytes, sha256:618fc16901695...)
[Prune] Removed 2 stale IDs (frame 4500)
[Prune] Removed 1 stale IDs (frame 4600)
[Prune] Removed 6 stale IDs (frame 4700)
[Prune] Removed 8 stale IDs (frame 4800)
[Prune] Removed 2 stale IDs (frame 4900)
[Prune] Removed 4 stale IDs (frame 5000)
[Prune] Removed 2 stale IDs (frame 5100)
[Evidence] Saved evidence/1776353582_180s.jpg (208548 bytes, sha256:4cd71f437a4a9...)
[Prune] Removed 2 stale IDs (frame 5200)
[Prune] Removed 1 stale IDs (frame 5300)
[Prune] Removed 3 stale IDs (frame 6000)
[Evidence] Saved evidence/1776353582_210s.jpg (185273 bytes, sha256:0e073069939e3...)
[Prune] Removed 1 stale IDs (frame 6100)
[Prune] Removed 1 stale IDs (frame 6200)
[WS] Client disconnected (1 total)
connection handler failed
Traceback (most recent call last):
  File "/home/lumen/miniconda3/lib/python3.13/asyncio/selector_events.py", line 1005, in _read_ready__data_received
    data = self._sock.recv(self.max_size)
ConnectionResetError: [Errno 104] Connection reset by peer

The above exception was the direct cause of the following exception:

Traceback (most recent call last):
  File "/home/lumen/miniconda3/lib/python3.13/site-packages/websockets/asyncio/server.py", line 376, in conn_handler
    await self.handler(connection)
  File "/home/lumen/.gemini/antigravity/scratch/rush/oracle/stream_server.py", line 1261, in handler
    async for msg in ws:
    ...<37 lines>...
            pass
  File "/home/lumen/miniconda3/lib/python3.13/site-packages/websockets/asyncio/connection.py", line 242, in __aiter__
    yield await self.recv()
          ^^^^^^^^^^^^^^^^^
  File "/home/lumen/miniconda3/lib/python3.13/site-packages/websockets/asyncio/connection.py", line 322, in recv
    raise self.protocol.close_exc from self.recv_exc
websockets.exceptions.ConnectionClosedError: no close frame received or sent
[Evidence] Saved evidence/1776353582_240s.jpg (216488 bytes, sha256:9cbf6782e3b0a...)
[Prune] Removed 2 stale IDs (frame 6900)
[WS] Client connected (2 total)
[Evidence] Saved evidence/1776353582_270s.jpg (224879 bytes, sha256:f8d769a783ca9...)
[WS] Client disconnected (1 total)
connection handler failed
Traceback (most recent call last):
  File "/home/lumen/miniconda3/lib/python3.13/asyncio/selector_events.py", line 1067, in write
    n = self._sock.send(data)
BrokenPipeError: [Errno 32] Broken pipe

The above exception was the direct cause of the following exception:

Traceback (most recent call last):
  File "/home/lumen/miniconda3/lib/python3.13/site-packages/websockets/asyncio/server.py", line 376, in conn_handler
    await self.handler(connection)
  File "/home/lumen/.gemini/antigravity/scratch/rush/oracle/stream_server.py", line 1261, in handler
    async for msg in ws:
    ...<37 lines>...
            pass
  File "/home/lumen/miniconda3/lib/python3.13/site-packages/websockets/asyncio/connection.py", line 242, in __aiter__
    yield await self.recv()
          ^^^^^^^^^^^^^^^^^
  File "/home/lumen/miniconda3/lib/python3.13/site-packages/websockets/asyncio/connection.py", line 322, in recv
    raise self.protocol.close_exc from self.recv_exc
websockets.exceptions.ConnectionClosedError: no close frame received or sent
[Prune] Removed 1 stale IDs (frame 8100)
[Evidence] Saved evidence/1776353582_final.jpg (193376 bytes, sha256:19fb535789846...)
[Evidence] Saved evidence/1776353582_final.jpg (193329 bytes, sha256:b6415ac8536e1...)
[Evidence] Saved evidence/1776353582_final.jpg (193317 bytes, sha256:1852c0b1df0d5...)
[STATE] idle — round 31 complete: 10 vehicles
[Prune] Removed 1 stale IDs (frame 8700)
[Prune] Removed 1 stale IDs (frame 9200)
[2026-04-16 12:38:32] No round_complete via WS — reading result.json fallback
[2026-04-16 12:38:32] Count complete: 10 vehicles (in=0 out=10)
[2026-04-16 12:38:33] No bets placed — cancelling market
[2026-04-16 12:38:34] Market cancelled: 0xA2eBB127944515AaC81203b62842c2aa9E3Bd091 (tx: 5281958643dcb39303f868db18330d6e300c90404ea4ce197fb4b125d88f5f00)
[2026-04-16 12:38:34] Ably publish OK: market_cancelled
[2026-04-16 12:38:35] Refunds distributed: 0xA2eBB127944515AaC81203b62842c2aa9E3Bd091 (tx: 0263daad67305294249cb73d7b2a2c863cc8f5deb455b6fcd14cc60ddca81cee)
[2026-04-16 12:38:35] Ledger POST OK: {"ok":true}
[2026-04-16 12:38:35] New threshold: 13 (avg of [17, 10])
[2026-04-16 12:38:35] Waiting 15s before Round #32...
[2026-04-16 12:38:50] Round #32 | Levi Ski Resort — Finland | threshold=13
[2026-04-16 12:38:52] createMarket tx sent: d85f0b178ce95bc8ecdde7c08441b1b1fea288367e621177fe585d785498117f
[2026-04-16 12:38:52] Market created: 0xFe3cf2A2198708e341B7c1eE74E0879214209faD (tx: d85f0b178ce95bc8ecdde7c08441b1b1fea288367e621177fe585d785498117f)
[2026-04-16 12:38:53] Ably publish OK: market_created
[2026-04-16 12:38:53] Counting vehicles for 150s...
[STATE] betting — market=0xFe3cf2A2... bet=150s count=150s round=32
[LineZone] (295,570) -> (1276,335)
[Counter] Line: (579, 10) -> (701, 710)
[2026-04-16 12:38:53] [StreamClient] Round 32 started on stream_server
[Evidence] Saved evidence/1776353933_30s.jpg (183229 bytes, sha256:8554ff62db600...)
[Prune] Removed 1 stale IDs (frame 900)
[Prune] Removed 1 stale IDs (frame 1200)
[Prune] Removed 1 stale IDs (frame 1300)
[Prune] Removed 1 stale IDs (frame 1700)
[Evidence] Saved evidence/1776353933_60s.jpg (222078 bytes, sha256:0f26267985c68...)
[Evidence] Saved evidence/1776353933_90s.jpg (228736 bytes, sha256:84172d3bcc981...)
[Evidence] Saved evidence/1776353933_120s.jpg (229498 bytes, sha256:bd4403b59fcb1...)
[STATE] counting — market=0xFe3cf2A2... duration=150s round=32
[Evidence] Saved evidence/1776353933_150s.jpg (212421 bytes, sha256:970e03346a218...)
[Prune] Removed 4 stale IDs (frame 4600)
[Prune] Removed 2 stale IDs (frame 4700)
[Prune] Removed 2 stale IDs (frame 4800)
[Prune] Removed 9 stale IDs (frame 4900)
[Prune] Removed 4 stale IDs (frame 5000)
[Prune] Removed 1 stale IDs (frame 5100)
[Evidence] Saved evidence/1776353933_180s.jpg (191000 bytes, sha256:ab75acfced5b7...)
[Prune] Removed 3 stale IDs (frame 5200)
[Prune] Removed 3 stale IDs (frame 5300)
[Prune] Removed 1 stale IDs (frame 5400)
[Prune] Removed 2 stale IDs (frame 5500)
[Prune] Removed 2 stale IDs (frame 5600)
[Prune] Removed 1 stale IDs (frame 5900)
[Prune] Removed 1 stale IDs (frame 6000)
[Evidence] Saved evidence/1776353933_210s.jpg (219954 bytes, sha256:b293613eede88...)
[Prune] Removed 1 stale IDs (frame 6400)
[Prune] Removed 3 stale IDs (frame 6700)
[Prune] Removed 6 stale IDs (frame 6800)
[Evidence] Saved evidence/1776353933_240s.jpg (230719 bytes, sha256:fc2efb3d09559...)
[Prune] Removed 5 stale IDs (frame 6900)
[Prune] Removed 5 stale IDs (frame 7000)
[Prune] Removed 4 stale IDs (frame 7100)
[Prune] Removed 2 stale IDs (frame 7200)
[Prune] Removed 5 stale IDs (frame 7300)
[Prune] Removed 3 stale IDs (frame 7400)
[Prune] Removed 3 stale IDs (frame 7500)
[Prune] Removed 3 stale IDs (frame 7600)
[Prune] Removed 2 stale IDs (frame 7700)
[Evidence] Saved evidence/1776353933_270s.jpg (231049 bytes, sha256:e804c61da7e53...)
[Prune] Removed 2 stale IDs (frame 7800)
[Prune] Removed 2 stale IDs (frame 7900)
[Prune] Removed 3 stale IDs (frame 8100)
[Prune] Removed 1 stale IDs (frame 8200)
[Evidence] Saved evidence/1776353933_final.jpg (229966 bytes, sha256:67a6faae9c02b...)
[Evidence] Saved evidence/1776353933_final.jpg (229971 bytes, sha256:6f27ad19b416d...)
[Evidence] Saved evidence/1776353933_final.jpg (229992 bytes, sha256:8670cfa5419f5...)
[Evidence] Saved evidence/1776353933_final.jpg (229953 bytes, sha256:a43eef276a1eb...)
[STATE] idle — round 32 complete: 6 vehicles
[Prune] Removed 1 stale IDs (frame 9300)
[Prune] Removed 5 stale IDs (frame 9400)
[2026-04-16 12:44:23] No round_complete via WS — reading result.json fallback
[2026-04-16 12:44:23] Count complete: 6 vehicles (in=0 out=6)
[Prune] Removed 1 stale IDs (frame 9500)
[2026-04-16 12:44:24] No bets placed — cancelling market
[2026-04-16 12:44:27] Market cancelled: 0xFe3cf2A2198708e341B7c1eE74E0879214209faD (tx: e856c7ec97683b87244ad170a72ac09e559d89ea30db247a229a34b17355c3f8)
[2026-04-16 12:44:27] Ably publish OK: market_cancelled
[Prune] Removed 2 stale IDs (frame 9600)
[2026-04-16 12:44:30] Refunds distributed: 0xFe3cf2A2198708e341B7c1eE74E0879214209faD (tx: e10fbfb9c3f46bfe672fd9ecc59b2e05df339c15b5c6a1e2cccee4583fc066c2)
[2026-04-16 12:44:31] Ledger POST failed (non-fatal): HTTP Error 400: Bad Request
[2026-04-16 12:44:31] New threshold: 8 (avg of [10, 6])
[2026-04-16 12:44:31] Waiting 15s before Round #33...
[Prune] Removed 1 stale IDs (frame 9700)
[Prune] Removed 2 stale IDs (frame 9800)
[WS] Client disconnected (0 total)
[Prune] Removed 1 stale IDs (frame 9900)
[2026-04-16 12:44:46] Round #33 | Levi Ski Resort — Finland | threshold=8
[2026-04-16 12:44:47] createMarket tx sent: b837e1f03a52c472b9a9210c7b8ae128f49b5c0fb07712b2f50f5f31819a4f59
[2026-04-16 12:44:49] Market created: 0xC788B247854982C846bBfbCBD8cb311CD9f38602 (tx: b837e1f03a52c472b9a9210c7b8ae128f49b5c0fb07712b2f50f5f31819a4f59)
[2026-04-16 12:44:50] Ably publish OK: market_created
[2026-04-16 12:44:50] Counting vehicles for 150s...
[STATE] betting — market=0xC788B247... bet=150s count=150s round=33
[LineZone] (295,570) -> (1276,335)
[Counter] Line: (579, 10) -> (701, 710)
[2026-04-16 12:44:50] [StreamClient] Round 33 started on stream_server
[Prune] Removed 1 stale IDs (frame 600)
[Prune] Removed 1 stale IDs (frame 800)
[Evidence] Saved evidence/1776354290_30s.jpg (227212 bytes, sha256:78b0b8d2220e6...)
[WS] Client connected (1 total)
[Prune] Removed 12 stale IDs (frame 1700)
[Evidence] Saved evidence/1776354290_60s.jpg (200569 bytes, sha256:8c8f9cad6e432...)
[Prune] Removed 2 stale IDs (frame 1800)
[Prune] Removed 1 stale IDs (frame 1900)
[Prune] Removed 1 stale IDs (frame 2300)
[Prune] Removed 1 stale IDs (frame 2500)
[Evidence] Saved evidence/1776354290_90s.jpg (205865 bytes, sha256:80423cadf4c2e...)
[Prune] Removed 2 stale IDs (frame 2700)
[Prune] Removed 2 stale IDs (frame 2800)
[Prune] Removed 2 stale IDs (frame 2900)
[Prune] Removed 2 stale IDs (frame 3000)
[Prune] Removed 6 stale IDs (frame 3200)
[Prune] Removed 3 stale IDs (frame 3300)
[Prune] Removed 5 stale IDs (frame 3400)
[Evidence] Saved evidence/1776354290_120s.jpg (189313 bytes, sha256:488a6eeb3eed5...)
[Prune] Removed 7 stale IDs (frame 3500)
[Prune] Removed 3 stale IDs (frame 3600)
[Prune] Removed 1 stale IDs (frame 3700)
[Prune] Removed 2 stale IDs (frame 3800)
[Prune] Removed 2 stale IDs (frame 3900)
[Prune] Removed 1 stale IDs (frame 4000)
[STATE] counting — market=0xC788B247... duration=150s round=33
[Evidence] Saved evidence/1776354290_150s.jpg (189180 bytes, sha256:f3e69788f8466...)
[Prune] Removed 2 stale IDs (frame 4300)
[Prune] Removed 6 stale IDs (frame 4400)
[Prune] Removed 1 stale IDs (frame 4600)
[Prune] Removed 12 stale IDs (frame 4700)
[Prune] Removed 13 stale IDs (frame 4800)
[Prune] Removed 6 stale IDs (frame 4900)
[Prune] Removed 11 stale IDs (frame 5000)
[Prune] Removed 2 stale IDs (frame 5100)
[Evidence] Saved evidence/1776354290_180s.jpg (219466 bytes, sha256:012add9375f34...)
[Prune] Removed 2 stale IDs (frame 5200)
[Prune] Removed 3 stale IDs (frame 5300)
[Prune] Removed 2 stale IDs (frame 5400)
[Prune] Removed 4 stale IDs (frame 5500)
[Prune] Removed 4 stale IDs (frame 5600)
[Prune] Removed 2 stale IDs (frame 5800)
[Evidence] Saved evidence/1776354290_210s.jpg (229971 bytes, sha256:5c0f4e3c1f50f...)
[Prune] Removed 1 stale IDs (frame 6500)
[Prune] Removed 3 stale IDs (frame 6600)
[Prune] Removed 3 stale IDs (frame 6700)
[Prune] Removed 1 stale IDs (frame 6800)
[Evidence] Saved evidence/1776354290_240s.jpg (230087 bytes, sha256:7c2711b7efa9e...)
[Prune] Removed 2 stale IDs (frame 6900)
[Prune] Removed 1 stale IDs (frame 7200)
[Prune] Removed 4 stale IDs (frame 7300)
[Prune] Removed 1 stale IDs (frame 7400)
[Evidence] Saved evidence/1776354290_270s.jpg (229432 bytes, sha256:6841c03670541...)
[Evidence] Saved evidence/1776354290_final.jpg (219680 bytes, sha256:a270e2782509a...)
[Evidence] Saved evidence/1776354290_final.jpg (219666 bytes, sha256:6d3789bec7d0e...)
[Evidence] Saved evidence/1776354290_final.jpg (219674 bytes, sha256:402db7522d4d2...)
[STATE] idle — round 33 complete: 11 vehicles
[Prune] Removed 1 stale IDs (frame 8600)
[Prune] Removed 1 stale IDs (frame 8700)
[Prune] Removed 1 stale IDs (frame 9100)
[Prune] Removed 1 stale IDs (frame 9200)
[Prune] Removed 1 stale IDs (frame 9300)
[Prune] Removed 1 stale IDs (frame 9400)
[2026-04-16 12:50:20] No round_complete via WS — reading result.json fallback
[2026-04-16 12:50:20] Count complete: 11 vehicles (in=2 out=9)
[2026-04-16 12:50:22] No bets placed — cancelling market
[2026-04-16 12:50:25] Market cancelled: 0xC788B247854982C846bBfbCBD8cb311CD9f38602 (tx: ee2a58f343459ca6942c4121f3746246f77f7e445c294f9853a4f72cc789ab33)
[2026-04-16 12:50:25] Ably publish OK: market_cancelled
[Prune] Removed 1 stale IDs (frame 9600)
[2026-04-16 12:50:28] Refunds distributed: 0xC788B247854982C846bBfbCBD8cb311CD9f38602 (tx: 4fb1af1b9e06371801bdf51ce9e851b1662e3e695fd9050adf928a86795cca18)
[2026-04-16 12:50:28] Ledger POST OK: {"ok":true}
[2026-04-16 12:50:28] New threshold: 8 (avg of [6, 11])
[2026-04-16 12:50:28] Waiting 15s before Round #34...
[Prune] Removed 2 stale IDs (frame 9800)
[Prune] Removed 1 stale IDs (frame 10100)
[2026-04-16 12:50:43] Round #34 | Levi Ski Resort — Finland | threshold=8
[2026-04-16 12:50:44] createMarket tx sent: f8a099227aa84910c768dd99b57a70adc55b5b2be1bdb0ea664a126dacd6b91b
[WS] Client connected (2 total)
[2026-04-16 12:50:47] Market created: 0xe0E7f97BC5247215E5Cfc396b8e4175f77d448f8 (tx: f8a099227aa84910c768dd99b57a70adc55b5b2be1bdb0ea664a126dacd6b91b)
[2026-04-16 12:50:47] Ably publish OK: market_created
[2026-04-16 12:50:47] Counting vehicles for 150s...
[STATE] betting — market=0xe0E7f97B... bet=150s count=150s round=34
[LineZone] (295,570) -> (1276,335)
[Counter] Line: (579, 10) -> (701, 710)
[2026-04-16 12:50:47] [StreamClient] Round 34 started on stream_server
[WS] Client connected (3 total)
[WS] Client disconnected (2 total)
connection handler failed
Traceback (most recent call last):
  File "/home/lumen/miniconda3/lib/python3.13/asyncio/selector_events.py", line 1067, in write
    n = self._sock.send(data)
BrokenPipeError: [Errno 32] Broken pipe

The above exception was the direct cause of the following exception:

Traceback (most recent call last):
  File "/home/lumen/miniconda3/lib/python3.13/site-packages/websockets/asyncio/server.py", line 376, in conn_handler
    await self.handler(connection)
  File "/home/lumen/.gemini/antigravity/scratch/rush/oracle/stream_server.py", line 1261, in handler
    async for msg in ws:
    ...<37 lines>...
            pass
  File "/home/lumen/miniconda3/lib/python3.13/site-packages/websockets/asyncio/connection.py", line 242, in __aiter__
    yield await self.recv()
          ^^^^^^^^^^^^^^^^^
  File "/home/lumen/miniconda3/lib/python3.13/site-packages/websockets/asyncio/connection.py", line 322, in recv
    raise self.protocol.close_exc from self.recv_exc
websockets.exceptions.ConnectionClosedError: no close frame received or sent
[WS] Client disconnected (1 total)
connection handler failed
Traceback (most recent call last):
  File "/home/lumen/miniconda3/lib/python3.13/asyncio/selector_events.py", line 1067, in write
    n = self._sock.send(data)
BrokenPipeError: [Errno 32] Broken pipe

The above exception was the direct cause of the following exception:

Traceback (most recent call last):
  File "/home/lumen/miniconda3/lib/python3.13/site-packages/websockets/asyncio/server.py", line 376, in conn_handler
    await self.handler(connection)
  File "/home/lumen/.gemini/antigravity/scratch/rush/oracle/stream_server.py", line 1261, in handler
    async for msg in ws:
    ...<37 lines>...
            pass
  File "/home/lumen/miniconda3/lib/python3.13/site-packages/websockets/asyncio/connection.py", line 242, in __aiter__
    yield await self.recv()
          ^^^^^^^^^^^^^^^^^
  File "/home/lumen/miniconda3/lib/python3.13/site-packages/websockets/asyncio/connection.py", line 322, in recv
    raise self.protocol.close_exc from self.recv_exc
websockets.exceptions.ConnectionClosedError: no close frame received or sent
[WS] Client connected (2 total)
[WS] Client connected (3 total)
[Prune] Removed 5 stale IDs (frame 400)
[WS] Client disconnected (2 total)
connection handler failed
Traceback (most recent call last):
  File "/home/lumen/miniconda3/lib/python3.13/asyncio/selector_events.py", line 1067, in write
    n = self._sock.send(data)
BrokenPipeError: [Errno 32] Broken pipe

The above exception was the direct cause of the following exception:

Traceback (most recent call last):
  File "/home/lumen/miniconda3/lib/python3.13/site-packages/websockets/asyncio/server.py", line 376, in conn_handler
    await self.handler(connection)
  File "/home/lumen/.gemini/antigravity/scratch/rush/oracle/stream_server.py", line 1261, in handler
    async for msg in ws:
    ...<37 lines>...
            pass
  File "/home/lumen/miniconda3/lib/python3.13/site-packages/websockets/asyncio/connection.py", line 242, in __aiter__
    yield await self.recv()
          ^^^^^^^^^^^^^^^^^
  File "/home/lumen/miniconda3/lib/python3.13/site-packages/websockets/asyncio/connection.py", line 322, in recv
    raise self.protocol.close_exc from self.recv_exc
websockets.exceptions.ConnectionClosedError: no close frame received or sent
[Prune] Removed 1 stale IDs (frame 500)
[Prune] Removed 4 stale IDs (frame 700)
[Evidence] Saved evidence/1776354647_30s.jpg (191759 bytes, sha256:4b894da517ddc...)
[Prune] Removed 2 stale IDs (frame 900)
[Prune] Removed 2 stale IDs (frame 1000)
[Prune] Removed 2 stale IDs (frame 1200)
[Prune] Removed 1 stale IDs (frame 1300)
[Prune] Removed 1 stale IDs (frame 1400)
[Prune] Removed 3 stale IDs (frame 1600)
[Prune] Removed 4 stale IDs (frame 1700)
[Evidence] Saved evidence/1776354647_60s.jpg (227340 bytes, sha256:5427b3ea407df...)
[Prune] Removed 1 stale IDs (frame 2000)
[Prune] Removed 1 stale IDs (frame 2100)
[Prune] Removed 7 stale IDs (frame 2200)
[Prune] Removed 3 stale IDs (frame 2300)
[Prune] Removed 1 stale IDs (frame 2400)
[Prune] Removed 1 stale IDs (frame 2500)
[Evidence] Saved evidence/1776354647_90s.jpg (221536 bytes, sha256:bdaca393aa518...)
[Prune] Removed 1 stale IDs (frame 2600)
[Prune] Removed 1 stale IDs (frame 2700)
[Prune] Removed 4 stale IDs (frame 2800)
[Prune] Removed 6 stale IDs (frame 2900)
[Prune] Removed 5 stale IDs (frame 3000)
[Prune] Removed 6 stale IDs (frame 3100)
[Prune] Removed 9 stale IDs (frame 3200)
[Prune] Removed 7 stale IDs (frame 3300)
[Prune] Removed 3 stale IDs (frame 3400)
[Evidence] Saved evidence/1776354647_120s.jpg (217884 bytes, sha256:6003917d02a6b...)
[Prune] Removed 2 stale IDs (frame 3500)
[Prune] Removed 3 stale IDs (frame 3600)
[Prune] Removed 2 stale IDs (frame 3700)
[Prune] Removed 4 stale IDs (frame 3800)
[Prune] Removed 15 stale IDs (frame 3900)
[WS] Client disconnected (1 total)
connection handler failed
Traceback (most recent call last):
  File "/home/lumen/miniconda3/lib/python3.13/asyncio/selector_events.py", line 1067, in write
    n = self._sock.send(data)
BrokenPipeError: [Errno 32] Broken pipe

The above exception was the direct cause of the following exception:

Traceback (most recent call last):
  File "/home/lumen/miniconda3/lib/python3.13/site-packages/websockets/asyncio/server.py", line 376, in conn_handler
    await self.handler(connection)
  File "/home/lumen/.gemini/antigravity/scratch/rush/oracle/stream_server.py", line 1261, in handler
    async for msg in ws:
    ...<37 lines>...
            pass
  File "/home/lumen/miniconda3/lib/python3.13/site-packages/websockets/asyncio/connection.py", line 242, in __aiter__
    yield await self.recv()
          ^^^^^^^^^^^^^^^^^
  File "/home/lumen/miniconda3/lib/python3.13/site-packages/websockets/asyncio/connection.py", line 322, in recv
    raise self.protocol.close_exc from self.recv_exc
websockets.exceptions.ConnectionClosedError: no close frame received or sent
[Prune] Removed 7 stale IDs (frame 4000)
[Prune] Removed 5 stale IDs (frame 4100)
[Prune] Removed 2 stale IDs (frame 4200)
[STATE] counting — market=0xe0E7f97B... duration=150s round=34
[Evidence] Saved evidence/1776354647_150s.jpg (216111 bytes, sha256:fc6e535f91811...)
[Prune] Removed 4 stale IDs (frame 4300)
[Prune] Removed 3 stale IDs (frame 4400)
[Prune] Removed 10 stale IDs (frame 4500)
[Prune] Removed 3 stale IDs (frame 4600)
[Prune] Removed 9 stale IDs (frame 4700)
[Prune] Removed 1 stale IDs (frame 4800)
[Prune] Removed 1 stale IDs (frame 4900)
[WS] Client connected (2 total)
[Prune] Removed 4 stale IDs (frame 5000)
[Prune] Removed 4 stale IDs (frame 5100)
[Evidence] Saved evidence/1776354647_180s.jpg (213116 bytes, sha256:b93dddcc2fb72...)
[Prune] Removed 2 stale IDs (frame 5200)
[Prune] Removed 3 stale IDs (frame 5300)
[Prune] Removed 5 stale IDs (frame 5400)
[Evidence] Saved evidence/1776354647_210s.jpg (214873 bytes, sha256:dcbc04d3487f1...)
[Evidence] Saved evidence/1776354647_240s.jpg (212894 bytes, sha256:405942155503f...)
[Prune] Removed 3 stale IDs (frame 6900)
[Prune] Removed 2 stale IDs (frame 7000)
[Prune] Removed 1 stale IDs (frame 7100)
[Prune] Removed 5 stale IDs (frame 7200)
[Prune] Removed 11 stale IDs (frame 7300)
[Prune] Removed 9 stale IDs (frame 7400)
[Prune] Removed 7 stale IDs (frame 7500)
[Prune] Removed 10 stale IDs (frame 7600)
[Evidence] Saved evidence/1776354647_270s.jpg (208358 bytes, sha256:9e43c821dd1a8...)
[Prune] Removed 4 stale IDs (frame 7700)
[Prune] Removed 2 stale IDs (frame 7800)
[Prune] Removed 3 stale IDs (frame 7900)
[Prune] Removed 4 stale IDs (frame 8000)
[Prune] Removed 1 stale IDs (frame 8300)
[Evidence] Saved evidence/1776354647_final.jpg (170246 bytes, sha256:5cf0036dcca57...)
[Evidence] Saved evidence/1776354647_final.jpg (170153 bytes, sha256:4ec88825bcca8...)
[Evidence] Saved evidence/1776354647_final.jpg (170193 bytes, sha256:926409c70dc65...)
[STATE] idle — round 34 complete: 13 vehicles
[Prune] Removed 1 stale IDs (frame 8800)
[Prune] Removed 5 stale IDs (frame 8900)
[Prune] Removed 6 stale IDs (frame 9000)
[Prune] Removed 2 stale IDs (frame 9100)
[Prune] Removed 4 stale IDs (frame 9200)
[Prune] Removed 8 stale IDs (frame 9300)
[2026-04-16 12:56:17] No round_complete via WS — reading result.json fallback
[2026-04-16 12:56:17] Count complete: 13 vehicles (in=0 out=13)
[Prune] Removed 4 stale IDs (frame 9400)
[2026-04-16 12:56:19] No bets placed — cancelling market
[2026-04-16 12:56:20] Market cancelled: 0xe0E7f97BC5247215E5Cfc396b8e4175f77d448f8 (tx: d2729010485b81759948236adc8ca4865c38daf89483474da402e7edbaf3a0e4)
[2026-04-16 12:56:20] Ably publish OK: market_cancelled
[Prune] Removed 7 stale IDs (frame 9500)
[2026-04-16 12:56:23] Refunds distributed: 0xe0E7f97BC5247215E5Cfc396b8e4175f77d448f8 (tx: 7ab7273d57aa3b9592fcda929e807db01dcaec44ba153e1562ee432bb1f95a32)
[2026-04-16 12:56:23] Ledger POST OK: {"ok":true}
[2026-04-16 12:56:23] New threshold: 12 (avg of [11, 13])
[2026-04-16 12:56:23] Waiting 15s before Round #35...
[Prune] Removed 1 stale IDs (frame 9600)
[2026-04-16 12:56:38] Round #35 | Levi Ski Resort — Finland | threshold=12
[2026-04-16 12:56:39] createMarket tx sent: 144e0ecde5b3c21dc002c311eb17b8a820ed66a7b19068110f52fe82fc419887
[2026-04-16 12:56:39] Market created: 0xbB8F20c7bc79BC015fF1dB3BA65c26a7f380311c (tx: 144e0ecde5b3c21dc002c311eb17b8a820ed66a7b19068110f52fe82fc419887)
[2026-04-16 12:56:40] Ably publish OK: market_created
[2026-04-16 12:56:40] Counting vehicles for 150s...
[STATE] betting — market=0xbB8F20c7... bet=150s count=150s round=35
[LineZone] (295,570) -> (1276,335)
[Counter] Line: (579, 10) -> (701, 710)
[2026-04-16 12:56:40] [StreamClient] Round 35 started on stream_server
[Prune] Removed 2 stale IDs (frame 200)
[Prune] Removed 2 stale IDs (frame 300)
[Prune] Removed 2 stale IDs (frame 400)
[Prune] Removed 3 stale IDs (frame 600)
[Evidence] Saved evidence/1776355000_30s.jpg (166792 bytes, sha256:0b2312001bfe2...)
[Prune] Removed 2 stale IDs (frame 900)
[Evidence] Saved evidence/1776355000_60s.jpg (168724 bytes, sha256:feb388c554087...)
[Prune] Removed 1 stale IDs (frame 1900)
[Prune] Removed 6 stale IDs (frame 2000)
[Prune] Removed 2 stale IDs (frame 2300)
[WS] Client connected (2 total)
[Prune] Removed 1 stale IDs (frame 2400)
[WS] Client disconnected (2 total)
connection handler failed
TimeoutError: timed out while closing connection

The above exception was the direct cause of the following exception:

Traceback (most recent call last):
  File "/home/lumen/miniconda3/lib/python3.13/site-packages/websockets/asyncio/server.py", line 376, in conn_handler
    await self.handler(connection)
  File "/home/lumen/.gemini/antigravity/scratch/rush/oracle/stream_server.py", line 1261, in handler
    async for msg in ws:
    ...<37 lines>...
            pass
  File "/home/lumen/miniconda3/lib/python3.13/site-packages/websockets/asyncio/connection.py", line 242, in __aiter__
    yield await self.recv()
          ^^^^^^^^^^^^^^^^^
  File "/home/lumen/miniconda3/lib/python3.13/site-packages/websockets/asyncio/connection.py", line 322, in recv
    raise self.protocol.close_exc from self.recv_exc
websockets.exceptions.ConnectionClosedError: sent 1011 (internal error) keepalive ping timeout; no close frame received
[Evidence] Saved evidence/1776355000_90s.jpg (172656 bytes, sha256:f67e0fe5696d8...)
[Prune] Removed 1 stale IDs (frame 2600)
[Prune] Removed 1 stale IDs (frame 2800)
[Prune] Removed 2 stale IDs (frame 3200)
[Evidence] Saved evidence/1776355000_120s.jpg (176486 bytes, sha256:be5c9370101d7...)
[Prune] Removed 3 stale IDs (frame 3300)
[Prune] Removed 2 stale IDs (frame 3400)
[Prune] Removed 7 stale IDs (frame 3500)
[Prune] Removed 1 stale IDs (frame 3600)
[WS] Client disconnected (1 total)
connection handler failed
Traceback (most recent call last):
  File "/home/lumen/miniconda3/lib/python3.13/site-packages/websockets/asyncio/server.py", line 376, in conn_handler
    await self.handler(connection)
  File "/home/lumen/.gemini/antigravity/scratch/rush/oracle/stream_server.py", line 1261, in handler
    async for msg in ws:
    ...<37 lines>...
            pass
  File "/home/lumen/miniconda3/lib/python3.13/site-packages/websockets/asyncio/connection.py", line 242, in __aiter__
    yield await self.recv()
          ^^^^^^^^^^^^^^^^^
  File "/home/lumen/miniconda3/lib/python3.13/site-packages/websockets/asyncio/connection.py", line 322, in recv
    raise self.protocol.close_exc from self.recv_exc
websockets.exceptions.ConnectionClosedError: no close frame received or sent
[STATE] counting — market=0xbB8F20c7... duration=150s round=35
[Evidence] Saved evidence/1776355000_150s.jpg (175844 bytes, sha256:b13c680c09ab5...)
[Prune] Removed 1 stale IDs (frame 4100)
[Evidence] Saved evidence/1776355000_180s.jpg (176080 bytes, sha256:9f92954773e57...)
[Prune] Removed 1 stale IDs (frame 5100)
[Prune] Removed 1 stale IDs (frame 5200)
[Prune] Removed 1 stale IDs (frame 5300)
[Prune] Removed 1 stale IDs (frame 5400)
[Prune] Removed 1 stale IDs (frame 5500)
[Prune] Removed 3 stale IDs (frame 5600)
[Evidence] Saved evidence/1776355000_210s.jpg (174920 bytes, sha256:793f20c83090c...)
[Prune] Removed 4 stale IDs (frame 5800)
[Prune] Removed 3 stale IDs (frame 5900)
[Prune] Removed 3 stale IDs (frame 6000)
[Prune] Removed 1 stale IDs (frame 6100)
[Prune] Removed 2 stale IDs (frame 6200)
[Prune] Removed 1 stale IDs (frame 6300)
[WS] Client connected (2 total)
[Evidence] Saved evidence/1776355000_240s.jpg (173802 bytes, sha256:91ce64a708fef...)
[WS] Client disconnected (1 total)
connection handler failed
Traceback (most recent call last):
  File "/home/lumen/miniconda3/lib/python3.13/asyncio/selector_events.py", line 1067, in write
    n = self._sock.send(data)
BrokenPipeError: [Errno 32] Broken pipe

The above exception was the direct cause of the following exception:

Traceback (most recent call last):
  File "/home/lumen/miniconda3/lib/python3.13/site-packages/websockets/asyncio/server.py", line 376, in conn_handler
    await self.handler(connection)
  File "/home/lumen/.gemini/antigravity/scratch/rush/oracle/stream_server.py", line 1261, in handler
    async for msg in ws:
    ...<37 lines>...
            pass
  File "/home/lumen/miniconda3/lib/python3.13/site-packages/websockets/asyncio/connection.py", line 242, in __aiter__
    yield await self.recv()
          ^^^^^^^^^^^^^^^^^
  File "/home/lumen/miniconda3/lib/python3.13/site-packages/websockets/asyncio/connection.py", line 322, in recv
    raise self.protocol.close_exc from self.recv_exc
websockets.exceptions.ConnectionClosedError: no close frame received or sent
[WS] Client connected (2 total)
[Prune] Removed 3 stale IDs (frame 7500)
[Evidence] Saved evidence/1776355000_270s.jpg (172778 bytes, sha256:c8ffb241d6542...)
[Prune] Removed 2 stale IDs (frame 7600)
opening handshake failed
Traceback (most recent call last):
  File "/home/lumen/miniconda3/lib/python3.13/site-packages/websockets/asyncio/server.py", line 356, in conn_handler
    await connection.handshake(
    ...<3 lines>...
    )
  File "/home/lumen/miniconda3/lib/python3.13/site-packages/websockets/asyncio/server.py", line 207, in handshake
    raise self.protocol.handshake_exc
  File "/home/lumen/miniconda3/lib/python3.13/site-packages/websockets/server.py", line 138, in accept
    ) = self.process_request(request)
        ~~~~~~~~~~~~~~~~~~~~^^^^^^^^^
  File "/home/lumen/miniconda3/lib/python3.13/site-packages/websockets/server.py", line 233, in process_request
    raise InvalidUpgrade(
        "Connection", ", ".join(connection) if connection else None
    )
websockets.exceptions.InvalidUpgrade: invalid Connection header: keep-alive
[Prune] Removed 1 stale IDs (frame 7700)
[Prune] Removed 2 stale IDs (frame 7800)
[Prune] Removed 4 stale IDs (frame 8000)
[WS] Client disconnected (1 total)
connection handler failed
Traceback (most recent call last):
  File "/home/lumen/miniconda3/lib/python3.13/asyncio/selector_events.py", line 1067, in write
    n = self._sock.send(data)
BrokenPipeError: [Errno 32] Broken pipe

The above exception was the direct cause of the following exception:

Traceback (most recent call last):
  File "/home/lumen/miniconda3/lib/python3.13/site-packages/websockets/asyncio/server.py", line 376, in conn_handler
    await self.handler(connection)
  File "/home/lumen/.gemini/antigravity/scratch/rush/oracle/stream_server.py", line 1261, in handler
    async for msg in ws:
    ...<37 lines>...
            pass
  File "/home/lumen/miniconda3/lib/python3.13/site-packages/websockets/asyncio/connection.py", line 242, in __aiter__
    yield await self.recv()
          ^^^^^^^^^^^^^^^^^
  File "/home/lumen/miniconda3/lib/python3.13/site-packages/websockets/asyncio/connection.py", line 322, in recv
    raise self.protocol.close_exc from self.recv_exc
websockets.exceptions.ConnectionClosedError: no close frame received or sent
[Prune] Removed 5 stale IDs (frame 8100)
[WS] Client connected (2 total)
[Prune] Removed 6 stale IDs (frame 8200)
[Evidence] Saved evidence/1776355000_final.jpg (172408 bytes, sha256:4d8a638278b0f...)
[Evidence] Saved evidence/1776355000_final.jpg (172406 bytes, sha256:c33214197aa90...)
[Evidence] Saved evidence/1776355000_final.jpg (172377 bytes, sha256:c606e851cfca1...)
[Evidence] Saved evidence/1776355000_final.jpg (172333 bytes, sha256:f97dcd812fb49...)
[STATE] idle — round 35 complete: 6 vehicles
[Prune] Removed 2 stale IDs (frame 8700)
[Prune] Removed 3 stale IDs (frame 8800)
[WS] Client disconnected (1 total)
[Prune] Removed 3 stale IDs (frame 9000)
[Prune] Removed 4 stale IDs (frame 9100)
[2026-04-16 13:02:10] No round_complete via WS — reading result.json fallback
[2026-04-16 13:02:10] Count complete: 6 vehicles (in=0 out=6)
[Prune] Removed 2 stale IDs (frame 9200)
[2026-04-16 13:02:12] No bets placed — cancelling market
[Prune] Removed 6 stale IDs (frame 9300)
[2026-04-16 13:02:15] Market cancelled: 0xbB8F20c7bc79BC015fF1dB3BA65c26a7f380311c (tx: b4ffc02003f265548d971a8708cbc0d0853d9e7b136b0d73752367f5214dd1fa)
[2026-04-16 13:02:15] Ably publish OK: market_cancelled
[2026-04-16 13:02:16] Refunds distributed: 0xbB8F20c7bc79BC015fF1dB3BA65c26a7f380311c (tx: cdb3330ad4d91a7f57dd396d7de17b9513f68904a0b0ba44e3876c97f32dbd47)
[2026-04-16 13:02:16] Ledger POST OK: {"ok":true}
[2026-04-16 13:02:16] New threshold: 9 (avg of [13, 6])
[2026-04-16 13:02:16] Waiting 15s before Round #36...
[Prune] Removed 2 stale IDs (frame 9400)
[Prune] Removed 3 stale IDs (frame 9500)
[Prune] Removed 2 stale IDs (frame 9600)
[Prune] Removed 3 stale IDs (frame 9700)
[2026-04-16 13:02:31] Round #36 | Levi Ski Resort — Finland | threshold=9
[Prune] Removed 1 stale IDs (frame 9800)
[2026-04-16 13:02:34] createMarket tx sent: 57878eab6911c754f5edc445ddb47f8eaee377273e40411a774da5fb8b22ea8b
[Prune] Removed 1 stale IDs (frame 9900)
[2026-04-16 13:02:36] Market created: 0xdDa2211E0519440aCAfcfc6a08E8eF41c2e243FF (tx: 57878eab6911c754f5edc445ddb47f8eaee377273e40411a774da5fb8b22ea8b)
[2026-04-16 13:02:37] Ably publish OK: market_created
[2026-04-16 13:02:37] Counting vehicles for 150s...
[STATE] betting — market=0xdDa2211E... bet=150s count=150s round=36
[LineZone] (295,570) -> (1276,335)
[Counter] Line: (579, 10) -> (701, 710)
[2026-04-16 13:02:37] [StreamClient] Round 36 started on stream_server
[Prune] Removed 3 stale IDs (frame 200)
[Prune] Removed 2 stale IDs (frame 400)
[Prune] Removed 1 stale IDs (frame 500)
[Evidence] Saved evidence/1776355357_30s.jpg (170247 bytes, sha256:7909178ed3fa6...)
[Prune] Removed 1 stale IDs (frame 900)
[Evidence] Saved evidence/1776355357_60s.jpg (169342 bytes, sha256:e05b77ec9953e...)
[Prune] Removed 1 stale IDs (frame 2200)
[Evidence] Saved evidence/1776355357_90s.jpg (168527 bytes, sha256:dad68b0beceee...)
[Prune] Removed 1 stale IDs (frame 2600)
[Prune] Removed 2 stale IDs (frame 2700)
[Prune] Removed 3 stale IDs (frame 2800)
[Prune] Removed 2 stale IDs (frame 2900)
[Prune] Removed 4 stale IDs (frame 3000)
[Evidence] Saved evidence/1776355357_120s.jpg (170517 bytes, sha256:1aefed2c7e3f5...)
[Prune] Removed 2 stale IDs (frame 3900)
[Prune] Removed 4 stale IDs (frame 4000)
[Prune] Removed 7 stale IDs (frame 4100)
[Prune] Removed 2 stale IDs (frame 4200)
[Prune] Removed 3 stale IDs (frame 4300)
[STATE] counting — market=0xdDa2211E... duration=150s round=36
[Evidence] Saved evidence/1776355357_150s.jpg (170679 bytes, sha256:ae4bd1e0e2ad3...)
[Prune] Removed 4 stale IDs (frame 4400)
[Prune] Removed 2 stale IDs (frame 4500)
[Prune] Removed 3 stale IDs (frame 4600)
[Prune] Removed 2 stale IDs (frame 4800)
[Evidence] Saved evidence/1776355357_180s.jpg (172818 bytes, sha256:0b8a963618d40...)
[Evidence] Saved evidence/1776355357_210s.jpg (178127 bytes, sha256:36bf4e9120deb...)
[Prune] Removed 1 stale IDs (frame 6700)
[Evidence] Saved evidence/1776355357_240s.jpg (188681 bytes, sha256:cf55b5ca05484...)
[Evidence] Saved evidence/1776355357_270s.jpg (188334 bytes, sha256:b373610dabe6b...)
[Prune] Removed 1 stale IDs (frame 8500)
[Evidence] Saved evidence/1776355357_final.jpg (186297 bytes, sha256:feaa0bf3dae0d...)
[Evidence] Saved evidence/1776355357_final.jpg (186274 bytes, sha256:6af6063d56098...)
[Evidence] Saved evidence/1776355357_final.jpg (186310 bytes, sha256:4bb0d8c558e89...)
[STATE] idle — round 36 complete: 6 vehicles
[2026-04-16 13:08:07] No round_complete via WS — reading result.json fallback
[2026-04-16 13:08:07] Count complete: 6 vehicles (in=0 out=6)
[2026-04-16 13:08:09] No bets placed — cancelling market
[2026-04-16 13:08:12] Market cancelled: 0xdDa2211E0519440aCAfcfc6a08E8eF41c2e243FF (tx: ab01d66ef1d22f7e15c8aef78c60e7050e59248097e22256356ea61d6f81e552)
[2026-04-16 13:08:12] Ably publish OK: market_cancelled
[2026-04-16 13:08:13] Refunds distributed: 0xdDa2211E0519440aCAfcfc6a08E8eF41c2e243FF (tx: c787fb8d7f3ae595ae5c78ff69d0b4b5fcecf1d9f0eb1814630474baa234064b)
[2026-04-16 13:08:13] Ledger POST failed (non-fatal): HTTP Error 400: Bad Request
[2026-04-16 13:08:13] New threshold: 6 (avg of [6, 6])
[2026-04-16 13:08:13] Waiting 15s before Round #37...
[Prune] Removed 1 stale IDs (frame 9800)
[Prune] Removed 5 stale IDs (frame 9900)
[Prune] Removed 2 stale IDs (frame 10000)
[2026-04-16 13:08:28] Round #37 | Levi Ski Resort — Finland | threshold=6
[Prune] Removed 6 stale IDs (frame 10100)
[2026-04-16 13:08:29] createMarket tx sent: ff0fb7df925eb2897bb0c2eb3f87188038bb971865dd929976913cd2a824dff5
[2026-04-16 13:08:29] Market created: 0x3d3c3cEdFB911C880e0DbBd44c539Fa80f2E6B90 (tx: ff0fb7df925eb2897bb0c2eb3f87188038bb971865dd929976913cd2a824dff5)
[2026-04-16 13:08:30] Ably publish OK: market_created
[2026-04-16 13:08:30] Counting vehicles for 150s...
[STATE] betting — market=0x3d3c3cEd... bet=150s count=150s round=37
[2026-04-16 13:08:30] [StreamClient] Round 37 started on stream_server
[LineZone] (295,570) -> (1276,335)
[Counter] Line: (579, 10) -> (701, 710)
[Prune] Removed 1 stale IDs (frame 200)
[Prune] Removed 1 stale IDs (frame 500)
[Prune] Removed 1 stale IDs (frame 600)
[Evidence] Saved evidence/1776355710_30s.jpg (215677 bytes, sha256:9b4fbeef2acb2...)
[Prune] Removed 2 stale IDs (frame 900)
[Prune] Removed 2 stale IDs (frame 1000)
[Prune] Removed 1 stale IDs (frame 1100)
[Prune] Removed 6 stale IDs (frame 1200)
[Prune] Removed 9 stale IDs (frame 1300)
[Prune] Removed 2 stale IDs (frame 1400)
[Prune] Removed 1 stale IDs (frame 1500)
[Prune] Removed 4 stale IDs (frame 1600)
[Prune] Removed 1 stale IDs (frame 1700)
[Evidence] Saved evidence/1776355710_60s.jpg (206156 bytes, sha256:64b4ab2406228...)
[Prune] Removed 1 stale IDs (frame 1800)
[Prune] Removed 1 stale IDs (frame 1900)
[Evidence] Saved evidence/1776355710_90s.jpg (196543 bytes, sha256:1319f99107351...)
[Prune] Removed 4 stale IDs (frame 2800)
[Prune] Removed 7 stale IDs (frame 2900)
[Prune] Removed 4 stale IDs (frame 3000)
[Prune] Removed 3 stale IDs (frame 3200)
[Prune] Removed 8 stale IDs (frame 3300)
[Prune] Removed 1 stale IDs (frame 3400)
[Evidence] Saved evidence/1776355710_120s.jpg (207385 bytes, sha256:80578bbcf8461...)
[Prune] Removed 1 stale IDs (frame 3500)
[Prune] Removed 1 stale IDs (frame 3600)
[Prune] Removed 2 stale IDs (frame 3700)
[Prune] Removed 1 stale IDs (frame 4100)
[Prune] Removed 3 stale IDs (frame 4200)
[STATE] counting — market=0x3d3c3cEd... duration=150s round=37
[Evidence] Saved evidence/1776355710_150s.jpg (206116 bytes, sha256:8128214014756...)
[Prune] Removed 1 stale IDs (frame 4300)
[Prune] Removed 1 stale IDs (frame 4500)
[Prune] Removed 1 stale IDs (frame 4600)
[Prune] Removed 1 stale IDs (frame 4700)
[Prune] Removed 1 stale IDs (frame 4800)
[Evidence] Saved evidence/1776355710_180s.jpg (215642 bytes, sha256:fd58bc66b1dd1...)
[Evidence] Saved evidence/1776355710_210s.jpg (213323 bytes, sha256:3e3e7c2bfdaae...)
[Evidence] Saved evidence/1776355710_240s.jpg (213847 bytes, sha256:4dd5d57a12e07...)
[Prune] Removed 1 stale IDs (frame 7200)
[Prune] Removed 2 stale IDs (frame 7400)
[Prune] Removed 2 stale IDs (frame 7500)
[WS] Client connected (2 total)
[Prune] Removed 6 stale IDs (frame 7600)
[Prune] Removed 4 stale IDs (frame 7700)
[Evidence] Saved evidence/1776355710_270s.jpg (224998 bytes, sha256:b411e9e43af9d...)
[Prune] Removed 1 stale IDs (frame 7800)
[Prune] Removed 2 stale IDs (frame 7900)
[Prune] Removed 2 stale IDs (frame 8000)
[Prune] Removed 4 stale IDs (frame 8100)
[Prune] Removed 3 stale IDs (frame 8200)
[Prune] Removed 6 stale IDs (frame 8300)
[Prune] Removed 5 stale IDs (frame 8400)
[Prune] Removed 4 stale IDs (frame 8500)
[Evidence] Saved evidence/1776355710_final.jpg (224162 bytes, sha256:3f1ce32596729...)
[Evidence] Saved evidence/1776355710_final.jpg (224156 bytes, sha256:ace361eb1e2b7...)
[Evidence] Saved evidence/1776355710_final.jpg (224050 bytes, sha256:40751434c21e4...)
[STATE] idle — round 37 complete: 6 vehicles
[Prune] Removed 5 stale IDs (frame 8600)
[Prune] Removed 2 stale IDs (frame 8700)
[Prune] Removed 1 stale IDs (frame 8800)
[WS] Client disconnected (1 total)
connection handler failed
Traceback (most recent call last):
  File "/home/lumen/miniconda3/lib/python3.13/asyncio/selector_events.py", line 1005, in _read_ready__data_received
    data = self._sock.recv(self.max_size)
ConnectionResetError: [Errno 104] Connection reset by peer

The above exception was the direct cause of the following exception:

Traceback (most recent call last):
  File "/home/lumen/miniconda3/lib/python3.13/site-packages/websockets/asyncio/server.py", line 376, in conn_handler
    await self.handler(connection)
  File "/home/lumen/.gemini/antigravity/scratch/rush/oracle/stream_server.py", line 1261, in handler
    async for msg in ws:
    ...<37 lines>...
            pass
  File "/home/lumen/miniconda3/lib/python3.13/site-packages/websockets/asyncio/connection.py", line 242, in __aiter__
    yield await self.recv()
          ^^^^^^^^^^^^^^^^^
  File "/home/lumen/miniconda3/lib/python3.13/site-packages/websockets/asyncio/connection.py", line 322, in recv
    raise self.protocol.close_exc from self.recv_exc
websockets.exceptions.ConnectionClosedError: no close frame received or sent
[2026-04-16 13:14:00] No round_complete via WS — reading result.json fallback
[2026-04-16 13:14:00] Count complete: 6 vehicles (in=0 out=6)
[2026-04-16 13:14:02] No bets placed — cancelling market
[2026-04-16 13:14:05] Market cancelled: 0x3d3c3cEdFB911C880e0DbBd44c539Fa80f2E6B90 (tx: 752ebea27c321af6a2222deae0afb4921a5ac050cfac9ea0162d4ffe6ddc11ae)
[2026-04-16 13:14:05] Ably publish OK: market_cancelled
[2026-04-16 13:14:06] Refunds distributed: 0x3d3c3cEdFB911C880e0DbBd44c539Fa80f2E6B90 (tx: 37be88bc8c784ac6fa3bd87008cae839e600e3b372b91889fac390e6ccc61d55)
[2026-04-16 13:14:06] Ledger POST failed (non-fatal): HTTP Error 400: Bad Request
[2026-04-16 13:14:06] New threshold: 6 (avg of [6, 6])
[2026-04-16 13:14:06] Waiting 15s before Round #38...
[2026-04-16 13:14:21] Round #38 | Levi Ski Resort — Finland | threshold=6
[2026-04-16 13:14:25] createMarket tx sent: 7440a27195a35dc1b7777f9df6af0199aa21f9ece643a256150288abb6b92066
[2026-04-16 13:14:25] Market created: 0xB45fC12C8056E135227A94e9F664F2873b32BF77 (tx: 7440a27195a35dc1b7777f9df6af0199aa21f9ece643a256150288abb6b92066)
[2026-04-16 13:14:26] Ably publish OK: market_created
[2026-04-16 13:14:26] Counting vehicles for 150s...
[STATE] betting — market=0xB45fC12C... bet=150s count=150s round=38
[LineZone] (295,570) -> (1276,335)
[Counter] Line: (579, 10) -> (701, 710)
[2026-04-16 13:14:26] [StreamClient] Round 38 started on stream_server
[Prune] Removed 3 stale IDs (frame 400)
[Prune] Removed 1 stale IDs (frame 500)
[Evidence] Saved evidence/1776356066_30s.jpg (239191 bytes, sha256:a3ecb30fe501a...)
[Prune] Removed 5 stale IDs (frame 1100)
[Evidence] Saved evidence/1776356066_60s.jpg (236820 bytes, sha256:bced462e4ef18...)
[Evidence] Saved evidence/1776356066_90s.jpg (226911 bytes, sha256:7b08049438cdb...)
[Prune] Removed 1 stale IDs (frame 2900)
[Prune] Removed 1 stale IDs (frame 3100)
[Prune] Removed 1 stale IDs (frame 3400)
[Evidence] Saved evidence/1776356066_120s.jpg (217381 bytes, sha256:170bd959cdad4...)
[Prune] Removed 1 stale IDs (frame 3700)
[STATE] counting — market=0xB45fC12C... duration=150s round=38
[Evidence] Saved evidence/1776356066_150s.jpg (213214 bytes, sha256:82bfb96e23aa7...)
[Prune] Removed 1 stale IDs (frame 4400)
[Prune] Removed 1 stale IDs (frame 4600)
[Prune] Removed 1 stale IDs (frame 4700)
[Prune] Removed 1 stale IDs (frame 4900)
[Prune] Removed 1 stale IDs (frame 5000)
[Prune] Removed 3 stale IDs (frame 5100)
[Evidence] Saved evidence/1776356066_180s.jpg (214151 bytes, sha256:739c469b4ccc3...)
[Prune] Removed 3 stale IDs (frame 5200)
[Prune] Removed 1 stale IDs (frame 5300)
[Prune] Removed 1 stale IDs (frame 5600)
[Prune] Removed 1 stale IDs (frame 5800)
[Evidence] Saved evidence/1776356066_210s.jpg (206340 bytes, sha256:36286911aa54f...)
[Evidence] Saved evidence/1776356066_240s.jpg (211406 bytes, sha256:51f218d413706...)
[Evidence] Saved evidence/1776356066_270s.jpg (218922 bytes, sha256:c6674dfaba950...)
[Prune] Removed 1 stale IDs (frame 8200)
[Evidence] Saved evidence/1776356066_final.jpg (216339 bytes, sha256:4666dac475f11...)
[Evidence] Saved evidence/1776356066_final.jpg (216341 bytes, sha256:45fa2ba7b1f5e...)
[Evidence] Saved evidence/1776356066_final.jpg (216319 bytes, sha256:4efd6963bcdfc...)
[STATE] idle — round 38 complete: 2 vehicles
[2026-04-16 13:19:56] No round_complete via WS — reading result.json fallback
[2026-04-16 13:19:56] Count complete: 2 vehicles (in=0 out=2)
[2026-04-16 13:19:58] No bets placed — cancelling market
[2026-04-16 13:20:01] Market cancelled: 0xB45fC12C8056E135227A94e9F664F2873b32BF77 (tx: 1ea29699b598ec795d5c8a279dfbb6c8cada7b31a0280ac99954527ad9d7fa0f)
[2026-04-16 13:20:01] Ably publish OK: market_cancelled
[2026-04-16 13:20:04] Refunds distributed: 0xB45fC12C8056E135227A94e9F664F2873b32BF77 (tx: e8437fea34dd75d52644ed4061be957751ea7a93600c7924aff175d006336b27)
[2026-04-16 13:20:04] Ledger POST OK: {"ok":true}
[2026-04-16 13:20:04] New threshold: 4 (avg of [6, 2])
[2026-04-16 13:20:04] Waiting 15s before Round #39...
[2026-04-16 13:20:19] Round #39 | Levi Ski Resort — Finland | threshold=4
[2026-04-16 13:20:20] createMarket tx sent: 8ef960e671b83deb98adf63ea65296d7b7a6e3b1c935b29b93f3811b7f651569
[2026-04-16 13:20:23] Market created: 0x70669715b803a3761baf6664886dC3bCD099b745 (tx: 8ef960e671b83deb98adf63ea65296d7b7a6e3b1c935b29b93f3811b7f651569)
[2026-04-16 13:20:23] Ably publish OK: market_created
[2026-04-16 13:20:23] Counting vehicles for 150s...
[STATE] betting — market=0x70669715... bet=150s count=150s round=39
[LineZone] (295,570) -> (1276,335)
[Counter] Line: (579, 10) -> (701, 710)
[2026-04-16 13:20:23] [StreamClient] Round 39 started on stream_server
[Evidence] Saved evidence/1776356423_30s.jpg (220321 bytes, sha256:663dd3cce8416...)
[Evidence] Saved evidence/1776356423_60s.jpg (223705 bytes, sha256:529c09b0e1615...)
[Evidence] Saved evidence/1776356423_90s.jpg (227362 bytes, sha256:3a11e50eeb64c...)
[Evidence] Saved evidence/1776356423_120s.jpg (230270 bytes, sha256:ff5d4066f0151...)
[STATE] counting — market=0x70669715... duration=150s round=39
[Evidence] Saved evidence/1776356423_150s.jpg (230005 bytes, sha256:0cb9c9aaf02f6...)
[Prune] Removed 1 stale IDs (frame 4700)
[Prune] Removed 1 stale IDs (frame 5100)
[Evidence] Saved evidence/1776356423_180s.jpg (231228 bytes, sha256:3687f8b6c4f7b...)
[Evidence] Saved evidence/1776356423_210s.jpg (231732 bytes, sha256:99107c9554f52...)
[Prune] Removed 1 stale IDs (frame 6500)
[Evidence] Saved evidence/1776356423_240s.jpg (232670 bytes, sha256:a2b487cc44681...)
[Prune] Removed 1 stale IDs (frame 7100)
[Evidence] Saved evidence/1776356423_270s.jpg (232786 bytes, sha256:09123bcb4598a...)
[Evidence] Saved evidence/1776356423_final.jpg (227740 bytes, sha256:f0a922e7c767c...)
[Evidence] Saved evidence/1776356423_final.jpg (227734 bytes, sha256:0ad5f72e4a690...)
[Evidence] Saved evidence/1776356423_final.jpg (227737 bytes, sha256:175d325f3e8c1...)
[Evidence] Saved evidence/1776356423_final.jpg (227736 bytes, sha256:b0861536985ae...)
[STATE] idle — round 39 complete: 0 vehicles
[2026-04-16 13:25:53] No round_complete via WS — reading result.json fallback
[2026-04-16 13:25:53] Count complete: 0 vehicles (in=0 out=0)
[2026-04-16 13:25:55] No bets placed — cancelling market
[2026-04-16 13:25:58] Market cancelled: 0x70669715b803a3761baf6664886dC3bCD099b745 (tx: 98ffde72558b33c965468b1d36e8a7a350ec183f86ca00939a21fb349b3e38e4)
[2026-04-16 13:25:58] Ably publish OK: market_cancelled
[2026-04-16 13:26:01] Refunds distributed: 0x70669715b803a3761baf6664886dC3bCD099b745 (tx: 7b37bf8caa67331da348c8f732a7d8eba41d06b1f54ca93002c47b006ad761f6)
[2026-04-16 13:26:01] Ledger POST failed (non-fatal): HTTP Error 400: Bad Request
[2026-04-16 13:26:01] New threshold: 1 (avg of [2, 0])
[2026-04-16 13:26:01] Waiting 15s before Round #40...
[2026-04-16 13:26:16] Round #40 | Levi Ski Resort — Finland | threshold=1
[2026-04-16 13:26:17] createMarket tx sent: 3eae05d72f58cf4d3a38fc75b97013056f6aaa22a9692f4b02e6c60fd327b1bd
[2026-04-16 13:26:19] Market created: 0x3e0Ecf2a01505BdC332fA4fB8769C6dc7f9cfc3B (tx: 3eae05d72f58cf4d3a38fc75b97013056f6aaa22a9692f4b02e6c60fd327b1bd)
[2026-04-16 13:26:20] Ably publish OK: market_created
[2026-04-16 13:26:20] Counting vehicles for 150s...
[STATE] betting — market=0x3e0Ecf2a... bet=150s count=150s round=40
[LineZone] (295,570) -> (1276,335)
[Counter] Line: (579, 10) -> (701, 710)
[2026-04-16 13:26:20] [StreamClient] Round 40 started on stream_server
[Prune] Removed 1 stale IDs (frame 500)
[Evidence] Saved evidence/1776356780_30s.jpg (232401 bytes, sha256:2214e15fa23ad...)
[Prune] Removed 1 stale IDs (frame 1500)
[Prune] Removed 1 stale IDs (frame 1600)
[Prune] Removed 1 stale IDs (frame 1700)
[Evidence] Saved evidence/1776356780_60s.jpg (232177 bytes, sha256:1bcc781532a06...)
[Prune] Removed 1 stale IDs (frame 1900)
[Prune] Removed 1 stale IDs (frame 2000)
[Prune] Removed 1 stale IDs (frame 2200)
[Prune] Removed 1 stale IDs (frame 2400)
[Evidence] Saved evidence/1776356780_90s.jpg (231372 bytes, sha256:0700048c72711...)
[Prune] Removed 1 stale IDs (frame 2600)
[Evidence] Saved evidence/1776356780_120s.jpg (227952 bytes, sha256:17dde0d4823c3...)
[STATE] counting — market=0x3e0Ecf2a... duration=150s round=40
[Evidence] Saved evidence/1776356780_150s.jpg (226096 bytes, sha256:0cc507dbded4b...)
[Evidence] Saved evidence/1776356780_180s.jpg (223322 bytes, sha256:4fed9f6f0f041...)
[Prune] Removed 1 stale IDs (frame 5800)
[Evidence] Saved evidence/1776356780_210s.jpg (221885 bytes, sha256:ee13be2620e89...)
[Prune] Removed 1 stale IDs (frame 6100)
[Evidence] Saved evidence/1776356780_240s.jpg (220469 bytes, sha256:43b09b96cd86a...)
[Evidence] Saved evidence/1776356780_270s.jpg (218154 bytes, sha256:f90cd1cae7702...)
[WS] Client disconnected (1 total)
[WS] Client connected (2 total)
[Evidence] Saved evidence/1776356780_final.jpg (217016 bytes, sha256:9c6d28546ac89...)
[Evidence] Saved evidence/1776356780_final.jpg (217018 bytes, sha256:1c2bf8651563d...)
[Evidence] Saved evidence/1776356780_final.jpg (217018 bytes, sha256:37ded96030af0...)
[Evidence] Saved evidence/1776356780_final.jpg (217054 bytes, sha256:4f1f0fb628cc5...)
[STATE] idle — round 40 complete: 0 vehicles
[2026-04-16 13:31:50] No round_complete via WS — reading result.json fallback
[2026-04-16 13:31:50] Count complete: 0 vehicles (in=0 out=0)
[2026-04-16 13:31:52] Pool check OK: total=0.0100 ETH, under=0.0050, over=0.0050
[2026-04-16 13:31:52] Market resolved: 0 vehicles → Under 1 wins
[2026-04-16 13:31:52] resolveMarket tx sent: fb28c742fd612f59696965f830cc9324d5cb0c6440a1f85989a259e5d9683b10
[2026-04-16 13:31:55] resolveMarket confirmed (tx: fb28c742fd612f59696965f830cc9324d5cb0c6440a1f85989a259e5d9683b10)
[2026-04-16 13:31:55] Ably publish OK: market_resolved
[2026-04-16 13:31:56] Winnings distributed: 0x3e0Ecf2a01505BdC332fA4fB8769C6dc7f9cfc3B (tx: 386f7fc4a3b1294e8947b42a7e11e1fc166fe5d54da99ae886cc4603d6807f3d)
[2026-04-16 13:31:56] Auto-distributed winnings (tx: 386f7fc4a3b1294e8947b42a7e11e1fc166fe5d54da99ae886cc4603d6807f3d)
[2026-04-16 13:31:56] Ably publish OK: winnings_distributed
[2026-04-16 13:31:56] Ledger POST failed (non-fatal): HTTP Error 400: Bad Request
[2026-04-16 13:31:56] New threshold: 1 (avg of [0, 0])
[2026-04-16 13:31:56] Waiting 15s before Round #41...
[WS] Client connected (3 total)
[2026-04-16 13:32:11] Round #41 | Levi Ski Resort — Finland | threshold=1
[2026-04-16 13:32:12] createMarket tx sent: 78de11eab7327317ae72618fc375e5868ccc9a5e47a4cfeca2b8654ef6276636
[2026-04-16 13:32:15] Market created: 0x1b8E2862eF6329aACD7D649f516eEeF5EAa3a55F (tx: 78de11eab7327317ae72618fc375e5868ccc9a5e47a4cfeca2b8654ef6276636)
[2026-04-16 13:32:15] Ably publish OK: market_created
[2026-04-16 13:32:15] Counting vehicles for 150s...
[STATE] betting — market=0x1b8E2862... bet=150s count=150s round=41
[2026-04-16 13:32:15] [StreamClient] Round 41 started on stream_server
[LineZone] (295,570) -> (1276,335)
[Counter] Line: (579, 10) -> (701, 710)
[Evidence] Saved evidence/1776357135_30s.jpg (209268 bytes, sha256:f5d052545af59...)
[WS] Client disconnected (2 total)
connection handler failed
Traceback (most recent call last):
  File "/home/lumen/miniconda3/lib/python3.13/site-packages/websockets/asyncio/server.py", line 376, in conn_handler
    await self.handler(connection)
  File "/home/lumen/.gemini/antigravity/scratch/rush/oracle/stream_server.py", line 1261, in handler
    async for msg in ws:
    ...<37 lines>...
            pass
  File "/home/lumen/miniconda3/lib/python3.13/site-packages/websockets/asyncio/connection.py", line 242, in __aiter__
    yield await self.recv()
          ^^^^^^^^^^^^^^^^^
  File "/home/lumen/miniconda3/lib/python3.13/site-packages/websockets/asyncio/connection.py", line 322, in recv
    raise self.protocol.close_exc from self.recv_exc
websockets.exceptions.ConnectionClosedError: no close frame received or sent
[Prune] Removed 1 stale IDs (frame 700)
[WS] Client connected (3 total)
[WS] Client connected (4 total)
[WS] Client connected (5 total)
[Evidence] Saved evidence/1776357135_60s.jpg (208666 bytes, sha256:4db83993f1fca...)
[WS] Client disconnected (4 total)
connection handler failed
Traceback (most recent call last):
  File "/home/lumen/miniconda3/lib/python3.13/asyncio/selector_events.py", line 1005, in _read_ready__data_received
    data = self._sock.recv(self.max_size)
ConnectionResetError: [Errno 104] Connection reset by peer

The above exception was the direct cause of the following exception:

Traceback (most recent call last):
  File "/home/lumen/miniconda3/lib/python3.13/site-packages/websockets/asyncio/server.py", line 376, in conn_handler
    await self.handler(connection)
  File "/home/lumen/.gemini/antigravity/scratch/rush/oracle/stream_server.py", line 1261, in handler
    async for msg in ws:
    ...<37 lines>...
            pass
  File "/home/lumen/miniconda3/lib/python3.13/site-packages/websockets/asyncio/connection.py", line 242, in __aiter__
    yield await self.recv()
          ^^^^^^^^^^^^^^^^^
  File "/home/lumen/miniconda3/lib/python3.13/site-packages/websockets/asyncio/connection.py", line 322, in recv
    raise self.protocol.close_exc from self.recv_exc
websockets.exceptions.ConnectionClosedError: no close frame received or sent
[Evidence] Saved evidence/1776357135_90s.jpg (207096 bytes, sha256:6f69caee74bf8...)
[Evidence] Saved evidence/1776357135_120s.jpg (209267 bytes, sha256:405b7c71084dc...)
[STATE] counting — market=0x1b8E2862... duration=150s round=41
[Evidence] Saved evidence/1776357135_150s.jpg (212873 bytes, sha256:456ff11502177...)
[WS] Client disconnected (3 total)
connection handler failed
Traceback (most recent call last):
  File "/home/lumen/miniconda3/lib/python3.13/site-packages/websockets/asyncio/server.py", line 376, in conn_handler
    await self.handler(connection)
  File "/home/lumen/.gemini/antigravity/scratch/rush/oracle/stream_server.py", line 1261, in handler
    async for msg in ws:
    ...<37 lines>...
            pass
  File "/home/lumen/miniconda3/lib/python3.13/site-packages/websockets/asyncio/connection.py", line 242, in __aiter__
    yield await self.recv()
          ^^^^^^^^^^^^^^^^^
  File "/home/lumen/miniconda3/lib/python3.13/site-packages/websockets/asyncio/connection.py", line 322, in recv
    raise self.protocol.close_exc from self.recv_exc
websockets.exceptions.ConnectionClosedError: no close frame received or sent
[WS] Client disconnected (2 total)
connection handler failed
Traceback (most recent call last):
  File "/home/lumen/miniconda3/lib/python3.13/asyncio/selector_events.py", line 1005, in _read_ready__data_received
    data = self._sock.recv(self.max_size)
ConnectionResetError: [Errno 104] Connection reset by peer

The above exception was the direct cause of the following exception:

Traceback (most recent call last):
  File "/home/lumen/miniconda3/lib/python3.13/site-packages/websockets/asyncio/server.py", line 376, in conn_handler
    await self.handler(connection)
  File "/home/lumen/.gemini/antigravity/scratch/rush/oracle/stream_server.py", line 1261, in handler
    async for msg in ws:
    ...<37 lines>...
            pass
  File "/home/lumen/miniconda3/lib/python3.13/site-packages/websockets/asyncio/connection.py", line 242, in __aiter__
    yield await self.recv()
          ^^^^^^^^^^^^^^^^^
  File "/home/lumen/miniconda3/lib/python3.13/site-packages/websockets/asyncio/connection.py", line 322, in recv
    raise self.protocol.close_exc from self.recv_exc
websockets.exceptions.ConnectionClosedError: no close frame received or sent
[WS] Client connected (3 total)
[WS] Client disconnected (2 total)
connection handler failed
Traceback (most recent call last):
  File "/home/lumen/miniconda3/lib/python3.13/asyncio/selector_events.py", line 1067, in write
    n = self._sock.send(data)
ConnectionResetError: [Errno 104] Connection reset by peer

The above exception was the direct cause of the following exception:

Traceback (most recent call last):
  File "/home/lumen/miniconda3/lib/python3.13/site-packages/websockets/asyncio/server.py", line 376, in conn_handler
    await self.handler(connection)
  File "/home/lumen/.gemini/antigravity/scratch/rush/oracle/stream_server.py", line 1261, in handler
    async for msg in ws:
    ...<37 lines>...
            pass
  File "/home/lumen/miniconda3/lib/python3.13/site-packages/websockets/asyncio/connection.py", line 242, in __aiter__
    yield await self.recv()
          ^^^^^^^^^^^^^^^^^
  File "/home/lumen/miniconda3/lib/python3.13/site-packages/websockets/asyncio/connection.py", line 322, in recv
    raise self.protocol.close_exc from self.recv_exc
websockets.exceptions.ConnectionClosedError: no close frame received or sent
[Evidence] Saved evidence/1776357135_180s.jpg (213290 bytes, sha256:42566c8dfec7d...)
[WS] Client connected (3 total)
[Evidence] Saved evidence/1776357135_210s.jpg (215427 bytes, sha256:e8157fc0a40ae...)
[WS] Client disconnected (2 total)
connection handler failed
Traceback (most recent call last):
  File "/home/lumen/miniconda3/lib/python3.13/asyncio/selector_events.py", line 1067, in write
    n = self._sock.send(data)
BrokenPipeError: [Errno 32] Broken pipe

The above exception was the direct cause of the following exception:

Traceback (most recent call last):
  File "/home/lumen/miniconda3/lib/python3.13/site-packages/websockets/asyncio/server.py", line 376, in conn_handler
    await self.handler(connection)
  File "/home/lumen/.gemini/antigravity/scratch/rush/oracle/stream_server.py", line 1261, in handler
    async for msg in ws:
    ...<37 lines>...
            pass
  File "/home/lumen/miniconda3/lib/python3.13/site-packages/websockets/asyncio/connection.py", line 242, in __aiter__
    yield await self.recv()
          ^^^^^^^^^^^^^^^^^
  File "/home/lumen/miniconda3/lib/python3.13/site-packages/websockets/asyncio/connection.py", line 322, in recv
    raise self.protocol.close_exc from self.recv_exc
websockets.exceptions.ConnectionClosedError: no close frame received or sent
[Evidence] Saved evidence/1776357135_240s.jpg (214025 bytes, sha256:8e3ef8ac3a9ed...)
[Evidence] Saved evidence/1776357135_270s.jpg (212562 bytes, sha256:bab78b7f749ed...)
[Evidence] Saved evidence/1776357135_final.jpg (209446 bytes, sha256:978c3a74ccf3a...)
[Evidence] Saved evidence/1776357135_final.jpg (209440 bytes, sha256:eb46513eb0ed0...)
[Evidence] Saved evidence/1776357135_final.jpg (209409 bytes, sha256:1e3bfe50766ec...)
[STATE] idle — round 41 complete: 0 vehicles
[WS] Client connected (3 total)
[2026-04-16 13:37:45] No round_complete via WS — reading result.json fallback
[2026-04-16 13:37:45] Count complete: 0 vehicles (in=0 out=0)
[2026-04-16 13:37:47] Pool check OK: total=0.0100 ETH, under=0.0050, over=0.0050
[2026-04-16 13:37:47] Market resolved: 0 vehicles → Under 1 wins
[2026-04-16 13:37:47] resolveMarket tx sent: 8faea0075627d5d0ca71357c4398a424150b1593cf394890699857232a6e4c39
[2026-04-16 13:37:47] resolveMarket confirmed (tx: 8faea0075627d5d0ca71357c4398a424150b1593cf394890699857232a6e4c39)
[2026-04-16 13:37:48] Ably publish OK: market_resolved
[2026-04-16 13:37:50] Winnings distributed: 0x1b8E2862eF6329aACD7D649f516eEeF5EAa3a55F (tx: 0f074014b1181793240bbb028950c606be59cdb40fd851566701d312ce61ddf7)
[2026-04-16 13:37:50] Auto-distributed winnings (tx: 0f074014b1181793240bbb028950c606be59cdb40fd851566701d312ce61ddf7)
[2026-04-16 13:37:51] Ably publish OK: winnings_distributed
[2026-04-16 13:37:51] Ledger POST failed (non-fatal): HTTP Error 400: Bad Request
[2026-04-16 13:37:51] New threshold: 1 (avg of [0, 0])
[2026-04-16 13:37:51] Waiting 15s before Round #42...
[2026-04-16 13:38:06] Round #42 | Levi Ski Resort — Finland | threshold=1
[2026-04-16 13:38:07] createMarket tx sent: 3f4ca9869fcf6d3f02ddae676054bc81a49f920d2feccd548a86c4462460688d
[2026-04-16 13:38:09] Market created: 0xfDe7e3deeaFC9F033d90AD3EaD8403d7C8dD1DA7 (tx: 3f4ca9869fcf6d3f02ddae676054bc81a49f920d2feccd548a86c4462460688d)
[2026-04-16 13:38:10] Ably publish OK: market_created
[2026-04-16 13:38:10] Counting vehicles for 150s...
[STATE] betting — market=0xfDe7e3de... bet=150s count=150s round=42
[LineZone] (295,570) -> (1276,335)
[Counter] Line: (579, 10) -> (701, 710)
[2026-04-16 13:38:10] [StreamClient] Round 42 started on stream_server
[WS] Client disconnected (2 total)
[WS] Client connected (3 total)
[WS] Client disconnected (2 total)
[Prune] Removed 1 stale IDs (frame 600)
[Evidence] Saved evidence/1776357490_30s.jpg (215526 bytes, sha256:4501816309d1e...)
[Evidence] Saved evidence/1776357490_60s.jpg (218835 bytes, sha256:38e6b18bd808f...)
[Evidence] Saved evidence/1776357490_90s.jpg (221253 bytes, sha256:5757d7c4e9b21...)
[Evidence] Saved evidence/1776357490_120s.jpg (218112 bytes, sha256:f946ac10f2e8f...)
[WS] Client connected (3 total)
[STATE] counting — market=0xfDe7e3de... duration=150s round=42
[Evidence] Saved evidence/1776357490_150s.jpg (214467 bytes, sha256:8f688647e36ca...)
[Evidence] Saved evidence/1776357490_180s.jpg (223702 bytes, sha256:253505bf7a5d7...)
[Evidence] Saved evidence/1776357490_210s.jpg (224695 bytes, sha256:30015f8c5610b...)
[Evidence] Saved evidence/1776357490_240s.jpg (226355 bytes, sha256:65d8758fe1684...)
[Evidence] Saved evidence/1776357490_270s.jpg (226531 bytes, sha256:662b3b01f73b4...)
[Evidence] Saved evidence/1776357490_final.jpg (212571 bytes, sha256:2c5068fbc864f...)
[Evidence] Saved evidence/1776357490_final.jpg (212597 bytes, sha256:646461af1dfb0...)
[Evidence] Saved evidence/1776357490_final.jpg (212542 bytes, sha256:a7270ead8f97a...)
[STATE] idle — round 42 complete: 0 vehicles
[2026-04-16 13:43:40] No round_complete via WS — reading result.json fallback
[2026-04-16 13:43:40] Count complete: 0 vehicles (in=0 out=0)
[2026-04-16 13:43:42] Pool check OK: total=0.0100 ETH, under=0.0050, over=0.0050
[2026-04-16 13:43:42] Market resolved: 0 vehicles → Under 1 wins
[2026-04-16 13:43:42] resolveMarket tx sent: 54a12dd032d5acb2ca5015d4204e3117d20cfcbb01d1ce389f969b187b79112a
[2026-04-16 13:43:45] resolveMarket confirmed (tx: 54a12dd032d5acb2ca5015d4204e3117d20cfcbb01d1ce389f969b187b79112a)
[2026-04-16 13:43:45] Ably publish OK: market_resolved
[2026-04-16 13:43:46] Winnings distributed: 0xfDe7e3deeaFC9F033d90AD3EaD8403d7C8dD1DA7 (tx: 7cd6954dea0009175ee73b36d5152177a00633e9f8ba659a7660dc18af6d8fda)
[2026-04-16 13:43:46] Auto-distributed winnings (tx: 7cd6954dea0009175ee73b36d5152177a00633e9f8ba659a7660dc18af6d8fda)
[2026-04-16 13:43:46] Ably publish OK: winnings_distributed
[2026-04-16 13:43:46] Ledger POST failed (non-fatal): HTTP Error 400: Bad Request
[2026-04-16 13:43:46] New threshold: 1 (avg of [0, 0])
[2026-04-16 13:43:46] Waiting 15s before Round #43...
[2026-04-16 13:44:01] Round #43 | Levi Ski Resort — Finland | threshold=1
[2026-04-16 13:44:02] createMarket tx sent: fdc90d800005a6689c856fc7df07236db86a4df9474bb3d83426e537da632121
[2026-04-16 13:44:05] Market created: 0xd27B2A56EF330b795215b84Dc6CB9C5dcEa25B38 (tx: fdc90d800005a6689c856fc7df07236db86a4df9474bb3d83426e537da632121)
[2026-04-16 13:44:05] Ably publish OK: market_created
[2026-04-16 13:44:05] Counting vehicles for 150s...
[STATE] betting — market=0xd27B2A56... bet=150s count=150s round=43
[LineZone] (295,570) -> (1276,335)
[Counter] Line: (579, 10) -> (701, 710)
[2026-04-16 13:44:05] [StreamClient] Round 43 started on stream_server
[WS] Client connected (4 total)
[WS] Client disconnected (3 total)
[Evidence] Saved evidence/1776357845_30s.jpg (225362 bytes, sha256:96680467d55d8...)
[Evidence] Saved evidence/1776357845_60s.jpg (218241 bytes, sha256:c6fe783c419b7...)
[Evidence] Saved evidence/1776357845_90s.jpg (216384 bytes, sha256:2b3fadc273e27...)
[Evidence] Saved evidence/1776357845_120s.jpg (193218 bytes, sha256:e12bb513f4dd8...)
[STATE] counting — market=0xd27B2A56... duration=150s round=43
[Evidence] Saved evidence/1776357845_150s.jpg (206312 bytes, sha256:31a27108aa645...)
[WS] Client connected (4 total)
[Evidence] Saved evidence/1776357845_180s.jpg (217843 bytes, sha256:b4081253583e5...)
[WS] Client disconnected (3 total)
connection handler failed
Traceback (most recent call last):
  File "/home/lumen/miniconda3/lib/python3.13/asyncio/selector_events.py", line 1067, in write
    n = self._sock.send(data)
BrokenPipeError: [Errno 32] Broken pipe

The above exception was the direct cause of the following exception:

Traceback (most recent call last):
  File "/home/lumen/miniconda3/lib/python3.13/site-packages/websockets/asyncio/server.py", line 376, in conn_handler
    await self.handler(connection)
  File "/home/lumen/.gemini/antigravity/scratch/rush/oracle/stream_server.py", line 1261, in handler
    async for msg in ws:
    ...<37 lines>...
            pass
  File "/home/lumen/miniconda3/lib/python3.13/site-packages/websockets/asyncio/connection.py", line 242, in __aiter__
    yield await self.recv()
          ^^^^^^^^^^^^^^^^^
  File "/home/lumen/miniconda3/lib/python3.13/site-packages/websockets/asyncio/connection.py", line 322, in recv
    raise self.protocol.close_exc from self.recv_exc
websockets.exceptions.ConnectionClosedError: no close frame received or sent
[Evidence] Saved evidence/1776357845_210s.jpg (210672 bytes, sha256:e79e2beab61ce...)
[Evidence] Saved evidence/1776357845_240s.jpg (225622 bytes, sha256:f257e0ad42dda...)
[Evidence] Saved evidence/1776357845_270s.jpg (234219 bytes, sha256:2535e8184d795...)
[Evidence] Saved evidence/1776357845_final.jpg (226445 bytes, sha256:ec0b8b2e11535...)
[Evidence] Saved evidence/1776357845_final.jpg (226452 bytes, sha256:922421f5aee66...)
[Evidence] Saved evidence/1776357845_final.jpg (226450 bytes, sha256:0ff82346b9db6...)
[STATE] idle — round 43 complete: 0 vehicles
[WS] Client disconnected (2 total)
connection handler failed
Traceback (most recent call last):
  File "/home/lumen/miniconda3/lib/python3.13/asyncio/selector_events.py", line 1067, in write
    n = self._sock.send(data)
BrokenPipeError: [Errno 32] Broken pipe

The above exception was the direct cause of the following exception:

Traceback (most recent call last):
  File "/home/lumen/miniconda3/lib/python3.13/site-packages/websockets/asyncio/server.py", line 376, in conn_handler
    await self.handler(connection)
  File "/home/lumen/.gemini/antigravity/scratch/rush/oracle/stream_server.py", line 1261, in handler
    async for msg in ws:
    ...<37 lines>...
            pass
  File "/home/lumen/miniconda3/lib/python3.13/site-packages/websockets/asyncio/connection.py", line 242, in __aiter__
    yield await self.recv()
          ^^^^^^^^^^^^^^^^^
  File "/home/lumen/miniconda3/lib/python3.13/site-packages/websockets/asyncio/connection.py", line 322, in recv
    raise self.protocol.close_exc from self.recv_exc
websockets.exceptions.ConnectionClosedError: no close frame received or sent
[2026-04-16 13:49:35] No round_complete via WS — reading result.json fallback
[2026-04-16 13:49:35] Count complete: 0 vehicles (in=0 out=0)
[2026-04-16 13:49:37] Pool check OK: total=0.0125 ETH, under=0.0075, over=0.0050
[2026-04-16 13:49:37] Market resolved: 0 vehicles → Under 1 wins
[2026-04-16 13:49:38] resolveMarket tx sent: fe92be6733b3d06b59227b71b9be8a0c4062b1eb0a7c004d2e0bbb13176a4224
[2026-04-16 13:49:38] resolveMarket confirmed (tx: fe92be6733b3d06b59227b71b9be8a0c4062b1eb0a7c004d2e0bbb13176a4224)
[2026-04-16 13:49:38] Ably publish OK: market_resolved
[2026-04-16 13:49:39] Winnings distributed: 0xd27B2A56EF330b795215b84Dc6CB9C5dcEa25B38 (tx: d2a60d2c657c0bb554452c9749914f14824ceb8e7349cb94388770500e01a8f6)
[2026-04-16 13:49:39] Auto-distributed winnings (tx: d2a60d2c657c0bb554452c9749914f14824ceb8e7349cb94388770500e01a8f6)
[2026-04-16 13:49:39] Ably publish OK: winnings_distributed
[2026-04-16 13:49:39] Ledger POST failed (non-fatal): HTTP Error 400: Bad Request
[2026-04-16 13:49:39] New threshold: 1 (avg of [0, 0])
[2026-04-16 13:49:39] Waiting 15s before Round #44...
[2026-04-16 13:49:54] Round #44 | Levi Ski Resort — Finland | threshold=1
[2026-04-16 13:49:56] createMarket tx sent: 9c572a791cf7891c41412c49b3435ef94d9da04f36188c1dff1c3a26f8807951
[2026-04-16 13:49:56] Market created: 0x85Ea353F134b12b9601403c5eD6d8cf5aFC30F18 (tx: 9c572a791cf7891c41412c49b3435ef94d9da04f36188c1dff1c3a26f8807951)
[2026-04-16 13:49:57] Ably publish OK: market_created
[2026-04-16 13:49:57] Counting vehicles for 150s...
[STATE] betting — market=0x85Ea353F... bet=150s count=150s round=44
[LineZone] (295,570) -> (1276,335)
[Counter] Line: (579, 10) -> (701, 710)
[2026-04-16 13:49:57] [StreamClient] Round 44 started on stream_server
[Prune] Removed 1 stale IDs (frame 600)
[Evidence] Saved evidence/1776358197_30s.jpg (232600 bytes, sha256:fd6356ba3c9c2...)
[Evidence] Saved evidence/1776358197_60s.jpg (231974 bytes, sha256:3c1e9fa44ac98...)
[Prune] Removed 1 stale IDs (frame 2000)
[Prune] Removed 1 stale IDs (frame 2400)
[Evidence] Saved evidence/1776358197_90s.jpg (230752 bytes, sha256:de6afda289628...)
[Prune] Removed 1 stale IDs (frame 2700)
[Evidence] Saved evidence/1776358197_120s.jpg (229158 bytes, sha256:76608d5a8a0b3...)
[STATE] counting — market=0x85Ea353F... duration=150s round=44
[Evidence] Saved evidence/1776358197_150s.jpg (220864 bytes, sha256:ec2e8748ce7e6...)
[Prune] Removed 1 stale IDs (frame 4800)
[Prune] Removed 1 stale IDs (frame 5100)
[Evidence] Saved evidence/1776358197_180s.jpg (206105 bytes, sha256:d60f1be5715fa...)
[Prune] Removed 1 stale IDs (frame 5400)
[Evidence] Saved evidence/1776358197_210s.jpg (211673 bytes, sha256:63116cf0cee19...)
[Prune] Removed 1 stale IDs (frame 6800)
[Evidence] Saved evidence/1776358197_240s.jpg (224639 bytes, sha256:83a64008b2aeb...)
[Prune] Removed 1 stale IDs (frame 7500)
[Evidence] Saved evidence/1776358197_270s.jpg (225944 bytes, sha256:a66b5f132373d...)
[Evidence] Saved evidence/1776358197_final.jpg (226752 bytes, sha256:a2bca53c5a4a9...)
[Evidence] Saved evidence/1776358197_final.jpg (226755 bytes, sha256:5178209b40ac4...)
[Evidence] Saved evidence/1776358197_final.jpg (226751 bytes, sha256:be14cf3ebe34d...)
[STATE] idle — round 44 complete: 0 vehicles
[2026-04-16 13:55:27] No round_complete via WS — reading result.json fallback
[2026-04-16 13:55:27] Count complete: 0 vehicles (in=0 out=0)
[2026-04-16 13:55:28] Pool check OK: total=0.0150 ETH, under=0.0100, over=0.0050
[2026-04-16 13:55:28] Market resolved: 0 vehicles → Under 1 wins
[2026-04-16 13:55:29] resolveMarket tx sent: 9af16500b52ec7df137fb7b684076b1d8d0279b1117bc2f24c6dc022078fc574
[2026-04-16 13:55:31] resolveMarket confirmed (tx: 9af16500b52ec7df137fb7b684076b1d8d0279b1117bc2f24c6dc022078fc574)
[2026-04-16 13:55:31] Ably publish OK: market_resolved
[2026-04-16 13:55:32] Winnings distributed: 0x85Ea353F134b12b9601403c5eD6d8cf5aFC30F18 (tx: bf922b8d6c2113f1611fbb22c52b59494be5a017a78ff3a2393185dba3b54030)
[2026-04-16 13:55:32] Auto-distributed winnings (tx: bf922b8d6c2113f1611fbb22c52b59494be5a017a78ff3a2393185dba3b54030)
[2026-04-16 13:55:32] Ably publish OK: winnings_distributed
[2026-04-16 13:55:32] Ledger POST OK: {"ok":true}
[2026-04-16 13:55:32] New threshold: 1 (avg of [0, 0])
[2026-04-16 13:55:32] Waiting 15s before Round #45...
[2026-04-16 13:55:47] Round #45 | Levi Ski Resort — Finland | threshold=1
[2026-04-16 13:55:49] createMarket tx sent: cd301df953e457fdef15bda63cb17fbd06615b8d8a7dd343bde02e5197018c64
[2026-04-16 13:55:49] Market created: 0xF94df439779396161079a6a36b916eEB55F5E2FF (tx: cd301df953e457fdef15bda63cb17fbd06615b8d8a7dd343bde02e5197018c64)
[2026-04-16 13:55:50] Ably publish OK: market_created
[2026-04-16 13:55:50] Counting vehicles for 150s...
[STATE] betting — market=0xF94df439... bet=150s count=150s round=45
[LineZone] (295,570) -> (1276,335)
[Counter] Line: (579, 10) -> (701, 710)
[2026-04-16 13:55:50] [StreamClient] Round 45 started on stream_server
[Evidence] Saved evidence/1776358550_30s.jpg (226453 bytes, sha256:ecd8b69d86829...)
[Evidence] Saved evidence/1776358550_60s.jpg (229384 bytes, sha256:8bf1e45b852c7...)
[Evidence] Saved evidence/1776358550_90s.jpg (231262 bytes, sha256:dd43c981a1171...)
[Evidence] Saved evidence/1776358550_120s.jpg (231903 bytes, sha256:8eafbbef5017a...)
[STATE] counting — market=0xF94df439... duration=150s round=45
[Evidence] Saved evidence/1776358550_150s.jpg (235417 bytes, sha256:2e4d8b21514ac...)
[Prune] Removed 1 stale IDs (frame 4800)
[Evidence] Saved evidence/1776358550_180s.jpg (236574 bytes, sha256:68d77488dffd3...)
[Prune] Removed 1 stale IDs (frame 5800)
[Evidence] Saved evidence/1776358550_210s.jpg (238640 bytes, sha256:4329fd484ae61...)
[Prune] Removed 1 stale IDs (frame 6100)
[Prune] Removed 1 stale IDs (frame 6600)
[Evidence] Saved evidence/1776358550_240s.jpg (239899 bytes, sha256:7072d10b9b78b...)
[Prune] Removed 1 stale IDs (frame 7300)
[Evidence] Saved evidence/1776358550_270s.jpg (240208 bytes, sha256:27919f74e153b...)
[Prune] Removed 1 stale IDs (frame 7800)
[Evidence] Saved evidence/1776358550_final.jpg (240879 bytes, sha256:89582621e7e4a...)
[Evidence] Saved evidence/1776358550_final.jpg (240866 bytes, sha256:cd4e1668b6ba8...)
[Evidence] Saved evidence/1776358550_final.jpg (240871 bytes, sha256:dd10539f2cce7...)
[STATE] idle — round 45 complete: 0 vehicles
[Prune] Removed 1 stale IDs (frame 8700)
[Prune] Removed 1 stale IDs (frame 9300)
[2026-04-16 14:01:20] No round_complete via WS — reading result.json fallback
[2026-04-16 14:01:20] Count complete: 0 vehicles (in=0 out=0)
[2026-04-16 14:01:21] Pool check OK: total=0.0150 ETH, under=0.0100, over=0.0050
[2026-04-16 14:01:21] Market resolved: 0 vehicles → Under 1 wins
[2026-04-16 14:01:22] resolveMarket tx sent: 2e188eb291bd6448c8b98e2e2cab539937feef862324a7cdf7d5e41216795e18
[2026-04-16 14:01:22] resolveMarket confirmed (tx: 2e188eb291bd6448c8b98e2e2cab539937feef862324a7cdf7d5e41216795e18)
[2026-04-16 14:01:22] Ably publish OK: market_resolved
[2026-04-16 14:01:25] Winnings distributed: 0xF94df439779396161079a6a36b916eEB55F5E2FF (tx: 8bf5e911c09c0eea9fca0c245365325c26bba5f97d17abd95d62460dce2c2ea2)
[2026-04-16 14:01:25] Auto-distributed winnings (tx: 8bf5e911c09c0eea9fca0c245365325c26bba5f97d17abd95d62460dce2c2ea2)
[2026-04-16 14:01:25] Ably publish OK: winnings_distributed
[2026-04-16 14:01:26] Ledger POST failed (non-fatal): HTTP Error 400: Bad Request
[2026-04-16 14:01:26] New threshold: 1 (avg of [0, 0])
[2026-04-16 14:01:26] Waiting 15s before Round #46...
[2026-04-16 14:01:41] Round #46 | Levi Ski Resort — Finland | threshold=1
[2026-04-16 14:01:42] createMarket tx sent: c944fbf2112cebddf5c8cf84c437e0e59debefd6ec70fea5a984b0869853f9ed
[2026-04-16 14:01:42] Market created: 0x05A1Cdd7cdf3599A86A5ddC78EB957c91a0Eb406 (tx: c944fbf2112cebddf5c8cf84c437e0e59debefd6ec70fea5a984b0869853f9ed)
[2026-04-16 14:01:43] Ably publish OK: market_created
[2026-04-16 14:01:43] Counting vehicles for 150s...
[STATE] betting — market=0x05A1Cdd7... bet=150s count=150s round=46
[LineZone] (295,570) -> (1276,335)
[Counter] Line: (579, 10) -> (701, 710)
[2026-04-16 14:01:43] [StreamClient] Round 46 started on stream_server
[WS] Client connected (3 total)
[WS] Client disconnected (2 total)
[Prune] Removed 1 stale IDs (frame 400)
[WS] Client connected (3 total)
[WS] Client disconnected (2 total)
[Evidence] Saved evidence/1776358903_30s.jpg (240418 bytes, sha256:9fc5a6f0e01db...)
[Evidence] Saved evidence/1776358903_60s.jpg (237743 bytes, sha256:a4eb92877bdcd...)
[Evidence] Saved evidence/1776358903_90s.jpg (235572 bytes, sha256:445f68faf8b63...)
[Evidence] Saved evidence/1776358903_120s.jpg (236362 bytes, sha256:fd77701656361...)
[STATE] counting — market=0x05A1Cdd7... duration=150s round=46
[Evidence] Saved evidence/1776358903_150s.jpg (238511 bytes, sha256:16901fc098344...)
[Evidence] Saved evidence/1776358903_180s.jpg (241774 bytes, sha256:ffaa3ed5a5c1c...)
[Prune] Removed 1 stale IDs (frame 5600)
[Evidence] Saved evidence/1776358903_210s.jpg (242068 bytes, sha256:72e9c0cc8edca...)
[Prune] Removed 1 stale IDs (frame 6400)
[Prune] Removed 1 stale IDs (frame 6700)
[Evidence] Saved evidence/1776358903_240s.jpg (243314 bytes, sha256:446a77a8b4397...)
[Prune] Removed 1 stale IDs (frame 7100)
[Evidence] Saved evidence/1776358903_270s.jpg (243359 bytes, sha256:472a514bd665f...)
[Prune] Removed 1 stale IDs (frame 7600)
[Prune] Removed 1 stale IDs (frame 8300)
[Evidence] Saved evidence/1776358903_final.jpg (242460 bytes, sha256:bc659473de8a8...)
[Evidence] Saved evidence/1776358903_final.jpg (242462 bytes, sha256:fd100a1365809...)
[Evidence] Saved evidence/1776358903_final.jpg (242459 bytes, sha256:ef715468ee25d...)
[STATE] idle — round 46 complete: 0 vehicles
[2026-04-16 14:07:13] No round_complete via WS — reading result.json fallback
[2026-04-16 14:07:13] Count complete: 0 vehicles (in=0 out=0)
[2026-04-16 14:07:14] Pool check OK: total=0.0150 ETH, under=0.0100, over=0.0050
[2026-04-16 14:07:14] Market resolved: 0 vehicles → Under 1 wins
[2026-04-16 14:07:15] resolveMarket tx sent: 485dc32266722f01f48d2874cdc37fc5fab2b4994dc2b066fa0de5ceee7c3bc3
[2026-04-16 14:07:15] resolveMarket confirmed (tx: 485dc32266722f01f48d2874cdc37fc5fab2b4994dc2b066fa0de5ceee7c3bc3)
[2026-04-16 14:07:15] Ably publish OK: market_resolved
[2026-04-16 14:07:18] Winnings distributed: 0x05A1Cdd7cdf3599A86A5ddC78EB957c91a0Eb406 (tx: d68b5682dfbfbce8986f04f269a7e5d5987130f513023232b0b91f9f34f5334a)
[2026-04-16 14:07:18] Auto-distributed winnings (tx: d68b5682dfbfbce8986f04f269a7e5d5987130f513023232b0b91f9f34f5334a)
[2026-04-16 14:07:18] Ably publish OK: winnings_distributed
[2026-04-16 14:07:18] Ledger POST failed (non-fatal): HTTP Error 400: Bad Request
[2026-04-16 14:07:18] New threshold: 1 (avg of [0, 0])
[2026-04-16 14:07:18] Waiting 15s before Round #47...
[2026-04-16 14:07:33] Round #47 | Levi Ski Resort — Finland | threshold=1
[2026-04-16 14:07:35] createMarket tx sent: 55ffd6ee3d02f91e8d38226ad815dee1b8f94970463035ae25814c09b944cb62
[2026-04-16 14:07:35] Market created: 0xf96d56138d6425281cFC4a57E8C7dbd008A2B38f (tx: 55ffd6ee3d02f91e8d38226ad815dee1b8f94970463035ae25814c09b944cb62)
[2026-04-16 14:07:36] Ably publish OK: market_created
[2026-04-16 14:07:36] Counting vehicles for 150s...
[STATE] betting — market=0xf96d5613... bet=150s count=150s round=47
[LineZone] (295,570) -> (1276,335)
[Counter] Line: (579, 10) -> (701, 710)
[2026-04-16 14:07:36] [StreamClient] Round 47 started on stream_server
[Evidence] Saved evidence/1776359256_30s.jpg (238148 bytes, sha256:6a7b433cb24ec...)
[Evidence] Saved evidence/1776359256_60s.jpg (237879 bytes, sha256:75d37aebc1c61...)
[Prune] Removed 1 stale IDs (frame 1800)
[WS] Client connected (3 total)
[Prune] Removed 1 stale IDs (frame 2400)
[Evidence] Saved evidence/1776359256_90s.jpg (237668 bytes, sha256:78cd345ed27e9...)
[Prune] Removed 1 stale IDs (frame 3000)
[WS] Client disconnected (2 total)
[Evidence] Saved evidence/1776359256_120s.jpg (237373 bytes, sha256:d7040f6c08a4b...)
[WS] Client connected (3 total)
[Prune] Removed 1 stale IDs (frame 3600)
[WS] Client disconnected (2 total)
connection handler failed
Traceback (most recent call last):
  File "/home/lumen/miniconda3/lib/python3.13/asyncio/selector_events.py", line 1067, in write
    n = self._sock.send(data)
BrokenPipeError: [Errno 32] Broken pipe

The above exception was the direct cause of the following exception:

Traceback (most recent call last):
  File "/home/lumen/miniconda3/lib/python3.13/site-packages/websockets/asyncio/server.py", line 376, in conn_handler
    await self.handler(connection)
  File "/home/lumen/.gemini/antigravity/scratch/rush/oracle/stream_server.py", line 1261, in handler
    async for msg in ws:
    ...<37 lines>...
            pass
  File "/home/lumen/miniconda3/lib/python3.13/site-packages/websockets/asyncio/connection.py", line 242, in __aiter__
    yield await self.recv()
          ^^^^^^^^^^^^^^^^^
  File "/home/lumen/miniconda3/lib/python3.13/site-packages/websockets/asyncio/connection.py", line 322, in recv
    raise self.protocol.close_exc from self.recv_exc
websockets.exceptions.ConnectionClosedError: no close frame received or sent
[WS] Client connected (3 total)
[WS] Client connected (4 total)
[Evidence] Saved evidence/1776359256_150s.jpg (236927 bytes, sha256:21074195a2c99...)
[STATE] counting — market=0xf96d5613... duration=150s round=47
[Prune] Removed 1 stale IDs (frame 4200)
[Evidence] Saved evidence/1776359256_180s.jpg (235840 bytes, sha256:4153fffcf76bb...)
[Prune] Removed 1 stale IDs (frame 5100)
[WS] Client disconnected (3 total)
connection handler failed
Traceback (most recent call last):
  File "/home/lumen/miniconda3/lib/python3.13/asyncio/selector_events.py", line 1067, in write
    n = self._sock.send(data)
BrokenPipeError: [Errno 32] Broken pipe

The above exception was the direct cause of the following exception:

Traceback (most recent call last):
  File "/home/lumen/miniconda3/lib/python3.13/site-packages/websockets/asyncio/server.py", line 376, in conn_handler
    await self.handler(connection)
  File "/home/lumen/.gemini/antigravity/scratch/rush/oracle/stream_server.py", line 1261, in handler
    async for msg in ws:
    ...<37 lines>...
            pass
  File "/home/lumen/miniconda3/lib/python3.13/site-packages/websockets/asyncio/connection.py", line 242, in __aiter__
    yield await self.recv()
          ^^^^^^^^^^^^^^^^^
  File "/home/lumen/miniconda3/lib/python3.13/site-packages/websockets/asyncio/connection.py", line 322, in recv
    raise self.protocol.close_exc from self.recv_exc
websockets.exceptions.ConnectionClosedError: no close frame received or sent
[WS] Client connected (4 total)
[Evidence] Saved evidence/1776359256_210s.jpg (234238 bytes, sha256:482c09f45d7b3...)
[Evidence] Saved evidence/1776359256_240s.jpg (233299 bytes, sha256:038719b0dbede...)
[Evidence] Saved evidence/1776359256_270s.jpg (232190 bytes, sha256:32a7aba04cb53...)
[WS] Client disconnected (3 total)
connection handler failed
Traceback (most recent call last):
  File "/home/lumen/miniconda3/lib/python3.13/asyncio/selector_events.py", line 1067, in write
    n = self._sock.send(data)
BrokenPipeError: [Errno 32] Broken pipe

The above exception was the direct cause of the following exception:

Traceback (most recent call last):
  File "/home/lumen/miniconda3/lib/python3.13/site-packages/websockets/asyncio/server.py", line 376, in conn_handler
    await self.handler(connection)
  File "/home/lumen/.gemini/antigravity/scratch/rush/oracle/stream_server.py", line 1261, in handler
    async for msg in ws:
    ...<37 lines>...
            pass
  File "/home/lumen/miniconda3/lib/python3.13/site-packages/websockets/asyncio/connection.py", line 242, in __aiter__
    yield await self.recv()
          ^^^^^^^^^^^^^^^^^
  File "/home/lumen/miniconda3/lib/python3.13/site-packages/websockets/asyncio/connection.py", line 322, in recv
    raise self.protocol.close_exc from self.recv_exc
websockets.exceptions.ConnectionClosedError: no close frame received or sent
[Evidence] Saved evidence/1776359256_final.jpg (231705 bytes, sha256:a0e14b17a540b...)
[Evidence] Saved evidence/1776359256_final.jpg (231706 bytes, sha256:e62b540109729...)
[Evidence] Saved evidence/1776359256_final.jpg (231715 bytes, sha256:ea90b92df7100...)
[STATE] idle — round 47 complete: 0 vehicles
[2026-04-16 14:13:06] No round_complete via WS — reading result.json fallback
[2026-04-16 14:13:06] Count complete: 0 vehicles (in=0 out=0)
[2026-04-16 14:13:07] One-sided (no OVER bets) — cancelling market
[2026-04-16 14:13:10] Market cancelled: 0xf96d56138d6425281cFC4a57E8C7dbd008A2B38f (tx: 56e55756afde108bd9a7907f3ef3c6636d754c8705eb85632ced0b263eb52435)
[2026-04-16 14:13:10] Ably publish OK: market_cancelled
[2026-04-16 14:13:13] Refunds distributed: 0xf96d56138d6425281cFC4a57E8C7dbd008A2B38f (tx: fd84019f17d49e16c340819883ec809b58b0439fd55de4e0cb6e9c67f3831755)
[2026-04-16 14:13:13] Ledger POST failed (non-fatal): HTTP Error 400: Bad Request
[2026-04-16 14:13:13] New threshold: 1 (avg of [0, 0])
[2026-04-16 14:13:13] Waiting 15s before Round #48...
[2026-04-16 14:13:28] Round #48 | Levi Ski Resort — Finland | threshold=1
[2026-04-16 14:13:30] createMarket tx sent: 30c646a6cc26fb157a402990dee039cccc46f919cab564fac1e1a991dfb28035
[2026-04-16 14:13:30] Market created: 0x5a53feada5e6718ee81aaAe904f1b317A3c96161 (tx: 30c646a6cc26fb157a402990dee039cccc46f919cab564fac1e1a991dfb28035)
[2026-04-16 14:13:31] Ably publish OK: market_created
[2026-04-16 14:13:31] Counting vehicles for 150s...
[STATE] betting — market=0x5a53fead... bet=150s count=150s round=48
[LineZone] (295,570) -> (1276,335)
[Counter] Line: (579, 10) -> (701, 710)
[2026-04-16 14:13:31] [StreamClient] Round 48 started on stream_server
[Evidence] Saved evidence/1776359611_30s.jpg (230623 bytes, sha256:5774f91f43be3...)
[Prune] Removed 1 stale IDs (frame 1000)
[Evidence] Saved evidence/1776359611_60s.jpg (231137 bytes, sha256:f7d51b6685453...)
[Evidence] Saved evidence/1776359611_90s.jpg (230819 bytes, sha256:ff2b4379ddff8...)
[Evidence] Saved evidence/1776359611_120s.jpg (230536 bytes, sha256:086088c4cc733...)
[WS] Client connected (4 total)
[STATE] counting — market=0x5a53fead... duration=150s round=48
[Evidence] Saved evidence/1776359611_150s.jpg (229922 bytes, sha256:97ab4b89cdd0e...)
[Evidence] Saved evidence/1776359611_180s.jpg (228875 bytes, sha256:8000c05a70dd5...)
[WS] Client connected (4 total)
