[Launcher] Loaded .env from /home/lumen/.gemini/antigravity/scratch/rush/.env
[Launcher] Cleaning previous instances (preserving named tunnel)...
═══════════════════════════════════════════════════
  Rush Oracle Launcher
  WebSocket port: 9000
  Public hostname: wss://oracle.rushgame.vip (named tunnel)
═══════════════════════════════════════════════════
[Launcher] Named tunnel cloudflared is up — WS will be reachable at oracle.rushgame.vip
[Launcher] Starting persistent stream server...
[Launcher] Stream server PID: 388204 (camera: peace-bridge, port: 9000)
[Launcher] Waiting for stream server to be ready...
[Camera] Confidence override: 0.08
[Camera] Peace Bridge — USA/Canada Border (Peace Bridge Authority) — YOUTUBE
[Camera] Line zones: 1 (canonical sv.LineZone, threshold=2)

=======================================================
  SinalBet Live Oracle Server (v4 — Persistent)
  WebSocket: ws://0.0.0.0:9000
  Stream: https://www.youtube.com/watch?v=DnUFAShZKus
  Camera: peace-bridge
  Model: yolo12s.pt
  Mode: persistent (rounds via WS control)
  Target FPS: 8
=======================================================

[yt-dlp] Using cached URL (age 63s)

[Stream] Probing stream...
[Stream] 1280x720 @ 30.0fps
[Stream] ffmpeg spawned (PID 388357)
[STATE] idle — waiting for round
[Stream] Throttle target: 30.0 fps
[WS] Client connected (1 total)
[WS] Client connected (2 total)
[WS] Client connected (3 total)
[WS] Client disconnected (2 total)
[Launcher] Stream server ready!
[Launcher] Starting watchdog (round manager)...
[Launcher] Mode: Supervised Round Manager (watchdog.py)
[Launcher] Watchdog PID: 388361
[2026-04-15 14:16:29] INFO ============================================================
[2026-04-15 14:16:29] INFO   Rush Oracle Watchdog
[2026-04-15 14:16:29] INFO   Managing: /home/lumen/.gemini/antigravity/scratch/rush/oracle/round_manager_rush.py
[2026-04-15 14:16:29] INFO   Heartbeat: /tmp/rush_oracle_heartbeat.json
[2026-04-15 14:16:29] INFO   Log: /tmp/rush_oracle.log
[2026-04-15 14:16:29] INFO ============================================================
[2026-04-15 14:16:29] INFO Running startup orphan scan...
[WS] Client connected (3 total)
[LineZone] (307,432) -> (960,432)
[Counter] Line: (579, 10) -> (701, 710)
[2026-04-15 14:16:30] INFO Orphan scan: 1 active market(s) found
[WS] Client connected (4 total)
[2026-04-15 14:16:31] INFO No orphan markets found
[2026-04-15 14:16:31] INFO Starting child: /home/lumen/miniconda3/bin/python3 -u /home/lumen/.gemini/antigravity/scratch/rush/oracle/round_manager_rush.py
[2026-04-15 14:16:31] INFO Child started (PID 388534)
[2026-04-15 14:16:31] Chain: connected to https://base-mainnet.core.chainstack.com/977532e58b2430d1f01739e7d209d236 (chain_id=8453)
[2026-04-15 14:16:31] Oracle wallet: 0x4c385830c2E241EfeEd070Eb92606B6AedeDA277
[2026-04-15 14:16:31] Loaded 23 cameras from /home/lumen/.gemini/antigravity/scratch/rush/oracle/cameras.json
[2026-04-15 14:16:31] ============================================================
[2026-04-15 14:16:31]   SinalBet Rush Round Manager
[2026-04-15 14:16:31]   Factory:  0x5b04F3DFaE780A7e109066E754d27f491Af55Af9
[2026-04-15 14:16:31]   Duration: 150s per round
[2026-04-15 14:16:31]   Cameras:  Peace Bridge — USA/Canada Border
[2026-04-15 14:16:31] ============================================================
[2026-04-15 14:16:31] Round #1 | Peace Bridge — USA/Canada Border | threshold=50
[2026-04-15 14:16:32] Cancelling orphan market: 0xcC0f0FBEADB905571BCaFc618b8A5767a44b8e26
[2026-04-15 14:16:35] Market cancelled: 0xcC0f0FBEADB905571BCaFc618b8A5767a44b8e26 (tx: 5798a45b74627c29793b982d6b43424541eb2ba902a3c3b59e1a0168dd8a3dd2)
[2026-04-15 14:16:35] Ably publish OK: market_cancelled
[2026-04-15 14:16:38] Refunds distributed: 0xcC0f0FBEADB905571BCaFc618b8A5767a44b8e26 (tx: a21f9234f892efd8373ea919c48a602b2f0e01cf4567fbaa530652443bd23caf)
[2026-04-15 14:16:38] Cancelled 1 orphan market(s)
[2026-04-15 14:16:38] createMarket tx sent: 348d91aa2a18ca8e2b6dac7d7bb2ba744c9618bc9770a4679fbb2c6e86145efc
[WS] Client connected (5 total)
[STATE] betting — market=0x2308d160... bet=150s count=150s round=1
[LineZone] (307,432) -> (960,432)
[Counter] Line: (579, 10) -> (701, 710)
[2026-04-15 14:16:41] Market created: 0x2EB7FB0ADEe168D0920902CD0C6Fff6E7DB2c3Ba (tx: 348d91aa2a18ca8e2b6dac7d7bb2ba744c9618bc9770a4679fbb2c6e86145efc)
[2026-04-15 14:16:41] Ably publish OK: market_created
[2026-04-15 14:16:41] Counting vehicles for 150s...
[2026-04-15 14:16:41] [StreamClient] Reconnecting...
[WS] Client connected (6 total)
[2026-04-15 14:16:41] [StreamClient] Connected to ws://localhost:9000
[2026-04-15 14:16:41] [StreamClient] Unexpected response: {'type': 'init', 'stream': 'https://www.youtube.com/watch?v=DnUFAShZKus', 'state': 'betting_open', 'count': 0, 'cameraId': 'peace-bridge', 'marketAddress': '0x2308d160d8B3556277B142A40cf54b552EF21D5B', 'roundId': 1, 'duration': 150, 'elapsed': 2.6, 'remaining': 147.4}
[STATE] betting — market=0x2EB7FB0A... bet=150s count=150s round=1
[LineZone] (307,432) -> (960,432)
[Counter] Line: (579, 10) -> (701, 710)
[Evidence] Saved evidence/1776273401_30s.jpg (135100 bytes, sha256:bd3f93ce9d600...)
[Prune] Removed 4 stale IDs (frame 700)
[Prune] Removed 1 stale IDs (frame 800)
[Prune] Removed 1 stale IDs (frame 900)
[Prune] Removed 1 stale IDs (frame 1000)
[Prune] Removed 1 stale IDs (frame 1100)
[Prune] Removed 1 stale IDs (frame 1200)
[Prune] Removed 1 stale IDs (frame 1300)
[Evidence] Saved evidence/1776273401_60s.jpg (127439 bytes, sha256:ffd30b47dadb0...)
[Prune] Removed 2 stale IDs (frame 1400)
[Prune] Removed 5 stale IDs (frame 1600)
[Prune] Removed 5 stale IDs (frame 1700)
[Prune] Removed 6 stale IDs (frame 1800)
[Prune] Removed 10 stale IDs (frame 1900)
[Prune] Removed 13 stale IDs (frame 2000)
[Evidence] Saved evidence/1776273401_90s.jpg (125075 bytes, sha256:d1c993a098629...)
[Prune] Removed 4 stale IDs (frame 2100)
[Prune] Removed 4 stale IDs (frame 2200)
[Prune] Removed 3 stale IDs (frame 2300)
[Prune] Removed 8 stale IDs (frame 2400)
[Prune] Removed 6 stale IDs (frame 2500)
[Prune] Removed 1 stale IDs (frame 2600)
[Prune] Removed 5 stale IDs (frame 2700)
[Prune] Removed 3 stale IDs (frame 2800)
[Evidence] Saved evidence/1776273401_120s.jpg (123236 bytes, sha256:ac3f2f3b91f8d...)
[Prune] Removed 1 stale IDs (frame 3000)
[Prune] Removed 1 stale IDs (frame 3300)
[Prune] Removed 5 stale IDs (frame 3400)
[Prune] Removed 6 stale IDs (frame 3500)
[Prune] Removed 4 stale IDs (frame 3600)
[STATE] counting — market=0x2EB7FB0A... duration=150s round=1
[Evidence] Saved evidence/1776273401_150s.jpg (118533 bytes, sha256:d6fcb1d8d3b19...)
[Prune] Removed 6 stale IDs (frame 3700)
[Prune] Removed 9 stale IDs (frame 3900)
[Prune] Removed 12 stale IDs (frame 4000)
[Prune] Removed 8 stale IDs (frame 4100)
[Prune] Removed 3 stale IDs (frame 4200)
[Prune] Removed 12 stale IDs (frame 4300)
[Prune] Removed 2 stale IDs (frame 4400)
[Evidence] Saved evidence/1776273401_180s.jpg (132706 bytes, sha256:9d531bbfbce7c...)
[Prune] Removed 2 stale IDs (frame 4500)
[Prune] Removed 1 stale IDs (frame 4600)
[Prune] Removed 7 stale IDs (frame 4800)
[Evidence] Saved evidence/1776273401_210s.jpg (120259 bytes, sha256:e59d4d2dc0505...)
[Prune] Removed 4 stale IDs (frame 5400)
[Prune] Removed 2 stale IDs (frame 5500)
[Prune] Removed 5 stale IDs (frame 5600)
[Prune] Removed 13 stale IDs (frame 5700)
[Prune] Removed 15 stale IDs (frame 5800)
[Prune] Removed 4 stale IDs (frame 5900)
[Prune] Removed 5 stale IDs (frame 6000)
[Prune] Removed 5 stale IDs (frame 6100)
[Prune] Removed 4 stale IDs (frame 6200)
[Evidence] Saved evidence/1776273401_240s.jpg (117676 bytes, sha256:ef9929630d58d...)
[Prune] Removed 7 stale IDs (frame 6300)
[Prune] Removed 6 stale IDs (frame 6400)
[Prune] Removed 1 stale IDs (frame 6500)
[Prune] Removed 6 stale IDs (frame 6600)
[Prune] Removed 1 stale IDs (frame 6800)
[Prune] Removed 2 stale IDs (frame 6900)
[Prune] Removed 5 stale IDs (frame 7000)
[Evidence] Saved evidence/1776273401_270s.jpg (139785 bytes, sha256:9ff07903c0016...)
[Prune] Removed 2 stale IDs (frame 7100)
[Prune] Removed 12 stale IDs (frame 7200)
[Prune] Removed 15 stale IDs (frame 7300)
[Prune] Removed 13 stale IDs (frame 7400)
[Prune] Removed 3 stale IDs (frame 7500)
[Prune] Removed 1 stale IDs (frame 7700)
[Prune] Removed 1 stale IDs (frame 7800)
[Evidence] Saved evidence/1776273401_final.jpg (142755 bytes, sha256:bc7731d170326...)
[Evidence] Saved evidence/1776273401_final.jpg (142710 bytes, sha256:413ee618d22a9...)
[Evidence] Saved evidence/1776273401_final.jpg (142698 bytes, sha256:07760017d6ef4...)
[Evidence] Saved evidence/1776273401_final.jpg (142684 bytes, sha256:e6119dcbef5be...)
[STATE] idle — round 1 complete: 50 vehicles
[2026-04-15 14:21:42] Count complete: 50 vehicles (in=23 out=27)
[2026-04-15 14:21:43] No bets placed — cancelling market
[2026-04-15 14:21:44] cancelMarket failed for 0x2EB7FB0ADEe168D0920902CD0C6Fff6E7DB2c3Ba: {'code': -32000, 'message': 'replacement transaction underpriced'}
[2026-04-15 14:21:44] Ably publish OK: market_cancelled
[2026-04-15 14:21:47] refundAll reverted for 0x2EB7FB0ADEe168D0920902CD0C6Fff6E7DB2c3Ba
[2026-04-15 14:21:47] Ledger POST failed (non-fatal): HTTP Error 400: Bad Request
[2026-04-15 14:21:47] New threshold: 50 (avg of [50])
[2026-04-15 14:21:47] Waiting 15s before Round #2...
[Prune] Removed 2 stale IDs (frame 8300)
[WS] Client connected (2 total)
[Prune] Removed 4 stale IDs (frame 8400)
[2026-04-15 14:22:02] Round #2 | Peace Bridge — USA/Canada Border | threshold=50
[2026-04-15 14:22:02] Cancelling orphan market: 0x2EB7FB0ADEe168D0920902CD0C6Fff6E7DB2c3Ba
[Prune] Removed 2 stale IDs (frame 8500)
[2026-04-15 14:22:05] Market cancelled: 0x2EB7FB0ADEe168D0920902CD0C6Fff6E7DB2c3Ba (tx: e6123519529e7109f7dd6017841b17b5d707cabbdc6600031f318d1d68cdc38a)
[2026-04-15 14:22:05] Ably publish OK: market_cancelled
[2026-04-15 14:22:06] Refunds distributed: 0x2EB7FB0ADEe168D0920902CD0C6Fff6E7DB2c3Ba (tx: 425697f579c0384e5cc84a4916bc7545664aa4a8e90fed47a4a4895c5e86028b)
[2026-04-15 14:22:06] Cancelled 1 orphan market(s)
[2026-04-15 14:22:07] createMarket tx sent: 0092b0d530568c4f78a46569723a43d75c85b5b0d85241b515337692b58f7d5a
[2026-04-15 14:22:07] Market created: 0x18bB721E7F1Eee88Ff1107FB5A017C86F1f40DE8 (tx: 0092b0d530568c4f78a46569723a43d75c85b5b0d85241b515337692b58f7d5a)
[Prune] Removed 4 stale IDs (frame 8600)
[2026-04-15 14:22:08] Ably publish OK: market_created
[2026-04-15 14:22:08] Counting vehicles for 150s...
[2026-04-15 14:22:08] [StreamClient] Unexpected response: {'type': 'idle', 'state': 'waiting', 'cameraId': 'peace-bridge'}
[STATE] betting — market=0x18bB721E... bet=150s count=150s round=2
[STATE] betting — market=0x18bB721E... bet=150s count=150s round=2
[LineZone] (307,432) -> (960,432)
[Counter] Line: (579, 10) -> (701, 710)
[Prune] Removed 9 stale IDs (frame 200)
[Prune] Removed 5 stale IDs (frame 300)
[WS] Client disconnected (1 total)
[Prune] Removed 4 stale IDs (frame 400)
[Prune] Removed 5 stale IDs (frame 500)
[Prune] Removed 3 stale IDs (frame 600)
[Prune] Removed 1 stale IDs (frame 800)
[Evidence] Saved evidence/1776273728_30s.jpg (126420 bytes, sha256:4b1cb5d1039bf...)
[Prune] Removed 3 stale IDs (frame 1000)
[Prune] Removed 4 stale IDs (frame 1100)
[Prune] Removed 4 stale IDs (frame 1200)
[Prune] Removed 1 stale IDs (frame 1300)
[Prune] Removed 2 stale IDs (frame 1400)
[Prune] Removed 1 stale IDs (frame 1600)
[Prune] Removed 4 stale IDs (frame 1700)
[Evidence] Saved evidence/1776273728_60s.jpg (127835 bytes, sha256:79265a9b01f64...)
[Prune] Removed 6 stale IDs (frame 1800)
[Prune] Removed 7 stale IDs (frame 1900)
[Prune] Removed 7 stale IDs (frame 2000)
[Prune] Removed 5 stale IDs (frame 2100)
[Prune] Removed 6 stale IDs (frame 2200)
[Prune] Removed 5 stale IDs (frame 2300)
[Prune] Removed 6 stale IDs (frame 2400)
[Prune] Removed 4 stale IDs (frame 2500)
[Prune] Removed 11 stale IDs (frame 2600)
[Evidence] Saved evidence/1776273728_90s.jpg (136448 bytes, sha256:f147ebf729644...)
[Prune] Removed 11 stale IDs (frame 2700)
[Prune] Removed 5 stale IDs (frame 2800)
[Prune] Removed 6 stale IDs (frame 2900)
[Prune] Removed 9 stale IDs (frame 3000)
[Prune] Removed 7 stale IDs (frame 3100)
[Prune] Removed 9 stale IDs (frame 3200)
[Prune] Removed 2 stale IDs (frame 3300)
[Prune] Removed 6 stale IDs (frame 3400)
[Prune] Removed 3 stale IDs (frame 3500)
[Evidence] Saved evidence/1776273728_120s.jpg (129522 bytes, sha256:d39bbea59b763...)
[WS] Client connected (2 total)
[Prune] Removed 1 stale IDs (frame 3600)
[WS] Client disconnected (1 total)
connection handler failed
Traceback (most recent call last):
  File "/home/lumen/miniconda3/lib/python3.13/asyncio/selector_events.py", line 1067, in write
    n = self._sock.send(data)
BrokenPipeError: [Errno 32] Broken pipe

The above exception was the direct cause of the following exception:

Traceback (most recent call last):
  File "/home/lumen/miniconda3/lib/python3.13/site-packages/websockets/asyncio/server.py", line 376, in conn_handler
    await self.handler(connection)
  File "/home/lumen/.gemini/antigravity/scratch/rush/oracle/stream_server.py", line 1261, in handler
    async for msg in ws:
    ...<37 lines>...
            pass
  File "/home/lumen/miniconda3/lib/python3.13/site-packages/websockets/asyncio/connection.py", line 242, in __aiter__
    yield await self.recv()
          ^^^^^^^^^^^^^^^^^
  File "/home/lumen/miniconda3/lib/python3.13/site-packages/websockets/asyncio/connection.py", line 322, in recv
    raise self.protocol.close_exc from self.recv_exc
websockets.exceptions.ConnectionClosedError: no close frame received or sent
[Prune] Removed 9 stale IDs (frame 3800)
[Prune] Removed 6 stale IDs (frame 3900)
[WS] Client disconnected (1 total)
[WS] Client connected (2 total)
[Prune] Removed 4 stale IDs (frame 4000)
[Prune] Removed 7 stale IDs (frame 4100)
[Prune] Removed 9 stale IDs (frame 4200)
[Prune] Removed 2 stale IDs (frame 4300)
[Prune] Removed 7 stale IDs (frame 4400)
[STATE] counting — market=0x18bB721E... duration=150s round=2
[Evidence] Saved evidence/1776273728_150s.jpg (121825 bytes, sha256:773a6ce9911d4...)
[Prune] Removed 6 stale IDs (frame 4500)
[Prune] Removed 7 stale IDs (frame 4600)
[Prune] Removed 14 stale IDs (frame 4700)
[Prune] Removed 3 stale IDs (frame 4800)
[Prune] Removed 6 stale IDs (frame 4900)
[Prune] Removed 3 stale IDs (frame 5000)
[Prune] Removed 4 stale IDs (frame 5100)
[Prune] Removed 2 stale IDs (frame 5200)
[Evidence] Saved evidence/1776273728_180s.jpg (124954 bytes, sha256:2d28e5f990c72...)
[Prune] Removed 2 stale IDs (frame 5300)
[Prune] Removed 2 stale IDs (frame 5600)
[Prune] Removed 1 stale IDs (frame 5700)
[Prune] Removed 2 stale IDs (frame 5900)
[Prune] Removed 4 stale IDs (frame 6000)
[Prune] Removed 1 stale IDs (frame 6100)
[Evidence] Saved evidence/1776273728_210s.jpg (125408 bytes, sha256:47ef9eaba40be...)
[Prune] Removed 2 stale IDs (frame 6200)
[Prune] Removed 5 stale IDs (frame 6300)
[Prune] Removed 7 stale IDs (frame 6400)
[Prune] Removed 1 stale IDs (frame 6500)
[Prune] Removed 2 stale IDs (frame 6700)
[Prune] Removed 1 stale IDs (frame 6800)
[Prune] Removed 6 stale IDs (frame 6900)
[Evidence] Saved evidence/1776273728_240s.jpg (157817 bytes, sha256:a5ccdc07554fe...)
[Prune] Removed 1 stale IDs (frame 7100)
[Prune] Removed 1 stale IDs (frame 7200)
[Prune] Removed 3 stale IDs (frame 7300)
[Prune] Removed 2 stale IDs (frame 7400)
[WS] Client disconnected (1 total)
connection handler failed
Traceback (most recent call last):
  File "/home/lumen/miniconda3/lib/python3.13/asyncio/selector_events.py", line 1067, in write
    n = self._sock.send(data)
BrokenPipeError: [Errno 32] Broken pipe

The above exception was the direct cause of the following exception:

Traceback (most recent call last):
  File "/home/lumen/miniconda3/lib/python3.13/site-packages/websockets/asyncio/server.py", line 376, in conn_handler
    await self.handler(connection)
  File "/home/lumen/.gemini/antigravity/scratch/rush/oracle/stream_server.py", line 1261, in handler
    async for msg in ws:
    ...<37 lines>...
            pass
  File "/home/lumen/miniconda3/lib/python3.13/site-packages/websockets/asyncio/connection.py", line 242, in __aiter__
    yield await self.recv()
          ^^^^^^^^^^^^^^^^^
  File "/home/lumen/miniconda3/lib/python3.13/site-packages/websockets/asyncio/connection.py", line 322, in recv
    raise self.protocol.close_exc from self.recv_exc
websockets.exceptions.ConnectionClosedError: no close frame received or sent
[WS] Client connected (2 total)
[Prune] Removed 3 stale IDs (frame 7700)
[Prune] Removed 1 stale IDs (frame 7900)
[Evidence] Saved evidence/1776273728_270s.jpg (156426 bytes, sha256:e3d5cb082439f...)
[Prune] Removed 4 stale IDs (frame 8600)
[Prune] Removed 2 stale IDs (frame 8700)
[Evidence] Saved evidence/1776273728_final.jpg (119422 bytes, sha256:145035e70c3b2...)
[Evidence] Saved evidence/1776273728_final.jpg (119530 bytes, sha256:f0b4093396d74...)
[Evidence] Saved evidence/1776273728_final.jpg (119370 bytes, sha256:c42d274e3e019...)
[STATE] idle — round 2 complete: 61 vehicles
[Prune] Removed 14 stale IDs (frame 8800)
[Prune] Removed 7 stale IDs (frame 8900)
[Prune] Removed 4 stale IDs (frame 9000)
[Prune] Removed 9 stale IDs (frame 9100)
[Prune] Removed 2 stale IDs (frame 9200)
[Prune] Removed 6 stale IDs (frame 9300)
[Prune] Removed 5 stale IDs (frame 9400)
[Prune] Removed 6 stale IDs (frame 9500)
[2026-04-15 14:27:38] No round_complete via WS — reading result.json fallback
[2026-04-15 14:27:38] Count complete: 61 vehicles (in=24 out=37)
[2026-04-15 14:27:39] No bets placed — cancelling market
[Prune] Removed 3 stale IDs (frame 9700)
[2026-04-15 14:27:40] Market cancelled: 0x18bB721E7F1Eee88Ff1107FB5A017C86F1f40DE8 (tx: 6445a3aef15abd6b1118d9b5ffe73293fcbbad41423e6973854b6659a5fc27a8)
[2026-04-15 14:27:40] Ably publish OK: market_cancelled
[Prune] Removed 6 stale IDs (frame 9800)
[2026-04-15 14:27:43] Refunds distributed: 0x18bB721E7F1Eee88Ff1107FB5A017C86F1f40DE8 (tx: 284d12193313ca1a55158af09adce66f6b3948dce6bf7e0165a88588803e4c8d)
[2026-04-15 14:27:43] Ledger POST failed (non-fatal): HTTP Error 400: Bad Request
[2026-04-15 14:27:43] New threshold: 55 (avg of [50, 61])
[2026-04-15 14:27:43] Waiting 15s before Round #3...
[Prune] Removed 3 stale IDs (frame 9900)
[Prune] Removed 2 stale IDs (frame 10000)
[Prune] Removed 4 stale IDs (frame 10100)
[Prune] Removed 2 stale IDs (frame 10200)
[2026-04-15 14:27:58] Round #3 | Peace Bridge — USA/Canada Border | threshold=55
[STATE] betting — market=0xf495cF7C... bet=150s count=150s round=3
[LineZone] (307,432) -> (960,432)
[Counter] Line: (579, 10) -> (701, 710)
[2026-04-15 14:27:59] createMarket tx sent: 9a98507bb216d062d97701923223a4608f0991ed50b8c9bf61367a8d9dc19a2d
[2026-04-15 14:28:00] Market created: 0x796d69501a490085fa2A9093a020Cc2E4f797163 (tx: 9a98507bb216d062d97701923223a4608f0991ed50b8c9bf61367a8d9dc19a2d)
[WS] Client connected (3 total)
[2026-04-15 14:28:00] Ably publish OK: market_created
[2026-04-15 14:28:00] Counting vehicles for 150s...
[STATE] betting — market=0x796d6950... bet=150s count=150s round=3
[LineZone] (307,432) -> (960,432)
[Counter] Line: (579, 10) -> (701, 710)
[2026-04-15 14:28:00] [StreamClient] Round 3 started on stream_server
[Prune] Removed 1 stale IDs (frame 200)
[Prune] Removed 7 stale IDs (frame 300)
[Prune] Removed 2 stale IDs (frame 400)
[Prune] Removed 3 stale IDs (frame 500)
[Prune] Removed 2 stale IDs (frame 600)
[Prune] Removed 3 stale IDs (frame 700)
[Prune] Removed 8 stale IDs (frame 800)
[Evidence] Saved evidence/1776274080_30s.jpg (132882 bytes, sha256:2bce1b0211bf0...)
[Prune] Removed 6 stale IDs (frame 900)
[Prune] Removed 14 stale IDs (frame 1000)
[Prune] Removed 4 stale IDs (frame 1100)
[Prune] Removed 4 stale IDs (frame 1200)
[Prune] Removed 1 stale IDs (frame 1300)
[Prune] Removed 2 stale IDs (frame 1400)
[Prune] Removed 3 stale IDs (frame 1500)
[Prune] Removed 5 stale IDs (frame 1600)
[Prune] Removed 3 stale IDs (frame 1700)
[Evidence] Saved evidence/1776274080_60s.jpg (133784 bytes, sha256:9a5442a8aabb5...)
[Prune] Removed 7 stale IDs (frame 1800)
[Prune] Removed 13 stale IDs (frame 1900)
[Prune] Removed 9 stale IDs (frame 2000)
[Prune] Removed 5 stale IDs (frame 2100)
[Prune] Removed 3 stale IDs (frame 2300)
[Prune] Removed 2 stale IDs (frame 2500)
[Evidence] Saved evidence/1776274080_90s.jpg (151256 bytes, sha256:3ef9d549d5ee1...)
[Prune] Removed 8 stale IDs (frame 2600)
[Prune] Removed 6 stale IDs (frame 2700)
[Prune] Removed 1 stale IDs (frame 2800)
[Prune] Removed 1 stale IDs (frame 2900)
[Prune] Removed 1 stale IDs (frame 3000)
[Prune] Removed 1 stale IDs (frame 3100)
[Prune] Removed 6 stale IDs (frame 3200)
[Prune] Removed 2 stale IDs (frame 3300)
[WS] Client connected (4 total)
[Prune] Removed 1 stale IDs (frame 3400)
[Evidence] Saved evidence/1776274080_120s.jpg (148968 bytes, sha256:d04b73704725a...)
[Prune] Removed 3 stale IDs (frame 3500)
[Prune] Removed 6 stale IDs (frame 3600)
[Prune] Removed 4 stale IDs (frame 3700)
[Prune] Removed 1 stale IDs (frame 3800)
[Prune] Removed 5 stale IDs (frame 3900)
[Prune] Removed 7 stale IDs (frame 4000)
[Prune] Removed 13 stale IDs (frame 4100)
[Prune] Removed 4 stale IDs (frame 4200)
[STATE] counting — market=0x796d6950... duration=150s round=3
[Evidence] Saved evidence/1776274080_150s.jpg (137602 bytes, sha256:5e9944e4b4d2d...)
[Prune] Removed 5 stale IDs (frame 4300)
[Prune] Removed 1 stale IDs (frame 4400)
[Prune] Removed 4 stale IDs (frame 4500)
[Prune] Removed 3 stale IDs (frame 4600)
[Prune] Removed 2 stale IDs (frame 4700)
[Prune] Removed 4 stale IDs (frame 4800)
[Prune] Removed 2 stale IDs (frame 4900)
[Prune] Removed 6 stale IDs (frame 5000)
[Evidence] Saved evidence/1776274080_180s.jpg (152880 bytes, sha256:f2aab9dd539dd...)
[Prune] Removed 3 stale IDs (frame 5100)
[WS] Client disconnected (3 total)
[WS] Client connected (4 total)
[Prune] Removed 1 stale IDs (frame 5200)
[Prune] Removed 8 stale IDs (frame 5300)
[Prune] Removed 7 stale IDs (frame 5400)
[Prune] Removed 3 stale IDs (frame 5500)
[Prune] Removed 2 stale IDs (frame 5600)
[WS] Client connected (5 total)
[Prune] Removed 1 stale IDs (frame 5700)
[Prune] Removed 8 stale IDs (frame 5800)
[Evidence] Saved evidence/1776274080_210s.jpg (140555 bytes, sha256:5d505a684e2f3...)
[Prune] Removed 9 stale IDs (frame 5900)
[Prune] Removed 8 stale IDs (frame 6000)
[Prune] Removed 3 stale IDs (frame 6100)
[Prune] Removed 5 stale IDs (frame 6200)
[Prune] Removed 7 stale IDs (frame 6300)
[Prune] Removed 8 stale IDs (frame 6400)
[Prune] Removed 4 stale IDs (frame 6500)
[Prune] Removed 4 stale IDs (frame 6600)
[WS] Client disconnected (3 total)
[WS] Client connected (4 total)
[Evidence] Saved evidence/1776274080_240s.jpg (134442 bytes, sha256:ee9c4a892426f...)
[Prune] Removed 7 stale IDs (frame 6700)
[Prune] Removed 5 stale IDs (frame 6800)
[Prune] Removed 6 stale IDs (frame 6900)
[Prune] Removed 9 stale IDs (frame 7000)
[Prune] Removed 8 stale IDs (frame 7100)
[WS] Client disconnected (4 total)
connection handler failed
TimeoutError: timed out while closing connection

The above exception was the direct cause of the following exception:

Traceback (most recent call last):
  File "/home/lumen/miniconda3/lib/python3.13/site-packages/websockets/asyncio/server.py", line 376, in conn_handler
    await self.handler(connection)
  File "/home/lumen/.gemini/antigravity/scratch/rush/oracle/stream_server.py", line 1261, in handler
    async for msg in ws:
    ...<37 lines>...
            pass
  File "/home/lumen/miniconda3/lib/python3.13/site-packages/websockets/asyncio/connection.py", line 242, in __aiter__
    yield await self.recv()
          ^^^^^^^^^^^^^^^^^
  File "/home/lumen/miniconda3/lib/python3.13/site-packages/websockets/asyncio/connection.py", line 322, in recv
    raise self.protocol.close_exc from self.recv_exc
websockets.exceptions.ConnectionClosedError: sent 1011 (internal error) keepalive ping timeout; no close frame received
[Prune] Removed 2 stale IDs (frame 7200)
[Prune] Removed 1 stale IDs (frame 7300)
[Evidence] Saved evidence/1776274080_270s.jpg (131925 bytes, sha256:5c8d183c4d198...)
[Prune] Removed 2 stale IDs (frame 7600)
[Prune] Removed 2 stale IDs (frame 7700)
[Prune] Removed 2 stale IDs (frame 7800)
[Prune] Removed 3 stale IDs (frame 7900)
[Prune] Removed 1 stale IDs (frame 8000)
[Prune] Removed 6 stale IDs (frame 8100)
[Prune] Removed 3 stale IDs (frame 8200)
[Prune] Removed 1 stale IDs (frame 8300)
[Evidence] Saved evidence/1776274080_final.jpg (149549 bytes, sha256:c9ec06eac5b8a...)
[Evidence] Saved evidence/1776274080_final.jpg (149559 bytes, sha256:c4accc239f5f5...)
[Evidence] Saved evidence/1776274080_final.jpg (149238 bytes, sha256:f9de9488798b3...)
[STATE] idle — round 3 complete: 63 vehicles
[Prune] Removed 1 stale IDs (frame 8500)
[2026-04-15 14:33:30] No round_complete via WS — reading result.json fallback
[2026-04-15 14:33:30] Count complete: 63 vehicles (in=41 out=22)
[Prune] Removed 1 stale IDs (frame 9200)
[2026-04-15 14:33:32] No bets placed — cancelling market
[2026-04-15 14:33:35] Market cancelled: 0x796d69501a490085fa2A9093a020Cc2E4f797163 (tx: 966e076181eaf33c6335bd2f20570e9cb846614b3f1939395a598fc3c0d2ee3d)
[Prune] Removed 1 stale IDs (frame 9300)
[2026-04-15 14:33:35] Ably publish OK: market_cancelled
[2026-04-15 14:33:36] Refunds distributed: 0x796d69501a490085fa2A9093a020Cc2E4f797163 (tx: 13af9aa1cee337ec5d62d2350e3ffe08eb8816f37aa28c0f519c0ed5fc442f65)
[2026-04-15 14:33:36] Ledger POST failed (non-fatal): HTTP Error 400: Bad Request
[2026-04-15 14:33:36] New threshold: 62 (avg of [61, 63])
[2026-04-15 14:33:36] Waiting 15s before Round #4...
[Prune] Removed 2 stale IDs (frame 9400)
[Prune] Removed 1 stale IDs (frame 9600)
[2026-04-15 14:33:51] Round #4 | Peace Bridge — USA/Canada Border | threshold=62
[STATE] betting — market=0xE4E134EE... bet=150s count=150s round=4
[LineZone] (307,432) -> (960,432)
[Counter] Line: (579, 10) -> (701, 710)
[2026-04-15 14:33:51] Cancelling orphan market: 0xE4E134EEB60005787401dC1bAa6a63ad125284D9
[2026-04-15 14:33:54] Market cancelled: 0xE4E134EEB60005787401dC1bAa6a63ad125284D9 (tx: 74d23ef896a41ef275ce5623ac6ab74c4554eb051419225dd02d33d41c098c90)
[2026-04-15 14:33:54] Ably publish OK: market_cancelled
[2026-04-15 14:33:57] Refunds distributed: 0xE4E134EEB60005787401dC1bAa6a63ad125284D9 (tx: 6dced499a577926009e1db22541cb2c23ea853fbc05669efa00395f6392e66a2)
[2026-04-15 14:33:57] Cancelled 1 orphan market(s)
[2026-04-15 14:33:58] createMarket tx sent: 36df98fc31f31f957c98e61dc2eeae3a945297a82d8d3ab89ed4e8925ad5cc98
[Prune] Removed 3 stale IDs (frame 200)
[2026-04-15 14:34:00] Market created: 0xd78907eFc7ce71Dfa725064655Ffaf2884116b7A (tx: 36df98fc31f31f957c98e61dc2eeae3a945297a82d8d3ab89ed4e8925ad5cc98)
[2026-04-15 14:34:01] Ably publish OK: market_created
[2026-04-15 14:34:01] Counting vehicles for 150s...
[STATE] betting — market=0xd78907eF... bet=150s count=150s round=4
[LineZone] (307,432) -> (960,432)
[Counter] Line: (579, 10) -> (701, 710)
[2026-04-15 14:34:01] [StreamClient] Round 4 started on stream_server
[Prune] Removed 5 stale IDs (frame 200)
[Prune] Removed 5 stale IDs (frame 400)
[Prune] Removed 7 stale IDs (frame 500)
[Prune] Removed 2 stale IDs (frame 600)
[Prune] Removed 2 stale IDs (frame 700)
[Evidence] Saved evidence/1776274441_30s.jpg (146399 bytes, sha256:ec388d24dac8c...)
[Prune] Removed 3 stale IDs (frame 900)
[Prune] Removed 2 stale IDs (frame 1000)
[Prune] Removed 2 stale IDs (frame 1200)
[WS] Client disconnected (3 total)
connection handler failed
Traceback (most recent call last):
  File "/home/lumen/miniconda3/lib/python3.13/asyncio/selector_events.py", line 1067, in write
    n = self._sock.send(data)
BrokenPipeError: [Errno 32] Broken pipe

The above exception was the direct cause of the following exception:

Traceback (most recent call last):
  File "/home/lumen/miniconda3/lib/python3.13/site-packages/websockets/asyncio/server.py", line 376, in conn_handler
    await self.handler(connection)
  File "/home/lumen/.gemini/antigravity/scratch/rush/oracle/stream_server.py", line 1261, in handler
    async for msg in ws:
    ...<37 lines>...
            pass
  File "/home/lumen/miniconda3/lib/python3.13/site-packages/websockets/asyncio/connection.py", line 242, in __aiter__
    yield await self.recv()
          ^^^^^^^^^^^^^^^^^
  File "/home/lumen/miniconda3/lib/python3.13/site-packages/websockets/asyncio/connection.py", line 322, in recv
    raise self.protocol.close_exc from self.recv_exc
websockets.exceptions.ConnectionClosedError: no close frame received or sent
[WS] Client connected (4 total)
[WS] Client disconnected (3 total)
[Evidence] Saved evidence/1776274441_60s.jpg (138552 bytes, sha256:9f37bef0aa3c8...)
[Prune] Removed 3 stale IDs (frame 1700)
[Prune] Removed 1 stale IDs (frame 1800)
[Prune] Removed 3 stale IDs (frame 1900)
[Prune] Removed 4 stale IDs (frame 2000)
[Prune] Removed 1 stale IDs (frame 2300)
[Prune] Removed 4 stale IDs (frame 2400)
[Prune] Removed 1 stale IDs (frame 2500)
[Evidence] Saved evidence/1776274441_90s.jpg (141883 bytes, sha256:7769f8d434dcd...)
[Prune] Removed 3 stale IDs (frame 2700)
[Prune] Removed 13 stale IDs (frame 2800)
[Prune] Removed 6 stale IDs (frame 2900)
[Prune] Removed 6 stale IDs (frame 3000)
[Prune] Removed 7 stale IDs (frame 3100)
[Prune] Removed 1 stale IDs (frame 3200)
[Prune] Removed 2 stale IDs (frame 3300)
[Prune] Removed 8 stale IDs (frame 3400)
[Evidence] Saved evidence/1776274441_120s.jpg (133110 bytes, sha256:8c497b1a0b209...)
[Prune] Removed 4 stale IDs (frame 3500)
[Prune] Removed 5 stale IDs (frame 3600)
[Prune] Removed 3 stale IDs (frame 3700)
[Prune] Removed 3 stale IDs (frame 3900)
[WS] Client disconnected (2 total)
connection handler failed
Traceback (most recent call last):
  File "/home/lumen/miniconda3/lib/python3.13/asyncio/selector_events.py", line 1067, in write
    n = self._sock.send(data)
BrokenPipeError: [Errno 32] Broken pipe

The above exception was the direct cause of the following exception:

Traceback (most recent call last):
  File "/home/lumen/miniconda3/lib/python3.13/site-packages/websockets/asyncio/server.py", line 376, in conn_handler
    await self.handler(connection)
  File "/home/lumen/.gemini/antigravity/scratch/rush/oracle/stream_server.py", line 1261, in handler
    async for msg in ws:
    ...<37 lines>...
            pass
  File "/home/lumen/miniconda3/lib/python3.13/site-packages/websockets/asyncio/connection.py", line 242, in __aiter__
    yield await self.recv()
          ^^^^^^^^^^^^^^^^^
  File "/home/lumen/miniconda3/lib/python3.13/site-packages/websockets/asyncio/connection.py", line 322, in recv
    raise self.protocol.close_exc from self.recv_exc
websockets.exceptions.ConnectionClosedError: no close frame received or sent
[Prune] Removed 3 stale IDs (frame 4000)
[Prune] Removed 2 stale IDs (frame 4100)
[Prune] Removed 3 stale IDs (frame 4200)
[STATE] counting — market=0xd78907eF... duration=150s round=4
[Evidence] Saved evidence/1776274441_150s.jpg (139272 bytes, sha256:979bcd30e8b21...)
[Prune] Removed 1 stale IDs (frame 4300)
[Prune] Removed 1 stale IDs (frame 4400)
[Prune] Removed 2 stale IDs (frame 4500)
[Prune] Removed 1 stale IDs (frame 4600)
[Prune] Removed 3 stale IDs (frame 4700)
[Prune] Removed 2 stale IDs (frame 4800)
[Prune] Removed 2 stale IDs (frame 5000)
[Prune] Removed 5 stale IDs (frame 5100)
[Evidence] Saved evidence/1776274441_180s.jpg (116516 bytes, sha256:fb0b469586f16...)
[Prune] Removed 5 stale IDs (frame 5200)
[Prune] Removed 7 stale IDs (frame 5300)
[Prune] Removed 11 stale IDs (frame 5400)
[Prune] Removed 9 stale IDs (frame 5500)
[Prune] Removed 7 stale IDs (frame 5600)
[Prune] Removed 1 stale IDs (frame 6000)
[Evidence] Saved evidence/1776274441_210s.jpg (146398 bytes, sha256:2ac37aa2088d6...)
[Prune] Removed 5 stale IDs (frame 6200)
[Prune] Removed 3 stale IDs (frame 6300)
[WS] Client disconnected (1 total)
connection handler failed
Traceback (most recent call last):
  File "/home/lumen/miniconda3/lib/python3.13/asyncio/selector_events.py", line 1067, in write
    n = self._sock.send(data)
BrokenPipeError: [Errno 32] Broken pipe

The above exception was the direct cause of the following exception:

Traceback (most recent call last):
  File "/home/lumen/miniconda3/lib/python3.13/site-packages/websockets/asyncio/server.py", line 376, in conn_handler
    await self.handler(connection)
  File "/home/lumen/.gemini/antigravity/scratch/rush/oracle/stream_server.py", line 1261, in handler
    async for msg in ws:
    ...<37 lines>...
            pass
  File "/home/lumen/miniconda3/lib/python3.13/site-packages/websockets/asyncio/connection.py", line 242, in __aiter__
    yield await self.recv()
          ^^^^^^^^^^^^^^^^^
  File "/home/lumen/miniconda3/lib/python3.13/site-packages/websockets/asyncio/connection.py", line 322, in recv
    raise self.protocol.close_exc from self.recv_exc
websockets.exceptions.ConnectionClosedError: no close frame received or sent
[Prune] Removed 1 stale IDs (frame 6400)
[Prune] Removed 3 stale IDs (frame 6500)
[Prune] Removed 2 stale IDs (frame 6600)
[Prune] Removed 2 stale IDs (frame 6700)
[Prune] Removed 1 stale IDs (frame 6800)
[Prune] Removed 4 stale IDs (frame 6900)
[Evidence] Saved evidence/1776274441_240s.jpg (120445 bytes, sha256:00f638c3d1d63...)
[Prune] Removed 4 stale IDs (frame 7000)
[WS] Client connected (2 total)
[Prune] Removed 1 stale IDs (frame 7100)
[Prune] Removed 1 stale IDs (frame 7200)
[Prune] Removed 2 stale IDs (frame 7300)
[WS] Client disconnected (1 total)
connection handler failed
Traceback (most recent call last):
  File "/home/lumen/miniconda3/lib/python3.13/asyncio/selector_events.py", line 1067, in write
    n = self._sock.send(data)
BrokenPipeError: [Errno 32] Broken pipe

The above exception was the direct cause of the following exception:

Traceback (most recent call last):
  File "/home/lumen/miniconda3/lib/python3.13/site-packages/websockets/asyncio/server.py", line 376, in conn_handler
    await self.handler(connection)
  File "/home/lumen/.gemini/antigravity/scratch/rush/oracle/stream_server.py", line 1261, in handler
    async for msg in ws:
    ...<37 lines>...
            pass
  File "/home/lumen/miniconda3/lib/python3.13/site-packages/websockets/asyncio/connection.py", line 242, in __aiter__
    yield await self.recv()
          ^^^^^^^^^^^^^^^^^
  File "/home/lumen/miniconda3/lib/python3.13/site-packages/websockets/asyncio/connection.py", line 322, in recv
    raise self.protocol.close_exc from self.recv_exc
websockets.exceptions.ConnectionClosedError: no close frame received or sent
[Prune] Removed 5 stale IDs (frame 7400)
[Prune] Removed 2 stale IDs (frame 7700)
[Evidence] Saved evidence/1776274441_270s.jpg (151374 bytes, sha256:8b9ccf4173945...)
[Prune] Removed 1 stale IDs (frame 7800)
[Prune] Removed 2 stale IDs (frame 8000)
[Prune] Removed 1 stale IDs (frame 8200)
[Prune] Removed 4 stale IDs (frame 8300)
[Prune] Removed 7 stale IDs (frame 8400)
[Prune] Removed 1 stale IDs (frame 8500)
[Prune] Removed 4 stale IDs (frame 8600)
[Evidence] Saved evidence/1776274441_final.jpg (121406 bytes, sha256:0b128c9afd5f5...)
[Evidence] Saved evidence/1776274441_final.jpg (121266 bytes, sha256:3118987399baa...)
[Evidence] Saved evidence/1776274441_final.jpg (121059 bytes, sha256:103ee5f8d4799...)
[STATE] idle — round 4 complete: 45 vehicles
[Prune] Removed 5 stale IDs (frame 8700)
[Prune] Removed 7 stale IDs (frame 8800)
[Prune] Removed 2 stale IDs (frame 8900)
[Prune] Removed 7 stale IDs (frame 9100)
[Prune] Removed 8 stale IDs (frame 9200)
[Prune] Removed 4 stale IDs (frame 9300)
[Prune] Removed 8 stale IDs (frame 9400)
[Prune] Removed 4 stale IDs (frame 9500)
[2026-04-15 14:39:31] No round_complete via WS — reading result.json fallback
[2026-04-15 14:39:31] Count complete: 45 vehicles (in=22 out=23)
[2026-04-15 14:39:32] No bets placed — cancelling market
[Prune] Removed 2 stale IDs (frame 9600)
[2026-04-15 14:39:35] Market cancelled: 0xd78907eFc7ce71Dfa725064655Ffaf2884116b7A (tx: 93d92452892c398fa53fb4deab11839c43f8a8b7b5749e2ba84b5819b97bbeaf)
[2026-04-15 14:39:35] Ably publish OK: market_cancelled
[Prune] Removed 3 stale IDs (frame 9700)
[2026-04-15 14:39:38] Refunds distributed: 0xd78907eFc7ce71Dfa725064655Ffaf2884116b7A (tx: 20f26ab748d44653956dfb54f29ccc6f6674419f76101231ae6547208d98bd07)
[2026-04-15 14:39:39] Ledger POST failed (non-fatal): HTTP Error 400: Bad Request
[2026-04-15 14:39:39] New threshold: 54 (avg of [63, 45])
[2026-04-15 14:39:39] Waiting 15s before Round #5...
[Prune] Removed 2 stale IDs (frame 9800)
[Prune] Removed 2 stale IDs (frame 9900)
[STATE] betting — market=0x22192261... bet=150s count=150s round=5
[LineZone] (307,432) -> (960,432)
[Counter] Line: (579, 10) -> (701, 710)
[Prune] Removed 1 stale IDs (frame 100)
[Prune] Removed 5 stale IDs (frame 200)
[2026-04-15 14:39:54] Round #5 | Peace Bridge — USA/Canada Border | threshold=54
[2026-04-15 14:39:54] Cancelling orphan market: 0x221922617D8DAc3cdB755819bc1a9C568fe45265
[2026-04-15 14:39:55] Market cancelled: 0x221922617D8DAc3cdB755819bc1a9C568fe45265 (tx: d764081051cc0a80d15cba25ac6923222c0bc8e0736813d8c1e70d4f34f603c1)
[2026-04-15 14:39:55] Ably publish OK: market_cancelled
[Prune] Removed 3 stale IDs (frame 300)
[2026-04-15 14:39:58] Refunds distributed: 0x221922617D8DAc3cdB755819bc1a9C568fe45265 (tx: 520468c4e4ba71a034cb0dab9082e86ee030578ae92c8b30f913b5b8cb25fd89)
[2026-04-15 14:39:58] Cancelled 1 orphan market(s)
[2026-04-15 14:39:59] createMarket tx sent: 74d725943b226959c9559f4addea8887288dbfaa7db2750a394744a21c4a0b08
[2026-04-15 14:39:59] Market created: 0x2DDa2d7D800Bb1dE1F71bf5cD3b8506B16Dc66fB (tx: 74d725943b226959c9559f4addea8887288dbfaa7db2750a394744a21c4a0b08)
[Prune] Removed 1 stale IDs (frame 400)
[2026-04-15 14:39:59] Ably publish OK: market_created
[2026-04-15 14:39:59] Counting vehicles for 150s...
[STATE] betting — market=0x2DDa2d7D... bet=150s count=150s round=5
[LineZone] (307,432) -> (960,432)
[Counter] Line: (579, 10) -> (701, 710)
[2026-04-15 14:40:00] [StreamClient] Round 5 started on stream_server
[Prune] Removed 2 stale IDs (frame 200)
[Prune] Removed 2 stale IDs (frame 400)
[Prune] Removed 2 stale IDs (frame 500)
[Prune] Removed 3 stale IDs (frame 600)
[Prune] Removed 2 stale IDs (frame 700)
[Prune] Removed 4 stale IDs (frame 800)
[Evidence] Saved evidence/1776274800_30s.jpg (135853 bytes, sha256:61ebd4507ee7a...)
[Prune] Removed 1 stale IDs (frame 900)
[Prune] Removed 3 stale IDs (frame 1000)
[Prune] Removed 1 stale IDs (frame 1100)
[Prune] Removed 2 stale IDs (frame 1200)
[Prune] Removed 5 stale IDs (frame 1300)
[Prune] Removed 2 stale IDs (frame 1400)
[Prune] Removed 9 stale IDs (frame 1500)
[Prune] Removed 3 stale IDs (frame 1600)
[Prune] Removed 7 stale IDs (frame 1700)
[Evidence] Saved evidence/1776274800_60s.jpg (129722 bytes, sha256:f3e4b1f4b3598...)
[Prune] Removed 7 stale IDs (frame 1800)
[Prune] Removed 6 stale IDs (frame 1900)
[Prune] Removed 5 stale IDs (frame 2000)
[Prune] Removed 13 stale IDs (frame 2100)
[Prune] Removed 4 stale IDs (frame 2200)
[Prune] Removed 2 stale IDs (frame 2300)
[Prune] Removed 7 stale IDs (frame 2400)
[Prune] Removed 4 stale IDs (frame 2500)
[Prune] Removed 2 stale IDs (frame 2600)
[Evidence] Saved evidence/1776274800_90s.jpg (142005 bytes, sha256:bfca766d99a38...)
[Prune] Removed 4 stale IDs (frame 2700)
[Prune] Removed 2 stale IDs (frame 2800)
[Prune] Removed 6 stale IDs (frame 2900)
[Prune] Removed 3 stale IDs (frame 3000)
[Prune] Removed 4 stale IDs (frame 3200)
[Prune] Removed 2 stale IDs (frame 3300)
[Prune] Removed 3 stale IDs (frame 3400)
[Prune] Removed 3 stale IDs (frame 3500)
[Evidence] Saved evidence/1776274800_120s.jpg (132396 bytes, sha256:1e03f9833450f...)
[Prune] Removed 2 stale IDs (frame 3600)
[Prune] Removed 5 stale IDs (frame 3700)
[Prune] Removed 9 stale IDs (frame 3800)
[Prune] Removed 3 stale IDs (frame 3900)
[Prune] Removed 7 stale IDs (frame 4000)
[WS] Client connected (2 total)
[Prune] Removed 2 stale IDs (frame 4200)
[STATE] counting — market=0x2DDa2d7D... duration=150s round=5
[Evidence] Saved evidence/1776274800_150s.jpg (156520 bytes, sha256:c400047f11f79...)
[Prune] Removed 1 stale IDs (frame 4600)
[Prune] Removed 7 stale IDs (frame 4700)
[Prune] Removed 3 stale IDs (frame 4800)
[Prune] Removed 2 stale IDs (frame 4900)
[Prune] Removed 5 stale IDs (frame 5000)
[Prune] Removed 3 stale IDs (frame 5200)
[Evidence] Saved evidence/1776274800_180s.jpg (136392 bytes, sha256:e30c0cb0ad964...)
[Prune] Removed 5 stale IDs (frame 5300)
[Prune] Removed 4 stale IDs (frame 5400)
[Prune] Removed 9 stale IDs (frame 5500)
[Prune] Removed 2 stale IDs (frame 5600)
[Prune] Removed 2 stale IDs (frame 5700)
[Prune] Removed 2 stale IDs (frame 5800)
[Prune] Removed 1 stale IDs (frame 6000)
[Prune] Removed 1 stale IDs (frame 6100)
[Evidence] Saved evidence/1776274800_210s.jpg (148422 bytes, sha256:29f1e28f6fbca...)
[Prune] Removed 4 stale IDs (frame 6200)
[Prune] Removed 4 stale IDs (frame 6400)
[Prune] Removed 5 stale IDs (frame 6500)
[Prune] Removed 4 stale IDs (frame 6600)
[Prune] Removed 3 stale IDs (frame 6700)
[Prune] Removed 6 stale IDs (frame 6800)
[Prune] Removed 4 stale IDs (frame 6900)
[Prune] Removed 5 stale IDs (frame 7000)
[Evidence] Saved evidence/1776274800_240s.jpg (145545 bytes, sha256:dc70e5294c72a...)
[Prune] Removed 4 stale IDs (frame 7100)
[Prune] Removed 8 stale IDs (frame 7200)
[WS] Client disconnected (1 total)
[Prune] Removed 5 stale IDs (frame 7300)
[Prune] Removed 6 stale IDs (frame 7500)
[Prune] Removed 1 stale IDs (frame 7700)
[Prune] Removed 1 stale IDs (frame 7900)
[Evidence] Saved evidence/1776274800_270s.jpg (152638 bytes, sha256:fbe0a8d5b39a8...)
[Prune] Removed 1 stale IDs (frame 8000)
[Prune] Removed 2 stale IDs (frame 8200)
[Prune] Removed 2 stale IDs (frame 8400)
[Prune] Removed 1 stale IDs (frame 8600)
[Prune] Removed 1 stale IDs (frame 8800)
[Evidence] Saved evidence/1776274800_final.jpg (141218 bytes, sha256:9e809acde94cf...)
[Evidence] Saved evidence/1776274800_final.jpg (140978 bytes, sha256:7b2603fd3eb47...)
[Evidence] Saved evidence/1776274800_final.jpg (140181 bytes, sha256:be57a4eff0755...)
[Evidence] Saved evidence/1776274800_final.jpg (140634 bytes, sha256:295618f4e762b...)
[STATE] idle — round 5 complete: 51 vehicles
[WS] Client disconnected (1 total)
[WS] Client connected (2 total)
[Prune] Removed 3 stale IDs (frame 9000)
[Prune] Removed 2 stale IDs (frame 9100)
[Prune] Removed 1 stale IDs (frame 9200)
[Prune] Removed 1 stale IDs (frame 9300)
[Prune] Removed 6 stale IDs (frame 9400)
[Prune] Removed 1 stale IDs (frame 9500)
[WS] Client connected (3 total)
[Prune] Removed 4 stale IDs (frame 9600)
[2026-04-15 14:45:30] No round_complete via WS — reading result.json fallback
[2026-04-15 14:45:30] Count complete: 51 vehicles (in=30 out=21)
[Prune] Removed 5 stale IDs (frame 9700)
[2026-04-15 14:45:31] No bets placed — cancelling market
[WS] Client disconnected (2 total)
connection handler failed
Traceback (most recent call last):
  File "/home/lumen/miniconda3/lib/python3.13/asyncio/selector_events.py", line 1067, in write
    n = self._sock.send(data)
ConnectionResetError: [Errno 104] Connection reset by peer

The above exception was the direct cause of the following exception:

Traceback (most recent call last):
  File "/home/lumen/miniconda3/lib/python3.13/site-packages/websockets/asyncio/server.py", line 376, in conn_handler
    await self.handler(connection)
  File "/home/lumen/.gemini/antigravity/scratch/rush/oracle/stream_server.py", line 1261, in handler
    async for msg in ws:
    ...<37 lines>...
            pass
  File "/home/lumen/miniconda3/lib/python3.13/site-packages/websockets/asyncio/connection.py", line 242, in __aiter__
    yield await self.recv()
          ^^^^^^^^^^^^^^^^^
  File "/home/lumen/miniconda3/lib/python3.13/site-packages/websockets/asyncio/connection.py", line 322, in recv
    raise self.protocol.close_exc from self.recv_exc
websockets.exceptions.ConnectionClosedError: no close frame received or sent
[2026-04-15 14:45:34] Market cancelled: 0x2DDa2d7D800Bb1dE1F71bf5cD3b8506B16Dc66fB (tx: 0258a7505571194486e5ede326bd2e910b9a2fb3c061ed4303049e04e2c259bb)
[2026-04-15 14:45:34] Ably publish OK: market_cancelled
[2026-04-15 14:45:35] Refunds distributed: 0x2DDa2d7D800Bb1dE1F71bf5cD3b8506B16Dc66fB (tx: ef94107cf17a047b116bda25e04a95b3eba943ba917cf2b374ce55f5eefc87d3)
[Prune] Removed 8 stale IDs (frame 9800)
[2026-04-15 14:45:35] Ledger POST failed (non-fatal): HTTP Error 400: Bad Request
[2026-04-15 14:45:35] New threshold: 48 (avg of [45, 51])
[2026-04-15 14:45:35] Waiting 15s before Round #6...
[STATE] betting — market=0xe5a3FbD9... bet=150s count=150s round=6
[LineZone] (307,432) -> (960,432)
[Counter] Line: (579, 10) -> (701, 710)
[2026-04-15 14:45:50] Round #6 | Peace Bridge — USA/Canada Border | threshold=48
[2026-04-15 14:45:51] Cancelling orphan market: 0xe5a3FbD9cDD6Ae49cFCC88020405aC4315C3eADA
[2026-04-15 14:45:53] Market cancelled: 0xe5a3FbD9cDD6Ae49cFCC88020405aC4315C3eADA (tx: 3e109d84a8fbae2b92feac2a7c2602e38a9ecdc50c475e9da0f9c4960341e05a)
[2026-04-15 14:45:54] Ably publish OK: market_cancelled
[2026-04-15 14:45:57] Refunds distributed: 0xe5a3FbD9cDD6Ae49cFCC88020405aC4315C3eADA (tx: 1b30345150df4c8cc5c1bce75c64ae22a644a44835f9f389ac030441c3439f26)
[2026-04-15 14:45:57] Cancelled 1 orphan market(s)
[2026-04-15 14:45:57] createMarket tx sent: 9ec3f81d4bf71fe51d27e0207da14afe4d8de999554cf8570ed7109151da7323
[2026-04-15 14:45:58] Market created: 0xD2EeEf40013724220316A0A524353025c45Bb547 (tx: 9ec3f81d4bf71fe51d27e0207da14afe4d8de999554cf8570ed7109151da7323)
[2026-04-15 14:45:58] Ably publish OK: market_created
[2026-04-15 14:45:58] Counting vehicles for 150s...
[STATE] betting — market=0xD2EeEf40... bet=150s count=150s round=6
[LineZone] (307,432) -> (960,432)
[Counter] Line: (579, 10) -> (701, 710)
[2026-04-15 14:45:58] [StreamClient] Round 6 started on stream_server
[Prune] Removed 2 stale IDs (frame 200)
[Prune] Removed 4 stale IDs (frame 300)
[Prune] Removed 3 stale IDs (frame 400)
[Prune] Removed 5 stale IDs (frame 500)
[Prune] Removed 5 stale IDs (frame 600)
[Prune] Removed 8 stale IDs (frame 700)
[Prune] Removed 3 stale IDs (frame 800)
[Evidence] Saved evidence/1776275158_30s.jpg (149279 bytes, sha256:3314cdf458ece...)
[Prune] Removed 1 stale IDs (frame 900)
[Prune] Removed 1 stale IDs (frame 1000)
[Prune] Removed 2 stale IDs (frame 1200)
[Prune] Removed 1 stale IDs (frame 1400)
[Prune] Removed 5 stale IDs (frame 1500)
[Prune] Removed 1 stale IDs (frame 1600)
[Prune] Removed 7 stale IDs (frame 1700)
[Evidence] Saved evidence/1776275158_60s.jpg (149708 bytes, sha256:74d0a281ca6a4...)
[Prune] Removed 1 stale IDs (frame 1800)
[WS] Client connected (3 total)
[Prune] Removed 1 stale IDs (frame 2000)
[Prune] Removed 1 stale IDs (frame 2200)
[Prune] Removed 1 stale IDs (frame 2300)
[Prune] Removed 4 stale IDs (frame 2600)
[Evidence] Saved evidence/1776275158_90s.jpg (121711 bytes, sha256:7ba93695a47ac...)
[Prune] Removed 2 stale IDs (frame 2800)
[Prune] Removed 3 stale IDs (frame 3000)
[Prune] Removed 4 stale IDs (frame 3100)
[Prune] Removed 4 stale IDs (frame 3200)
[Prune] Removed 2 stale IDs (frame 3300)
[Prune] Removed 1 stale IDs (frame 3400)
[Prune] Removed 6 stale IDs (frame 3500)
[WS] Client connected (4 total)
[Evidence] Saved evidence/1776275158_120s.jpg (125575 bytes, sha256:d359c368e15cc...)
[Prune] Removed 2 stale IDs (frame 3600)
[Prune] Removed 4 stale IDs (frame 3700)
[WS] Client disconnected (3 total)
connection handler failed
Traceback (most recent call last):
  File "/home/lumen/miniconda3/lib/python3.13/site-packages/websockets/asyncio/server.py", line 376, in conn_handler
    await self.handler(connection)
  File "/home/lumen/.gemini/antigravity/scratch/rush/oracle/stream_server.py", line 1261, in handler
    async for msg in ws:
    ...<37 lines>...
            pass
  File "/home/lumen/miniconda3/lib/python3.13/site-packages/websockets/asyncio/connection.py", line 242, in __aiter__
    yield await self.recv()
          ^^^^^^^^^^^^^^^^^
  File "/home/lumen/miniconda3/lib/python3.13/site-packages/websockets/asyncio/connection.py", line 322, in recv
    raise self.protocol.close_exc from self.recv_exc
websockets.exceptions.ConnectionClosedError: no close frame received or sent
[Prune] Removed 3 stale IDs (frame 3800)
[Prune] Removed 2 stale IDs (frame 3900)
[Prune] Removed 2 stale IDs (frame 4000)
[Prune] Removed 3 stale IDs (frame 4100)
[STATE] counting — market=0xD2EeEf40... duration=150s round=6
[Evidence] Saved evidence/1776275158_150s.jpg (138163 bytes, sha256:6fd28cb4e073a...)
[Prune] Removed 1 stale IDs (frame 4500)
[Prune] Removed 1 stale IDs (frame 4600)
[Prune] Removed 4 stale IDs (frame 4800)
[WS] Client disconnected (2 total)
connection handler failed
Traceback (most recent call last):
  File "/home/lumen/miniconda3/lib/python3.13/asyncio/selector_events.py", line 1005, in _read_ready__data_received
    data = self._sock.recv(self.max_size)
ConnectionResetError: [Errno 104] Connection reset by peer

The above exception was the direct cause of the following exception:

Traceback (most recent call last):
  File "/home/lumen/miniconda3/lib/python3.13/site-packages/websockets/asyncio/server.py", line 376, in conn_handler
    await self.handler(connection)
  File "/home/lumen/.gemini/antigravity/scratch/rush/oracle/stream_server.py", line 1261, in handler
    async for msg in ws:
    ...<37 lines>...
            pass
  File "/home/lumen/miniconda3/lib/python3.13/site-packages/websockets/asyncio/connection.py", line 242, in __aiter__
    yield await self.recv()
          ^^^^^^^^^^^^^^^^^
  File "/home/lumen/miniconda3/lib/python3.13/site-packages/websockets/asyncio/connection.py", line 322, in recv
    raise self.protocol.close_exc from self.recv_exc
websockets.exceptions.ConnectionClosedError: no close frame received or sent
[Prune] Removed 1 stale IDs (frame 4900)
[Prune] Removed 1 stale IDs (frame 5000)
[Evidence] Saved evidence/1776275158_180s.jpg (156468 bytes, sha256:0effe3b531ef7...)
[Prune] Removed 1 stale IDs (frame 5600)
[Prune] Removed 1 stale IDs (frame 5700)
[Prune] Removed 8 stale IDs (frame 5800)
[Evidence] Saved evidence/1776275158_210s.jpg (153394 bytes, sha256:c9e85a3f0d71b...)
[Prune] Removed 6 stale IDs (frame 5900)
[Prune] Removed 4 stale IDs (frame 6000)
[Prune] Removed 3 stale IDs (frame 6200)
[Prune] Removed 2 stale IDs (frame 6300)
[Prune] Removed 5 stale IDs (frame 6400)
[Prune] Removed 8 stale IDs (frame 6500)
[Prune] Removed 1 stale IDs (frame 6600)
[Prune] Removed 2 stale IDs (frame 6700)
[Evidence] Saved evidence/1776275158_240s.jpg (130436 bytes, sha256:47e4d614f1103...)
[Prune] Removed 1 stale IDs (frame 6800)
[Prune] Removed 5 stale IDs (frame 6900)
[Prune] Removed 10 stale IDs (frame 7000)
[Prune] Removed 5 stale IDs (frame 7100)
[Prune] Removed 12 stale IDs (frame 7200)
[Prune] Removed 7 stale IDs (frame 7300)
[Prune] Removed 9 stale IDs (frame 7400)
[Prune] Removed 6 stale IDs (frame 7500)
[Prune] Removed 12 stale IDs (frame 7600)
[Evidence] Saved evidence/1776275158_270s.jpg (129282 bytes, sha256:dba4b4acee9a5...)
[Prune] Removed 15 stale IDs (frame 7700)
[Prune] Removed 10 stale IDs (frame 7800)
[Prune] Removed 12 stale IDs (frame 7900)
[Prune] Removed 10 stale IDs (frame 8000)
[Prune] Removed 8 stale IDs (frame 8100)
[Prune] Removed 4 stale IDs (frame 8200)
[Prune] Removed 5 stale IDs (frame 8300)
[Prune] Removed 12 stale IDs (frame 8400)
[Evidence] Saved evidence/1776275158_final.jpg (124839 bytes, sha256:d0555c18544a2...)
[Evidence] Saved evidence/1776275158_final.jpg (124264 bytes, sha256:bb85c9ac766c0...)
[Evidence] Saved evidence/1776275158_final.jpg (129947 bytes, sha256:d94d9c783c184...)
[Evidence] Saved evidence/1776275158_final.jpg (129706 bytes, sha256:e9bc62a960790...)
[STATE] idle — round 6 complete: 57 vehicles
[Prune] Removed 16 stale IDs (frame 8500)
[Prune] Removed 15 stale IDs (frame 8600)
[Prune] Removed 8 stale IDs (frame 8700)
[Prune] Removed 6 stale IDs (frame 8800)
[Prune] Removed 4 stale IDs (frame 8900)
[Prune] Removed 2 stale IDs (frame 9000)
[Prune] Removed 4 stale IDs (frame 9100)
[Prune] Removed 3 stale IDs (frame 9200)
[Prune] Removed 6 stale IDs (frame 9300)
[2026-04-15 14:51:28] No round_complete via WS — reading result.json fallback
[2026-04-15 14:51:28] Count complete: 57 vehicles (in=36 out=21)
[Prune] Removed 3 stale IDs (frame 9400)
[2026-04-15 14:51:30] No bets placed — cancelling market
[2026-04-15 14:51:33] Market cancelled: 0xD2EeEf40013724220316A0A524353025c45Bb547 (tx: babfcdca2085d68641c4cca01fb02420a65cd67b9a3824669e8bc9cdfc9266b1)
[Prune] Removed 14 stale IDs (frame 9500)
[2026-04-15 14:51:33] Ably publish OK: market_cancelled
[2026-04-15 14:51:34] Refunds distributed: 0xD2EeEf40013724220316A0A524353025c45Bb547 (tx: 720f052cdde3f6b7fa4e5519848691dd6e7a1b58882c24652b867261c519330d)
[2026-04-15 14:51:34] Ledger POST failed (non-fatal): HTTP Error 400: Bad Request
[2026-04-15 14:51:34] New threshold: 54 (avg of [51, 57])
[2026-04-15 14:51:34] Waiting 15s before Round #7...
[Prune] Removed 8 stale IDs (frame 9600)
[STATE] betting — market=0x6bB43359... bet=150s count=150s round=7
[LineZone] (307,432) -> (960,432)
[Counter] Line: (579, 10) -> (701, 710)
[Prune] Removed 1 stale IDs (frame 100)
[Prune] Removed 5 stale IDs (frame 200)
[Prune] Removed 3 stale IDs (frame 300)
[2026-04-15 14:51:49] Round #7 | Peace Bridge — USA/Canada Border | threshold=54
[2026-04-15 14:51:49] Cancelling orphan market: 0x6bB4335948bfDa14AcEaBA10374547d2B75B697B
[2026-04-15 14:51:50] Market cancelled: 0x6bB4335948bfDa14AcEaBA10374547d2B75B697B (tx: 6118e181ef575a9f8ab1ebe6bc97464ec748970296e457d04cb5b35f5b3104bc)
[2026-04-15 14:51:50] Ably publish OK: market_cancelled
[Prune] Removed 5 stale IDs (frame 400)
[2026-04-15 14:51:51] Refunds distributed: 0x6bB4335948bfDa14AcEaBA10374547d2B75B697B (tx: c7042dcd0098a1b83fc93a890df3ba42cf7221394b473203462635df89047311)
[2026-04-15 14:51:51] Cancelled 1 orphan market(s)
[2026-04-15 14:51:52] createMarket tx sent: 5df1a470f2ab8eb5c5a47d988faaec3b8fdc2c16d137e0bf6e3d6536da4b474d
[2026-04-15 14:51:54] Market created: 0x73Bf1513d1BD07D706Cf0808B1D49A70fea6A24f (tx: 5df1a470f2ab8eb5c5a47d988faaec3b8fdc2c16d137e0bf6e3d6536da4b474d)
[Prune] Removed 2 stale IDs (frame 500)
[2026-04-15 14:51:55] Ably publish OK: market_created
[2026-04-15 14:51:55] Counting vehicles for 150s...
[STATE] betting — market=0x73Bf1513... bet=150s count=150s round=7
[LineZone] (307,432) -> (960,432)
[Counter] Line: (579, 10) -> (701, 710)
[2026-04-15 14:51:55] [StreamClient] Round 7 started on stream_server
[Prune] Removed 2 stale IDs (frame 200)
[Prune] Removed 1 stale IDs (frame 300)
[Prune] Removed 1 stale IDs (frame 500)
[Prune] Removed 1 stale IDs (frame 700)
[Prune] Removed 4 stale IDs (frame 800)
[Evidence] Saved evidence/1776275515_30s.jpg (141764 bytes, sha256:4ebea7d1ba09c...)
[Prune] Removed 2 stale IDs (frame 900)
[Prune] Removed 7 stale IDs (frame 1000)
[Prune] Removed 10 stale IDs (frame 1100)
[Prune] Removed 7 stale IDs (frame 1200)
[Prune] Removed 7 stale IDs (frame 1300)
[Prune] Removed 14 stale IDs (frame 1400)
[Prune] Removed 9 stale IDs (frame 1500)
[Prune] Removed 3 stale IDs (frame 1600)
[WS] Client connected (3 total)
[Prune] Removed 6 stale IDs (frame 1700)
[WS] Client disconnected (2 total)
[Evidence] Saved evidence/1776275515_60s.jpg (129856 bytes, sha256:32cb43a4c2e9a...)
[Prune] Removed 3 stale IDs (frame 1800)
[Prune] Removed 3 stale IDs (frame 1900)
[WS] Client disconnected (1 total)
[Prune] Removed 4 stale IDs (frame 2000)
[Prune] Removed 7 stale IDs (frame 2100)
[Prune] Removed 3 stale IDs (frame 2300)
[Prune] Removed 3 stale IDs (frame 2400)
[Prune] Removed 6 stale IDs (frame 2500)
[Prune] Removed 2 stale IDs (frame 2600)
[Evidence] Saved evidence/1776275515_90s.jpg (134488 bytes, sha256:cf2a435f1ced3...)
[Prune] Removed 3 stale IDs (frame 2700)
[Prune] Removed 5 stale IDs (frame 2800)
[Prune] Removed 3 stale IDs (frame 2900)
[Prune] Removed 1 stale IDs (frame 3100)
[Prune] Removed 1 stale IDs (frame 3200)
[Prune] Removed 3 stale IDs (frame 3300)
[Prune] Removed 11 stale IDs (frame 3400)
[Prune] Removed 3 stale IDs (frame 3500)
[Evidence] Saved evidence/1776275515_120s.jpg (149386 bytes, sha256:325e986a928d9...)
[Prune] Removed 4 stale IDs (frame 3600)
[Prune] Removed 6 stale IDs (frame 3700)
[Prune] Removed 10 stale IDs (frame 3800)
[Prune] Removed 3 stale IDs (frame 3900)
[Prune] Removed 10 stale IDs (frame 4000)
[Prune] Removed 8 stale IDs (frame 4100)
[Prune] Removed 6 stale IDs (frame 4200)
[Prune] Removed 10 stale IDs (frame 4300)
[STATE] counting — market=0x73Bf1513... duration=150s round=7
[Evidence] Saved evidence/1776275515_150s.jpg (124098 bytes, sha256:d3f1509dcc2c0...)
[Prune] Removed 3 stale IDs (frame 4400)
[Prune] Removed 2 stale IDs (frame 4500)
[Prune] Removed 1 stale IDs (frame 4600)
[Prune] Removed 6 stale IDs (frame 4700)
[Prune] Removed 7 stale IDs (frame 4800)
[Prune] Removed 3 stale IDs (frame 4900)
[Prune] Removed 1 stale IDs (frame 5000)
[WS] Client disconnected (0 total)
[Prune] Removed 1 stale IDs (frame 5100)
[Prune] Removed 1 stale IDs (frame 5200)
[Evidence] Saved evidence/1776275515_180s.jpg (136064 bytes, sha256:0e4c8574d0a8c...)
[Prune] Removed 2 stale IDs (frame 5300)
[Prune] Removed 4 stale IDs (frame 5400)
[Prune] Removed 2 stale IDs (frame 5600)
[Prune] Removed 3 stale IDs (frame 5700)
[Prune] Removed 1 stale IDs (frame 5800)
[Prune] Removed 1 stale IDs (frame 5900)
[Prune] Removed 1 stale IDs (frame 6000)
[Prune] Removed 1 stale IDs (frame 6100)
[Evidence] Saved evidence/1776275515_210s.jpg (148162 bytes, sha256:811a25b928f72...)
[Prune] Removed 1 stale IDs (frame 6200)
[Prune] Removed 5 stale IDs (frame 6300)
[Prune] Removed 3 stale IDs (frame 6500)
[Prune] Removed 2 stale IDs (frame 6600)
[Prune] Removed 1 stale IDs (frame 6700)
[Prune] Removed 2 stale IDs (frame 6800)
[Prune] Removed 4 stale IDs (frame 6900)
[Evidence] Saved evidence/1776275515_240s.jpg (131732 bytes, sha256:67556deac07fb...)
[Prune] Removed 3 stale IDs (frame 7000)
[Prune] Removed 6 stale IDs (frame 7100)
[Prune] Removed 1 stale IDs (frame 7300)
[Prune] Removed 1 stale IDs (frame 7400)
[Prune] Removed 4 stale IDs (frame 7500)
[Prune] Removed 4 stale IDs (frame 7800)
[Evidence] Saved evidence/1776275515_270s.jpg (130091 bytes, sha256:a2b174ef19ea8...)
[Prune] Removed 2 stale IDs (frame 7900)
[Prune] Removed 2 stale IDs (frame 8100)
[Prune] Removed 5 stale IDs (frame 8200)
[Prune] Removed 5 stale IDs (frame 8300)
[Prune] Removed 2 stale IDs (frame 8400)
[Prune] Removed 3 stale IDs (frame 8500)
[Prune] Removed 2 stale IDs (frame 8600)
[Prune] Removed 1 stale IDs (frame 8700)
[Evidence] Saved evidence/1776275515_final.jpg (121114 bytes, sha256:58f9a526ea185...)
[Evidence] Saved evidence/1776275515_final.jpg (120897 bytes, sha256:00609b5edf987...)
[Evidence] Saved evidence/1776275515_final.jpg (120030 bytes, sha256:c9fbfd6ce236d...)
[STATE] idle — round 7 complete: 48 vehicles
[Prune] Removed 5 stale IDs (frame 8900)
[Prune] Removed 3 stale IDs (frame 9000)
[Prune] Removed 10 stale IDs (frame 9100)
[Prune] Removed 13 stale IDs (frame 9200)
[Prune] Removed 9 stale IDs (frame 9300)
[Prune] Removed 9 stale IDs (frame 9400)
[Prune] Removed 8 stale IDs (frame 9500)
[Prune] Removed 8 stale IDs (frame 9600)
[2026-04-15 14:57:25] No round_complete via WS — reading result.json fallback
[2026-04-15 14:57:25] Count complete: 48 vehicles (in=23 out=25)
[2026-04-15 14:57:26] No bets placed — cancelling market
[Prune] Removed 5 stale IDs (frame 9700)
[2026-04-15 14:57:29] Market cancelled: 0x73Bf1513d1BD07D706Cf0808B1D49A70fea6A24f (tx: 2e4e4cc3d9c5c332b55454100a721f16e0a639dacdf8df0684684101f982cc50)
[2026-04-15 14:57:29] Ably publish OK: market_cancelled
[2026-04-15 14:57:30] refundAll failed for 0x73Bf1513d1BD07D706Cf0808B1D49A70fea6A24f: {'code': -32000, 'message': 'replacement transaction underpriced'}
[2026-04-15 14:57:30] Ledger POST failed (non-fatal): HTTP Error 400: Bad Request
[2026-04-15 14:57:30] New threshold: 52 (avg of [57, 48])
[2026-04-15 14:57:30] Waiting 15s before Round #8...
[Prune] Removed 4 stale IDs (frame 9800)
[Prune] Removed 1 stale IDs (frame 9900)
[STATE] betting — market=0x705eaA65... bet=150s count=150s round=8
[LineZone] (307,432) -> (960,432)
[Counter] Line: (579, 10) -> (701, 710)
[Prune] Removed 8 stale IDs (frame 200)
[2026-04-15 14:57:45] Round #8 | Peace Bridge — USA/Canada Border | threshold=52
[2026-04-15 14:57:45] Cancelling orphan market: 0x705eaA656aF3b56F474072805A48F1FA5b011941
[Prune] Removed 1 stale IDs (frame 300)
[WS] Client connected (1 total)
[2026-04-15 14:57:48] Market cancelled: 0x705eaA656aF3b56F474072805A48F1FA5b011941 (tx: e07eaa21719559227e02e58352f3a296301b0f3b52eff0c99e3aa18754a3eb82)
[2026-04-15 14:57:48] Ably publish OK: market_cancelled
[WS] Client disconnected (0 total)
[2026-04-15 14:57:49] Refunds distributed: 0x705eaA656aF3b56F474072805A48F1FA5b011941 (tx: e0b975976f735bf6e896a99e787eb2afd04488a8377976280042037ed5de5468)
[2026-04-15 14:57:49] Cancelled 1 orphan market(s)
[Prune] Removed 5 stale IDs (frame 400)
[2026-04-15 14:57:50] createMarket tx sent: 3f2cf5c4b04d8293fe8658de979727e0f21731329c8b0ea5407378cf16f2c194
[2026-04-15 14:57:50] Market created: 0xb7E7db05cDDDbF0C064C7944bd9ee8Fa164b3fB8 (tx: 3f2cf5c4b04d8293fe8658de979727e0f21731329c8b0ea5407378cf16f2c194)
[2026-04-15 14:57:51] Ably publish OK: market_created
[2026-04-15 14:57:51] Counting vehicles for 150s...
[STATE] betting — market=0xb7E7db05... bet=150s count=150s round=8
[LineZone] (307,432) -> (960,432)
[Counter] Line: (579, 10) -> (701, 710)
[2026-04-15 14:57:51] [StreamClient] Round 8 started on stream_server
[Prune] Removed 1 stale IDs (frame 100)
[WS] Client connected (1 total)
[Prune] Removed 8 stale IDs (frame 200)
[Prune] Removed 9 stale IDs (frame 300)
[Prune] Removed 11 stale IDs (frame 400)
[Prune] Removed 2 stale IDs (frame 500)
[Prune] Removed 5 stale IDs (frame 600)
[Prune] Removed 9 stale IDs (frame 700)
[Prune] Removed 5 stale IDs (frame 800)
[Evidence] Saved evidence/1776275871_30s.jpg (131027 bytes, sha256:97ab6a9ff775c...)
[Prune] Removed 12 stale IDs (frame 900)
[Prune] Removed 5 stale IDs (frame 1000)
[Prune] Removed 7 stale IDs (frame 1100)
[Prune] Removed 10 stale IDs (frame 1200)
[Prune] Removed 5 stale IDs (frame 1300)
[Prune] Removed 1 stale IDs (frame 1400)
[Prune] Removed 1 stale IDs (frame 1500)
[Prune] Removed 6 stale IDs (frame 1600)
[Prune] Removed 4 stale IDs (frame 1700)
[Evidence] Saved evidence/1776275871_60s.jpg (137848 bytes, sha256:cd3161d36365b...)
[Prune] Removed 4 stale IDs (frame 1800)
[Prune] Removed 6 stale IDs (frame 1900)
[Prune] Removed 4 stale IDs (frame 2000)
[Prune] Removed 7 stale IDs (frame 2100)
[Prune] Removed 4 stale IDs (frame 2200)
[Prune] Removed 7 stale IDs (frame 2300)
[Prune] Removed 8 stale IDs (frame 2400)
[Prune] Removed 8 stale IDs (frame 2500)
[Prune] Removed 3 stale IDs (frame 2600)
[Evidence] Saved evidence/1776275871_90s.jpg (132108 bytes, sha256:bc4c4e529772d...)
[Prune] Removed 2 stale IDs (frame 2700)
[Prune] Removed 3 stale IDs (frame 2900)
[Prune] Removed 2 stale IDs (frame 3000)
[Prune] Removed 1 stale IDs (frame 3100)
[Prune] Removed 1 stale IDs (frame 3400)
[Prune] Removed 8 stale IDs (frame 3500)
[Evidence] Saved evidence/1776275871_120s.jpg (136460 bytes, sha256:a8ea790681033...)
[Prune] Removed 5 stale IDs (frame 3600)
[Prune] Removed 7 stale IDs (frame 3700)
[Prune] Removed 6 stale IDs (frame 3800)
[Prune] Removed 7 stale IDs (frame 3900)
[Prune] Removed 6 stale IDs (frame 4000)
[Prune] Removed 13 stale IDs (frame 4100)
[Prune] Removed 5 stale IDs (frame 4200)
[Prune] Removed 14 stale IDs (frame 4300)
[Prune] Removed 4 stale IDs (frame 4400)
[STATE] counting — market=0xb7E7db05... duration=150s round=8
[Evidence] Saved evidence/1776275871_150s.jpg (123758 bytes, sha256:eb1f7cbdf1f19...)
[Prune] Removed 8 stale IDs (frame 4500)
[Prune] Removed 10 stale IDs (frame 4600)
[Prune] Removed 6 stale IDs (frame 4700)
[Prune] Removed 11 stale IDs (frame 4800)
[Prune] Removed 3 stale IDs (frame 4900)
[Prune] Removed 2 stale IDs (frame 5000)
[Prune] Removed 8 stale IDs (frame 5100)
[Prune] Removed 6 stale IDs (frame 5200)
[Evidence] Saved evidence/1776275871_180s.jpg (136092 bytes, sha256:c62f586ecacf0...)
[Prune] Removed 4 stale IDs (frame 5300)
[Prune] Removed 1 stale IDs (frame 5400)
[Prune] Removed 1 stale IDs (frame 5500)
[WS] Client connected (2 total)
[Prune] Removed 1 stale IDs (frame 5600)
[Prune] Removed 1 stale IDs (frame 5700)
[WS] Client disconnected (1 total)
connection handler failed
Traceback (most recent call last):
  File "/home/lumen/miniconda3/lib/python3.13/asyncio/selector_events.py", line 1067, in write
    n = self._sock.send(data)
BrokenPipeError: [Errno 32] Broken pipe

The above exception was the direct cause of the following exception:

Traceback (most recent call last):
  File "/home/lumen/miniconda3/lib/python3.13/site-packages/websockets/asyncio/server.py", line 376, in conn_handler
    await self.handler(connection)
  File "/home/lumen/.gemini/antigravity/scratch/rush/oracle/stream_server.py", line 1261, in handler
    async for msg in ws:
    ...<37 lines>...
            pass
  File "/home/lumen/miniconda3/lib/python3.13/site-packages/websockets/asyncio/connection.py", line 242, in __aiter__
    yield await self.recv()
          ^^^^^^^^^^^^^^^^^
  File "/home/lumen/miniconda3/lib/python3.13/site-packages/websockets/asyncio/connection.py", line 322, in recv
    raise self.protocol.close_exc from self.recv_exc
websockets.exceptions.ConnectionClosedError: no close frame received or sent
[Prune] Removed 7 stale IDs (frame 6000)
[Prune] Removed 4 stale IDs (frame 6100)
[WS] Client connected (2 total)
[Evidence] Saved evidence/1776275871_210s.jpg (118271 bytes, sha256:435d10abd49ae...)
[Prune] Removed 5 stale IDs (frame 6200)
[Prune] Removed 4 stale IDs (frame 6300)
[Prune] Removed 3 stale IDs (frame 6400)
[Prune] Removed 11 stale IDs (frame 6500)
[Prune] Removed 6 stale IDs (frame 6600)
[Prune] Removed 2 stale IDs (frame 6700)
[Prune] Removed 11 stale IDs (frame 6800)
[Prune] Removed 12 stale IDs (frame 6900)
[Prune] Removed 3 stale IDs (frame 7000)
[Evidence] Saved evidence/1776275871_240s.jpg (134865 bytes, sha256:6ca403c96c155...)
[Prune] Removed 9 stale IDs (frame 7100)
[Prune] Removed 6 stale IDs (frame 7200)
[Prune] Removed 5 stale IDs (frame 7300)
[Prune] Removed 6 stale IDs (frame 7400)
[Prune] Removed 9 stale IDs (frame 7500)
[Prune] Removed 6 stale IDs (frame 7600)
[Prune] Removed 3 stale IDs (frame 7700)
[Prune] Removed 1 stale IDs (frame 7800)
[Prune] Removed 2 stale IDs (frame 7900)
[Evidence] Saved evidence/1776275871_270s.jpg (141892 bytes, sha256:deafe98a320be...)
[Prune] Removed 5 stale IDs (frame 8000)
[Prune] Removed 7 stale IDs (frame 8100)
[Prune] Removed 7 stale IDs (frame 8200)
[WS] Client disconnected (1 total)
[Prune] Removed 9 stale IDs (frame 8300)
[Prune] Removed 8 stale IDs (frame 8400)
[Prune] Removed 7 stale IDs (frame 8500)
[Prune] Removed 6 stale IDs (frame 8600)
[Prune] Removed 4 stale IDs (frame 8700)
[Prune] Removed 1 stale IDs (frame 8800)
[Evidence] Saved evidence/1776275871_final.jpg (127189 bytes, sha256:5894bbc245114...)
[Evidence] Saved evidence/1776275871_final.jpg (127132 bytes, sha256:0f4158df0a7cf...)
[Evidence] Saved evidence/1776275871_final.jpg (127118 bytes, sha256:683cc59bcd71d...)
[STATE] idle — round 8 complete: 70 vehicles
[Prune] Removed 1 stale IDs (frame 8900)
[Prune] Removed 6 stale IDs (frame 9000)
[Prune] Removed 4 stale IDs (frame 9100)
[Prune] Removed 3 stale IDs (frame 9300)
[Prune] Removed 3 stale IDs (frame 9400)
[Prune] Removed 3 stale IDs (frame 9500)
[2026-04-15 15:03:21] No round_complete via WS — reading result.json fallback
[2026-04-15 15:03:21] Count complete: 70 vehicles (in=38 out=32)
[Prune] Removed 1 stale IDs (frame 9700)
[2026-04-15 15:03:22] No bets placed — cancelling market
[Prune] Removed 6 stale IDs (frame 9800)
[2026-04-15 15:03:25] Market cancelled: 0xb7E7db05cDDDbF0C064C7944bd9ee8Fa164b3fB8 (tx: 1c2297354d670fd6b36728aa05f0dd093a3ba48dd1b2306b27145e7a5dff9ddd)
[2026-04-15 15:03:25] Ably publish OK: market_cancelled
[2026-04-15 15:03:28] Refunds distributed: 0xb7E7db05cDDDbF0C064C7944bd9ee8Fa164b3fB8 (tx: 8798fbf527356cad4397ff149e6a81f20a34fdc7cc9561ff10ba78d9d208de77)
[STATE] betting — market=0x7e2521F2... bet=150s count=150s round=9
[LineZone] (307,432) -> (960,432)
[Counter] Line: (579, 10) -> (701, 710)
[2026-04-15 15:03:29] Ledger POST failed (non-fatal): HTTP Error 400: Bad Request
[2026-04-15 15:03:29] New threshold: 59 (avg of [48, 70])
[2026-04-15 15:03:29] Waiting 15s before Round #9...
[Prune] Removed 1 stale IDs (frame 100)
[Prune] Removed 1 stale IDs (frame 200)
[Prune] Removed 4 stale IDs (frame 300)
[Prune] Removed 4 stale IDs (frame 400)
[2026-04-15 15:03:44] Round #9 | Peace Bridge — USA/Canada Border | threshold=59
[2026-04-15 15:03:44] Cancelling orphan market: 0x7e2521F237F1a63422a7E66a0bDf429dBF2230D6
[2026-04-15 15:03:45] Market cancelled: 0x7e2521F237F1a63422a7E66a0bDf429dBF2230D6 (tx: b8d06396028c05d1b6d1dd6e42e0081b4ca288c5ac5db0308ab9660ba2834cfd)
[2026-04-15 15:03:45] Ably publish OK: market_cancelled
[Prune] Removed 3 stale IDs (frame 500)
[2026-04-15 15:03:48] Refunds distributed: 0x7e2521F237F1a63422a7E66a0bDf429dBF2230D6 (tx: 22b2c3ad9717a51a3f7b2442c98893dacd63b8a8e53e80137277778c66cdd4a7)
[2026-04-15 15:03:48] Cancelled 1 orphan market(s)
[2026-04-15 15:03:49] createMarket tx sent: 6eebca82c50c2004fe073372c1b1bedaab86e820e49a912be8b6d2a98f49a691
[Prune] Removed 4 stale IDs (frame 600)
[2026-04-15 15:03:51] Market created: 0xB3e80c103e2316eF9303E7d04BFe085f43496bd2 (tx: 6eebca82c50c2004fe073372c1b1bedaab86e820e49a912be8b6d2a98f49a691)
[2026-04-15 15:03:51] Ably publish OK: market_created
[2026-04-15 15:03:51] Counting vehicles for 150s...
[STATE] betting — market=0xB3e80c10... bet=150s count=150s round=9
[LineZone] (307,432) -> (960,432)
[Counter] Line: (579, 10) -> (701, 710)
[2026-04-15 15:03:52] [StreamClient] Round 9 started on stream_server
[Prune] Removed 2 stale IDs (frame 100)
[Prune] Removed 3 stale IDs (frame 200)
[Prune] Removed 5 stale IDs (frame 300)
[Prune] Removed 9 stale IDs (frame 400)
[Prune] Removed 2 stale IDs (frame 500)
[Prune] Removed 3 stale IDs (frame 600)
[Prune] Removed 9 stale IDs (frame 700)
[WS] Client connected (2 total)
[Prune] Removed 2 stale IDs (frame 800)
[Evidence] Saved evidence/1776276232_30s.jpg (147669 bytes, sha256:55ef64eb96c2f...)
[Prune] Removed 3 stale IDs (frame 1000)
[Prune] Removed 12 stale IDs (frame 1100)
[Prune] Removed 11 stale IDs (frame 1200)
[Prune] Removed 5 stale IDs (frame 1300)
[Prune] Removed 2 stale IDs (frame 1400)
[Prune] Removed 2 stale IDs (frame 1500)
[Prune] Removed 10 stale IDs (frame 1600)
[Prune] Removed 5 stale IDs (frame 1700)
[Evidence] Saved evidence/1776276232_60s.jpg (148067 bytes, sha256:82e52ec106e0b...)
[Prune] Removed 6 stale IDs (frame 1800)
[Prune] Removed 6 stale IDs (frame 1900)
[Prune] Removed 8 stale IDs (frame 2000)
[Prune] Removed 7 stale IDs (frame 2100)
[Prune] Removed 9 stale IDs (frame 2200)
[Prune] Removed 12 stale IDs (frame 2300)
[Prune] Removed 7 stale IDs (frame 2400)
[Prune] Removed 7 stale IDs (frame 2500)
[Prune] Removed 9 stale IDs (frame 2600)
[Evidence] Saved evidence/1776276232_90s.jpg (135498 bytes, sha256:e6336659dd3fa...)
[Prune] Removed 11 stale IDs (frame 2700)
[Prune] Removed 6 stale IDs (frame 2800)
[Prune] Removed 8 stale IDs (frame 2900)
[Prune] Removed 7 stale IDs (frame 3000)
[Prune] Removed 3 stale IDs (frame 3100)
[Prune] Removed 1 stale IDs (frame 3200)
[Prune] Removed 4 stale IDs (frame 3300)
[Prune] Removed 6 stale IDs (frame 3400)
[Prune] Removed 2 stale IDs (frame 3500)
[Evidence] Saved evidence/1776276232_120s.jpg (124543 bytes, sha256:1417106676293...)
[Prune] Removed 4 stale IDs (frame 3600)
[Prune] Removed 8 stale IDs (frame 3700)
[Prune] Removed 1 stale IDs (frame 3800)
[Prune] Removed 1 stale IDs (frame 4000)
[Prune] Removed 5 stale IDs (frame 4300)
[WS] Client disconnected (1 total)
connection handler failed
Traceback (most recent call last):
  File "/home/lumen/miniconda3/lib/python3.13/asyncio/selector_events.py", line 1067, in write
    n = self._sock.send(data)
BrokenPipeError: [Errno 32] Broken pipe

The above exception was the direct cause of the following exception:

Traceback (most recent call last):
  File "/home/lumen/miniconda3/lib/python3.13/site-packages/websockets/asyncio/server.py", line 376, in conn_handler
    await self.handler(connection)
  File "/home/lumen/.gemini/antigravity/scratch/rush/oracle/stream_server.py", line 1261, in handler
    async for msg in ws:
    ...<37 lines>...
            pass
  File "/home/lumen/miniconda3/lib/python3.13/site-packages/websockets/asyncio/connection.py", line 242, in __aiter__
    yield await self.recv()
          ^^^^^^^^^^^^^^^^^
  File "/home/lumen/miniconda3/lib/python3.13/site-packages/websockets/asyncio/connection.py", line 322, in recv
    raise self.protocol.close_exc from self.recv_exc
websockets.exceptions.ConnectionClosedError: no close frame received or sent
[STATE] counting — market=0xB3e80c10... duration=150s round=9
[Evidence] Saved evidence/1776276232_150s.jpg (130305 bytes, sha256:01c1455bd2d54...)
[Prune] Removed 8 stale IDs (frame 4400)
[Prune] Removed 2 stale IDs (frame 4500)
[Prune] Removed 5 stale IDs (frame 4600)
[Prune] Removed 2 stale IDs (frame 4700)
[Prune] Removed 7 stale IDs (frame 4800)
[Prune] Removed 7 stale IDs (frame 4900)
[Prune] Removed 4 stale IDs (frame 5000)
[Prune] Removed 5 stale IDs (frame 5100)
[Prune] Removed 10 stale IDs (frame 5200)
[Evidence] Saved evidence/1776276232_180s.jpg (146248 bytes, sha256:7db31b6491dad...)
[Prune] Removed 8 stale IDs (frame 5300)
[Prune] Removed 6 stale IDs (frame 5400)
[Prune] Removed 6 stale IDs (frame 5500)
[Prune] Removed 1 stale IDs (frame 5800)
[Prune] Removed 1 stale IDs (frame 5900)
[Prune] Removed 4 stale IDs (frame 6000)
[Prune] Removed 5 stale IDs (frame 6100)
[Evidence] Saved evidence/1776276232_210s.jpg (135735 bytes, sha256:ded7633496642...)
[Prune] Removed 1 stale IDs (frame 6200)
[Prune] Removed 3 stale IDs (frame 6300)
[Prune] Removed 2 stale IDs (frame 6400)
[Prune] Removed 5 stale IDs (frame 6500)
[Prune] Removed 7 stale IDs (frame 6600)
[Prune] Removed 6 stale IDs (frame 6700)
[Prune] Removed 12 stale IDs (frame 6800)
[Prune] Removed 6 stale IDs (frame 6900)
[Prune] Removed 4 stale IDs (frame 7000)
[Evidence] Saved evidence/1776276232_240s.jpg (153171 bytes, sha256:b19d93f860be3...)
[Prune] Removed 7 stale IDs (frame 7100)
[Prune] Removed 9 stale IDs (frame 7200)
[Prune] Removed 9 stale IDs (frame 7300)
[Prune] Removed 4 stale IDs (frame 7400)
[Prune] Removed 10 stale IDs (frame 7500)
[Prune] Removed 3 stale IDs (frame 7600)
[Prune] Removed 3 stale IDs (frame 7700)
[Prune] Removed 3 stale IDs (frame 7800)
[Evidence] Saved evidence/1776276232_270s.jpg (127800 bytes, sha256:ce6de7b09e5d8...)
[Prune] Removed 4 stale IDs (frame 7900)
[Prune] Removed 3 stale IDs (frame 8000)
[Prune] Removed 1 stale IDs (frame 8200)
[Prune] Removed 2 stale IDs (frame 8400)
[Prune] Removed 10 stale IDs (frame 8500)
[Prune] Removed 9 stale IDs (frame 8600)
[Evidence] Saved evidence/1776276232_final.jpg (138152 bytes, sha256:98df132beb146...)
[Evidence] Saved evidence/1776276232_final.jpg (138017 bytes, sha256:6a8b778346fcb...)
[Evidence] Saved evidence/1776276232_final.jpg (138002 bytes, sha256:897a021fa9f06...)
[STATE] idle — round 9 complete: 54 vehicles
[Prune] Removed 1 stale IDs (frame 8800)
[Prune] Removed 3 stale IDs (frame 8900)
[Prune] Removed 1 stale IDs (frame 9000)
[Prune] Removed 3 stale IDs (frame 9100)
[Prune] Removed 1 stale IDs (frame 9200)
[Prune] Removed 1 stale IDs (frame 9300)
[Prune] Removed 5 stale IDs (frame 9400)
[Prune] Removed 7 stale IDs (frame 9500)
[Prune] Removed 17 stale IDs (frame 9600)
[2026-04-15 15:09:22] No round_complete via WS — reading result.json fallback
[2026-04-15 15:09:22] Count complete: 54 vehicles (in=30 out=24)
[2026-04-15 15:09:23] No bets placed — cancelling market
[Prune] Removed 10 stale IDs (frame 9700)
[2026-04-15 15:09:24] Market cancelled: 0xB3e80c103e2316eF9303E7d04BFe085f43496bd2 (tx: bd78c5995b971aa4209a7fb554e03d3ce4aa0181177b59d77fd6a093dadc4d69)
[2026-04-15 15:09:24] Ably publish OK: market_cancelled
[2026-04-15 15:09:25] Refunds distributed: 0xB3e80c103e2316eF9303E7d04BFe085f43496bd2 (tx: 2f2c826e67d0a72f489d4f1744592ecf29e7841d8ea5c505076dfe3bd42c61cd)
[2026-04-15 15:09:25] Ledger POST failed (non-fatal): HTTP Error 400: Bad Request
[2026-04-15 15:09:25] New threshold: 62 (avg of [70, 54])
[2026-04-15 15:09:25] Waiting 15s before Round #10...
[Prune] Removed 13 stale IDs (frame 9800)
[Prune] Removed 8 stale IDs (frame 9900)
[STATE] betting — market=0xBA306770... bet=150s count=150s round=10
[LineZone] (307,432) -> (960,432)
[Counter] Line: (579, 10) -> (701, 710)
[2026-04-15 15:09:40] Round #10 | Peace Bridge — USA/Canada Border | threshold=62
[2026-04-15 15:09:41] Cancelling orphan market: 0xBA3067705Eb9ffBB314eb022A8d6A4D4B4848338
[Prune] Removed 4 stale IDs (frame 300)
[2026-04-15 15:09:43] Market cancelled: 0xBA3067705Eb9ffBB314eb022A8d6A4D4B4848338 (tx: a6b20c130c13f6f1b1a9ca6257e072c9a8ad34327ebfbb103fcce0f1246fe592)
[2026-04-15 15:09:44] Ably publish OK: market_cancelled
[Prune] Removed 4 stale IDs (frame 400)
[2026-04-15 15:09:47] Refunds distributed: 0xBA3067705Eb9ffBB314eb022A8d6A4D4B4848338 (tx: 18f4b7221d14485cfb6505ae078ede6627ec6e95b513e073e5ed354f20e46748)
[2026-04-15 15:09:47] Cancelled 1 orphan market(s)
[2026-04-15 15:09:47] createMarket tx sent: 030475caae8d3aa75927f2d49a9baea6f56f9d129b19d90a0ebbfedebfa7178e
[Prune] Removed 4 stale IDs (frame 500)
[2026-04-15 15:09:49] Market created: 0x3FC00870468a67D0c97cDED2EB8860E7e16F6795 (tx: 030475caae8d3aa75927f2d49a9baea6f56f9d129b19d90a0ebbfedebfa7178e)
[2026-04-15 15:09:50] Ably publish OK: market_created
[2026-04-15 15:09:50] Counting vehicles for 150s...
[STATE] betting — market=0x3FC00870... bet=150s count=150s round=10
[LineZone] (307,432) -> (960,432)
[Counter] Line: (579, 10) -> (701, 710)
[2026-04-15 15:09:50] [StreamClient] Round 10 started on stream_server
[Prune] Removed 3 stale IDs (frame 200)
[Prune] Removed 3 stale IDs (frame 300)
[Prune] Removed 3 stale IDs (frame 500)
[Prune] Removed 1 stale IDs (frame 600)
[Prune] Removed 2 stale IDs (frame 800)
[Evidence] Saved evidence/1776276590_30s.jpg (145976 bytes, sha256:00ac78e7a7223...)
[Prune] Removed 7 stale IDs (frame 900)
[Prune] Removed 1 stale IDs (frame 1000)
[Prune] Removed 1 stale IDs (frame 1200)
[Prune] Removed 1 stale IDs (frame 1300)
[Prune] Removed 1 stale IDs (frame 1400)
[Prune] Removed 2 stale IDs (frame 1600)
[Prune] Removed 7 stale IDs (frame 1700)
[Evidence] Saved evidence/1776276590_60s.jpg (147349 bytes, sha256:12a01ed535096...)
[Prune] Removed 4 stale IDs (frame 1800)
[Prune] Removed 1 stale IDs (frame 1900)
[Prune] Removed 4 stale IDs (frame 2000)
[Prune] Removed 9 stale IDs (frame 2100)
[Prune] Removed 9 stale IDs (frame 2200)
[Prune] Removed 8 stale IDs (frame 2300)
[Prune] Removed 2 stale IDs (frame 2400)
[Prune] Removed 4 stale IDs (frame 2500)
[Prune] Removed 7 stale IDs (frame 2600)
[Evidence] Saved evidence/1776276590_90s.jpg (137286 bytes, sha256:a383c349cb629...)
[Prune] Removed 3 stale IDs (frame 2700)
[Prune] Removed 8 stale IDs (frame 2800)
[Prune] Removed 10 stale IDs (frame 2900)
[Prune] Removed 1 stale IDs (frame 3000)
[Prune] Removed 2 stale IDs (frame 3100)
[Prune] Removed 5 stale IDs (frame 3300)
[Prune] Removed 3 stale IDs (frame 3400)
[Prune] Removed 2 stale IDs (frame 3500)
[Evidence] Saved evidence/1776276590_120s.jpg (148673 bytes, sha256:d49e5370f72f5...)
[Prune] Removed 9 stale IDs (frame 3600)
[Prune] Removed 7 stale IDs (frame 3700)
[Prune] Removed 10 stale IDs (frame 3800)
[Prune] Removed 5 stale IDs (frame 3900)
[Prune] Removed 6 stale IDs (frame 4100)
[Prune] Removed 4 stale IDs (frame 4200)
[Prune] Removed 1 stale IDs (frame 4300)
[Prune] Removed 1 stale IDs (frame 4400)
[STATE] counting — market=0x3FC00870... duration=150s round=10
[Evidence] Saved evidence/1776276590_150s.jpg (140695 bytes, sha256:8978a38800d91...)
[WS] Client connected (2 total)
[Prune] Removed 5 stale IDs (frame 4500)
[WS] Client disconnected (1 total)
connection handler failed
Traceback (most recent call last):
  File "/home/lumen/miniconda3/lib/python3.13/asyncio/selector_events.py", line 1067, in write
    n = self._sock.send(data)
BrokenPipeError: [Errno 32] Broken pipe

The above exception was the direct cause of the following exception:

Traceback (most recent call last):
  File "/home/lumen/miniconda3/lib/python3.13/site-packages/websockets/asyncio/server.py", line 376, in conn_handler
    await self.handler(connection)
  File "/home/lumen/.gemini/antigravity/scratch/rush/oracle/stream_server.py", line 1261, in handler
    async for msg in ws:
    ...<37 lines>...
            pass
  File "/home/lumen/miniconda3/lib/python3.13/site-packages/websockets/asyncio/connection.py", line 242, in __aiter__
    yield await self.recv()
          ^^^^^^^^^^^^^^^^^
  File "/home/lumen/miniconda3/lib/python3.13/site-packages/websockets/asyncio/connection.py", line 322, in recv
    raise self.protocol.close_exc from self.recv_exc
websockets.exceptions.ConnectionClosedError: no close frame received or sent
[Prune] Removed 5 stale IDs (frame 4600)
[WS] Client connected (2 total)
[Prune] Removed 7 stale IDs (frame 4700)
[Prune] Removed 5 stale IDs (frame 4800)
[Prune] Removed 4 stale IDs (frame 4900)
[Prune] Removed 2 stale IDs (frame 5000)
[Prune] Removed 3 stale IDs (frame 5100)
[Prune] Removed 7 stale IDs (frame 5200)
[Evidence] Saved evidence/1776276590_180s.jpg (147639 bytes, sha256:429a3bf8dab51...)
[Prune] Removed 3 stale IDs (frame 5300)
[Prune] Removed 1 stale IDs (frame 5400)
[Prune] Removed 2 stale IDs (frame 5500)
[Prune] Removed 2 stale IDs (frame 5700)
[Prune] Removed 3 stale IDs (frame 5900)
[Prune] Removed 2 stale IDs (frame 6100)
[Evidence] Saved evidence/1776276590_210s.jpg (149547 bytes, sha256:0edf61b4cc67c...)
[Prune] Removed 1 stale IDs (frame 6200)
[Prune] Removed 7 stale IDs (frame 6300)
[Prune] Removed 6 stale IDs (frame 6400)
[Prune] Removed 1 stale IDs (frame 6500)
[Prune] Removed 11 stale IDs (frame 6600)
[Prune] Removed 2 stale IDs (frame 6700)
[Prune] Removed 5 stale IDs (frame 6800)
[WS] Client disconnected (0 total)
connection handler failed
Traceback (most recent call last):
  File "/home/lumen/miniconda3/lib/python3.13/asyncio/selector_events.py", line 1067, in write
    n = self._sock.send(data)
BrokenPipeError: [Errno 32] Broken pipe

The above exception was the direct cause of the following exception:

Traceback (most recent call last):
  File "/home/lumen/miniconda3/lib/python3.13/site-packages/websockets/asyncio/server.py", line 376, in conn_handler
    await self.handler(connection)
  File "/home/lumen/.gemini/antigravity/scratch/rush/oracle/stream_server.py", line 1261, in handler
    async for msg in ws:
    ...<37 lines>...
            pass
  File "/home/lumen/miniconda3/lib/python3.13/site-packages/websockets/asyncio/connection.py", line 242, in __aiter__
    yield await self.recv()
          ^^^^^^^^^^^^^^^^^
  File "/home/lumen/miniconda3/lib/python3.13/site-packages/websockets/asyncio/connection.py", line 322, in recv
    raise self.protocol.close_exc from self.recv_exc
websockets.exceptions.ConnectionClosedError: no close frame received or sent
[WS] Client connected (1 total)
[WS] Client disconnected (1 total)
connection handler failed
Traceback (most recent call last):
  File "/home/lumen/miniconda3/lib/python3.13/site-packages/websockets/asyncio/server.py", line 376, in conn_handler
    await self.handler(connection)
  File "/home/lumen/.gemini/antigravity/scratch/rush/oracle/stream_server.py", line 1261, in handler
    async for msg in ws:
    ...<37 lines>...
            pass
  File "/home/lumen/miniconda3/lib/python3.13/site-packages/websockets/asyncio/connection.py", line 242, in __aiter__
    yield await self.recv()
          ^^^^^^^^^^^^^^^^^
  File "/home/lumen/miniconda3/lib/python3.13/site-packages/websockets/asyncio/connection.py", line 322, in recv
    raise self.protocol.close_exc from self.recv_exc
websockets.exceptions.ConnectionClosedError: sent 1011 (internal error) keepalive ping timeout; no close frame received
[Prune] Removed 2 stale IDs (frame 6900)
[Evidence] Saved evidence/1776276590_240s.jpg (129959 bytes, sha256:0db47193cd178...)
[WS] Client disconnected (0 total)
connection handler failed
Traceback (most recent call last):
  File "/home/lumen/miniconda3/lib/python3.13/asyncio/selector_events.py", line 1067, in write
    n = self._sock.send(data)
BrokenPipeError: [Errno 32] Broken pipe

The above exception was the direct cause of the following exception:

Traceback (most recent call last):
  File "/home/lumen/miniconda3/lib/python3.13/site-packages/websockets/asyncio/server.py", line 376, in conn_handler
    await self.handler(connection)
  File "/home/lumen/.gemini/antigravity/scratch/rush/oracle/stream_server.py", line 1261, in handler
    async for msg in ws:
    ...<37 lines>...
            pass
  File "/home/lumen/miniconda3/lib/python3.13/site-packages/websockets/asyncio/connection.py", line 242, in __aiter__
    yield await self.recv()
          ^^^^^^^^^^^^^^^^^
  File "/home/lumen/miniconda3/lib/python3.13/site-packages/websockets/asyncio/connection.py", line 322, in recv
    raise self.protocol.close_exc from self.recv_exc
websockets.exceptions.ConnectionClosedError: no close frame received or sent
[WS] Client connected (1 total)
[Prune] Removed 10 stale IDs (frame 7000)
[Prune] Removed 15 stale IDs (frame 7100)
[Prune] Removed 14 stale IDs (frame 7200)
[WS] Client connected (2 total)
[Prune] Removed 9 stale IDs (frame 7300)
[Prune] Removed 12 stale IDs (frame 7400)
[Prune] Removed 3 stale IDs (frame 7500)
[Prune] Removed 4 stale IDs (frame 7600)
[Prune] Removed 5 stale IDs (frame 7700)
[Prune] Removed 6 stale IDs (frame 7800)
[Evidence] Saved evidence/1776276590_270s.jpg (141904 bytes, sha256:34b66700651a8...)
[Prune] Removed 11 stale IDs (frame 7900)
[Prune] Removed 3 stale IDs (frame 8000)
[Prune] Removed 19 stale IDs (frame 8100)
[Prune] Removed 9 stale IDs (frame 8200)
[Prune] Removed 5 stale IDs (frame 8300)
[WS] Client disconnected (0 total)
[WS] Client disconnected (0 total)
connection handler failed
Traceback (most recent call last):
  File "/home/lumen/miniconda3/lib/python3.13/site-packages/websockets/asyncio/server.py", line 376, in conn_handler
    await self.handler(connection)
  File "/home/lumen/.gemini/antigravity/scratch/rush/oracle/stream_server.py", line 1261, in handler
    async for msg in ws:
    ...<37 lines>...
            pass
  File "/home/lumen/miniconda3/lib/python3.13/site-packages/websockets/asyncio/connection.py", line 242, in __aiter__
    yield await self.recv()
          ^^^^^^^^^^^^^^^^^
  File "/home/lumen/miniconda3/lib/python3.13/site-packages/websockets/asyncio/connection.py", line 322, in recv
    raise self.protocol.close_exc from self.recv_exc
websockets.exceptions.ConnectionClosedError: sent 1011 (internal error) keepalive ping timeout; no close frame received
[Prune] Removed 5 stale IDs (frame 8400)
[Prune] Removed 5 stale IDs (frame 8500)
[Prune] Removed 9 stale IDs (frame 8600)
[Evidence] Saved evidence/1776276590_final.jpg (148183 bytes, sha256:47817a6aa9a00...)
[Evidence] Saved evidence/1776276590_final.jpg (147331 bytes, sha256:a868e677eb265...)
[Evidence] Saved evidence/1776276590_final.jpg (147465 bytes, sha256:2d5cfe982649d...)
[STATE] idle — round 10 complete: 58 vehicles
[Prune] Removed 1 stale IDs (frame 8700)
[Prune] Removed 2 stale IDs (frame 8800)
[Prune] Removed 7 stale IDs (frame 8900)
[Prune] Removed 13 stale IDs (frame 9000)
[Prune] Removed 5 stale IDs (frame 9100)
[WS] Client connected (1 total)
[Prune] Removed 2 stale IDs (frame 9200)
[Prune] Removed 2 stale IDs (frame 9300)
[Prune] Removed 4 stale IDs (frame 9400)
[WS] Client connected (2 total)
[Prune] Removed 7 stale IDs (frame 9500)
[2026-04-15 15:15:20] No round_complete via WS — reading result.json fallback
[2026-04-15 15:15:20] Count complete: 58 vehicles (in=30 out=28)
[2026-04-15 15:15:21] No bets placed — cancelling market
[2026-04-15 15:15:22] Market cancelled: 0x3FC00870468a67D0c97cDED2EB8860E7e16F6795 (tx: 103de9f90478dbfafeca41733bab52680fc2f48dc65db2418843d350aa589c8d)
[2026-04-15 15:15:22] Ably publish OK: market_cancelled
[Prune] Removed 6 stale IDs (frame 9600)
[2026-04-15 15:15:23] Refunds distributed: 0x3FC00870468a67D0c97cDED2EB8860E7e16F6795 (tx: 55d1215536be2ef675507ee6e7d4cf65460e3bb737083952fb7fb3ae6d3d543f)
[2026-04-15 15:15:23] Ledger POST failed (non-fatal): HTTP Error 400: Bad Request
[2026-04-15 15:15:23] New threshold: 56 (avg of [54, 58])
[2026-04-15 15:15:23] Waiting 15s before Round #11...
[Prune] Removed 8 stale IDs (frame 9700)
[WS] Client connected (3 total)
[STATE] betting — market=0xb914818D... bet=150s count=150s round=11
[LineZone] (307,432) -> (960,432)
[Counter] Line: (579, 10) -> (701, 710)
[Prune] Removed 1 stale IDs (frame 100)
[Prune] Removed 5 stale IDs (frame 200)
[2026-04-15 15:15:38] Round #11 | Peace Bridge — USA/Canada Border | threshold=56
[2026-04-15 15:15:39] Cancelling orphan market: 0xb914818D320Bb79572e8F7A99f8ad81c5c46F698
[2026-04-15 15:15:40] Market cancelled: 0xb914818D320Bb79572e8F7A99f8ad81c5c46F698 (tx: 095ef2471d492087ec0c9c3a9287a5e714f698a7ee70d6717a862ee2f21d10c4)
[2026-04-15 15:15:40] Ably publish OK: market_cancelled
[2026-04-15 15:15:43] Refunds distributed: 0xb914818D320Bb79572e8F7A99f8ad81c5c46F698 (tx: be603a480c3a7e4e46494b71d8b01335c8c5b0560f685563efb132ba42afb4e5)
[2026-04-15 15:15:43] Cancelled 1 orphan market(s)
[Prune] Removed 3 stale IDs (frame 400)
[2026-04-15 15:15:44] createMarket tx sent: f24f74765eb13bdd01ba69ac24d05c6e701a1118e3a108b795bd0f7a4eab311e
[2026-04-15 15:15:44] Market created: 0x5637425f0f3899b2dE59E2919cde3eAe42A8c124 (tx: f24f74765eb13bdd01ba69ac24d05c6e701a1118e3a108b795bd0f7a4eab311e)
[2026-04-15 15:15:44] Ably publish OK: market_created
[2026-04-15 15:15:44] Counting vehicles for 150s...
[STATE] betting — market=0x5637425f... bet=150s count=150s round=11
[LineZone] (307,432) -> (960,432)
[Counter] Line: (579, 10) -> (701, 710)
[2026-04-15 15:15:44] [StreamClient] Round 11 started on stream_server
[Prune] Removed 2 stale IDs (frame 100)
[Prune] Removed 4 stale IDs (frame 200)
[Prune] Removed 5 stale IDs (frame 300)
[Prune] Removed 6 stale IDs (frame 400)
[Prune] Removed 8 stale IDs (frame 500)
[Prune] Removed 5 stale IDs (frame 600)
[Prune] Removed 4 stale IDs (frame 700)
[Prune] Removed 3 stale IDs (frame 800)
[Evidence] Saved evidence/1776276944_30s.jpg (144109 bytes, sha256:e58e943f64b24...)
[Prune] Removed 1 stale IDs (frame 900)
[Prune] Removed 4 stale IDs (frame 1000)
[Prune] Removed 4 stale IDs (frame 1100)
[Prune] Removed 6 stale IDs (frame 1200)
[Prune] Removed 7 stale IDs (frame 1300)
[Prune] Removed 5 stale IDs (frame 1400)
[Prune] Removed 3 stale IDs (frame 1500)
[Evidence] Saved evidence/1776276944_60s.jpg (134887 bytes, sha256:434eb71dfa19a...)
[Prune] Removed 3 stale IDs (frame 1700)
[Prune] Removed 5 stale IDs (frame 1900)
[Prune] Removed 7 stale IDs (frame 2000)
[Prune] Removed 5 stale IDs (frame 2200)
[Prune] Removed 3 stale IDs (frame 2300)
[Prune] Removed 11 stale IDs (frame 2400)
[WS] Client disconnected (1 total)
connection handler failed
Traceback (most recent call last):
  File "/home/lumen/miniconda3/lib/python3.13/asyncio/selector_events.py", line 1067, in write
    n = self._sock.send(data)
BrokenPipeError: [Errno 32] Broken pipe

The above exception was the direct cause of the following exception:

Traceback (most recent call last):
  File "/home/lumen/miniconda3/lib/python3.13/site-packages/websockets/asyncio/server.py", line 376, in conn_handler
    await self.handler(connection)
  File "/home/lumen/.gemini/antigravity/scratch/rush/oracle/stream_server.py", line 1261, in handler
    async for msg in ws:
    ...<37 lines>...
            pass
  File "/home/lumen/miniconda3/lib/python3.13/site-packages/websockets/asyncio/connection.py", line 242, in __aiter__
    yield await self.recv()
          ^^^^^^^^^^^^^^^^^
  File "/home/lumen/miniconda3/lib/python3.13/site-packages/websockets/asyncio/connection.py", line 322, in recv
    raise self.protocol.close_exc from self.recv_exc
websockets.exceptions.ConnectionClosedError: no close frame received or sent
[Prune] Removed 5 stale IDs (frame 2500)
[Evidence] Saved evidence/1776276944_90s.jpg (149528 bytes, sha256:77a5deaf19b6c...)
[Prune] Removed 1 stale IDs (frame 2800)
[Prune] Removed 3 stale IDs (frame 2900)
[Prune] Removed 3 stale IDs (frame 3000)
[Prune] Removed 2 stale IDs (frame 3100)
[Prune] Removed 9 stale IDs (frame 3200)
[Prune] Removed 8 stale IDs (frame 3300)
[Prune] Removed 7 stale IDs (frame 3400)
[Evidence] Saved evidence/1776276944_120s.jpg (127269 bytes, sha256:5ad0af138446c...)
[Prune] Removed 2 stale IDs (frame 3500)
[Prune] Removed 3 stale IDs (frame 3600)
[Prune] Removed 2 stale IDs (frame 3700)
[Prune] Removed 9 stale IDs (frame 3800)
[Prune] Removed 6 stale IDs (frame 3900)
[Prune] Removed 14 stale IDs (frame 4000)
[Prune] Removed 9 stale IDs (frame 4100)
[Prune] Removed 5 stale IDs (frame 4200)
[Prune] Removed 8 stale IDs (frame 4300)
[STATE] counting — market=0x5637425f... duration=150s round=11
[Evidence] Saved evidence/1776276944_150s.jpg (127254 bytes, sha256:4f379e7c2af60...)
[Prune] Removed 7 stale IDs (frame 4400)
[Prune] Removed 11 stale IDs (frame 4500)
[WS] Client connected (2 total)
[Prune] Removed 6 stale IDs (frame 4600)
[Prune] Removed 13 stale IDs (frame 4700)
[Prune] Removed 6 stale IDs (frame 4800)
[Prune] Removed 3 stale IDs (frame 4900)
[Prune] Removed 7 stale IDs (frame 5000)
[Prune] Removed 8 stale IDs (frame 5100)
[Evidence] Saved evidence/1776276944_180s.jpg (125890 bytes, sha256:b35a3b134768b...)
[Prune] Removed 10 stale IDs (frame 5200)
[Prune] Removed 15 stale IDs (frame 5300)
[Prune] Removed 11 stale IDs (frame 5400)
[WS] Client disconnected (1 total)
connection handler failed
Traceback (most recent call last):
  File "/home/lumen/miniconda3/lib/python3.13/asyncio/selector_events.py", line 1005, in _read_ready__data_received
    data = self._sock.recv(self.max_size)
ConnectionResetError: [Errno 104] Connection reset by peer

The above exception was the direct cause of the following exception:

Traceback (most recent call last):
  File "/home/lumen/miniconda3/lib/python3.13/site-packages/websockets/asyncio/server.py", line 376, in conn_handler
    await self.handler(connection)
  File "/home/lumen/.gemini/antigravity/scratch/rush/oracle/stream_server.py", line 1261, in handler
    async for msg in ws:
    ...<37 lines>...
            pass
  File "/home/lumen/miniconda3/lib/python3.13/site-packages/websockets/asyncio/connection.py", line 242, in __aiter__
    yield await self.recv()
          ^^^^^^^^^^^^^^^^^
  File "/home/lumen/miniconda3/lib/python3.13/site-packages/websockets/asyncio/connection.py", line 322, in recv
    raise self.protocol.close_exc from self.recv_exc
websockets.exceptions.ConnectionClosedError: no close frame received or sent
[Prune] Removed 6 stale IDs (frame 5500)
[Prune] Removed 14 stale IDs (frame 5600)
[Prune] Removed 8 stale IDs (frame 5700)
[Prune] Removed 5 stale IDs (frame 5800)
[Prune] Removed 5 stale IDs (frame 5900)
[Prune] Removed 3 stale IDs (frame 6000)
[Evidence] Saved evidence/1776276944_210s.jpg (135533 bytes, sha256:4bd00af35400c...)
[Prune] Removed 7 stale IDs (frame 6100)
[Prune] Removed 6 stale IDs (frame 6200)
[WS] Client disconnected (0 total)
[Prune] Removed 2 stale IDs (frame 6300)
[Prune] Removed 8 stale IDs (frame 6400)
[Prune] Removed 2 stale IDs (frame 6500)
[Prune] Removed 6 stale IDs (frame 6600)
[Prune] Removed 1 stale IDs (frame 6700)
[Prune] Removed 8 stale IDs (frame 6800)
[Prune] Removed 7 stale IDs (frame 6900)
[Evidence] Saved evidence/1776276944_240s.jpg (137504 bytes, sha256:3e457682235a2...)
[Prune] Removed 5 stale IDs (frame 7000)
[Prune] Removed 6 stale IDs (frame 7100)
[Prune] Removed 2 stale IDs (frame 7200)
[Prune] Removed 6 stale IDs (frame 7400)
[Prune] Removed 5 stale IDs (frame 7500)
[Prune] Removed 5 stale IDs (frame 7600)
[Prune] Removed 5 stale IDs (frame 7700)
[Prune] Removed 3 stale IDs (frame 7800)
[Evidence] Saved evidence/1776276944_270s.jpg (148991 bytes, sha256:e104580bc8af1...)
[Prune] Removed 2 stale IDs (frame 7900)
[Prune] Removed 2 stale IDs (frame 8000)
[Prune] Removed 2 stale IDs (frame 8300)
[Prune] Removed 2 stale IDs (frame 8600)
[Evidence] Saved evidence/1776276944_final.jpg (170518 bytes, sha256:17ad9e7fca666...)
[Evidence] Saved evidence/1776276944_final.jpg (170191 bytes, sha256:91ce18fd4fac4...)
[Evidence] Saved evidence/1776276944_final.jpg (170128 bytes, sha256:e92bc604d0868...)
[STATE] idle — round 11 complete: 49 vehicles
[Prune] Removed 1 stale IDs (frame 8800)
[Prune] Removed 1 stale IDs (frame 8900)
[Prune] Removed 1 stale IDs (frame 9000)
[Prune] Removed 16 stale IDs (frame 9100)
[Prune] Removed 2 stale IDs (frame 9200)
[Prune] Removed 4 stale IDs (frame 9300)
[Prune] Removed 2 stale IDs (frame 9400)
[Prune] Removed 1 stale IDs (frame 9500)
[2026-04-15 15:21:14] No round_complete via WS — reading result.json fallback
[2026-04-15 15:21:14] Count complete: 49 vehicles (in=27 out=22)
[Prune] Removed 2 stale IDs (frame 9600)
[2026-04-15 15:21:16] No bets placed — cancelling market
[2026-04-15 15:21:19] Market cancelled: 0x5637425f0f3899b2dE59E2919cde3eAe42A8c124 (tx: 5fba7713e35faa3be5834e187dff0371a06f21bebe891765f96c737d84d496e4)
[2026-04-15 15:21:19] Ably publish OK: market_cancelled
[Prune] Removed 1 stale IDs (frame 9700)
[2026-04-15 15:21:20] Refunds distributed: 0x5637425f0f3899b2dE59E2919cde3eAe42A8c124 (tx: 840183555e43522162dcee4dc3a052a3f83a5fd1886269cce3234e591178c10a)
[2026-04-15 15:21:20] Ledger POST failed (non-fatal): HTTP Error 400: Bad Request
[2026-04-15 15:21:20] New threshold: 53 (avg of [58, 49])
[2026-04-15 15:21:20] Waiting 15s before Round #12...
[Prune] Removed 1 stale IDs (frame 9800)
[STATE] betting — market=0x1604df54... bet=150s count=150s round=12
[LineZone] (307,432) -> (960,432)
[Counter] Line: (579, 10) -> (701, 710)
[2026-04-15 15:21:35] Round #12 | Peace Bridge — USA/Canada Border | threshold=53
[2026-04-15 15:21:35] Cancelling orphan market: 0x1604df542E9CDF5BB2314a359329e8cAFe6dbB07
[2026-04-15 15:21:36] Market cancelled: 0x1604df542E9CDF5BB2314a359329e8cAFe6dbB07 (tx: 089374877bd288337d56c50331093e2eef5bff85654d933d5286ad3db7dc2af6)
[2026-04-15 15:21:36] Ably publish OK: market_cancelled
[Prune] Removed 2 stale IDs (frame 400)
[2026-04-15 15:21:39] Refunds distributed: 0x1604df542E9CDF5BB2314a359329e8cAFe6dbB07 (tx: d199de73c3394f546375418e8b976451cd7dc66e8af79fadfa54a7079eec86de)
[2026-04-15 15:21:39] Cancelled 1 orphan market(s)
[2026-04-15 15:21:40] createMarket tx sent: c56057a9e58cf5ed27b4baf849e06c87df1265c3295191df9e9dd9692cc23fcd
[2026-04-15 15:21:42] Market created: 0x51cDF1721e12DCB71b57289EA3BE4cF13699ec89 (tx: c56057a9e58cf5ed27b4baf849e06c87df1265c3295191df9e9dd9692cc23fcd)
[Prune] Removed 8 stale IDs (frame 500)
[2026-04-15 15:21:43] Ably publish OK: market_created
[2026-04-15 15:21:43] Counting vehicles for 150s...
[STATE] betting — market=0x51cDF172... bet=150s count=150s round=12
[LineZone] (307,432) -> (960,432)
[Counter] Line: (579, 10) -> (701, 710)
[2026-04-15 15:21:43] [StreamClient] Round 12 started on stream_server
[Prune] Removed 12 stale IDs (frame 200)
[Prune] Removed 13 stale IDs (frame 300)
[Prune] Removed 4 stale IDs (frame 400)
[Prune] Removed 7 stale IDs (frame 500)
[Prune] Removed 3 stale IDs (frame 600)
[WS] Client connected (1 total)
[Prune] Removed 1 stale IDs (frame 700)
[Prune] Removed 3 stale IDs (frame 800)
[WS] Client disconnected (0 total)
connection handler failed
Traceback (most recent call last):
  File "/home/lumen/miniconda3/lib/python3.13/asyncio/selector_events.py", line 1067, in write
    n = self._sock.send(data)
BrokenPipeError: [Errno 32] Broken pipe

The above exception was the direct cause of the following exception:

Traceback (most recent call last):
  File "/home/lumen/miniconda3/lib/python3.13/site-packages/websockets/asyncio/server.py", line 376, in conn_handler
    await self.handler(connection)
  File "/home/lumen/.gemini/antigravity/scratch/rush/oracle/stream_server.py", line 1261, in handler
    async for msg in ws:
    ...<37 lines>...
            pass
  File "/home/lumen/miniconda3/lib/python3.13/site-packages/websockets/asyncio/connection.py", line 242, in __aiter__
    yield await self.recv()
          ^^^^^^^^^^^^^^^^^
  File "/home/lumen/miniconda3/lib/python3.13/site-packages/websockets/asyncio/connection.py", line 322, in recv
    raise self.protocol.close_exc from self.recv_exc
websockets.exceptions.ConnectionClosedError: no close frame received or sent
[Evidence] Saved evidence/1776277303_30s.jpg (154449 bytes, sha256:7d0a05a348cbd...)
[Prune] Removed 5 stale IDs (frame 900)
[Prune] Removed 2 stale IDs (frame 1000)
[Prune] Removed 2 stale IDs (frame 1100)
[Prune] Removed 2 stale IDs (frame 1200)
[Prune] Removed 2 stale IDs (frame 1400)
[Prune] Removed 1 stale IDs (frame 1500)
[Prune] Removed 2 stale IDs (frame 1700)
[Evidence] Saved evidence/1776277303_60s.jpg (168420 bytes, sha256:73c2758c3c68b...)
[Prune] Removed 2 stale IDs (frame 1800)
[Prune] Removed 3 stale IDs (frame 2100)
[Prune] Removed 2 stale IDs (frame 2300)
[Prune] Removed 4 stale IDs (frame 2400)
[Prune] Removed 4 stale IDs (frame 2500)
[Prune] Removed 11 stale IDs (frame 2600)
[Evidence] Saved evidence/1776277303_90s.jpg (144923 bytes, sha256:73454c318b5a7...)
[Prune] Removed 6 stale IDs (frame 2700)
[Prune] Removed 9 stale IDs (frame 2900)
[Prune] Removed 6 stale IDs (frame 3000)
[Prune] Removed 7 stale IDs (frame 3100)
[Prune] Removed 3 stale IDs (frame 3200)
[Prune] Removed 3 stale IDs (frame 3300)
[Prune] Removed 9 stale IDs (frame 3400)
[Prune] Removed 11 stale IDs (frame 3500)
[Evidence] Saved evidence/1776277303_120s.jpg (157136 bytes, sha256:890633b183f47...)
[Prune] Removed 9 stale IDs (frame 3600)
[Prune] Removed 6 stale IDs (frame 3700)
[Prune] Removed 12 stale IDs (frame 3800)
[Prune] Removed 9 stale IDs (frame 3900)
[Prune] Removed 7 stale IDs (frame 4000)
[Prune] Removed 11 stale IDs (frame 4100)
[Prune] Removed 10 stale IDs (frame 4200)
[Prune] Removed 9 stale IDs (frame 4300)
[STATE] counting — market=0x51cDF172... duration=150s round=12
[Evidence] Saved evidence/1776277303_150s.jpg (131870 bytes, sha256:517f72e22299b...)
[Prune] Removed 2 stale IDs (frame 4400)
[Prune] Removed 2 stale IDs (frame 4500)
[Prune] Removed 6 stale IDs (frame 4600)
[Prune] Removed 3 stale IDs (frame 4700)
[Prune] Removed 7 stale IDs (frame 4800)
[Prune] Removed 13 stale IDs (frame 4900)
[Prune] Removed 2 stale IDs (frame 5000)
[Prune] Removed 3 stale IDs (frame 5100)
[Evidence] Saved evidence/1776277303_180s.jpg (160985 bytes, sha256:ecc7b2e3d945e...)
[Prune] Removed 1 stale IDs (frame 5300)
[Prune] Removed 1 stale IDs (frame 5400)
[Prune] Removed 6 stale IDs (frame 5600)
[Prune] Removed 1 stale IDs (frame 5700)
[Prune] Removed 3 stale IDs (frame 5800)
[Prune] Removed 7 stale IDs (frame 5900)
[Prune] Removed 4 stale IDs (frame 6000)
[Prune] Removed 1 stale IDs (frame 6100)
[Evidence] Saved evidence/1776277303_210s.jpg (139540 bytes, sha256:7eb564734b678...)
[Prune] Removed 1 stale IDs (frame 6200)
[Prune] Removed 3 stale IDs (frame 6300)
[Prune] Removed 1 stale IDs (frame 6500)
[Prune] Removed 5 stale IDs (frame 6600)
[Prune] Removed 5 stale IDs (frame 6700)
[Prune] Removed 1 stale IDs (frame 6800)
[Prune] Removed 4 stale IDs (frame 6900)
[Prune] Removed 2 stale IDs (frame 7000)
[Evidence] Saved evidence/1776277303_240s.jpg (160529 bytes, sha256:ba87d4b313d7a...)
[Prune] Removed 12 stale IDs (frame 7100)
[Prune] Removed 8 stale IDs (frame 7200)
[Prune] Removed 5 stale IDs (frame 7300)
[Prune] Removed 1 stale IDs (frame 7400)
[Prune] Removed 4 stale IDs (frame 7500)
[Prune] Removed 1 stale IDs (frame 7600)
[Prune] Removed 1 stale IDs (frame 7700)
[Prune] Removed 10 stale IDs (frame 7800)
[Evidence] Saved evidence/1776277303_270s.jpg (166071 bytes, sha256:4faa2a730be3f...)
[Prune] Removed 7 stale IDs (frame 7900)
[Prune] Removed 3 stale IDs (frame 8000)
[Prune] Removed 7 stale IDs (frame 8100)
[Prune] Removed 1 stale IDs (frame 8200)
[Prune] Removed 1 stale IDs (frame 8300)
[Prune] Removed 1 stale IDs (frame 8400)
[Prune] Removed 1 stale IDs (frame 8500)
[Prune] Removed 3 stale IDs (frame 8600)
[Prune] Removed 9 stale IDs (frame 8700)
[Evidence] Saved evidence/1776277303_final.jpg (141123 bytes, sha256:adcf827db525f...)
[Evidence] Saved evidence/1776277303_final.jpg (140675 bytes, sha256:40b952ccf352d...)
[Evidence] Saved evidence/1776277303_final.jpg (140451 bytes, sha256:6fbc299658211...)
[STATE] idle — round 12 complete: 48 vehicles
[Prune] Removed 3 stale IDs (frame 8800)
[Prune] Removed 2 stale IDs (frame 8900)
[Prune] Removed 2 stale IDs (frame 9000)
[Prune] Removed 2 stale IDs (frame 9100)
[Prune] Removed 3 stale IDs (frame 9200)
[Prune] Removed 1 stale IDs (frame 9300)
[WS] Client connected (1 total)
[Prune] Removed 2 stale IDs (frame 9600)
[2026-04-15 15:27:13] No round_complete via WS — reading result.json fallback
[2026-04-15 15:27:13] Count complete: 48 vehicles (in=23 out=25)
[2026-04-15 15:27:14] No bets placed — cancelling market
[Prune] Removed 2 stale IDs (frame 9700)
[2026-04-15 15:27:17] Market cancelled: 0x51cDF1721e12DCB71b57289EA3BE4cF13699ec89 (tx: b992568099afe10baa3d03e3ce240a09ef31be8f706df0cb4d03ded29bcada39)
[2026-04-15 15:27:17] Ably publish OK: market_cancelled
[WS] Client disconnected (0 total)
[2026-04-15 15:27:18] Refunds distributed: 0x51cDF1721e12DCB71b57289EA3BE4cF13699ec89 (tx: ba495bf2f354c619779699e66d96249f6b4ba6c01e9c6782167c35e9463cfaf0)
[2026-04-15 15:27:18] Ledger POST failed (non-fatal): HTTP Error 400: Bad Request
[2026-04-15 15:27:18] New threshold: 48 (avg of [49, 48])
[2026-04-15 15:27:18] Waiting 15s before Round #13...
[Prune] Removed 6 stale IDs (frame 9800)
[STATE] betting — market=0x50B0bFC5... bet=150s count=150s round=13
[LineZone] (307,432) -> (960,432)
[Counter] Line: (579, 10) -> (701, 710)
[Prune] Removed 3 stale IDs (frame 200)
[Prune] Removed 3 stale IDs (frame 300)
[2026-04-15 15:27:33] Round #13 | Peace Bridge — USA/Canada Border | threshold=48
[Prune] Removed 4 stale IDs (frame 400)
[2026-04-15 15:27:34] Cancelling orphan market: 0x50B0bFC5a6E73C0Df52E485069D35244572f614e
[2026-04-15 15:27:37] Market cancelled: 0x50B0bFC5a6E73C0Df52E485069D35244572f614e (tx: 317c3f7ab1e2158756b2a323e892e99eaf42c7339509065564280d21fb53183f)
[Prune] Removed 11 stale IDs (frame 500)
[2026-04-15 15:27:37] Ably publish OK: market_cancelled
[2026-04-15 15:27:38] Refunds distributed: 0x50B0bFC5a6E73C0Df52E485069D35244572f614e (tx: e0a3fd9848caa961def60c2fd7c294df1bbca896f93a40ad9d50289cd28a6f15)
[2026-04-15 15:27:38] Cancelled 1 orphan market(s)
[2026-04-15 15:27:38] createMarket tx sent: 4afceebc55b55960a5a76110f303a102e26c95882d8c3446505e614dcc7c0c9b
[Prune] Removed 2 stale IDs (frame 600)
[2026-04-15 15:27:41] Market created: 0x61556c7e0714c510C9Ee168B1A7319E14186e319 (tx: 4afceebc55b55960a5a76110f303a102e26c95882d8c3446505e614dcc7c0c9b)
[2026-04-15 15:27:41] Ably publish OK: market_created
[2026-04-15 15:27:41] Counting vehicles for 150s...
[STATE] betting — market=0x61556c7e... bet=150s count=150s round=13
[LineZone] (307,432) -> (960,432)
[Counter] Line: (579, 10) -> (701, 710)
[2026-04-15 15:27:41] [StreamClient] Round 13 started on stream_server
[Prune] Removed 4 stale IDs (frame 200)
[Prune] Removed 3 stale IDs (frame 400)
[Prune] Removed 6 stale IDs (frame 500)
[Prune] Removed 4 stale IDs (frame 600)
[Prune] Removed 2 stale IDs (frame 700)
[Prune] Removed 7 stale IDs (frame 800)
[Evidence] Saved evidence/1776277661_30s.jpg (131111 bytes, sha256:6207c9af13057...)
[Prune] Removed 2 stale IDs (frame 900)
[Prune] Removed 4 stale IDs (frame 1000)
[Prune] Removed 2 stale IDs (frame 1100)
[Prune] Removed 2 stale IDs (frame 1300)
[Prune] Removed 3 stale IDs (frame 1400)
[Prune] Removed 2 stale IDs (frame 1500)
[Prune] Removed 1 stale IDs (frame 1600)
[Prune] Removed 1 stale IDs (frame 1700)
[Evidence] Saved evidence/1776277661_60s.jpg (150048 bytes, sha256:9c824d6a4d178...)
[Prune] Removed 1 stale IDs (frame 1900)
[Prune] Removed 1 stale IDs (frame 2100)
[Prune] Removed 3 stale IDs (frame 2200)
[Prune] Removed 10 stale IDs (frame 2300)
[Prune] Removed 11 stale IDs (frame 2400)
[Prune] Removed 12 stale IDs (frame 2500)
[Prune] Removed 12 stale IDs (frame 2600)
[Evidence] Saved evidence/1776277661_90s.jpg (124286 bytes, sha256:eb8a4c2d83658...)
[Prune] Removed 3 stale IDs (frame 2700)
[WS] Client connected (1 total)
[Prune] Removed 2 stale IDs (frame 2800)
[Prune] Removed 2 stale IDs (frame 2900)
[Prune] Removed 1 stale IDs (frame 3100)
[Prune] Removed 2 stale IDs (frame 3200)
[Prune] Removed 1 stale IDs (frame 3400)
[Prune] Removed 4 stale IDs (frame 3500)
[Evidence] Saved evidence/1776277661_120s.jpg (133746 bytes, sha256:308a7dbc50f7e...)
[Prune] Removed 1 stale IDs (frame 3600)
[Prune] Removed 1 stale IDs (frame 3700)
[Prune] Removed 1 stale IDs (frame 4100)
[Prune] Removed 3 stale IDs (frame 4200)
[Prune] Removed 3 stale IDs (frame 4300)
[STATE] counting — market=0x61556c7e... duration=150s round=13
[Evidence] Saved evidence/1776277661_150s.jpg (139955 bytes, sha256:1ce8940eb4276...)
[Prune] Removed 3 stale IDs (frame 4400)
[Prune] Removed 5 stale IDs (frame 4500)
[Prune] Removed 8 stale IDs (frame 4600)
[Prune] Removed 4 stale IDs (frame 4700)
[Prune] Removed 1 stale IDs (frame 4800)
[Prune] Removed 2 stale IDs (frame 5000)
[Prune] Removed 2 stale IDs (frame 5100)
[Prune] Removed 7 stale IDs (frame 5200)
[Evidence] Saved evidence/1776277661_180s.jpg (146523 bytes, sha256:352896cb69b15...)
[Prune] Removed 6 stale IDs (frame 5300)
[Prune] Removed 4 stale IDs (frame 5400)
[Prune] Removed 8 stale IDs (frame 5500)
[Prune] Removed 9 stale IDs (frame 5600)
[Prune] Removed 7 stale IDs (frame 5700)
[Prune] Removed 9 stale IDs (frame 5800)
[Prune] Removed 5 stale IDs (frame 5900)
[Prune] Removed 5 stale IDs (frame 6000)
[Prune] Removed 4 stale IDs (frame 6100)
[Evidence] Saved evidence/1776277661_210s.jpg (150251 bytes, sha256:aad7e7eb130d8...)
[Prune] Removed 15 stale IDs (frame 6200)
[Prune] Removed 5 stale IDs (frame 6300)
[Prune] Removed 4 stale IDs (frame 6400)
[Prune] Removed 2 stale IDs (frame 6500)
[Prune] Removed 2 stale IDs (frame 6600)
[Prune] Removed 2 stale IDs (frame 6700)
[Prune] Removed 2 stale IDs (frame 6800)
[Prune] Removed 8 stale IDs (frame 7000)
[Evidence] Saved evidence/1776277661_240s.jpg (157056 bytes, sha256:59e617d1a30be...)
[Prune] Removed 4 stale IDs (frame 7100)
[Prune] Removed 6 stale IDs (frame 7200)
[Prune] Removed 3 stale IDs (frame 7300)
[Prune] Removed 5 stale IDs (frame 7400)
[Prune] Removed 5 stale IDs (frame 7500)
[Prune] Removed 12 stale IDs (frame 7600)
[Prune] Removed 5 stale IDs (frame 7700)
[Prune] Removed 7 stale IDs (frame 7800)
[Prune] Removed 3 stale IDs (frame 7900)
[Evidence] Saved evidence/1776277661_270s.jpg (142270 bytes, sha256:dece81ebc892f...)
[Prune] Removed 3 stale IDs (frame 8000)
[WS] Client connected (2 total)
[WS] Client disconnected (1 total)
[Prune] Removed 4 stale IDs (frame 8200)
[Prune] Removed 4 stale IDs (frame 8300)
[Prune] Removed 6 stale IDs (frame 8400)
[WS] Client connected (2 total)
[Prune] Removed 9 stale IDs (frame 8500)
[Prune] Removed 10 stale IDs (frame 8600)
[Prune] Removed 2 stale IDs (frame 8700)
[Evidence] Saved evidence/1776277661_final.jpg (120874 bytes, sha256:13db24e18212c...)
[Evidence] Saved evidence/1776277661_final.jpg (120670 bytes, sha256:b529ee1a509b6...)
[Evidence] Saved evidence/1776277661_final.jpg (120801 bytes, sha256:ee92ad9a38537...)
[Evidence] Saved evidence/1776277661_final.jpg (120527 bytes, sha256:7acafbd976243...)
[STATE] idle — round 13 complete: 49 vehicles
[WS] Client disconnected (1 total)
[Prune] Removed 7 stale IDs (frame 8800)
[Prune] Removed 6 stale IDs (frame 8900)
[Prune] Removed 4 stale IDs (frame 9000)
[Prune] Removed 9 stale IDs (frame 9100)
[Prune] Removed 1 stale IDs (frame 9200)
[Prune] Removed 4 stale IDs (frame 9300)
[Prune] Removed 4 stale IDs (frame 9400)
[Prune] Removed 3 stale IDs (frame 9500)
[2026-04-15 15:33:11] No round_complete via WS — reading result.json fallback
[2026-04-15 15:33:11] Count complete: 49 vehicles (in=25 out=24)
[Prune] Removed 2 stale IDs (frame 9600)
[2026-04-15 15:33:13] No bets placed — cancelling market
[2026-04-15 15:33:13] cancelMarket failed for 0x61556c7e0714c510C9Ee168B1A7319E14186e319: {'code': -32000, 'message': 'replacement transaction underpriced'}
[2026-04-15 15:33:13] Ably publish OK: market_cancelled
[STATE] betting — market=0x038B6658... bet=150s count=150s round=14
[LineZone] (307,432) -> (960,432)
[Counter] Line: (579, 10) -> (701, 710)
[2026-04-15 15:33:16] Refunds distributed: 0x61556c7e0714c510C9Ee168B1A7319E14186e319 (tx: 2d0977e62d536b9d7d4371b1b566192ff6ad8aaa10f498b1afd788f59f3483f4)
[2026-04-15 15:33:16] Ledger POST failed (non-fatal): HTTP Error 400: Bad Request
[2026-04-15 15:33:16] New threshold: 48 (avg of [48, 49])
[2026-04-15 15:33:16] Waiting 15s before Round #14...
[Prune] Removed 2 stale IDs (frame 100)
[Prune] Removed 7 stale IDs (frame 200)
[Prune] Removed 4 stale IDs (frame 300)
[Prune] Removed 14 stale IDs (frame 400)
[Prune] Removed 6 stale IDs (frame 500)
[2026-04-15 15:33:31] Round #14 | Peace Bridge — USA/Canada Border | threshold=48
[2026-04-15 15:33:32] Cancelling orphan market: 0x038B66589b6848569819508bddbf4bBcC426cfd4
[2026-04-15 15:33:33] Market cancelled: 0x038B66589b6848569819508bddbf4bBcC426cfd4 (tx: 6b4d2d48038148cbd34ffb0c586bd340807659596e078856d58a39ffdd511a30)
[2026-04-15 15:33:33] Ably publish OK: market_cancelled
[2026-04-15 15:33:34] Refunds distributed: 0x038B66589b6848569819508bddbf4bBcC426cfd4 (tx: 25496053cd9e3ca7b96537655eda24c487bbfc297a6c9b6d45553f5336ff79b8)
[2026-04-15 15:33:34] Cancelled 1 orphan market(s)
[Prune] Removed 2 stale IDs (frame 600)
[2026-04-15 15:33:34] createMarket tx sent: 6123e5d861bdfe1f0e62d60716c642ca3de2dcefcd377f2e2aad1d00bfc1a2fd
[2026-04-15 15:33:37] Market created: 0xBbED61388b30875CCE3c8156D7943D6C91E39cB9 (tx: 6123e5d861bdfe1f0e62d60716c642ca3de2dcefcd377f2e2aad1d00bfc1a2fd)
[2026-04-15 15:33:37] Ably publish OK: market_created
[2026-04-15 15:33:37] Counting vehicles for 150s...
[STATE] betting — market=0xBbED6138... bet=150s count=150s round=14
[LineZone] (307,432) -> (960,432)
[Counter] Line: (579, 10) -> (701, 710)
[2026-04-15 15:33:37] [StreamClient] Round 14 started on stream_server
[Prune] Removed 3 stale IDs (frame 200)
[Prune] Removed 2 stale IDs (frame 400)
[Prune] Removed 1 stale IDs (frame 500)
[Prune] Removed 1 stale IDs (frame 700)
[Evidence] Saved evidence/1776278017_30s.jpg (166380 bytes, sha256:26654bc82addf...)
[Prune] Removed 1 stale IDs (frame 900)
[Prune] Removed 4 stale IDs (frame 1000)
[Prune] Removed 3 stale IDs (frame 1100)
[Prune] Removed 3 stale IDs (frame 1200)
[Prune] Removed 5 stale IDs (frame 1300)
[Prune] Removed 4 stale IDs (frame 1400)
[Prune] Removed 8 stale IDs (frame 1500)
[Prune] Removed 2 stale IDs (frame 1600)
[Evidence] Saved evidence/1776278017_60s.jpg (140975 bytes, sha256:9ea2ce78fd71f...)
[Prune] Removed 10 stale IDs (frame 1800)
[Prune] Removed 8 stale IDs (frame 1900)
[Prune] Removed 6 stale IDs (frame 2000)
[Prune] Removed 5 stale IDs (frame 2100)
[Prune] Removed 6 stale IDs (frame 2200)
[Prune] Removed 5 stale IDs (frame 2300)
[Prune] Removed 6 stale IDs (frame 2400)
[Prune] Removed 9 stale IDs (frame 2500)
[Prune] Removed 6 stale IDs (frame 2600)
[Evidence] Saved evidence/1776278017_90s.jpg (145133 bytes, sha256:ebd4b61796aaa...)
[Prune] Removed 8 stale IDs (frame 2700)
[Prune] Removed 6 stale IDs (frame 2800)
[Prune] Removed 9 stale IDs (frame 2900)
[Prune] Removed 5 stale IDs (frame 3000)
[Prune] Removed 7 stale IDs (frame 3100)
[Prune] Removed 6 stale IDs (frame 3200)
[Prune] Removed 3 stale IDs (frame 3300)
[Prune] Removed 2 stale IDs (frame 3400)
[Prune] Removed 3 stale IDs (frame 3500)
[Evidence] Saved evidence/1776278017_120s.jpg (152370 bytes, sha256:95177e33050e5...)
[Prune] Removed 1 stale IDs (frame 3700)
[Prune] Removed 3 stale IDs (frame 3800)
[Prune] Removed 2 stale IDs (frame 3900)
[Prune] Removed 8 stale IDs (frame 4000)
[Prune] Removed 2 stale IDs (frame 4100)
[Prune] Removed 10 stale IDs (frame 4200)
[Prune] Removed 5 stale IDs (frame 4300)
[STATE] counting — market=0xBbED6138... duration=150s round=14
[Evidence] Saved evidence/1776278017_150s.jpg (127866 bytes, sha256:1b033e7092871...)
[Prune] Removed 4 stale IDs (frame 4500)
[Prune] Removed 1 stale IDs (frame 4600)
[Prune] Removed 1 stale IDs (frame 4700)
[Prune] Removed 4 stale IDs (frame 4800)
[Prune] Removed 4 stale IDs (frame 4900)
[Prune] Removed 1 stale IDs (frame 5000)
[Prune] Removed 6 stale IDs (frame 5100)
[Prune] Removed 3 stale IDs (frame 5200)
[Evidence] Saved evidence/1776278017_180s.jpg (151860 bytes, sha256:ee52f16fdb725...)
[Prune] Removed 9 stale IDs (frame 5300)
[Prune] Removed 2 stale IDs (frame 5400)
[Prune] Removed 7 stale IDs (frame 5500)
[Prune] Removed 6 stale IDs (frame 5600)
[Prune] Removed 5 stale IDs (frame 5700)
[Prune] Removed 9 stale IDs (frame 5800)
[Prune] Removed 4 stale IDs (frame 5900)
[Prune] Removed 1 stale IDs (frame 6000)
[Evidence] Saved evidence/1776278017_210s.jpg (140076 bytes, sha256:c497182dbfa11...)
[Prune] Removed 1 stale IDs (frame 6200)
[Prune] Removed 2 stale IDs (frame 6400)
[Prune] Removed 1 stale IDs (frame 6500)
[Prune] Removed 1 stale IDs (frame 6600)
[Prune] Removed 7 stale IDs (frame 6700)
[Prune] Removed 4 stale IDs (frame 6800)
[Evidence] Saved evidence/1776278017_240s.jpg (130646 bytes, sha256:29f929f6c28a4...)
[Prune] Removed 2 stale IDs (frame 7200)
[Prune] Removed 1 stale IDs (frame 7300)
[Prune] Removed 2 stale IDs (frame 7400)
[Prune] Removed 4 stale IDs (frame 7500)
[Prune] Removed 2 stale IDs (frame 7600)
[Prune] Removed 1 stale IDs (frame 7700)
[Prune] Removed 2 stale IDs (frame 7800)
[Evidence] Saved evidence/1776278017_270s.jpg (136059 bytes, sha256:5775ed3a2e6ff...)
[Prune] Removed 2 stale IDs (frame 8000)
[Prune] Removed 4 stale IDs (frame 8100)
[Prune] Removed 7 stale IDs (frame 8200)
[Prune] Removed 3 stale IDs (frame 8300)
[Prune] Removed 4 stale IDs (frame 8400)
[Prune] Removed 4 stale IDs (frame 8500)
[Prune] Removed 5 stale IDs (frame 8600)
[Prune] Removed 2 stale IDs (frame 8700)
[Evidence] Saved evidence/1776278017_final.jpg (165482 bytes, sha256:6ee7b7d8fe419...)
[Evidence] Saved evidence/1776278017_final.jpg (165203 bytes, sha256:9f287bce82a3e...)
[Evidence] Saved evidence/1776278017_final.jpg (165243 bytes, sha256:7b5ed415d819b...)
[Evidence] Saved evidence/1776278017_final.jpg (164621 bytes, sha256:5ece73e0d3179...)
[STATE] idle — round 14 complete: 41 vehicles
[Prune] Removed 1 stale IDs (frame 8800)
[Prune] Removed 1 stale IDs (frame 8900)
[Prune] Removed 4 stale IDs (frame 9000)
[Prune] Removed 3 stale IDs (frame 9100)
[Prune] Removed 4 stale IDs (frame 9200)
[Prune] Removed 4 stale IDs (frame 9300)
[Prune] Removed 3 stale IDs (frame 9400)
[Prune] Removed 3 stale IDs (frame 9500)
[2026-04-15 15:39:07] No round_complete via WS — reading result.json fallback
[2026-04-15 15:39:07] Count complete: 41 vehicles (in=21 out=20)
[Prune] Removed 12 stale IDs (frame 9700)
[2026-04-15 15:39:09] No bets placed — cancelling market
[2026-04-15 15:39:09] cancelMarket failed for 0xBbED61388b30875CCE3c8156D7943D6C91E39cB9: {'code': -32000, 'message': 'replacement transaction underpriced'}
[2026-04-15 15:39:09] Ably publish OK: market_cancelled
[2026-04-15 15:39:10] Refunds distributed: 0xBbED61388b30875CCE3c8156D7943D6C91E39cB9 (tx: a68bb73582fcb56d1b1db2f09c48b3c5b072ee7be16cc9e590dd8dc737c77e17)
[2026-04-15 15:39:10] Ledger POST failed (non-fatal): HTTP Error 400: Bad Request
[2026-04-15 15:39:10] New threshold: 45 (avg of [49, 41])
[2026-04-15 15:39:10] Waiting 15s before Round #15...
[Prune] Removed 4 stale IDs (frame 9800)
[STATE] betting — market=0xD7C69AE1... bet=150s count=150s round=15
[LineZone] (307,432) -> (960,432)
[Counter] Line: (579, 10) -> (701, 710)
[Prune] Removed 3 stale IDs (frame 200)
[Prune] Removed 2 stale IDs (frame 300)
[2026-04-15 15:39:25] Round #15 | Peace Bridge — USA/Canada Border | threshold=45
[Prune] Removed 12 stale IDs (frame 400)
[2026-04-15 15:39:26] Cancelling orphan market: 0xD7C69AE10248566e3a7091853Ffd75E099039f29
[2026-04-15 15:39:27] Market cancelled: 0xD7C69AE10248566e3a7091853Ffd75E099039f29 (tx: 59d8f3055e252cc1e5e5b1fe08a2a632fc3df008ace4a5a1a6f0d826c409e400)
[2026-04-15 15:39:27] Ably publish OK: market_cancelled
[Prune] Removed 7 stale IDs (frame 500)
[2026-04-15 15:39:30] Refunds distributed: 0xD7C69AE10248566e3a7091853Ffd75E099039f29 (tx: 25e4c5fc644c78bd3ef690f3655a5f8fccdcc5b1a0ded081617454706c995333)
[2026-04-15 15:39:30] Cancelled 1 orphan market(s)
[2026-04-15 15:39:30] createMarket tx sent: 75ebe00a1c3230028b9616802cad5d61d8b08ef21ebb0661a3d18118918f606c
[2026-04-15 15:39:33] Market created: 0x9a1e95aa1Cc2cD828e2AA86604C925aafC17f8f4 (tx: 75ebe00a1c3230028b9616802cad5d61d8b08ef21ebb0661a3d18118918f606c)
[2026-04-15 15:39:33] Ably publish OK: market_created
[2026-04-15 15:39:33] Counting vehicles for 150s...
[STATE] betting — market=0x9a1e95aa... bet=150s count=150s round=15
[LineZone] (307,432) -> (960,432)
[Counter] Line: (579, 10) -> (701, 710)
[2026-04-15 15:39:33] [StreamClient] Round 15 started on stream_server
[Prune] Removed 2 stale IDs (frame 200)
[Prune] Removed 6 stale IDs (frame 300)
[Prune] Removed 3 stale IDs (frame 500)
[Prune] Removed 3 stale IDs (frame 600)
[Prune] Removed 1 stale IDs (frame 700)
[Evidence] Saved evidence/1776278373_30s.jpg (138486 bytes, sha256:779b1d4592592...)
[Prune] Removed 1 stale IDs (frame 900)
[Prune] Removed 2 stale IDs (frame 1000)
[Prune] Removed 2 stale IDs (frame 1100)
[Prune] Removed 1 stale IDs (frame 1300)
[Prune] Removed 1 stale IDs (frame 1400)
[Prune] Removed 7 stale IDs (frame 1500)
[Prune] Removed 5 stale IDs (frame 1600)
[Prune] Removed 3 stale IDs (frame 1700)
[Evidence] Saved evidence/1776278373_60s.jpg (130475 bytes, sha256:e0283a443a062...)
[Prune] Removed 12 stale IDs (frame 1800)
[Prune] Removed 7 stale IDs (frame 1900)
[Prune] Removed 4 stale IDs (frame 2000)
[Prune] Removed 1 stale IDs (frame 2100)
[Prune] Removed 4 stale IDs (frame 2200)
[Prune] Removed 6 stale IDs (frame 2300)
[Prune] Removed 1 stale IDs (frame 2400)
[Prune] Removed 7 stale IDs (frame 2500)
[Prune] Removed 5 stale IDs (frame 2600)
[Evidence] Saved evidence/1776278373_90s.jpg (142028 bytes, sha256:cf3cc839e1479...)
[Prune] Removed 4 stale IDs (frame 2700)
[Prune] Removed 3 stale IDs (frame 2800)
[Prune] Removed 7 stale IDs (frame 2900)
[Prune] Removed 3 stale IDs (frame 3000)
[Prune] Removed 6 stale IDs (frame 3100)
[Prune] Removed 3 stale IDs (frame 3200)
[Prune] Removed 2 stale IDs (frame 3300)
[Prune] Removed 7 stale IDs (frame 3400)
[Prune] Removed 6 stale IDs (frame 3500)
[Evidence] Saved evidence/1776278373_120s.jpg (146760 bytes, sha256:3d7ca589cef7b...)
[Prune] Removed 12 stale IDs (frame 3600)
[Prune] Removed 3 stale IDs (frame 3700)
[Prune] Removed 2 stale IDs (frame 3800)
[Prune] Removed 7 stale IDs (frame 3900)
[Prune] Removed 7 stale IDs (frame 4000)
[Prune] Removed 8 stale IDs (frame 4100)
[Prune] Removed 10 stale IDs (frame 4200)
[Prune] Removed 5 stale IDs (frame 4300)
[Prune] Removed 9 stale IDs (frame 4400)
[STATE] counting — market=0x9a1e95aa... duration=150s round=15
[Evidence] Saved evidence/1776278373_150s.jpg (123415 bytes, sha256:60d3888b45265...)
[Prune] Removed 8 stale IDs (frame 4500)
[Prune] Removed 1 stale IDs (frame 4600)
[Prune] Removed 1 stale IDs (frame 4700)
[Prune] Removed 1 stale IDs (frame 4900)
[Prune] Removed 14 stale IDs (frame 5000)
[Prune] Removed 7 stale IDs (frame 5100)
[Prune] Removed 4 stale IDs (frame 5200)
[Evidence] Saved evidence/1776278373_180s.jpg (141647 bytes, sha256:07cb3b75a93f4...)
[Prune] Removed 6 stale IDs (frame 5300)
[Prune] Removed 2 stale IDs (frame 5400)
[Prune] Removed 10 stale IDs (frame 5500)
[Prune] Removed 12 stale IDs (frame 5600)
[Prune] Removed 10 stale IDs (frame 5700)
[Prune] Removed 3 stale IDs (frame 5800)
[Prune] Removed 5 stale IDs (frame 5900)
[WS] Client disconnected (0 total)
[Evidence] Saved evidence/1776278373_210s.jpg (150960 bytes, sha256:fe2b83682db1f...)
[Prune] Removed 1 stale IDs (frame 6200)
[Prune] Removed 5 stale IDs (frame 6300)
[Prune] Removed 4 stale IDs (frame 6400)
[Prune] Removed 6 stale IDs (frame 6500)
[Prune] Removed 8 stale IDs (frame 6600)
[Prune] Removed 6 stale IDs (frame 6700)
[Prune] Removed 8 stale IDs (frame 6800)
[Prune] Removed 3 stale IDs (frame 6900)
[Prune] Removed 14 stale IDs (frame 7000)
[Evidence] Saved evidence/1776278373_240s.jpg (145852 bytes, sha256:c20c9dbea1b60...)
[Prune] Removed 6 stale IDs (frame 7100)
[Prune] Removed 3 stale IDs (frame 7200)
[Prune] Removed 1 stale IDs (frame 7400)
[Prune] Removed 6 stale IDs (frame 7500)
[Prune] Removed 1 stale IDs (frame 7600)
[Prune] Removed 1 stale IDs (frame 7800)
[Prune] Removed 1 stale IDs (frame 7900)
[Evidence] Saved evidence/1776278373_270s.jpg (133118 bytes, sha256:658bef89f4748...)
[Prune] Removed 4 stale IDs (frame 8000)
[Prune] Removed 11 stale IDs (frame 8100)
[Prune] Removed 4 stale IDs (frame 8200)
[Prune] Removed 8 stale IDs (frame 8300)
[Prune] Removed 7 stale IDs (frame 8400)
[Prune] Removed 9 stale IDs (frame 8500)
[Prune] Removed 6 stale IDs (frame 8600)
[WS] Client connected (1 total)
[Prune] Removed 5 stale IDs (frame 8700)
[Prune] Removed 4 stale IDs (frame 8800)
[Evidence] Saved evidence/1776278373_final.jpg (154115 bytes, sha256:f8b828f4a8b40...)
[Evidence] Saved evidence/1776278373_final.jpg (154071 bytes, sha256:4c052e97acc0b...)
[Evidence] Saved evidence/1776278373_final.jpg (154059 bytes, sha256:03a267948e698...)
[STATE] idle — round 15 complete: 61 vehicles
[Prune] Removed 6 stale IDs (frame 8900)
[Prune] Removed 2 stale IDs (frame 9000)
[Prune] Removed 5 stale IDs (frame 9100)
[Prune] Removed 5 stale IDs (frame 9200)
[Prune] Removed 3 stale IDs (frame 9300)
[WS] Client disconnected (0 total)
connection handler failed
Traceback (most recent call last):
  File "/home/lumen/miniconda3/lib/python3.13/asyncio/selector_events.py", line 1067, in write
    n = self._sock.send(data)
BrokenPipeError: [Errno 32] Broken pipe

The above exception was the direct cause of the following exception:

Traceback (most recent call last):
  File "/home/lumen/miniconda3/lib/python3.13/site-packages/websockets/asyncio/server.py", line 376, in conn_handler
    await self.handler(connection)
  File "/home/lumen/.gemini/antigravity/scratch/rush/oracle/stream_server.py", line 1261, in handler
    async for msg in ws:
    ...<37 lines>...
            pass
  File "/home/lumen/miniconda3/lib/python3.13/site-packages/websockets/asyncio/connection.py", line 242, in __aiter__
    yield await self.recv()
          ^^^^^^^^^^^^^^^^^
  File "/home/lumen/miniconda3/lib/python3.13/site-packages/websockets/asyncio/connection.py", line 322, in recv
    raise self.protocol.close_exc from self.recv_exc
websockets.exceptions.ConnectionClosedError: no close frame received or sent
[Prune] Removed 1 stale IDs (frame 9400)
[Prune] Removed 7 stale IDs (frame 9500)
[WS] Client connected (1 total)
[Prune] Removed 2 stale IDs (frame 9600)
[WS] Client disconnected (0 total)
[2026-04-15 15:45:03] No round_complete via WS — reading result.json fallback
[2026-04-15 15:45:03] Count complete: 61 vehicles (in=30 out=31)
[2026-04-15 15:45:05] No bets placed — cancelling market
[Prune] Removed 10 stale IDs (frame 9800)
[2026-04-15 15:45:08] Market cancelled: 0x9a1e95aa1Cc2cD828e2AA86604C925aafC17f8f4 (tx: 01b20c97299843f724cc1adf3da7d1bbac799196987e81be2fdbc98d64d25f66)
[2026-04-15 15:45:08] Ably publish OK: market_cancelled
[STATE] betting — market=0x626Dce71... bet=150s count=150s round=16
[LineZone] (307,432) -> (960,432)
[Counter] Line: (579, 10) -> (701, 710)
[2026-04-15 15:45:11] Refunds distributed: 0x9a1e95aa1Cc2cD828e2AA86604C925aafC17f8f4 (tx: d9efc10a07078742f74ab0a548aab91a3bd7034084b4783023562b7900bbc23d)
[2026-04-15 15:45:11] Ledger POST failed (non-fatal): HTTP Error 400: Bad Request
[2026-04-15 15:45:11] New threshold: 51 (avg of [41, 61])
[2026-04-15 15:45:11] Waiting 15s before Round #16...
[Prune] Removed 1 stale IDs (frame 100)
[Prune] Removed 11 stale IDs (frame 200)
[Prune] Removed 4 stale IDs (frame 300)
[Prune] Removed 3 stale IDs (frame 400)
[Prune] Removed 6 stale IDs (frame 500)
[2026-04-15 15:45:26] Round #16 | Peace Bridge — USA/Canada Border | threshold=51
[2026-04-15 15:45:26] Cancelling orphan market: 0x626Dce719cB9F1D0EF8CB0Ed11194E6405ad4809
[2026-04-15 15:45:27] Market cancelled: 0x626Dce719cB9F1D0EF8CB0Ed11194E6405ad4809 (tx: 614d5034312af86c454710cef5d16cf9de03e0227f91ab6a3e5979762e309e0e)
[2026-04-15 15:45:27] Ably publish OK: market_cancelled
[Prune] Removed 3 stale IDs (frame 600)
[2026-04-15 15:45:30] Refunds distributed: 0x626Dce719cB9F1D0EF8CB0Ed11194E6405ad4809 (tx: f8c954a8dc8d2ebfb0f4e6adff7f2c5b57dbfb631149ea628af69622f2f6a3d7)
[2026-04-15 15:45:30] Cancelled 1 orphan market(s)
[2026-04-15 15:45:31] createMarket tx sent: 957460c995f30cc7d1ae103bbc2016a3f5b0fe5603bfa6c59eae52980dcc376e
[2026-04-15 15:45:31] Market created: 0x29371C2169ce9C467a975C441b3c7F9df00C1fB0 (tx: 957460c995f30cc7d1ae103bbc2016a3f5b0fe5603bfa6c59eae52980dcc376e)
[2026-04-15 15:45:32] Ably publish OK: market_created
[2026-04-15 15:45:32] Counting vehicles for 150s...
[STATE] betting — market=0x29371C21... bet=150s count=150s round=16
[LineZone] (307,432) -> (960,432)
[Counter] Line: (579, 10) -> (701, 710)
[2026-04-15 15:45:32] [StreamClient] Round 16 started on stream_server
[Prune] Removed 1 stale IDs (frame 100)
[Prune] Removed 8 stale IDs (frame 200)
[Prune] Removed 6 stale IDs (frame 300)
[WS] Client connected (1 total)
[Prune] Removed 6 stale IDs (frame 400)
[Prune] Removed 4 stale IDs (frame 500)
[Prune] Removed 5 stale IDs (frame 600)
[Prune] Removed 3 stale IDs (frame 700)
[Prune] Removed 8 stale IDs (frame 800)
[Evidence] Saved evidence/1776278732_30s.jpg (147939 bytes, sha256:ed926940edeeb...)
[Prune] Removed 1 stale IDs (frame 900)
[Prune] Removed 2 stale IDs (frame 1000)
[WS] Client disconnected (0 total)
connection handler failed
Traceback (most recent call last):
  File "/home/lumen/miniconda3/lib/python3.13/asyncio/selector_events.py", line 1067, in write
    n = self._sock.send(data)
ConnectionResetError: [Errno 104] Connection reset by peer

The above exception was the direct cause of the following exception:

Traceback (most recent call last):
  File "/home/lumen/miniconda3/lib/python3.13/site-packages/websockets/asyncio/server.py", line 376, in conn_handler
    await self.handler(connection)
  File "/home/lumen/.gemini/antigravity/scratch/rush/oracle/stream_server.py", line 1261, in handler
    async for msg in ws:
    ...<37 lines>...
            pass
  File "/home/lumen/miniconda3/lib/python3.13/site-packages/websockets/asyncio/connection.py", line 242, in __aiter__
    yield await self.recv()
          ^^^^^^^^^^^^^^^^^
  File "/home/lumen/miniconda3/lib/python3.13/site-packages/websockets/asyncio/connection.py", line 322, in recv
    raise self.protocol.close_exc from self.recv_exc
websockets.exceptions.ConnectionClosedError: no close frame received or sent
[Prune] Removed 4 stale IDs (frame 1100)
[Prune] Removed 5 stale IDs (frame 1200)
[Prune] Removed 11 stale IDs (frame 1300)
[Prune] Removed 2 stale IDs (frame 1400)
[WS] Client connected (1 total)
[Prune] Removed 2 stale IDs (frame 1500)
[WS] Client disconnected (0 total)
[Prune] Removed 4 stale IDs (frame 1600)
[Evidence] Saved evidence/1776278732_60s.jpg (168520 bytes, sha256:91a8bfd140ef2...)
[WS] Client connected (1 total)
[Prune] Removed 2 stale IDs (frame 1700)
[Prune] Removed 2 stale IDs (frame 1800)
[Prune] Removed 1 stale IDs (frame 1900)
[Prune] Removed 3 stale IDs (frame 2000)
[Prune] Removed 3 stale IDs (frame 2100)
[Prune] Removed 4 stale IDs (frame 2200)
[Prune] Removed 15 stale IDs (frame 2300)
[Prune] Removed 1 stale IDs (frame 2400)
[Evidence] Saved evidence/1776278732_90s.jpg (148389 bytes, sha256:a813bd6ab8807...)
[Prune] Removed 5 stale IDs (frame 2500)
[WS] Client connected (1 total)
[Prune] Removed 5 stale IDs (frame 2600)
[Prune] Removed 5 stale IDs (frame 2700)
[Prune] Removed 2 stale IDs (frame 2800)
[WS] Client disconnected (0 total)
[Prune] Removed 2 stale IDs (frame 2900)
[Prune] Removed 2 stale IDs (frame 3000)
[Prune] Removed 10 stale IDs (frame 3100)
[Prune] Removed 4 stale IDs (frame 3200)
[WS] Client disconnected (0 total)
[Prune] Removed 9 stale IDs (frame 3300)
[Evidence] Saved evidence/1776278732_120s.jpg (130645 bytes, sha256:2e1abfae56de3...)
[Prune] Removed 14 stale IDs (frame 3400)
[Prune] Removed 12 stale IDs (frame 3500)
[Prune] Removed 10 stale IDs (frame 3600)
[Prune] Removed 7 stale IDs (frame 3700)
[Prune] Removed 10 stale IDs (frame 3800)
[Prune] Removed 10 stale IDs (frame 3900)
[Prune] Removed 1 stale IDs (frame 4000)
[Prune] Removed 2 stale IDs (frame 4100)
[STATE] counting — market=0x29371C21... duration=150s round=16
[Evidence] Saved evidence/1776278732_150s.jpg (136035 bytes, sha256:082331cfa5021...)
[Prune] Removed 2 stale IDs (frame 4200)
[Prune] Removed 7 stale IDs (frame 4300)
[WS] Client connected (1 total)
[Prune] Removed 3 stale IDs (frame 4400)
[Prune] Removed 5 stale IDs (frame 4500)
[Prune] Removed 1 stale IDs (frame 4600)
[Prune] Removed 2 stale IDs (frame 4700)
[Prune] Removed 2 stale IDs (frame 4800)
[Prune] Removed 4 stale IDs (frame 4900)
[WS] Client connected (2 total)
[Prune] Removed 3 stale IDs (frame 5000)
[Evidence] Saved evidence/1776278732_180s.jpg (148552 bytes, sha256:4d3f4bd1e7e43...)
[Prune] Removed 7 stale IDs (frame 5200)
[Prune] Removed 2 stale IDs (frame 5300)
[Prune] Removed 3 stale IDs (frame 5400)
[Prune] Removed 4 stale IDs (frame 5500)
[WS] Client connected (3 total)
[WS] Client disconnected (2 total)
[Prune] Removed 9 stale IDs (frame 5600)
[Prune] Removed 4 stale IDs (frame 5700)
[Prune] Removed 4 stale IDs (frame 5800)
[Prune] Removed 1 stale IDs (frame 5900)
[Evidence] Saved evidence/1776278732_210s.jpg (141733 bytes, sha256:2ac4436d27eec...)
[WS] Client disconnected (1 total)
connection handler failed
Traceback (most recent call last):
  File "/home/lumen/miniconda3/lib/python3.13/asyncio/selector_events.py", line 1067, in write
    n = self._sock.send(data)
BrokenPipeError: [Errno 32] Broken pipe

The above exception was the direct cause of the following exception:

Traceback (most recent call last):
  File "/home/lumen/miniconda3/lib/python3.13/site-packages/websockets/asyncio/server.py", line 376, in conn_handler
    await self.handler(connection)
  File "/home/lumen/.gemini/antigravity/scratch/rush/oracle/stream_server.py", line 1261, in handler
    async for msg in ws:
    ...<37 lines>...
            pass
  File "/home/lumen/miniconda3/lib/python3.13/site-packages/websockets/asyncio/connection.py", line 242, in __aiter__
    yield await self.recv()
          ^^^^^^^^^^^^^^^^^
  File "/home/lumen/miniconda3/lib/python3.13/site-packages/websockets/asyncio/connection.py", line 322, in recv
    raise self.protocol.close_exc from self.recv_exc
websockets.exceptions.ConnectionClosedError: no close frame received or sent
[Prune] Removed 4 stale IDs (frame 6000)
[Prune] Removed 4 stale IDs (frame 6100)
[Prune] Removed 6 stale IDs (frame 6200)
[Prune] Removed 4 stale IDs (frame 6300)
[Prune] Removed 3 stale IDs (frame 6500)
[Prune] Removed 1 stale IDs (frame 6600)
[Prune] Removed 1 stale IDs (frame 6700)
[Evidence] Saved evidence/1776278732_240s.jpg (159377 bytes, sha256:43d1e2a5bdae9...)
[Prune] Removed 9 stale IDs (frame 6900)
[Prune] Removed 11 stale IDs (frame 7000)
[WS] Client disconnected (0 total)
connection handler failed
Traceback (most recent call last):
  File "/home/lumen/miniconda3/lib/python3.13/asyncio/selector_events.py", line 1067, in write
    n = self._sock.send(data)
BrokenPipeError: [Errno 32] Broken pipe

The above exception was the direct cause of the following exception:

Traceback (most recent call last):
  File "/home/lumen/miniconda3/lib/python3.13/site-packages/websockets/asyncio/server.py", line 376, in conn_handler
    await self.handler(connection)
  File "/home/lumen/.gemini/antigravity/scratch/rush/oracle/stream_server.py", line 1261, in handler
    async for msg in ws:
    ...<37 lines>...
            pass
  File "/home/lumen/miniconda3/lib/python3.13/site-packages/websockets/asyncio/connection.py", line 242, in __aiter__
    yield await self.recv()
          ^^^^^^^^^^^^^^^^^
  File "/home/lumen/miniconda3/lib/python3.13/site-packages/websockets/asyncio/connection.py", line 322, in recv
    raise self.protocol.close_exc from self.recv_exc
websockets.exceptions.ConnectionClosedError: no close frame received or sent
[Prune] Removed 4 stale IDs (frame 7100)
[Prune] Removed 2 stale IDs (frame 7200)
[Prune] Removed 6 stale IDs (frame 7300)
[Prune] Removed 4 stale IDs (frame 7400)
[Prune] Removed 9 stale IDs (frame 7500)
[Prune] Removed 9 stale IDs (frame 7600)
[Evidence] Saved evidence/1776278732_270s.jpg (145875 bytes, sha256:892a173afb8e2...)
[Prune] Removed 15 stale IDs (frame 7700)
[Prune] Removed 3 stale IDs (frame 7800)
[Prune] Removed 6 stale IDs (frame 7900)
[Prune] Removed 7 stale IDs (frame 8000)
[Prune] Removed 1 stale IDs (frame 8100)
[Prune] Removed 5 stale IDs (frame 8200)
[Prune] Removed 5 stale IDs (frame 8300)
[Prune] Removed 2 stale IDs (frame 8400)
[Prune] Removed 5 stale IDs (frame 8500)
[Evidence] Saved evidence/1776278732_final.jpg (174095 bytes, sha256:9d6d0464e9646...)
[Evidence] Saved evidence/1776278732_final.jpg (174112 bytes, sha256:396bac17e9b38...)
[Evidence] Saved evidence/1776278732_final.jpg (173318 bytes, sha256:83c00eb44c350...)
[STATE] idle — round 16 complete: 60 vehicles
[Prune] Removed 3 stale IDs (frame 8700)
[Prune] Removed 6 stale IDs (frame 8900)
[WS] Client disconnected (0 total)
[Prune] Removed 2 stale IDs (frame 9000)
[Prune] Removed 1 stale IDs (frame 9100)
[Prune] Removed 1 stale IDs (frame 9400)
[2026-04-15 15:51:02] No round_complete via WS — reading result.json fallback
[2026-04-15 15:51:02] Count complete: 60 vehicles (in=37 out=23)
[2026-04-15 15:51:03] No bets placed — cancelling market
[2026-04-15 15:51:04] cancelMarket failed for 0x29371C2169ce9C467a975C441b3c7F9df00C1fB0: {'code': -32000, 'message': 'replacement transaction underpriced'}
[2026-04-15 15:51:04] Ably publish OK: market_cancelled
[Prune] Removed 5 stale IDs (frame 9500)
[STATE] betting — market=0xC986306b... bet=150s count=150s round=17
[LineZone] (307,432) -> (960,432)
[Counter] Line: (579, 10) -> (701, 710)
[2026-04-15 15:51:05] Refunds distributed: 0x29371C2169ce9C467a975C441b3c7F9df00C1fB0 (tx: 721f26725d075c91f34455da762478bf6178292acf21476c1191a045b6a1610f)
[2026-04-15 15:51:05] Ledger POST failed (non-fatal): HTTP Error 400: Bad Request
[2026-04-15 15:51:05] New threshold: 60 (avg of [61, 60])
[2026-04-15 15:51:05] Waiting 15s before Round #17...
[Prune] Removed 4 stale IDs (frame 200)
[Prune] Removed 3 stale IDs (frame 300)
[Prune] Removed 7 stale IDs (frame 400)
[2026-04-15 15:51:20] Round #17 | Peace Bridge — USA/Canada Border | threshold=60
[2026-04-15 15:51:20] Cancelling orphan market: 0xC986306b279DCF697528955Fc40c1A644f6C5556
[2026-04-15 15:51:23] Market cancelled: 0xC986306b279DCF697528955Fc40c1A644f6C5556 (tx: e7d17be82788b4df079de6c8d2bce14e3230f2d66730838b0068c7ee9b4e835f)
[2026-04-15 15:51:24] Ably publish OK: market_cancelled
[Prune] Removed 6 stale IDs (frame 600)
[2026-04-15 15:51:26] Refunds distributed: 0xC986306b279DCF697528955Fc40c1A644f6C5556 (tx: 0dbc3f715c1e6305166a3eba4d03e201e31f46011dffa89ce83dcd78df5bf0be)
[2026-04-15 15:51:26] Cancelled 1 orphan market(s)
[2026-04-15 15:51:27] createMarket tx sent: 53e42c17661d2b1d184a06303f826a43b1deb1df59e650724499c8285e1090a8
[2026-04-15 15:51:27] Market created: 0x51d3cF0F85cB02f22F26422F5b1583601C2aBD63 (tx: 53e42c17661d2b1d184a06303f826a43b1deb1df59e650724499c8285e1090a8)
[2026-04-15 15:51:28] Ably publish OK: market_created
[2026-04-15 15:51:28] Counting vehicles for 150s...
[STATE] betting — market=0x51d3cF0F... bet=150s count=150s round=17
[LineZone] (307,432) -> (960,432)
[Counter] Line: (579, 10) -> (701, 710)
[2026-04-15 15:51:28] [StreamClient] Round 17 started on stream_server
[Prune] Removed 10 stale IDs (frame 200)
[Prune] Removed 5 stale IDs (frame 300)
[Prune] Removed 3 stale IDs (frame 400)
[Prune] Removed 8 stale IDs (frame 500)
[Prune] Removed 1 stale IDs (frame 600)
[Prune] Removed 9 stale IDs (frame 700)
[Prune] Removed 1 stale IDs (frame 800)
[Evidence] Saved evidence/1776279088_30s.jpg (151904 bytes, sha256:6d39edac6b1cc...)
[Prune] Removed 6 stale IDs (frame 900)
[Prune] Removed 4 stale IDs (frame 1000)
[Prune] Removed 7 stale IDs (frame 1100)
[Prune] Removed 8 stale IDs (frame 1200)
[Prune] Removed 3 stale IDs (frame 1300)
[Prune] Removed 2 stale IDs (frame 1400)
[Prune] Removed 1 stale IDs (frame 1500)
[Prune] Removed 2 stale IDs (frame 1700)
[Evidence] Saved evidence/1776279088_60s.jpg (161836 bytes, sha256:abc4feab4ab59...)
[Prune] Removed 6 stale IDs (frame 2000)
[Prune] Removed 1 stale IDs (frame 2100)
[Prune] Removed 5 stale IDs (frame 2200)
[Prune] Removed 9 stale IDs (frame 2300)
[Prune] Removed 11 stale IDs (frame 2400)
[Prune] Removed 7 stale IDs (frame 2500)
[Prune] Removed 7 stale IDs (frame 2600)
[Evidence] Saved evidence/1776279088_90s.jpg (150323 bytes, sha256:4a65bc51489c4...)
[Prune] Removed 2 stale IDs (frame 2900)
[Prune] Removed 1 stale IDs (frame 3100)
[Prune] Removed 4 stale IDs (frame 3200)
[Prune] Removed 1 stale IDs (frame 3300)
[Prune] Removed 3 stale IDs (frame 3400)
[Evidence] Saved evidence/1776279088_120s.jpg (153445 bytes, sha256:3f1cb2ba8d538...)
[Prune] Removed 2 stale IDs (frame 3600)
[Prune] Removed 5 stale IDs (frame 3700)
[Prune] Removed 3 stale IDs (frame 3800)
[Prune] Removed 2 stale IDs (frame 3900)
[Prune] Removed 3 stale IDs (frame 4000)
[Prune] Removed 1 stale IDs (frame 4100)
[Prune] Removed 1 stale IDs (frame 4300)
[STATE] counting — market=0x51d3cF0F... duration=150s round=17
[Evidence] Saved evidence/1776279088_150s.jpg (162499 bytes, sha256:624b567bf7380...)
[Prune] Removed 4 stale IDs (frame 4400)
[Prune] Removed 6 stale IDs (frame 4500)
[Prune] Removed 10 stale IDs (frame 4600)
[Prune] Removed 5 stale IDs (frame 4700)
[WS] Client connected (1 total)
[Prune] Removed 4 stale IDs (frame 4800)
[Prune] Removed 6 stale IDs (frame 4900)
[Prune] Removed 2 stale IDs (frame 5000)
[Prune] Removed 1 stale IDs (frame 5100)
[Prune] Removed 8 stale IDs (frame 5200)
[Evidence] Saved evidence/1776279088_180s.jpg (145138 bytes, sha256:e9c9120e123dd...)
[Prune] Removed 1 stale IDs (frame 5300)
[Prune] Removed 3 stale IDs (frame 5400)
[Prune] Removed 4 stale IDs (frame 5500)
[Prune] Removed 3 stale IDs (frame 5700)
[Prune] Removed 6 stale IDs (frame 5800)
[WS] Client disconnected (0 total)
[Prune] Removed 2 stale IDs (frame 5900)
[Prune] Removed 4 stale IDs (frame 6000)
[Prune] Removed 5 stale IDs (frame 6100)
[Evidence] Saved evidence/1776279088_210s.jpg (157214 bytes, sha256:bc0e2cce08f90...)
[Prune] Removed 5 stale IDs (frame 6200)
[WS] Client connected (1 total)
[Prune] Removed 11 stale IDs (frame 6300)
[Prune] Removed 6 stale IDs (frame 6400)
[Prune] Removed 3 stale IDs (frame 6500)
[Prune] Removed 1 stale IDs (frame 6700)
[Prune] Removed 2 stale IDs (frame 6800)
[Evidence] Saved evidence/1776279088_240s.jpg (133795 bytes, sha256:e2ca707b09837...)
[Prune] Removed 3 stale IDs (frame 7000)
[Prune] Removed 6 stale IDs (frame 7100)
[Prune] Removed 1 stale IDs (frame 7200)
[Prune] Removed 5 stale IDs (frame 7300)
[Prune] Removed 4 stale IDs (frame 7400)
[Prune] Removed 3 stale IDs (frame 7500)
[Prune] Removed 5 stale IDs (frame 7600)
[Prune] Removed 2 stale IDs (frame 7700)
[Prune] Removed 5 stale IDs (frame 7800)
[Evidence] Saved evidence/1776279088_270s.jpg (158391 bytes, sha256:1c7614ca23074...)
[Prune] Removed 3 stale IDs (frame 7900)
[Prune] Removed 2 stale IDs (frame 8000)
[Prune] Removed 2 stale IDs (frame 8100)
[Prune] Removed 6 stale IDs (frame 8200)
[Prune] Removed 3 stale IDs (frame 8300)
[Prune] Removed 2 stale IDs (frame 8400)
[Prune] Removed 3 stale IDs (frame 8500)
[Prune] Removed 3 stale IDs (frame 8600)
[Prune] Removed 11 stale IDs (frame 8700)
[Evidence] Saved evidence/1776279088_final.jpg (153411 bytes, sha256:d1b552f212e4a...)
[Evidence] Saved evidence/1776279088_final.jpg (153017 bytes, sha256:096b5aa50b27e...)
[Evidence] Saved evidence/1776279088_final.jpg (152706 bytes, sha256:34f7ab0571baf...)
[STATE] idle — round 17 complete: 64 vehicles
[Prune] Removed 9 stale IDs (frame 8800)
[Prune] Removed 7 stale IDs (frame 8900)
[Prune] Removed 3 stale IDs (frame 9000)
[Prune] Removed 1 stale IDs (frame 9100)
[Prune] Removed 1 stale IDs (frame 9300)
[Prune] Removed 2 stale IDs (frame 9500)
[Prune] Removed 3 stale IDs (frame 9600)
[2026-04-15 15:56:58] No round_complete via WS — reading result.json fallback
[2026-04-15 15:56:58] Count complete: 64 vehicles (in=30 out=34)
[2026-04-15 15:56:59] No bets placed — cancelling market
[2026-04-15 15:57:00] Market cancelled: 0x51d3cF0F85cB02f22F26422F5b1583601C2aBD63 (tx: c687199e84b89f3fdb497f12e4671be1b385a1e6e2840a74a4894d1cc6cce9b0)
[2026-04-15 15:57:00] Ably publish OK: market_cancelled
[Prune] Removed 1 stale IDs (frame 9700)
[2026-04-15 15:57:01] Refunds distributed: 0x51d3cF0F85cB02f22F26422F5b1583601C2aBD63 (tx: acae44083c583fb0870dab7bda72d1e8b1ec65afd7d0391e981cf1ca8b768df8)
[2026-04-15 15:57:02] Ledger POST failed (non-fatal): HTTP Error 400: Bad Request
[2026-04-15 15:57:02] New threshold: 62 (avg of [60, 64])
[2026-04-15 15:57:02] Waiting 15s before Round #18...
[Prune] Removed 1 stale IDs (frame 9800)
[STATE] betting — market=0xE0089738... bet=150s count=150s round=18
[LineZone] (307,432) -> (960,432)
[Counter] Line: (579, 10) -> (701, 710)
[2026-04-15 15:57:17] Round #18 | Peace Bridge — USA/Canada Border | threshold=62
[Prune] Removed 3 stale IDs (frame 300)
[2026-04-15 15:57:17] Cancelling orphan market: 0xE0089738C76BbcC21683CaF59eA4Fd3c6fa616Fc
[2026-04-15 15:57:18] Market cancelled: 0xE0089738C76BbcC21683CaF59eA4Fd3c6fa616Fc (tx: bcf2b8d5956a492f81be41dae8f7965531e98162f5f30b91f5a73b494f802258)
[2026-04-15 15:57:18] Ably publish OK: market_cancelled
[2026-04-15 15:57:19] Refunds distributed: 0xE0089738C76BbcC21683CaF59eA4Fd3c6fa616Fc (tx: 8bcbd598bb12bc2cbc2b6fc68ec8f0f57c650c1b4f78cde175570391473da96e)
[2026-04-15 15:57:19] Cancelled 1 orphan market(s)
[2026-04-15 15:57:19] createMarket tx sent: c5e078d89ce47c4b7c60ac0512cf53cb3c5f115aa136ccfb178af42cca9f7553
[Prune] Removed 9 stale IDs (frame 400)
[2026-04-15 15:57:22] Market created: 0x3a4c3155bDBF2200049808Ba435F84e6Da54380A (tx: c5e078d89ce47c4b7c60ac0512cf53cb3c5f115aa136ccfb178af42cca9f7553)
[2026-04-15 15:57:22] Ably publish OK: market_created
[2026-04-15 15:57:22] Counting vehicles for 150s...
[STATE] betting — market=0x3a4c3155... bet=150s count=150s round=18
[LineZone] (307,432) -> (960,432)
[Counter] Line: (579, 10) -> (701, 710)
[2026-04-15 15:57:22] [StreamClient] Round 18 started on stream_server
[Prune] Removed 4 stale IDs (frame 200)
[Prune] Removed 8 stale IDs (frame 300)
[Prune] Removed 5 stale IDs (frame 500)
[Prune] Removed 2 stale IDs (frame 600)
[Prune] Removed 7 stale IDs (frame 700)
[Prune] Removed 7 stale IDs (frame 800)
[Evidence] Saved evidence/1776279442_30s.jpg (151012 bytes, sha256:77d4330ea0cec...)
[Prune] Removed 1 stale IDs (frame 900)
[Prune] Removed 5 stale IDs (frame 1000)
[Prune] Removed 3 stale IDs (frame 1100)
[Prune] Removed 2 stale IDs (frame 1200)
[Prune] Removed 5 stale IDs (frame 1300)
[Prune] Removed 1 stale IDs (frame 1600)
[Prune] Removed 9 stale IDs (frame 1700)
[Evidence] Saved evidence/1776279442_60s.jpg (154603 bytes, sha256:c23e373c4922c...)
[Prune] Removed 5 stale IDs (frame 1800)
[Prune] Removed 4 stale IDs (frame 1900)
[Prune] Removed 3 stale IDs (frame 2000)
[Prune] Removed 3 stale IDs (frame 2100)
[Prune] Removed 9 stale IDs (frame 2200)
[Prune] Removed 13 stale IDs (frame 2300)
[Prune] Removed 5 stale IDs (frame 2400)
[Prune] Removed 3 stale IDs (frame 2500)
[Prune] Removed 5 stale IDs (frame 2600)
[Evidence] Saved evidence/1776279442_90s.jpg (148960 bytes, sha256:bb3e87d1e90fc...)
[Prune] Removed 5 stale IDs (frame 2700)
[WS] Client connected (2 total)
[Prune] Removed 7 stale IDs (frame 2800)
[Prune] Removed 5 stale IDs (frame 2900)
[Prune] Removed 4 stale IDs (frame 3000)
[Prune] Removed 4 stale IDs (frame 3100)
[Prune] Removed 6 stale IDs (frame 3200)
[Prune] Removed 9 stale IDs (frame 3300)
[Prune] Removed 6 stale IDs (frame 3400)
[Prune] Removed 1 stale IDs (frame 3500)
[Evidence] Saved evidence/1776279442_120s.jpg (142627 bytes, sha256:8751066d8c43c...)
[Prune] Removed 4 stale IDs (frame 3600)
[Prune] Removed 7 stale IDs (frame 3700)
[Prune] Removed 1 stale IDs (frame 3800)
[Prune] Removed 5 stale IDs (frame 3900)
[Prune] Removed 5 stale IDs (frame 4000)
[WS] Client disconnected (1 total)
connection handler failed
Traceback (most recent call last):
  File "/home/lumen/miniconda3/lib/python3.13/asyncio/selector_events.py", line 1067, in write
    n = self._sock.send(data)
BrokenPipeError: [Errno 32] Broken pipe

The above exception was the direct cause of the following exception:

Traceback (most recent call last):
  File "/home/lumen/miniconda3/lib/python3.13/site-packages/websockets/asyncio/server.py", line 376, in conn_handler
    await self.handler(connection)
  File "/home/lumen/.gemini/antigravity/scratch/rush/oracle/stream_server.py", line 1261, in handler
    async for msg in ws:
    ...<37 lines>...
            pass
  File "/home/lumen/miniconda3/lib/python3.13/site-packages/websockets/asyncio/connection.py", line 242, in __aiter__
    yield await self.recv()
          ^^^^^^^^^^^^^^^^^
  File "/home/lumen/miniconda3/lib/python3.13/site-packages/websockets/asyncio/connection.py", line 322, in recv
    raise self.protocol.close_exc from self.recv_exc
websockets.exceptions.ConnectionClosedError: no close frame received or sent
[WS] Client connected (2 total)
[Prune] Removed 5 stale IDs (frame 4100)
[Prune] Removed 2 stale IDs (frame 4200)
[Prune] Removed 1 stale IDs (frame 4300)
[STATE] counting — market=0x3a4c3155... duration=150s round=18
[Evidence] Saved evidence/1776279442_150s.jpg (162872 bytes, sha256:47de1180a1371...)
[Prune] Removed 2 stale IDs (frame 4500)
[Prune] Removed 1 stale IDs (frame 4600)
[Prune] Removed 2 stale IDs (frame 4700)
[Prune] Removed 3 stale IDs (frame 4800)
[Prune] Removed 4 stale IDs (frame 4900)
[Prune] Removed 2 stale IDs (frame 5000)
[Prune] Removed 1 stale IDs (frame 5100)
[Prune] Removed 1 stale IDs (frame 5200)
[Evidence] Saved evidence/1776279442_180s.jpg (170559 bytes, sha256:5e6aaeae2eaa0...)
[Prune] Removed 1 stale IDs (frame 5300)
[Prune] Removed 2 stale IDs (frame 5400)
[Prune] Removed 1 stale IDs (frame 5500)
[Prune] Removed 1 stale IDs (frame 5600)
[Prune] Removed 2 stale IDs (frame 5700)
[Prune] Removed 4 stale IDs (frame 5800)
[Prune] Removed 7 stale IDs (frame 5900)
[Prune] Removed 5 stale IDs (frame 6000)
[Prune] Removed 1 stale IDs (frame 6100)
[Evidence] Saved evidence/1776279442_210s.jpg (158709 bytes, sha256:1cdb08a8bfdc5...)
[Prune] Removed 4 stale IDs (frame 6200)
[Prune] Removed 1 stale IDs (frame 6300)
[Prune] Removed 2 stale IDs (frame 6400)
[Prune] Removed 6 stale IDs (frame 6700)
[WS] Client connected (2 total)
[Prune] Removed 3 stale IDs (frame 6800)
[Prune] Removed 2 stale IDs (frame 6900)
[Prune] Removed 2 stale IDs (frame 7000)
[WS] Client disconnected (1 total)
connection handler failed
Traceback (most recent call last):
  File "/home/lumen/miniconda3/lib/python3.13/asyncio/selector_events.py", line 1067, in write
    n = self._sock.send(data)
BrokenPipeError: [Errno 32] Broken pipe

The above exception was the direct cause of the following exception:

Traceback (most recent call last):
  File "/home/lumen/miniconda3/lib/python3.13/site-packages/websockets/asyncio/server.py", line 376, in conn_handler
    await self.handler(connection)
  File "/home/lumen/.gemini/antigravity/scratch/rush/oracle/stream_server.py", line 1261, in handler
    async for msg in ws:
    ...<37 lines>...
            pass
  File "/home/lumen/miniconda3/lib/python3.13/site-packages/websockets/asyncio/connection.py", line 242, in __aiter__
    yield await self.recv()
          ^^^^^^^^^^^^^^^^^
  File "/home/lumen/miniconda3/lib/python3.13/site-packages/websockets/asyncio/connection.py", line 322, in recv
    raise self.protocol.close_exc from self.recv_exc
websockets.exceptions.ConnectionClosedError: no close frame received or sent
[Evidence] Saved evidence/1776279442_240s.jpg (161716 bytes, sha256:becafdc7d211d...)
[Prune] Removed 5 stale IDs (frame 7100)
[Prune] Removed 6 stale IDs (frame 7200)
[Prune] Removed 8 stale IDs (frame 7300)
[Prune] Removed 6 stale IDs (frame 7400)
[Prune] Removed 4 stale IDs (frame 7500)
[Prune] Removed 4 stale IDs (frame 7700)
[Prune] Removed 4 stale IDs (frame 7800)
[Evidence] Saved evidence/1776279442_270s.jpg (152975 bytes, sha256:71ed3a1388818...)
[Prune] Removed 1 stale IDs (frame 8100)
[Prune] Removed 3 stale IDs (frame 8200)
[Prune] Removed 5 stale IDs (frame 8300)
[Prune] Removed 4 stale IDs (frame 8400)
[Prune] Removed 6 stale IDs (frame 8500)
[Prune] Removed 5 stale IDs (frame 8600)
[WS] Client connected (2 total)
[Prune] Removed 2 stale IDs (frame 8700)
[WS] Client disconnected (1 total)
connection handler failed
Traceback (most recent call last):
  File "/home/lumen/miniconda3/lib/python3.13/asyncio/selector_events.py", line 1067, in write
    n = self._sock.send(data)
ConnectionResetError: [Errno 104] Connection reset by peer

The above exception was the direct cause of the following exception:

Traceback (most recent call last):
  File "/home/lumen/miniconda3/lib/python3.13/site-packages/websockets/asyncio/server.py", line 376, in conn_handler
    await self.handler(connection)
  File "/home/lumen/.gemini/antigravity/scratch/rush/oracle/stream_server.py", line 1261, in handler
    async for msg in ws:
    ...<37 lines>...
            pass
  File "/home/lumen/miniconda3/lib/python3.13/site-packages/websockets/asyncio/connection.py", line 242, in __aiter__
    yield await self.recv()
          ^^^^^^^^^^^^^^^^^
  File "/home/lumen/miniconda3/lib/python3.13/site-packages/websockets/asyncio/connection.py", line 322, in recv
    raise self.protocol.close_exc from self.recv_exc
websockets.exceptions.ConnectionClosedError: no close frame received or sent
[Evidence] Saved evidence/1776279442_final.jpg (139151 bytes, sha256:2910cbd82cf59...)
[Evidence] Saved evidence/1776279442_final.jpg (138780 bytes, sha256:1363689be61d7...)
[Evidence] Saved evidence/1776279442_final.jpg (138763 bytes, sha256:750e86d72c400...)
[STATE] idle — round 18 complete: 56 vehicles
[Prune] Removed 5 stale IDs (frame 8800)
[Prune] Removed 3 stale IDs (frame 8900)
[Prune] Removed 2 stale IDs (frame 9000)
[Prune] Removed 10 stale IDs (frame 9100)
[Prune] Removed 5 stale IDs (frame 9200)
[Prune] Removed 6 stale IDs (frame 9300)
[Prune] Removed 1 stale IDs (frame 9500)
[2026-04-15 16:02:52] No round_complete via WS — reading result.json fallback
[2026-04-15 16:02:52] Count complete: 56 vehicles (in=28 out=28)
[2026-04-15 16:02:54] No bets placed — cancelling market
[Prune] Removed 1 stale IDs (frame 9700)
[2026-04-15 16:02:57] Market cancelled: 0x3a4c3155bDBF2200049808Ba435F84e6Da54380A (tx: fc7a675ab3dd442de90c55924faa874cfe83a3d95b47a248ccc8213021c4394c)
[2026-04-15 16:02:57] Ably publish OK: market_cancelled
[Prune] Removed 4 stale IDs (frame 9800)
[2026-04-15 16:02:58] Refunds distributed: 0x3a4c3155bDBF2200049808Ba435F84e6Da54380A (tx: 880569c3f729e89d4e5ea2d7b487808c42b57a5fb6fb9df71df3eb4329f288b5)
[2026-04-15 16:02:58] Ledger POST failed (non-fatal): HTTP Error 400: Bad Request
[2026-04-15 16:02:58] New threshold: 60 (avg of [64, 56])
[2026-04-15 16:02:58] Waiting 15s before Round #19...
[Prune] Removed 3 stale IDs (frame 9900)
[STATE] betting — market=0x49fBE79e... bet=150s count=150s round=19
[LineZone] (307,432) -> (960,432)
[Counter] Line: (579, 10) -> (701, 710)
[Prune] Removed 3 stale IDs (frame 200)
[2026-04-15 16:03:13] Round #19 | Peace Bridge — USA/Canada Border | threshold=60
[2026-04-15 16:03:15] Cancelling orphan market: 0x49fBE79eDeD092786581D0Ad708131147f8c1E98
[2026-04-15 16:03:16] Market cancelled: 0x49fBE79eDeD092786581D0Ad708131147f8c1E98 (tx: cc6176102af50f66d9f71b3787224dc98d369deb14733cf028ba4a1ef238d0dc)
[2026-04-15 16:03:16] Ably publish OK: market_cancelled
[Prune] Removed 4 stale IDs (frame 400)
[2026-04-15 16:03:20] Refunds distributed: 0x49fBE79eDeD092786581D0Ad708131147f8c1E98 (tx: 9be1badda47fe7102d192d0bda59cdf0a938a7c8350ee386d7cad5252630b361)
[2026-04-15 16:03:20] Cancelled 1 orphan market(s)
[Prune] Removed 9 stale IDs (frame 500)
[2026-04-15 16:03:21] createMarket tx sent: 4a483cd2a94b0e7973c907e131d851fc15e83b6206d1cdc19074b7611cb6b919
[2026-04-15 16:03:23] Market created: 0x069887709BDAA6215C3Db3240fa0AFa8c68F477D (tx: 4a483cd2a94b0e7973c907e131d851fc15e83b6206d1cdc19074b7611cb6b919)
[Prune] Removed 2 stale IDs (frame 600)
[2026-04-15 16:03:24] Ably publish OK: market_created
[2026-04-15 16:03:24] Counting vehicles for 150s...
[STATE] betting — market=0x06988770... bet=150s count=150s round=19
[LineZone] (307,432) -> (960,432)
[Counter] Line: (579, 10) -> (701, 710)
[2026-04-15 16:03:24] [StreamClient] Round 19 started on stream_server
[Prune] Removed 1 stale IDs (frame 100)
[Prune] Removed 2 stale IDs (frame 200)
[Prune] Removed 2 stale IDs (frame 300)
[Prune] Removed 4 stale IDs (frame 400)
[Prune] Removed 9 stale IDs (frame 500)
[Prune] Removed 13 stale IDs (frame 600)
[Prune] Removed 8 stale IDs (frame 700)
[Prune] Removed 2 stale IDs (frame 800)
[Evidence] Saved evidence/1776279804_30s.jpg (144720 bytes, sha256:dba6a3beea88b...)
[Prune] Removed 5 stale IDs (frame 900)
[Prune] Removed 1 stale IDs (frame 1000)
[Prune] Removed 3 stale IDs (frame 1300)
[Prune] Removed 8 stale IDs (frame 1400)
[Prune] Removed 5 stale IDs (frame 1500)
[Prune] Removed 9 stale IDs (frame 1600)
[Prune] Removed 13 stale IDs (frame 1700)
[Evidence] Saved evidence/1776279804_60s.jpg (155412 bytes, sha256:0d4bd63c6d865...)
[Prune] Removed 2 stale IDs (frame 1800)
[Prune] Removed 3 stale IDs (frame 1900)
[Prune] Removed 2 stale IDs (frame 2000)
[Prune] Removed 5 stale IDs (frame 2100)
[Prune] Removed 2 stale IDs (frame 2200)
[Prune] Removed 8 stale IDs (frame 2300)
[Prune] Removed 9 stale IDs (frame 2400)
[Prune] Removed 19 stale IDs (frame 2500)
[Prune] Removed 9 stale IDs (frame 2600)
[Evidence] Saved evidence/1776279804_90s.jpg (158982 bytes, sha256:3f0cfdf77b727...)
[Prune] Removed 6 stale IDs (frame 2700)
[Prune] Removed 12 stale IDs (frame 2800)
[Prune] Removed 7 stale IDs (frame 2900)
[Prune] Removed 2 stale IDs (frame 3000)
[Prune] Removed 4 stale IDs (frame 3100)
[Prune] Removed 4 stale IDs (frame 3300)
[Prune] Removed 4 stale IDs (frame 3400)
[Prune] Removed 7 stale IDs (frame 3500)
[Evidence] Saved evidence/1776279804_120s.jpg (164196 bytes, sha256:c849b760e2db0...)
[Prune] Removed 7 stale IDs (frame 3600)
[Prune] Removed 5 stale IDs (frame 3700)
[Prune] Removed 2 stale IDs (frame 3800)
[Prune] Removed 7 stale IDs (frame 3900)
[Prune] Removed 2 stale IDs (frame 4000)
[Prune] Removed 1 stale IDs (frame 4400)
[STATE] counting — market=0x06988770... duration=150s round=19
[Evidence] Saved evidence/1776279804_150s.jpg (150044 bytes, sha256:3ca2610e566db...)
[Prune] Removed 1 stale IDs (frame 4500)
[Prune] Removed 2 stale IDs (frame 4600)
[Prune] Removed 7 stale IDs (frame 4700)
[Prune] Removed 5 stale IDs (frame 4800)
[Prune] Removed 3 stale IDs (frame 4900)
[Prune] Removed 1 stale IDs (frame 5100)
[Evidence] Saved evidence/1776279804_180s.jpg (149446 bytes, sha256:beaf14f91861b...)
[Prune] Removed 1 stale IDs (frame 5300)
[Prune] Removed 13 stale IDs (frame 5500)
[Prune] Removed 2 stale IDs (frame 5600)
[Prune] Removed 3 stale IDs (frame 5700)
[Prune] Removed 7 stale IDs (frame 5800)
[Prune] Removed 3 stale IDs (frame 5900)
[Prune] Removed 2 stale IDs (frame 6000)
[Prune] Removed 6 stale IDs (frame 6100)
[Evidence] Saved evidence/1776279804_210s.jpg (152659 bytes, sha256:f2b74d70e2083...)
[Prune] Removed 8 stale IDs (frame 6200)
[Prune] Removed 3 stale IDs (frame 6300)
[Prune] Removed 1 stale IDs (frame 6400)
[Prune] Removed 2 stale IDs (frame 6600)
[Prune] Removed 4 stale IDs (frame 6700)
[Prune] Removed 6 stale IDs (frame 6800)
[Prune] Removed 9 stale IDs (frame 6900)
[Prune] Removed 6 stale IDs (frame 7000)
[Evidence] Saved evidence/1776279804_240s.jpg (147080 bytes, sha256:bad4d263a7ef9...)
[Prune] Removed 7 stale IDs (frame 7100)
[Prune] Removed 2 stale IDs (frame 7300)
[Prune] Removed 1 stale IDs (frame 7400)
[Prune] Removed 2 stale IDs (frame 7500)
[Prune] Removed 10 stale IDs (frame 7600)
[Prune] Removed 1 stale IDs (frame 7700)
[Prune] Removed 4 stale IDs (frame 7800)
[Prune] Removed 3 stale IDs (frame 7900)
[Evidence] Saved evidence/1776279804_270s.jpg (148031 bytes, sha256:b5464ba2275b1...)
[Prune] Removed 3 stale IDs (frame 8000)
[Prune] Removed 6 stale IDs (frame 8100)
[Prune] Removed 5 stale IDs (frame 8200)
[Prune] Removed 7 stale IDs (frame 8300)
[Prune] Removed 1 stale IDs (frame 8500)
[Prune] Removed 9 stale IDs (frame 8600)
[Prune] Removed 12 stale IDs (frame 8700)
[Prune] Removed 5 stale IDs (frame 8800)
[Evidence] Saved evidence/1776279804_final.jpg (155891 bytes, sha256:b6f5bf2282630...)
[Evidence] Saved evidence/1776279804_final.jpg (155863 bytes, sha256:36cfce48dd878...)
[Evidence] Saved evidence/1776279804_final.jpg (154979 bytes, sha256:a1d50f7f16173...)
[STATE] idle — round 19 complete: 64 vehicles
[Prune] Removed 12 stale IDs (frame 8900)
[Prune] Removed 10 stale IDs (frame 9000)
[Prune] Removed 4 stale IDs (frame 9100)
[Prune] Removed 6 stale IDs (frame 9200)
[Prune] Removed 2 stale IDs (frame 9300)
[Prune] Removed 1 stale IDs (frame 9500)
[Prune] Removed 1 stale IDs (frame 9600)
[2026-04-15 16:08:54] No round_complete via WS — reading result.json fallback
[2026-04-15 16:08:54] Count complete: 64 vehicles (in=36 out=28)
[Prune] Removed 1 stale IDs (frame 9700)
[2026-04-15 16:08:55] No bets placed — cancelling market
[2026-04-15 16:08:56] Market cancelled: 0x069887709BDAA6215C3Db3240fa0AFa8c68F477D (tx: 4f1c18db96a42bc8afb27d83d59702db3f3bcca009bcef30739bd366cc69a19d)
[2026-04-15 16:08:56] Ably publish OK: market_cancelled
[2026-04-15 16:08:57] Refunds distributed: 0x069887709BDAA6215C3Db3240fa0AFa8c68F477D (tx: d2125edfe7a182287a2c8d8a40949650088800ab07a60e8a20745cbdf855f39f)
[2026-04-15 16:08:57] Ledger POST failed (non-fatal): HTTP Error 400: Bad Request
[2026-04-15 16:08:57] New threshold: 60 (avg of [56, 64])
[2026-04-15 16:08:57] Waiting 15s before Round #20...
[Prune] Removed 1 stale IDs (frame 9800)
[Prune] Removed 5 stale IDs (frame 9900)
[STATE] betting — market=0x4EA6d917... bet=150s count=150s round=20
[LineZone] (307,432) -> (960,432)
[Counter] Line: (579, 10) -> (701, 710)
[Prune] Removed 3 stale IDs (frame 200)
[Prune] Removed 1 stale IDs (frame 300)
[2026-04-15 16:09:12] Round #20 | Peace Bridge — USA/Canada Border | threshold=60
[2026-04-15 16:09:13] Cancelling orphan market: 0x4EA6d9176BEb8422d4e622BaaAA34CaC1DdC27f7
[Prune] Removed 4 stale IDs (frame 400)
[2026-04-15 16:09:16] Market cancelled: 0x4EA6d9176BEb8422d4e622BaaAA34CaC1DdC27f7 (tx: 3d590600ef34a55e1419b848e232ab768bc7243ce8c09895b46741919e62ea38)
[2026-04-15 16:09:16] Ably publish OK: market_cancelled
[2026-04-15 16:09:19] Refunds distributed: 0x4EA6d9176BEb8422d4e622BaaAA34CaC1DdC27f7 (tx: 51ea7105e3dc9507475a2c730500ba0742a047544fbd1770c6a6d21ceef567ec)
[2026-04-15 16:09:19] Cancelled 1 orphan market(s)
[Prune] Removed 6 stale IDs (frame 500)
[2026-04-15 16:09:19] createMarket tx sent: a5e2bfb639232915327ff203314c6a5f2a805f7f0e1ba53b298bd363ccb8aef8
[2026-04-15 16:09:22] Market created: 0xe5be99Fb703FD075f12B83c6c03868E3b29D536e (tx: a5e2bfb639232915327ff203314c6a5f2a805f7f0e1ba53b298bd363ccb8aef8)
[Prune] Removed 13 stale IDs (frame 600)
[2026-04-15 16:09:22] Ably publish OK: market_created
[2026-04-15 16:09:22] Counting vehicles for 150s...
[STATE] betting — market=0xe5be99Fb... bet=150s count=150s round=20
[LineZone] (307,432) -> (960,432)
[Counter] Line: (579, 10) -> (701, 710)
[2026-04-15 16:09:22] [StreamClient] Round 20 started on stream_server
[Prune] Removed 1 stale IDs (frame 100)
[Prune] Removed 5 stale IDs (frame 200)
[Prune] Removed 4 stale IDs (frame 300)
[Prune] Removed 2 stale IDs (frame 400)
[Prune] Removed 3 stale IDs (frame 500)
[Prune] Removed 6 stale IDs (frame 600)
[Prune] Removed 4 stale IDs (frame 700)
[Prune] Removed 8 stale IDs (frame 800)
[Evidence] Saved evidence/1776280162_30s.jpg (147626 bytes, sha256:3b33c7e5b7af7...)
[Prune] Removed 9 stale IDs (frame 900)
[Prune] Removed 8 stale IDs (frame 1000)
[Prune] Removed 5 stale IDs (frame 1100)
[Prune] Removed 7 stale IDs (frame 1200)
[Prune] Removed 2 stale IDs (frame 1300)
[Prune] Removed 4 stale IDs (frame 1400)
[Prune] Removed 3 stale IDs (frame 1500)
[Prune] Removed 5 stale IDs (frame 1600)
[Prune] Removed 5 stale IDs (frame 1700)
[Evidence] Saved evidence/1776280162_60s.jpg (152630 bytes, sha256:47c4712ce18df...)
[Prune] Removed 7 stale IDs (frame 1800)
[Prune] Removed 3 stale IDs (frame 1900)
[Prune] Removed 1 stale IDs (frame 2000)
[Prune] Removed 3 stale IDs (frame 2100)
[Prune] Removed 4 stale IDs (frame 2200)
[Prune] Removed 9 stale IDs (frame 2300)
[Prune] Removed 9 stale IDs (frame 2400)
[Prune] Removed 7 stale IDs (frame 2500)
[Prune] Removed 4 stale IDs (frame 2600)
[Evidence] Saved evidence/1776280162_90s.jpg (140129 bytes, sha256:ffc994593381c...)
[Prune] Removed 6 stale IDs (frame 2700)
[Prune] Removed 6 stale IDs (frame 2800)
[Prune] Removed 4 stale IDs (frame 2900)
[Prune] Removed 3 stale IDs (frame 3300)
[WS] Client disconnected (1 total)
[Evidence] Saved evidence/1776280162_120s.jpg (153111 bytes, sha256:5bde5596088a9...)
[Prune] Removed 2 stale IDs (frame 3600)
[Prune] Removed 5 stale IDs (frame 3700)
[Prune] Removed 2 stale IDs (frame 3800)
[Prune] Removed 5 stale IDs (frame 3900)
[Prune] Removed 14 stale IDs (frame 4000)
[Prune] Removed 3 stale IDs (frame 4100)
[Prune] Removed 5 stale IDs (frame 4200)
[Prune] Removed 7 stale IDs (frame 4300)
[Prune] Removed 5 stale IDs (frame 4400)
[STATE] counting — market=0xe5be99Fb... duration=150s round=20
[Evidence] Saved evidence/1776280162_150s.jpg (151335 bytes, sha256:f8dfa791878ee...)
[Prune] Removed 6 stale IDs (frame 4500)
[Prune] Removed 5 stale IDs (frame 4600)
[Prune] Removed 2 stale IDs (frame 4800)
[Prune] Removed 3 stale IDs (frame 5100)
[Prune] Removed 1 stale IDs (frame 5200)
[Evidence] Saved evidence/1776280162_180s.jpg (163453 bytes, sha256:6407998988351...)
[Prune] Removed 2 stale IDs (frame 5300)
[Prune] Removed 2 stale IDs (frame 5400)
[Prune] Removed 4 stale IDs (frame 5500)
[Prune] Removed 6 stale IDs (frame 5600)
[Prune] Removed 7 stale IDs (frame 5700)
[Prune] Removed 4 stale IDs (frame 5800)
[Prune] Removed 3 stale IDs (frame 5900)
[Prune] Removed 7 stale IDs (frame 6000)
[Prune] Removed 5 stale IDs (frame 6100)
[Evidence] Saved evidence/1776280162_210s.jpg (146835 bytes, sha256:4e44cb066b288...)
[Prune] Removed 6 stale IDs (frame 6200)
[Prune] Removed 5 stale IDs (frame 6300)
[Prune] Removed 16 stale IDs (frame 6400)
[Prune] Removed 6 stale IDs (frame 6500)
[Prune] Removed 1 stale IDs (frame 6600)
[Prune] Removed 5 stale IDs (frame 6900)
[Prune] Removed 7 stale IDs (frame 7000)
[Evidence] Saved evidence/1776280162_240s.jpg (166803 bytes, sha256:efe5e7e9bd4b5...)
[Prune] Removed 5 stale IDs (frame 7200)
[Prune] Removed 3 stale IDs (frame 7300)
[Prune] Removed 3 stale IDs (frame 7400)
[Prune] Removed 2 stale IDs (frame 7500)
[Prune] Removed 6 stale IDs (frame 7600)
[Prune] Removed 9 stale IDs (frame 7700)
[Prune] Removed 8 stale IDs (frame 7800)
[Prune] Removed 4 stale IDs (frame 7900)
[Evidence] Saved evidence/1776280162_270s.jpg (153827 bytes, sha256:6786f06867e8b...)
[Prune] Removed 1 stale IDs (frame 8100)
[Prune] Removed 3 stale IDs (frame 8200)
[Prune] Removed 7 stale IDs (frame 8300)
[Prune] Removed 6 stale IDs (frame 8400)
[Prune] Removed 7 stale IDs (frame 8500)
[Prune] Removed 12 stale IDs (frame 8600)
[Prune] Removed 9 stale IDs (frame 8700)
[Prune] Removed 7 stale IDs (frame 8800)
[Evidence] Saved evidence/1776280162_final.jpg (157488 bytes, sha256:356902b4214cf...)
[Evidence] Saved evidence/1776280162_final.jpg (156752 bytes, sha256:1f48da26a0374...)
[Evidence] Saved evidence/1776280162_final.jpg (158071 bytes, sha256:dccb94ed6d395...)
[STATE] idle — round 20 complete: 55 vehicles
[Prune] Removed 2 stale IDs (frame 8900)
[Prune] Removed 12 stale IDs (frame 9000)
[Prune] Removed 1 stale IDs (frame 9100)
[Prune] Removed 5 stale IDs (frame 9200)
[Prune] Removed 7 stale IDs (frame 9300)
[Prune] Removed 1 stale IDs (frame 9400)
[Prune] Removed 1 stale IDs (frame 9500)
[Prune] Removed 2 stale IDs (frame 9600)
[WS] Client connected (2 total)
[2026-04-15 16:14:52] No round_complete via WS — reading result.json fallback
[2026-04-15 16:14:52] Count complete: 55 vehicles (in=25 out=30)
[Prune] Removed 3 stale IDs (frame 9700)
[2026-04-15 16:14:54] No bets placed — cancelling market
[Prune] Removed 3 stale IDs (frame 9800)
[2026-04-15 16:14:56] Market cancelled: 0xe5be99Fb703FD075f12B83c6c03868E3b29D536e (tx: b82426f8c85fbc1d50ff5503fe78146e0f4c5a8b72ae7b2d6b2cab8265dd6139)
[2026-04-15 16:14:57] Ably publish OK: market_cancelled
[2026-04-15 16:15:00] Refunds distributed: 0xe5be99Fb703FD075f12B83c6c03868E3b29D536e (tx: adf39d6450fc0f15e165258cc96b037f8f95f3222454e7344a6baa307406e93b)
[Prune] Removed 1 stale IDs (frame 9900)
[2026-04-15 16:15:00] Ledger POST failed (non-fatal): HTTP Error 400: Bad Request
[2026-04-15 16:15:00] New threshold: 59 (avg of [64, 55])
[2026-04-15 16:15:00] Waiting 15s before Round #21...
[STATE] betting — market=0xd775687F... bet=150s count=150s round=21
[LineZone] (307,432) -> (960,432)
[Counter] Line: (579, 10) -> (701, 710)
[Prune] Removed 2 stale IDs (frame 200)
[Prune] Removed 8 stale IDs (frame 300)
[2026-04-15 16:15:15] Round #21 | Peace Bridge — USA/Canada Border | threshold=59
[Prune] Removed 8 stale IDs (frame 400)
[2026-04-15 16:15:15] Cancelling orphan market: 0xd775687F8c8b8C1A34CAF479Bf376e1fa0b15149
[2026-04-15 16:15:18] Market cancelled: 0xd775687F8c8b8C1A34CAF479Bf376e1fa0b15149 (tx: c47c7f0ac65c9c7347f4b95dc08d4612072a400428ddb36179989946865be3a2)
[2026-04-15 16:15:18] Ably publish OK: market_cancelled
[Prune] Removed 5 stale IDs (frame 500)
[2026-04-15 16:15:19] Refunds distributed: 0xd775687F8c8b8C1A34CAF479Bf376e1fa0b15149 (tx: dc3f553c663f1b282f1c9f1d6450399bc0705c38221abdaa9ddb180b38dc8647)
[2026-04-15 16:15:19] Cancelled 1 orphan market(s)
[2026-04-15 16:15:20] createMarket tx sent: 007337ca8cdd0985d5857d1e0cb6b44fff004b3e1cacd8ca8a660052f8d07ba8
[2026-04-15 16:15:20] Market created: 0xc12C3372F753f50d6486cA7e97a47D23e372d054 (tx: 007337ca8cdd0985d5857d1e0cb6b44fff004b3e1cacd8ca8a660052f8d07ba8)
[2026-04-15 16:15:21] Ably publish OK: market_created
[2026-04-15 16:15:21] Counting vehicles for 150s...
[STATE] betting — market=0xc12C3372... bet=150s count=150s round=21
[LineZone] (307,432) -> (960,432)
[Counter] Line: (579, 10) -> (701, 710)
[2026-04-15 16:15:21] [StreamClient] Round 21 started on stream_server
[Prune] Removed 7 stale IDs (frame 200)
[Prune] Removed 7 stale IDs (frame 300)
[Prune] Removed 5 stale IDs (frame 400)
[Prune] Removed 4 stale IDs (frame 500)
[Prune] Removed 1 stale IDs (frame 600)
[Prune] Removed 3 stale IDs (frame 700)
[Prune] Removed 2 stale IDs (frame 800)
[Evidence] Saved evidence/1776280521_30s.jpg (163529 bytes, sha256:3e8ec1313baa9...)
[Prune] Removed 1 stale IDs (frame 900)
[Prune] Removed 3 stale IDs (frame 1100)
[Prune] Removed 1 stale IDs (frame 1200)
[Prune] Removed 4 stale IDs (frame 1300)
[Prune] Removed 8 stale IDs (frame 1400)
[Prune] Removed 13 stale IDs (frame 1500)
[Prune] Removed 11 stale IDs (frame 1600)
[Prune] Removed 5 stale IDs (frame 1700)
[Evidence] Saved evidence/1776280521_60s.jpg (138928 bytes, sha256:948873a3b453f...)
[Prune] Removed 2 stale IDs (frame 1800)
[Prune] Removed 3 stale IDs (frame 1900)
[Prune] Removed 3 stale IDs (frame 2000)
[Prune] Removed 6 stale IDs (frame 2300)
[Prune] Removed 2 stale IDs (frame 2400)
[Prune] Removed 5 stale IDs (frame 2600)
[Evidence] Saved evidence/1776280521_90s.jpg (147328 bytes, sha256:f0568b27e6ec6...)
[Prune] Removed 7 stale IDs (frame 2700)
[Prune] Removed 8 stale IDs (frame 2800)
[Prune] Removed 5 stale IDs (frame 2900)
[Prune] Removed 4 stale IDs (frame 3000)
[Prune] Removed 1 stale IDs (frame 3100)
[Prune] Removed 7 stale IDs (frame 3200)
[Prune] Removed 7 stale IDs (frame 3300)
[Prune] Removed 4 stale IDs (frame 3500)
[Evidence] Saved evidence/1776280521_120s.jpg (169959 bytes, sha256:ebce2b3612f52...)
[Prune] Removed 1 stale IDs (frame 3600)
[Prune] Removed 1 stale IDs (frame 3700)
[Prune] Removed 1 stale IDs (frame 3800)
[Prune] Removed 12 stale IDs (frame 3900)
[Prune] Removed 5 stale IDs (frame 4000)
[Prune] Removed 1 stale IDs (frame 4200)
[Prune] Removed 6 stale IDs (frame 4300)
[STATE] counting — market=0xc12C3372... duration=150s round=21
[Prune] Removed 8 stale IDs (frame 4400)
[Evidence] Saved evidence/1776280521_150s.jpg (133520 bytes, sha256:9576f0f4f327f...)
[Prune] Removed 9 stale IDs (frame 4500)
[Prune] Removed 12 stale IDs (frame 4600)
[Prune] Removed 9 stale IDs (frame 4700)
[Prune] Removed 4 stale IDs (frame 4800)
[Prune] Removed 8 stale IDs (frame 4900)
[Prune] Removed 8 stale IDs (frame 5000)
[Prune] Removed 3 stale IDs (frame 5100)
[Prune] Removed 3 stale IDs (frame 5200)
[Evidence] Saved evidence/1776280521_180s.jpg (145665 bytes, sha256:f5a4c6410f43c...)
[Prune] Removed 12 stale IDs (frame 5300)
[Prune] Removed 5 stale IDs (frame 5400)
[Prune] Removed 5 stale IDs (frame 5500)
[Prune] Removed 18 stale IDs (frame 5600)
[Prune] Removed 4 stale IDs (frame 5700)
[Prune] Removed 2 stale IDs (frame 5800)
[Prune] Removed 1 stale IDs (frame 5900)
[Prune] Removed 3 stale IDs (frame 6000)
[Prune] Removed 10 stale IDs (frame 6100)
[Evidence] Saved evidence/1776280521_210s.jpg (125283 bytes, sha256:7a756f8eb4d8c...)
[Prune] Removed 10 stale IDs (frame 6200)
[Prune] Removed 10 stale IDs (frame 6300)
[Prune] Removed 2 stale IDs (frame 6400)
[Prune] Removed 9 stale IDs (frame 6500)
[Prune] Removed 7 stale IDs (frame 6600)
[Prune] Removed 4 stale IDs (frame 6700)
[Prune] Removed 3 stale IDs (frame 6800)
[Prune] Removed 1 stale IDs (frame 6900)
[Prune] Removed 3 stale IDs (frame 7000)
[Evidence] Saved evidence/1776280521_240s.jpg (134432 bytes, sha256:243e0201f6d04...)
[Prune] Removed 7 stale IDs (frame 7100)
[Prune] Removed 7 stale IDs (frame 7200)
[Prune] Removed 3 stale IDs (frame 7300)
[Prune] Removed 5 stale IDs (frame 7400)
[Prune] Removed 4 stale IDs (frame 7500)
[Prune] Removed 4 stale IDs (frame 7600)
[Prune] Removed 4 stale IDs (frame 7700)
[Prune] Removed 2 stale IDs (frame 7800)
[Prune] Removed 6 stale IDs (frame 7900)
[Evidence] Saved evidence/1776280521_270s.jpg (154772 bytes, sha256:a538d0a57a135...)
[Prune] Removed 4 stale IDs (frame 8000)
[Prune] Removed 6 stale IDs (frame 8100)
[Prune] Removed 3 stale IDs (frame 8200)
[Prune] Removed 5 stale IDs (frame 8300)
[Prune] Removed 1 stale IDs (frame 8400)
[Prune] Removed 2 stale IDs (frame 8500)
[Prune] Removed 1 stale IDs (frame 8700)
[Evidence] Saved evidence/1776280521_final.jpg (166834 bytes, sha256:6da4c6729fb46...)
[Evidence] Saved evidence/1776280521_final.jpg (166738 bytes, sha256:2c86367d90626...)
[Evidence] Saved evidence/1776280521_final.jpg (166750 bytes, sha256:41ad70b4b9d64...)
[Evidence] Saved evidence/1776280521_final.jpg (166399 bytes, sha256:866804ccc28cc...)
[STATE] idle — round 21 complete: 58 vehicles
[Prune] Removed 2 stale IDs (frame 8900)
[Prune] Removed 4 stale IDs (frame 9000)
[Prune] Removed 2 stale IDs (frame 9100)
[Prune] Removed 3 stale IDs (frame 9200)
[Prune] Removed 8 stale IDs (frame 9300)
[Prune] Removed 5 stale IDs (frame 9400)
[Prune] Removed 2 stale IDs (frame 9500)
[Prune] Removed 3 stale IDs (frame 9600)
[Prune] Removed 2 stale IDs (frame 9700)
[2026-04-15 16:20:51] No round_complete via WS — reading result.json fallback
[2026-04-15 16:20:51] Count complete: 58 vehicles (in=29 out=29)
[2026-04-15 16:20:52] No bets placed — cancelling market
[2026-04-15 16:20:53] Market cancelled: 0xc12C3372F753f50d6486cA7e97a47D23e372d054 (tx: d66448a60d2e194896f4ffbf44a640e5ed9e29796283e3af98a7d4125fd51954)
[2026-04-15 16:20:53] Ably publish OK: market_cancelled
[2026-04-15 16:20:56] Refunds distributed: 0xc12C3372F753f50d6486cA7e97a47D23e372d054 (tx: ff2a0e60639b87563cbf14c24ad5f356c82302e7a43f5b1bb84d9dfecb2990b8)
[2026-04-15 16:20:56] Ledger POST failed (non-fatal): HTTP Error 400: Bad Request
[2026-04-15 16:20:56] New threshold: 56 (avg of [55, 58])
[2026-04-15 16:20:56] Waiting 15s before Round #22...
[Prune] Removed 6 stale IDs (frame 9900)
[STATE] betting — market=0xB02E3853... bet=150s count=150s round=22
[LineZone] (307,432) -> (960,432)
[Counter] Line: (579, 10) -> (701, 710)
[Prune] Removed 7 stale IDs (frame 200)
[Prune] Removed 5 stale IDs (frame 300)
[2026-04-15 16:21:11] Round #22 | Peace Bridge — USA/Canada Border | threshold=56
[Prune] Removed 14 stale IDs (frame 400)
[2026-04-15 16:21:12] Cancelling orphan market: 0xB02E3853227be4Ad4b703Dfd47C1AF2BB1Bb0824
[2026-04-15 16:21:15] Market cancelled: 0xB02E3853227be4Ad4b703Dfd47C1AF2BB1Bb0824 (tx: a0abe6f9c4c3a303642684ce1168220ea95321f3ffead8c0247e2ee3c25e5989)
[Prune] Removed 10 stale IDs (frame 500)
[2026-04-15 16:21:15] Ably publish OK: market_cancelled
[2026-04-15 16:21:16] Refunds distributed: 0xB02E3853227be4Ad4b703Dfd47C1AF2BB1Bb0824 (tx: 4c1abaa99df3bd1c5ddffb153c836bee0a98b035fca7aee3dda66c0c6ffea84b)
[2026-04-15 16:21:16] Cancelled 1 orphan market(s)
[2026-04-15 16:21:16] createMarket tx sent: 210394746aaaaa4057556751d380fefc1028a3835ab57bf2ed2c65e63988de25
[Prune] Removed 9 stale IDs (frame 600)
[2026-04-15 16:21:19] Market created: 0x510dc04c287aAdfFfCc23923C0a2551608E5ae48 (tx: 210394746aaaaa4057556751d380fefc1028a3835ab57bf2ed2c65e63988de25)
[2026-04-15 16:21:19] Ably publish OK: market_created
[2026-04-15 16:21:19] Counting vehicles for 150s...
[STATE] betting — market=0x510dc04c... bet=150s count=150s round=22
[LineZone] (307,432) -> (960,432)
[Counter] Line: (579, 10) -> (701, 710)
[2026-04-15 16:21:19] [StreamClient] Round 22 started on stream_server
[Prune] Removed 5 stale IDs (frame 200)
[Prune] Removed 12 stale IDs (frame 300)
[Prune] Removed 9 stale IDs (frame 400)
[Prune] Removed 4 stale IDs (frame 500)
[Prune] Removed 4 stale IDs (frame 600)
[Prune] Removed 6 stale IDs (frame 700)
[Prune] Removed 4 stale IDs (frame 800)
[Evidence] Saved evidence/1776280879_30s.jpg (154873 bytes, sha256:e6083fc17747c...)
[Prune] Removed 5 stale IDs (frame 900)
[Prune] Removed 2 stale IDs (frame 1000)
[Prune] Removed 2 stale IDs (frame 1100)
[Prune] Removed 2 stale IDs (frame 1300)
[Prune] Removed 2 stale IDs (frame 1400)
[Prune] Removed 10 stale IDs (frame 1500)
[Prune] Removed 10 stale IDs (frame 1600)
[Prune] Removed 3 stale IDs (frame 1700)
[Evidence] Saved evidence/1776280879_60s.jpg (153097 bytes, sha256:84c4c6798fa2c...)
[Prune] Removed 4 stale IDs (frame 1800)
[Prune] Removed 6 stale IDs (frame 1900)
[Prune] Removed 9 stale IDs (frame 2000)
[Prune] Removed 9 stale IDs (frame 2100)
[Prune] Removed 11 stale IDs (frame 2200)
[Prune] Removed 3 stale IDs (frame 2300)
[Prune] Removed 12 stale IDs (frame 2400)
[Prune] Removed 9 stale IDs (frame 2500)
[Prune] Removed 4 stale IDs (frame 2600)
[Evidence] Saved evidence/1776280879_90s.jpg (149283 bytes, sha256:40886dff0c3f3...)
[Prune] Removed 4 stale IDs (frame 2700)
[Prune] Removed 2 stale IDs (frame 2900)
[Prune] Removed 1 stale IDs (frame 3000)
[Prune] Removed 2 stale IDs (frame 3100)
[Prune] Removed 1 stale IDs (frame 3200)
[Prune] Removed 4 stale IDs (frame 3300)
[Prune] Removed 5 stale IDs (frame 3500)
[Evidence] Saved evidence/1776280879_120s.jpg (160788 bytes, sha256:6c08498c7bfce...)
[Prune] Removed 13 stale IDs (frame 3600)
[Prune] Removed 13 stale IDs (frame 3700)
[Prune] Removed 5 stale IDs (frame 3800)
[Prune] Removed 10 stale IDs (frame 3900)
[Prune] Removed 5 stale IDs (frame 4000)
[Prune] Removed 4 stale IDs (frame 4100)
[Prune] Removed 10 stale IDs (frame 4200)
[Prune] Removed 5 stale IDs (frame 4300)
[Prune] Removed 1 stale IDs (frame 4400)
[STATE] counting — market=0x510dc04c... duration=150s round=22
[Evidence] Saved evidence/1776280879_150s.jpg (141775 bytes, sha256:87dd9e4a248b2...)
[Prune] Removed 1 stale IDs (frame 4500)
[Prune] Removed 7 stale IDs (frame 4800)
[Prune] Removed 5 stale IDs (frame 4900)
[Prune] Removed 6 stale IDs (frame 5000)
[Prune] Removed 9 stale IDs (frame 5100)
[Prune] Removed 1 stale IDs (frame 5200)
[Evidence] Saved evidence/1776280879_180s.jpg (178499 bytes, sha256:68eeb17bd4441...)
[Prune] Removed 1 stale IDs (frame 5300)
[Prune] Removed 3 stale IDs (frame 5400)
[Prune] Removed 3 stale IDs (frame 5500)
[Prune] Removed 4 stale IDs (frame 5600)
[Prune] Removed 4 stale IDs (frame 5700)
[Prune] Removed 2 stale IDs (frame 5900)
[Prune] Removed 5 stale IDs (frame 6000)
[Prune] Removed 2 stale IDs (frame 6100)
[Evidence] Saved evidence/1776280879_210s.jpg (151691 bytes, sha256:944762e5d070d...)
[Prune] Removed 6 stale IDs (frame 6200)
[Prune] Removed 2 stale IDs (frame 6300)
[Prune] Removed 7 stale IDs (frame 6400)
[Prune] Removed 12 stale IDs (frame 6500)
[Prune] Removed 6 stale IDs (frame 6600)
[Prune] Removed 5 stale IDs (frame 6700)
[Prune] Removed 7 stale IDs (frame 6800)
[Prune] Removed 9 stale IDs (frame 6900)
[Prune] Removed 2 stale IDs (frame 7000)
[Evidence] Saved evidence/1776280879_240s.jpg (152980 bytes, sha256:c602b53eb6331...)
[Prune] Removed 3 stale IDs (frame 7100)
[Prune] Removed 2 stale IDs (frame 7200)
[Prune] Removed 2 stale IDs (frame 7300)
[Prune] Removed 7 stale IDs (frame 7400)
[Prune] Removed 3 stale IDs (frame 7500)
[Prune] Removed 4 stale IDs (frame 7600)
[Prune] Removed 4 stale IDs (frame 7700)
[Prune] Removed 6 stale IDs (frame 7800)
[Evidence] Saved evidence/1776280879_270s.jpg (154561 bytes, sha256:957928cf3cbcc...)
[Prune] Removed 13 stale IDs (frame 7900)
[Prune] Removed 18 stale IDs (frame 8000)
[Prune] Removed 6 stale IDs (frame 8100)
[Prune] Removed 4 stale IDs (frame 8300)
[Prune] Removed 8 stale IDs (frame 8400)
[Prune] Removed 7 stale IDs (frame 8500)
[Prune] Removed 7 stale IDs (frame 8600)
[Prune] Removed 13 stale IDs (frame 8700)
[Evidence] Saved evidence/1776280879_final.jpg (144007 bytes, sha256:adba1a4c93b50...)
[Evidence] Saved evidence/1776280879_final.jpg (143788 bytes, sha256:574a84ddebc87...)
[Evidence] Saved evidence/1776280879_final.jpg (140532 bytes, sha256:85716f10dda82...)
[STATE] idle — round 22 complete: 56 vehicles
[Prune] Removed 7 stale IDs (frame 8800)
[Prune] Removed 3 stale IDs (frame 8900)
[Prune] Removed 5 stale IDs (frame 9000)
[Prune] Removed 2 stale IDs (frame 9100)
[Prune] Removed 5 stale IDs (frame 9300)
[Prune] Removed 4 stale IDs (frame 9400)
[Prune] Removed 3 stale IDs (frame 9500)
[Prune] Removed 7 stale IDs (frame 9600)
[2026-04-15 16:26:49] No round_complete via WS — reading result.json fallback
[2026-04-15 16:26:49] Count complete: 56 vehicles (in=26 out=30)
[2026-04-15 16:26:51] No bets placed — cancelling market
[2026-04-15 16:26:51] Market cancelled: 0x510dc04c287aAdfFfCc23923C0a2551608E5ae48 (tx: 4c7747da41bd927f9154184f889fedf82e525b5ef29688f689eea322423bd086)
[Prune] Removed 1 stale IDs (frame 9700)
[2026-04-15 16:26:51] Ably publish OK: market_cancelled
[2026-04-15 16:26:52] Refunds distributed: 0x510dc04c287aAdfFfCc23923C0a2551608E5ae48 (tx: c8b47a47126b9f33a1ae5fe740ad1c561aefe8dc4544f9814027c7e19d6734b7)
[2026-04-15 16:26:52] Ledger POST failed (non-fatal): HTTP Error 400: Bad Request
[2026-04-15 16:26:52] New threshold: 57 (avg of [58, 56])
[2026-04-15 16:26:52] Waiting 15s before Round #23...
[STATE] betting — market=0x704C4b17... bet=150s count=150s round=23
[LineZone] (307,432) -> (960,432)
[Counter] Line: (579, 10) -> (701, 710)
[Prune] Removed 6 stale IDs (frame 200)
[Prune] Removed 9 stale IDs (frame 300)
[2026-04-15 16:27:07] Round #23 | Peace Bridge — USA/Canada Border | threshold=57
[Prune] Removed 1 stale IDs (frame 400)
[2026-04-15 16:27:08] Cancelling orphan market: 0x704C4b17713AA16E020F3ECBb2741641B0Af9fA4
[2026-04-15 16:27:11] Market cancelled: 0x704C4b17713AA16E020F3ECBb2741641B0Af9fA4 (tx: 99b3d24f35d3e31ec4b44cb789135cba824b48350c2e8d3feaeddf83dcee7b84)
[2026-04-15 16:27:11] Ably publish OK: market_cancelled
[Prune] Removed 4 stale IDs (frame 500)
[2026-04-15 16:27:14] Refunds distributed: 0x704C4b17713AA16E020F3ECBb2741641B0Af9fA4 (tx: e6c2973323df6dd5f685ef5b5f98469dfe25b40f98dbf9fab58f598425aea9b9)
[2026-04-15 16:27:14] Cancelled 1 orphan market(s)
[2026-04-15 16:27:15] createMarket tx sent: baec7c4ccbbc8f0e7715b2e2000578621bc8007c5425584e6f3682e4aae05ffb
[Prune] Removed 7 stale IDs (frame 600)
[2026-04-15 16:27:17] Market created: 0x7c16E26e434594377e5955CEa36d01Cb3E6B8d97 (tx: baec7c4ccbbc8f0e7715b2e2000578621bc8007c5425584e6f3682e4aae05ffb)
[2026-04-15 16:27:17] Ably publish OK: market_created
[2026-04-15 16:27:17] Counting vehicles for 150s...
[STATE] betting — market=0x7c16E26e... bet=150s count=150s round=23
[LineZone] (307,432) -> (960,432)
[Counter] Line: (579, 10) -> (701, 710)
[2026-04-15 16:27:17] [StreamClient] Round 23 started on stream_server
[Prune] Removed 17 stale IDs (frame 200)
[Prune] Removed 11 stale IDs (frame 300)
[Prune] Removed 11 stale IDs (frame 400)
[Prune] Removed 1 stale IDs (frame 600)
[Prune] Removed 2 stale IDs (frame 700)
[Prune] Removed 8 stale IDs (frame 800)
[Evidence] Saved evidence/1776281237_30s.jpg (167025 bytes, sha256:d181f0dbd9d7e...)
[Prune] Removed 4 stale IDs (frame 900)
[Prune] Removed 5 stale IDs (frame 1000)
[Prune] Removed 7 stale IDs (frame 1100)
[Prune] Removed 2 stale IDs (frame 1200)
[Prune] Removed 11 stale IDs (frame 1300)
[Prune] Removed 9 stale IDs (frame 1400)
[Prune] Removed 4 stale IDs (frame 1500)
[Prune] Removed 13 stale IDs (frame 1600)
[Prune] Removed 7 stale IDs (frame 1700)
[Evidence] Saved evidence/1776281237_60s.jpg (173783 bytes, sha256:b27eeb244a8c8...)
[Prune] Removed 3 stale IDs (frame 1800)
[Prune] Removed 1 stale IDs (frame 1900)
[Prune] Removed 2 stale IDs (frame 2000)
[Prune] Removed 2 stale IDs (frame 2100)
[Prune] Removed 3 stale IDs (frame 2200)
[Prune] Removed 10 stale IDs (frame 2300)
[Prune] Removed 10 stale IDs (frame 2400)
[Prune] Removed 5 stale IDs (frame 2500)
[Prune] Removed 5 stale IDs (frame 2600)
[Evidence] Saved evidence/1776281237_90s.jpg (178073 bytes, sha256:cc554a9b42b6b...)
[Prune] Removed 2 stale IDs (frame 2700)
[Prune] Removed 8 stale IDs (frame 2800)
[Prune] Removed 6 stale IDs (frame 2900)
[Prune] Removed 5 stale IDs (frame 3000)
[Prune] Removed 3 stale IDs (frame 3100)
[Prune] Removed 1 stale IDs (frame 3200)
[Prune] Removed 6 stale IDs (frame 3300)
[Prune] Removed 7 stale IDs (frame 3400)
[Prune] Removed 12 stale IDs (frame 3500)
[Evidence] Saved evidence/1776281237_120s.jpg (145643 bytes, sha256:ae39fe4175ac3...)
[Prune] Removed 12 stale IDs (frame 3600)
[Prune] Removed 4 stale IDs (frame 3700)
[Prune] Removed 7 stale IDs (frame 3800)
[Prune] Removed 5 stale IDs (frame 3900)
[Prune] Removed 5 stale IDs (frame 4000)
[Prune] Removed 6 stale IDs (frame 4100)
[Prune] Removed 7 stale IDs (frame 4200)
[Prune] Removed 1 stale IDs (frame 4300)
[STATE] counting — market=0x7c16E26e... duration=150s round=23
[Evidence] Saved evidence/1776281237_150s.jpg (158033 bytes, sha256:2b3c61fe9201d...)
[Prune] Removed 1 stale IDs (frame 4400)
[Prune] Removed 4 stale IDs (frame 4500)
[Prune] Removed 4 stale IDs (frame 4600)
[Prune] Removed 13 stale IDs (frame 4700)
[Prune] Removed 7 stale IDs (frame 4800)
[Prune] Removed 13 stale IDs (frame 4900)
[Prune] Removed 7 stale IDs (frame 5000)
[Prune] Removed 1 stale IDs (frame 5200)
[Evidence] Saved evidence/1776281237_180s.jpg (150263 bytes, sha256:d1e14e8825f2e...)
[Prune] Removed 4 stale IDs (frame 5300)
[Prune] Removed 5 stale IDs (frame 5400)
[Prune] Removed 2 stale IDs (frame 5500)
[Prune] Removed 3 stale IDs (frame 5600)
[Prune] Removed 4 stale IDs (frame 5800)
[Prune] Removed 10 stale IDs (frame 5900)
[Prune] Removed 2 stale IDs (frame 6000)
[Prune] Removed 5 stale IDs (frame 6100)
[Evidence] Saved evidence/1776281237_210s.jpg (144987 bytes, sha256:35988cd69428e...)
[Prune] Removed 7 stale IDs (frame 6200)
[Prune] Removed 4 stale IDs (frame 6300)
[Prune] Removed 7 stale IDs (frame 6400)
[Prune] Removed 6 stale IDs (frame 6500)
[Prune] Removed 8 stale IDs (frame 6600)
[Prune] Removed 9 stale IDs (frame 6700)
[Prune] Removed 8 stale IDs (frame 6800)
[Prune] Removed 3 stale IDs (frame 6900)
[Prune] Removed 8 stale IDs (frame 7000)
[Evidence] Saved evidence/1776281237_240s.jpg (153404 bytes, sha256:ad59974577c11...)
[Prune] Removed 5 stale IDs (frame 7100)
[Prune] Removed 6 stale IDs (frame 7200)
[Prune] Removed 2 stale IDs (frame 7300)
[Prune] Removed 5 stale IDs (frame 7400)
[Prune] Removed 1 stale IDs (frame 7500)
[Prune] Removed 1 stale IDs (frame 7600)
[Prune] Removed 4 stale IDs (frame 7700)
[Prune] Removed 2 stale IDs (frame 7800)
[Evidence] Saved evidence/1776281237_270s.jpg (135604 bytes, sha256:c516a6a6fd967...)
[Prune] Removed 1 stale IDs (frame 8000)
[Prune] Removed 4 stale IDs (frame 8100)
[Prune] Removed 7 stale IDs (frame 8200)
[Prune] Removed 6 stale IDs (frame 8300)
[Prune] Removed 6 stale IDs (frame 8400)
[Prune] Removed 2 stale IDs (frame 8500)
[Prune] Removed 4 stale IDs (frame 8600)
[Prune] Removed 5 stale IDs (frame 8700)
[Evidence] Saved evidence/1776281237_final.jpg (170603 bytes, sha256:cf1f301d69d06...)
[Evidence] Saved evidence/1776281237_final.jpg (170305 bytes, sha256:2c0de01f1d432...)
[Evidence] Saved evidence/1776281237_final.jpg (170867 bytes, sha256:dba2679fa3090...)
[STATE] idle — round 23 complete: 62 vehicles
[Prune] Removed 1 stale IDs (frame 8800)
[Prune] Removed 2 stale IDs (frame 8900)
[Prune] Removed 4 stale IDs (frame 9100)
[Prune] Removed 4 stale IDs (frame 9200)
[Prune] Removed 1 stale IDs (frame 9300)
[Prune] Removed 1 stale IDs (frame 9400)
[Prune] Removed 4 stale IDs (frame 9500)
[Prune] Removed 1 stale IDs (frame 9600)
[2026-04-15 16:32:47] No round_complete via WS — reading result.json fallback
[2026-04-15 16:32:47] Count complete: 62 vehicles (in=32 out=30)
[2026-04-15 16:32:49] No bets placed — cancelling market
[Prune] Removed 7 stale IDs (frame 9700)
[2026-04-15 16:32:50] cancelMarket failed for 0x7c16E26e434594377e5955CEa36d01Cb3E6B8d97: {'code': -32000, 'message': 'replacement transaction underpriced'}
[2026-04-15 16:32:50] Ably publish OK: market_cancelled
[Prune] Removed 10 stale IDs (frame 9800)
[2026-04-15 16:32:53] Refunds distributed: 0x7c16E26e434594377e5955CEa36d01Cb3E6B8d97 (tx: fafa74c9efea1a8890a3658f7d35ad4d236adbe3f807a24b0eef2222a4ed7d75)
[STATE] betting — market=0x8B632fE9... bet=150s count=150s round=24
[LineZone] (307,432) -> (960,432)
[Counter] Line: (579, 10) -> (701, 710)
[2026-04-15 16:32:53] Ledger POST failed (non-fatal): HTTP Error 400: Bad Request
[2026-04-15 16:32:53] New threshold: 59 (avg of [56, 62])
[2026-04-15 16:32:53] Waiting 15s before Round #24...
[Prune] Removed 1 stale IDs (frame 100)
[Prune] Removed 5 stale IDs (frame 200)
[Prune] Removed 6 stale IDs (frame 300)
[Prune] Removed 7 stale IDs (frame 400)
[2026-04-15 16:33:08] Round #24 | Peace Bridge — USA/Canada Border | threshold=59
[2026-04-15 16:33:08] Cancelling orphan market: 0x8B632fE92601eEFd8C9E8E503fA6AD6BA2eebE3b
[Prune] Removed 11 stale IDs (frame 500)
[2026-04-15 16:33:11] Market cancelled: 0x8B632fE92601eEFd8C9E8E503fA6AD6BA2eebE3b (tx: da5164975afe02daec63404fff59d7fb4d785fcf982935f4cd53dc49df3f7f3d)
[2026-04-15 16:33:12] Ably publish OK: market_cancelled
[Prune] Removed 4 stale IDs (frame 600)
[2026-04-15 16:33:14] Refunds distributed: 0x8B632fE92601eEFd8C9E8E503fA6AD6BA2eebE3b (tx: 2e29f9861e7073ead7f773002793536e5efbea043dcb89cc05996cf0d1b46b2b)
[2026-04-15 16:33:14] Cancelled 1 orphan market(s)
[2026-04-15 16:33:15] createMarket tx sent: 9414bb72482d346314223c72569504dd49123432c84808b277c5ff47e1e8e297
[2026-04-15 16:33:15] Market created: 0x54520ac2fd0A2c12BadB85C675C8B04f1Fc8196b (tx: 9414bb72482d346314223c72569504dd49123432c84808b277c5ff47e1e8e297)
[2026-04-15 16:33:16] Ably publish OK: market_created
[2026-04-15 16:33:16] Counting vehicles for 150s...
[STATE] betting — market=0x54520ac2... bet=150s count=150s round=24
[LineZone] (307,432) -> (960,432)
[Counter] Line: (579, 10) -> (701, 710)
[2026-04-15 16:33:16] [StreamClient] Round 24 started on stream_server
[Prune] Removed 6 stale IDs (frame 200)
[Prune] Removed 4 stale IDs (frame 300)
[Prune] Removed 1 stale IDs (frame 400)
[Prune] Removed 3 stale IDs (frame 500)
[Prune] Removed 2 stale IDs (frame 600)
[Prune] Removed 5 stale IDs (frame 800)
[Evidence] Saved evidence/1776281596_30s.jpg (147268 bytes, sha256:1498d943ea245...)
[Prune] Removed 5 stale IDs (frame 900)
[Prune] Removed 6 stale IDs (frame 1000)
[Prune] Removed 3 stale IDs (frame 1100)
[WS] Client connected (1 total)
[Prune] Removed 3 stale IDs (frame 1200)
[WS] Client disconnected (0 total)
[Prune] Removed 2 stale IDs (frame 1300)
[Prune] Removed 14 stale IDs (frame 1400)
[Prune] Removed 8 stale IDs (frame 1500)
[Prune] Removed 7 stale IDs (frame 1600)
[Prune] Removed 4 stale IDs (frame 1700)
[Evidence] Saved evidence/1776281596_60s.jpg (141848 bytes, sha256:c30e3d28cfc93...)
[Prune] Removed 3 stale IDs (frame 1900)
[WS] Client connected (1 total)
[Prune] Removed 4 stale IDs (frame 2000)
[Prune] Removed 5 stale IDs (frame 2100)
[WS] Client disconnected (0 total)
[Prune] Removed 9 stale IDs (frame 2200)
[Prune] Removed 1 stale IDs (frame 2300)
[Prune] Removed 2 stale IDs (frame 2400)
[Prune] Removed 3 stale IDs (frame 2500)
[Evidence] Saved evidence/1776281596_90s.jpg (167641 bytes, sha256:213fbcbbc7b94...)
[Prune] Removed 1 stale IDs (frame 2600)
[Prune] Removed 6 stale IDs (frame 2700)
[Prune] Removed 12 stale IDs (frame 2800)
[Prune] Removed 6 stale IDs (frame 2900)
[Prune] Removed 1 stale IDs (frame 3000)
[Prune] Removed 1 stale IDs (frame 3100)
[Prune] Removed 3 stale IDs (frame 3300)
[Prune] Removed 2 stale IDs (frame 3400)
[Evidence] Saved evidence/1776281596_120s.jpg (134696 bytes, sha256:079cabd603758...)
[Prune] Removed 3 stale IDs (frame 3500)
[Prune] Removed 2 stale IDs (frame 3600)
[Prune] Removed 4 stale IDs (frame 3700)
[Prune] Removed 3 stale IDs (frame 3800)
[Prune] Removed 2 stale IDs (frame 3900)
[Prune] Removed 7 stale IDs (frame 4000)
[Prune] Removed 1 stale IDs (frame 4100)
[Prune] Removed 3 stale IDs (frame 4200)
[Prune] Removed 2 stale IDs (frame 4300)
[STATE] counting — market=0x54520ac2... duration=150s round=24
[Evidence] Saved evidence/1776281596_150s.jpg (137578 bytes, sha256:88694e6a942cd...)
[Prune] Removed 1 stale IDs (frame 4400)
[Prune] Removed 4 stale IDs (frame 4500)
[Prune] Removed 11 stale IDs (frame 4600)
[Prune] Removed 7 stale IDs (frame 4700)
[Prune] Removed 8 stale IDs (frame 4800)
[Prune] Removed 1 stale IDs (frame 4900)
[Prune] Removed 7 stale IDs (frame 5000)
[Prune] Removed 11 stale IDs (frame 5100)
[Prune] Removed 10 stale IDs (frame 5200)
[Evidence] Saved evidence/1776281596_180s.jpg (139424 bytes, sha256:b80b81bca9688...)
[Prune] Removed 6 stale IDs (frame 5300)
[Prune] Removed 4 stale IDs (frame 5400)
[Prune] Removed 3 stale IDs (frame 5500)
[Prune] Removed 1 stale IDs (frame 5700)
[Prune] Removed 3 stale IDs (frame 5800)
[Prune] Removed 7 stale IDs (frame 5900)
[Prune] Removed 10 stale IDs (frame 6000)
[Evidence] Saved evidence/1776281596_210s.jpg (142952 bytes, sha256:cac3ea5972f58...)
[Prune] Removed 12 stale IDs (frame 6100)
[Prune] Removed 6 stale IDs (frame 6200)
[Prune] Removed 5 stale IDs (frame 6300)
[Prune] Removed 8 stale IDs (frame 6400)
[Prune] Removed 5 stale IDs (frame 6500)
[Prune] Removed 5 stale IDs (frame 6600)
[Prune] Removed 7 stale IDs (frame 6700)
[Prune] Removed 1 stale IDs (frame 6800)
[Prune] Removed 1 stale IDs (frame 6900)
[Evidence] Saved evidence/1776281596_240s.jpg (149962 bytes, sha256:bb618447d093c...)
[Prune] Removed 8 stale IDs (frame 7000)
[Prune] Removed 6 stale IDs (frame 7100)
[Prune] Removed 2 stale IDs (frame 7200)
[Prune] Removed 6 stale IDs (frame 7300)
[Prune] Removed 3 stale IDs (frame 7400)
[Prune] Removed 9 stale IDs (frame 7500)
[Prune] Removed 10 stale IDs (frame 7600)
[Prune] Removed 12 stale IDs (frame 7700)
[Prune] Removed 7 stale IDs (frame 7800)
[Evidence] Saved evidence/1776281596_270s.jpg (148055 bytes, sha256:39d34c7ec2bff...)
[Prune] Removed 13 stale IDs (frame 7900)
[Prune] Removed 10 stale IDs (frame 8000)
[Prune] Removed 7 stale IDs (frame 8100)
[Prune] Removed 1 stale IDs (frame 8200)
[Prune] Removed 1 stale IDs (frame 8300)
[Prune] Removed 1 stale IDs (frame 8400)
[Prune] Removed 1 stale IDs (frame 8500)
[Prune] Removed 4 stale IDs (frame 8600)
[Evidence] Saved evidence/1776281596_final.jpg (148800 bytes, sha256:07c5abecbf6dc...)
[Evidence] Saved evidence/1776281596_final.jpg (148249 bytes, sha256:af9477b67da38...)
[Evidence] Saved evidence/1776281596_final.jpg (148734 bytes, sha256:6fea40c860936...)
[STATE] idle — round 24 complete: 53 vehicles
[Prune] Removed 5 stale IDs (frame 8800)
[Prune] Removed 4 stale IDs (frame 8900)
[Prune] Removed 4 stale IDs (frame 9000)
[Prune] Removed 6 stale IDs (frame 9100)
[Prune] Removed 3 stale IDs (frame 9200)
[Prune] Removed 6 stale IDs (frame 9300)
[Prune] Removed 22 stale IDs (frame 9400)
[Prune] Removed 13 stale IDs (frame 9500)
[Prune] Removed 4 stale IDs (frame 9600)
[2026-04-15 16:38:46] No round_complete via WS — reading result.json fallback
[2026-04-15 16:38:46] Count complete: 53 vehicles (in=25 out=28)
[2026-04-15 16:38:47] No bets placed — cancelling market
[Prune] Removed 15 stale IDs (frame 9700)
[2026-04-15 16:38:50] Market cancelled: 0x54520ac2fd0A2c12BadB85C675C8B04f1Fc8196b (tx: 2f29cdbedba3e90f80f50a5a8f442d87e1b9feebe33d49b042d5f302e68436d3)
[2026-04-15 16:38:50] Ably publish OK: market_cancelled
[2026-04-15 16:38:51] Refunds distributed: 0x54520ac2fd0A2c12BadB85C675C8B04f1Fc8196b (tx: d11f6b58bb27dd0c53b0145d84cd064837dc50e1380b4c7d6e90c400249edfaf)
[2026-04-15 16:38:52] Ledger POST failed (non-fatal): HTTP Error 400: Bad Request
[2026-04-15 16:38:52] New threshold: 57 (avg of [62, 53])
[2026-04-15 16:38:52] Waiting 15s before Round #25...
[Prune] Removed 5 stale IDs (frame 9800)
[STATE] betting — market=0x396b8eD7... bet=150s count=150s round=25
[LineZone] (307,432) -> (960,432)
[Counter] Line: (579, 10) -> (701, 710)
[Prune] Removed 1 stale IDs (frame 100)
[Prune] Removed 16 stale IDs (frame 200)
[Prune] Removed 15 stale IDs (frame 300)
[2026-04-15 16:39:07] Round #25 | Peace Bridge — USA/Canada Border | threshold=57
[2026-04-15 16:39:07] Cancelling orphan market: 0x396b8eD77aE73a38fed1232c2642bad3f9f2de22
[Prune] Removed 3 stale IDs (frame 400)
[2026-04-15 16:39:10] Market cancelled: 0x396b8eD77aE73a38fed1232c2642bad3f9f2de22 (tx: 2eab09e53fcf54d04dc2c05078fdd7c243facb2d12dd342f0af057f4e96c97c6)
[2026-04-15 16:39:10] Ably publish OK: market_cancelled
[2026-04-15 16:39:11] Refunds distributed: 0x396b8eD77aE73a38fed1232c2642bad3f9f2de22 (tx: 0803c56813ff4863e473fac8389851b41ad540f413e3664de7aaba44a534c40a)
[2026-04-15 16:39:11] Cancelled 1 orphan market(s)
[2026-04-15 16:39:12] createMarket tx sent: 990ed23dbc3f268462d888d3373607766ad0d325f9599644d9f33c938deb803e
[2026-04-15 16:39:12] Market created: 0x423f3e14863Ac600b8B224c332E7EC55f28B2733 (tx: 990ed23dbc3f268462d888d3373607766ad0d325f9599644d9f33c938deb803e)
[2026-04-15 16:39:12] Ably publish OK: market_created
[2026-04-15 16:39:12] Counting vehicles for 150s...
[STATE] betting — market=0x423f3e14... bet=150s count=150s round=25
[LineZone] (307,432) -> (960,432)
[Counter] Line: (579, 10) -> (701, 710)
[2026-04-15 16:39:12] [StreamClient] Round 25 started on stream_server
[Prune] Removed 2 stale IDs (frame 300)
[Prune] Removed 4 stale IDs (frame 400)
[Prune] Removed 3 stale IDs (frame 500)
[Prune] Removed 9 stale IDs (frame 600)
[Prune] Removed 4 stale IDs (frame 700)
[Prune] Removed 4 stale IDs (frame 800)
[Evidence] Saved evidence/1776281952_30s.jpg (152492 bytes, sha256:e0698dee9114f...)
[Prune] Removed 1 stale IDs (frame 900)
[Prune] Removed 1 stale IDs (frame 1100)
[Prune] Removed 3 stale IDs (frame 1200)
[Prune] Removed 4 stale IDs (frame 1300)
[Prune] Removed 6 stale IDs (frame 1400)
[Prune] Removed 2 stale IDs (frame 1500)
[Prune] Removed 2 stale IDs (frame 1600)
[Prune] Removed 5 stale IDs (frame 1700)
[Evidence] Saved evidence/1776281952_60s.jpg (141425 bytes, sha256:062c421d87753...)
[Prune] Removed 15 stale IDs (frame 1800)
[Prune] Removed 14 stale IDs (frame 1900)
[Prune] Removed 6 stale IDs (frame 2000)
[Prune] Removed 4 stale IDs (frame 2100)
[Prune] Removed 5 stale IDs (frame 2200)
[Prune] Removed 5 stale IDs (frame 2300)
[Prune] Removed 4 stale IDs (frame 2400)
[Prune] Removed 2 stale IDs (frame 2500)
[Evidence] Saved evidence/1776281952_90s.jpg (158086 bytes, sha256:b9f52cabea9b1...)
[Prune] Removed 3 stale IDs (frame 2700)
[Prune] Removed 2 stale IDs (frame 2800)
[Prune] Removed 1 stale IDs (frame 3000)
[Prune] Removed 2 stale IDs (frame 3100)
[Prune] Removed 4 stale IDs (frame 3200)
[Prune] Removed 5 stale IDs (frame 3300)
[Prune] Removed 1 stale IDs (frame 3400)
[Prune] Removed 10 stale IDs (frame 3500)
[Evidence] Saved evidence/1776281952_120s.jpg (161870 bytes, sha256:e8dd74e29a703...)
[Prune] Removed 5 stale IDs (frame 3600)
[Prune] Removed 6 stale IDs (frame 3700)
[Prune] Removed 14 stale IDs (frame 3800)
[Prune] Removed 1 stale IDs (frame 3900)
[Prune] Removed 9 stale IDs (frame 4000)
[Prune] Removed 7 stale IDs (frame 4100)
[Prune] Removed 3 stale IDs (frame 4200)
[STATE] counting — market=0x423f3e14... duration=150s round=25
[Evidence] Saved evidence/1776281952_150s.jpg (141016 bytes, sha256:23dbe36065d44...)
[Prune] Removed 10 stale IDs (frame 4400)
[Prune] Removed 10 stale IDs (frame 4500)
[Prune] Removed 1 stale IDs (frame 4600)
[Prune] Removed 1 stale IDs (frame 4700)
[Prune] Removed 2 stale IDs (frame 4900)
[Prune] Removed 1 stale IDs (frame 5200)
[Evidence] Saved evidence/1776281952_180s.jpg (154849 bytes, sha256:60be77025dc39...)
[Prune] Removed 3 stale IDs (frame 5300)
[Prune] Removed 2 stale IDs (frame 5400)
[Prune] Removed 7 stale IDs (frame 5500)
[Prune] Removed 5 stale IDs (frame 5600)
[Prune] Removed 3 stale IDs (frame 5700)
[Prune] Removed 1 stale IDs (frame 5800)
[Prune] Removed 3 stale IDs (frame 5900)
[Prune] Removed 4 stale IDs (frame 6000)
[Prune] Removed 2 stale IDs (frame 6100)
[Evidence] Saved evidence/1776281952_210s.jpg (144369 bytes, sha256:3d7463a0cb55b...)
[Prune] Removed 1 stale IDs (frame 6200)
[Prune] Removed 1 stale IDs (frame 6300)
[Prune] Removed 1 stale IDs (frame 6400)
[Prune] Removed 2 stale IDs (frame 6500)
[Prune] Removed 1 stale IDs (frame 6600)
[Prune] Removed 6 stale IDs (frame 6700)
[Prune] Removed 10 stale IDs (frame 6900)
[Prune] Removed 5 stale IDs (frame 7000)
[Evidence] Saved evidence/1776281952_240s.jpg (128868 bytes, sha256:fa659b29c58aa...)
[Prune] Removed 5 stale IDs (frame 7100)
[Prune] Removed 3 stale IDs (frame 7300)
[Prune] Removed 7 stale IDs (frame 7400)
[Prune] Removed 3 stale IDs (frame 7500)
[Prune] Removed 5 stale IDs (frame 7600)
[Prune] Removed 4 stale IDs (frame 7700)
[Prune] Removed 7 stale IDs (frame 7800)
[Prune] Removed 9 stale IDs (frame 7900)
[Evidence] Saved evidence/1776281952_270s.jpg (127404 bytes, sha256:4bf2043a8f269...)
[Prune] Removed 1 stale IDs (frame 8000)
[Prune] Removed 3 stale IDs (frame 8100)
[Prune] Removed 5 stale IDs (frame 8200)
[Prune] Removed 1 stale IDs (frame 8300)
[Prune] Removed 2 stale IDs (frame 8400)
[Prune] Removed 4 stale IDs (frame 8500)
[Prune] Removed 8 stale IDs (frame 8600)
[Prune] Removed 10 stale IDs (frame 8700)
[Evidence] Saved evidence/1776281952_final.jpg (127191 bytes, sha256:150783529a350...)
[Evidence] Saved evidence/1776281952_final.jpg (127106 bytes, sha256:83cecc67717b4...)
[Evidence] Saved evidence/1776281952_final.jpg (126534 bytes, sha256:dcaa2a4e1bd9f...)
[STATE] idle — round 25 complete: 52 vehicles
[Prune] Removed 19 stale IDs (frame 8800)
[Prune] Removed 16 stale IDs (frame 8900)
[Prune] Removed 9 stale IDs (frame 9000)
[Prune] Removed 4 stale IDs (frame 9100)
[Prune] Removed 3 stale IDs (frame 9200)
[Prune] Removed 6 stale IDs (frame 9300)
[Prune] Removed 5 stale IDs (frame 9400)
[Prune] Removed 4 stale IDs (frame 9500)
[Prune] Removed 5 stale IDs (frame 9600)
[2026-04-15 16:44:42] No round_complete via WS — reading result.json fallback
[2026-04-15 16:44:42] Count complete: 52 vehicles (in=29 out=23)
[Prune] Removed 5 stale IDs (frame 9700)
[2026-04-15 16:44:44] No bets placed — cancelling market
[2026-04-15 16:44:47] Market cancelled: 0x423f3e14863Ac600b8B224c332E7EC55f28B2733 (tx: 0952fc49b063c0e5bc0347b5098416b84f45ef3f0767c5f7b6bdf615523107be)
[2026-04-15 16:44:47] Ably publish OK: market_cancelled
[Prune] Removed 6 stale IDs (frame 9800)
[2026-04-15 16:44:48] Refunds distributed: 0x423f3e14863Ac600b8B224c332E7EC55f28B2733 (tx: 4e94a0d3fe6b15daffeb8fb50f836272102b035ef77297f43d068c1e8b271d56)
[2026-04-15 16:44:48] Ledger POST failed (non-fatal): HTTP Error 400: Bad Request
[2026-04-15 16:44:48] New threshold: 52 (avg of [53, 52])
[2026-04-15 16:44:48] Waiting 15s before Round #26...
[STATE] betting — market=0xfE95BFB9... bet=150s count=150s round=26
[LineZone] (307,432) -> (960,432)
[Counter] Line: (579, 10) -> (701, 710)
[Prune] Removed 1 stale IDs (frame 100)
[Prune] Removed 10 stale IDs (frame 200)
[2026-04-15 16:45:03] Round #26 | Peace Bridge — USA/Canada Border | threshold=52
[2026-04-15 16:45:03] Cancelling orphan market: 0xfE95BFB9e8Ee01749F07B8Ed9e3fC5bDECb258b7
[Prune] Removed 5 stale IDs (frame 300)
[2026-04-15 16:45:06] Market cancelled: 0xfE95BFB9e8Ee01749F07B8Ed9e3fC5bDECb258b7 (tx: 8cdec1b7e740685bdb71d9616e6b4a2868b7b516c7957a2e4a5b1ee743fb4317)
[2026-04-15 16:45:06] Ably publish OK: market_cancelled
[Prune] Removed 2 stale IDs (frame 400)
[2026-04-15 16:45:09] Refunds distributed: 0xfE95BFB9e8Ee01749F07B8Ed9e3fC5bDECb258b7 (tx: b368b6d75855e42ca22b218baaf8bea472236f827f4a13d6516bc2cd39352e27)
[2026-04-15 16:45:09] Cancelled 1 orphan market(s)
[2026-04-15 16:45:10] createMarket tx sent: cde3570a091b1ed400a77d0d2edabea3f584e2b78216d9ddcec08b0ce622d6c7
[2026-04-15 16:45:10] Market created: 0x3B15A353860eA975D72a519023915CdB9640E394 (tx: cde3570a091b1ed400a77d0d2edabea3f584e2b78216d9ddcec08b0ce622d6c7)
[Prune] Removed 1 stale IDs (frame 500)
[2026-04-15 16:45:11] Ably publish OK: market_created
[2026-04-15 16:45:11] Counting vehicles for 150s...
[STATE] betting — market=0x3B15A353... bet=150s count=150s round=26
[LineZone] (307,432) -> (960,432)
[Counter] Line: (579, 10) -> (701, 710)
[2026-04-15 16:45:11] [StreamClient] Round 26 started on stream_server
[Prune] Removed 1 stale IDs (frame 100)
[Prune] Removed 8 stale IDs (frame 200)
[Prune] Removed 8 stale IDs (frame 300)
[Prune] Removed 12 stale IDs (frame 400)
[Prune] Removed 3 stale IDs (frame 500)
[Prune] Removed 2 stale IDs (frame 600)
[Prune] Removed 8 stale IDs (frame 700)
[Prune] Removed 8 stale IDs (frame 800)
[Evidence] Saved evidence/1776282311_30s.jpg (148888 bytes, sha256:56a44d9f565ce...)
[Prune] Removed 9 stale IDs (frame 900)
[Prune] Removed 32 stale IDs (frame 1000)
[Prune] Removed 9 stale IDs (frame 1100)
[Prune] Removed 10 stale IDs (frame 1200)
[Prune] Removed 7 stale IDs (frame 1300)
[Prune] Removed 9 stale IDs (frame 1400)
[Prune] Removed 4 stale IDs (frame 1500)
[Prune] Removed 2 stale IDs (frame 1600)
[Prune] Removed 2 stale IDs (frame 1700)
[Evidence] Saved evidence/1776282311_60s.jpg (168371 bytes, sha256:22f1c3e229ba8...)
[Prune] Removed 4 stale IDs (frame 1800)
[Prune] Removed 5 stale IDs (frame 1900)
[Prune] Removed 7 stale IDs (frame 2000)
[Prune] Removed 4 stale IDs (frame 2100)
[Prune] Removed 1 stale IDs (frame 2200)
[Prune] Removed 9 stale IDs (frame 2300)
[Prune] Removed 2 stale IDs (frame 2400)
[Prune] Removed 13 stale IDs (frame 2500)
[Prune] Removed 7 stale IDs (frame 2600)
[Evidence] Saved evidence/1776282311_90s.jpg (144256 bytes, sha256:8dd4f41d479ff...)
[Prune] Removed 10 stale IDs (frame 2700)
[Prune] Removed 3 stale IDs (frame 2800)
[Prune] Removed 2 stale IDs (frame 2900)
[Prune] Removed 6 stale IDs (frame 3000)
[Prune] Removed 10 stale IDs (frame 3100)
[Prune] Removed 2 stale IDs (frame 3200)
[Prune] Removed 2 stale IDs (frame 3300)
[Prune] Removed 10 stale IDs (frame 3400)
[Prune] Removed 7 stale IDs (frame 3500)
[Evidence] Saved evidence/1776282311_120s.jpg (154296 bytes, sha256:5a06d0eacf0cc...)
[Prune] Removed 3 stale IDs (frame 3600)
[Prune] Removed 2 stale IDs (frame 3700)
[Prune] Removed 1 stale IDs (frame 3900)
[Prune] Removed 4 stale IDs (frame 4200)
[Prune] Removed 3 stale IDs (frame 4300)
[STATE] counting — market=0x3B15A353... duration=150s round=26
[Evidence] Saved evidence/1776282311_150s.jpg (146960 bytes, sha256:82cfc82977ca6...)
[Prune] Removed 6 stale IDs (frame 4500)
[Prune] Removed 9 stale IDs (frame 4600)
[Prune] Removed 8 stale IDs (frame 4700)
[Prune] Removed 5 stale IDs (frame 4800)
[Prune] Removed 13 stale IDs (frame 4900)
[Prune] Removed 7 stale IDs (frame 5000)
[Prune] Removed 13 stale IDs (frame 5100)
[Prune] Removed 9 stale IDs (frame 5200)
[Evidence] Saved evidence/1776282311_180s.jpg (141748 bytes, sha256:ca38a9fb121e8...)
[Prune] Removed 13 stale IDs (frame 5300)
[Prune] Removed 4 stale IDs (frame 5400)
[Prune] Removed 11 stale IDs (frame 5500)
[Prune] Removed 5 stale IDs (frame 5600)
[Prune] Removed 11 stale IDs (frame 5700)
[Prune] Removed 4 stale IDs (frame 5800)
[Prune] Removed 9 stale IDs (frame 5900)
[Prune] Removed 5 stale IDs (frame 6000)
[Prune] Removed 3 stale IDs (frame 6100)
[Evidence] Saved evidence/1776282311_210s.jpg (148196 bytes, sha256:c8880d508167b...)
[Prune] Removed 6 stale IDs (frame 6200)
[Prune] Removed 8 stale IDs (frame 6300)
[Prune] Removed 14 stale IDs (frame 6400)
[Prune] Removed 11 stale IDs (frame 6500)
[Prune] Removed 7 stale IDs (frame 6600)
[Prune] Removed 9 stale IDs (frame 6700)
[Prune] Removed 5 stale IDs (frame 6800)
[Prune] Removed 10 stale IDs (frame 6900)
[Prune] Removed 6 stale IDs (frame 7000)
[Evidence] Saved evidence/1776282311_240s.jpg (154651 bytes, sha256:c65dd7ea257dd...)
[Prune] Removed 6 stale IDs (frame 7100)
[Prune] Removed 6 stale IDs (frame 7200)
[Prune] Removed 4 stale IDs (frame 7300)
[Prune] Removed 7 stale IDs (frame 7400)
[Prune] Removed 3 stale IDs (frame 7500)
[Prune] Removed 4 stale IDs (frame 7600)
[Prune] Removed 1 stale IDs (frame 7700)
[Prune] Removed 13 stale IDs (frame 7800)
[Prune] Removed 2 stale IDs (frame 7900)
[Evidence] Saved evidence/1776282311_270s.jpg (166006 bytes, sha256:2b4772c5d779e...)
[Prune] Removed 2 stale IDs (frame 8000)
[Prune] Removed 1 stale IDs (frame 8100)
[Prune] Removed 2 stale IDs (frame 8300)
[Prune] Removed 4 stale IDs (frame 8400)
[Prune] Removed 1 stale IDs (frame 8600)
[Prune] Removed 1 stale IDs (frame 8700)
[Evidence] Saved evidence/1776282311_final.jpg (167024 bytes, sha256:db27b4d4e378c...)
[Evidence] Saved evidence/1776282311_final.jpg (166078 bytes, sha256:b56d4b20a84f1...)
[Evidence] Saved evidence/1776282311_final.jpg (165747 bytes, sha256:5b67f001f24fc...)
[STATE] idle — round 26 complete: 66 vehicles
[Prune] Removed 1 stale IDs (frame 8900)
[Prune] Removed 3 stale IDs (frame 9000)
[Prune] Removed 4 stale IDs (frame 9100)
[Prune] Removed 4 stale IDs (frame 9200)
[Prune] Removed 6 stale IDs (frame 9300)
[Prune] Removed 4 stale IDs (frame 9400)
[Prune] Removed 4 stale IDs (frame 9500)
[Prune] Removed 6 stale IDs (frame 9600)
[2026-04-15 16:50:41] No round_complete via WS — reading result.json fallback
[2026-04-15 16:50:41] Count complete: 66 vehicles (in=29 out=37)
[2026-04-15 16:50:42] No bets placed — cancelling market
[2026-04-15 16:50:43] Market cancelled: 0x3B15A353860eA975D72a519023915CdB9640E394 (tx: a521b14d574e6e704182aaf05dcd90f44a83242f8ffca2a0ea9152bda387c4ed)
[2026-04-15 16:50:43] Ably publish OK: market_cancelled
[2026-04-15 16:50:44] Refunds distributed: 0x3B15A353860eA975D72a519023915CdB9640E394 (tx: f9ac730f38960e439c5a1ea20c0f6ec7798d77eeefbbc6010ffee2722ed03269)
[2026-04-15 16:50:44] Ledger POST failed (non-fatal): HTTP Error 400: Bad Request
[2026-04-15 16:50:44] New threshold: 59 (avg of [52, 66])
[2026-04-15 16:50:44] Waiting 15s before Round #27...
[Prune] Removed 1 stale IDs (frame 9800)
[STATE] betting — market=0xcc492970... bet=150s count=150s round=27
[LineZone] (307,432) -> (960,432)
[Counter] Line: (579, 10) -> (701, 710)
[Prune] Removed 1 stale IDs (frame 200)
[Prune] Removed 2 stale IDs (frame 300)
[2026-04-15 16:50:59] Round #27 | Peace Bridge — USA/Canada Border | threshold=59
[Prune] Removed 4 stale IDs (frame 400)
[2026-04-15 16:51:01] Cancelling orphan market: 0xcc492970831D10737E8e34b9D5eb2c6Eab3BCedD
[Prune] Removed 5 stale IDs (frame 500)
[2026-04-15 16:51:04] Market cancelled: 0xcc492970831D10737E8e34b9D5eb2c6Eab3BCedD (tx: 933af228c72efc8a7f37e224d05c3cce3778e2b79c8af9c35abb0b9f92a509d8)
[2026-04-15 16:51:04] Ably publish OK: market_cancelled
[2026-04-15 16:51:05] Refunds distributed: 0xcc492970831D10737E8e34b9D5eb2c6Eab3BCedD (tx: 7b25c336f4bd90d54a0f0758f52dd01adeb5e6c3dd856bb59c7d15ed7b1758d2)
[2026-04-15 16:51:05] Cancelled 1 orphan market(s)
[2026-04-15 16:51:06] createMarket tx sent: d10afd7c478d19272d77b65bd61ee3c748b81776aa51de0125932bced943eb75
[2026-04-15 16:51:06] Market created: 0x89CDd00aCDCeb613d0f52078b25BcfaCe1669545 (tx: d10afd7c478d19272d77b65bd61ee3c748b81776aa51de0125932bced943eb75)
[2026-04-15 16:51:06] Ably publish OK: market_created
[2026-04-15 16:51:06] Counting vehicles for 150s...
[STATE] betting — market=0x89CDd00a... bet=150s count=150s round=27
[LineZone] (307,432) -> (960,432)
[Counter] Line: (579, 10) -> (701, 710)
[2026-04-15 16:51:06] [StreamClient] Round 27 started on stream_server
[Prune] Removed 10 stale IDs (frame 200)
[Prune] Removed 13 stale IDs (frame 300)
[Prune] Removed 5 stale IDs (frame 400)
[Prune] Removed 9 stale IDs (frame 500)
[Prune] Removed 1 stale IDs (frame 600)
[Prune] Removed 1 stale IDs (frame 700)
[Prune] Removed 7 stale IDs (frame 800)
[Evidence] Saved evidence/1776282666_30s.jpg (144227 bytes, sha256:5c5255e632939...)
[Prune] Removed 7 stale IDs (frame 900)
[Prune] Removed 4 stale IDs (frame 1000)
[Prune] Removed 7 stale IDs (frame 1100)
[Prune] Removed 5 stale IDs (frame 1200)
[Prune] Removed 11 stale IDs (frame 1300)
[Prune] Removed 8 stale IDs (frame 1400)
[Prune] Removed 1 stale IDs (frame 1500)
[Prune] Removed 10 stale IDs (frame 1600)
[Prune] Removed 14 stale IDs (frame 1700)
[Evidence] Saved evidence/1776282666_60s.jpg (145782 bytes, sha256:ed03a14916214...)
[Prune] Removed 8 stale IDs (frame 1800)
[Prune] Removed 7 stale IDs (frame 1900)
[Prune] Removed 10 stale IDs (frame 2000)
[Prune] Removed 3 stale IDs (frame 2100)
[Prune] Removed 5 stale IDs (frame 2200)
[Prune] Removed 2 stale IDs (frame 2500)
[Evidence] Saved evidence/1776282666_90s.jpg (137978 bytes, sha256:b0e0510a6961b...)
[Prune] Removed 3 stale IDs (frame 2700)
[Prune] Removed 5 stale IDs (frame 2800)
[Prune] Removed 5 stale IDs (frame 2900)
[Prune] Removed 1 stale IDs (frame 3000)
[Prune] Removed 2 stale IDs (frame 3100)
[Prune] Removed 6 stale IDs (frame 3200)
[Prune] Removed 8 stale IDs (frame 3300)
[Prune] Removed 7 stale IDs (frame 3400)
[Prune] Removed 10 stale IDs (frame 3500)
[Evidence] Saved evidence/1776282666_120s.jpg (159216 bytes, sha256:e0ef88db09abe...)
[Prune] Removed 11 stale IDs (frame 3600)
[Prune] Removed 6 stale IDs (frame 3700)
[Prune] Removed 7 stale IDs (frame 3800)
[Prune] Removed 9 stale IDs (frame 3900)
[Prune] Removed 5 stale IDs (frame 4000)
[Prune] Removed 7 stale IDs (frame 4100)
[Prune] Removed 6 stale IDs (frame 4200)
[Prune] Removed 3 stale IDs (frame 4300)
[STATE] counting — market=0x89CDd00a... duration=150s round=27
[Prune] Removed 8 stale IDs (frame 4400)
[Evidence] Saved evidence/1776282666_150s.jpg (136265 bytes, sha256:ed9c946cd16b2...)
[Prune] Removed 2 stale IDs (frame 4500)
[Prune] Removed 1 stale IDs (frame 4600)
[Prune] Removed 8 stale IDs (frame 4700)
[Prune] Removed 8 stale IDs (frame 4800)
[Prune] Removed 20 stale IDs (frame 4900)
[Prune] Removed 9 stale IDs (frame 5000)
[Prune] Removed 7 stale IDs (frame 5100)
[Prune] Removed 2 stale IDs (frame 5200)
[Evidence] Saved evidence/1776282666_180s.jpg (156342 bytes, sha256:6e5816040c44c...)
[Prune] Removed 2 stale IDs (frame 5300)
[Prune] Removed 5 stale IDs (frame 5400)
[Prune] Removed 2 stale IDs (frame 5500)
[Prune] Removed 5 stale IDs (frame 5600)
[Prune] Removed 4 stale IDs (frame 5700)
[Prune] Removed 6 stale IDs (frame 5800)
[WS] Client connected (1 total)
[Prune] Removed 9 stale IDs (frame 5900)
[Prune] Removed 7 stale IDs (frame 6000)
[WS] Client disconnected (0 total)
connection handler failed
Traceback (most recent call last):
  File "/home/lumen/miniconda3/lib/python3.13/asyncio/selector_events.py", line 1067, in write
    n = self._sock.send(data)
BrokenPipeError: [Errno 32] Broken pipe

The above exception was the direct cause of the following exception:

Traceback (most recent call last):
  File "/home/lumen/miniconda3/lib/python3.13/site-packages/websockets/asyncio/server.py", line 376, in conn_handler
    await self.handler(connection)
  File "/home/lumen/.gemini/antigravity/scratch/rush/oracle/stream_server.py", line 1261, in handler
    async for msg in ws:
    ...<37 lines>...
            pass
  File "/home/lumen/miniconda3/lib/python3.13/site-packages/websockets/asyncio/connection.py", line 242, in __aiter__
    yield await self.recv()
          ^^^^^^^^^^^^^^^^^
  File "/home/lumen/miniconda3/lib/python3.13/site-packages/websockets/asyncio/connection.py", line 322, in recv
    raise self.protocol.close_exc from self.recv_exc
websockets.exceptions.ConnectionClosedError: no close frame received or sent
[Prune] Removed 11 stale IDs (frame 6100)
[Evidence] Saved evidence/1776282666_210s.jpg (157664 bytes, sha256:cb86896d144d3...)
[Prune] Removed 7 stale IDs (frame 6200)
[Prune] Removed 3 stale IDs (frame 6300)
[Prune] Removed 5 stale IDs (frame 6400)
[Prune] Removed 2 stale IDs (frame 6500)
[Prune] Removed 1 stale IDs (frame 6600)
[Prune] Removed 2 stale IDs (frame 6700)
[Prune] Removed 6 stale IDs (frame 6800)
[Prune] Removed 10 stale IDs (frame 6900)
[Prune] Removed 9 stale IDs (frame 7000)
[Evidence] Saved evidence/1776282666_240s.jpg (147004 bytes, sha256:8ac24a7cf7e71...)
[Prune] Removed 4 stale IDs (frame 7100)
[Prune] Removed 8 stale IDs (frame 7200)
[Prune] Removed 9 stale IDs (frame 7300)
[Prune] Removed 13 stale IDs (frame 7400)
[Prune] Removed 12 stale IDs (frame 7500)
[Prune] Removed 6 stale IDs (frame 7600)
[Prune] Removed 8 stale IDs (frame 7700)
[Prune] Removed 9 stale IDs (frame 7800)
[Prune] Removed 20 stale IDs (frame 7900)
[Evidence] Saved evidence/1776282666_270s.jpg (145686 bytes, sha256:e0ebc05e9fd6e...)
[Prune] Removed 12 stale IDs (frame 8000)
[Prune] Removed 12 stale IDs (frame 8100)
[Prune] Removed 13 stale IDs (frame 8200)
[Prune] Removed 6 stale IDs (frame 8300)
[Prune] Removed 8 stale IDs (frame 8400)
[Prune] Removed 3 stale IDs (frame 8500)
[Prune] Removed 1 stale IDs (frame 8600)
[Prune] Removed 6 stale IDs (frame 8700)
[Evidence] Saved evidence/1776282666_final.jpg (120649 bytes, sha256:5b93fe5693d28...)
[Evidence] Saved evidence/1776282666_final.jpg (120641 bytes, sha256:ef7435857ae79...)
[Evidence] Saved evidence/1776282666_final.jpg (120935 bytes, sha256:e2b271bdb3096...)
[STATE] idle — round 27 complete: 64 vehicles
[Prune] Removed 10 stale IDs (frame 8800)
[Prune] Removed 6 stale IDs (frame 8900)
[Prune] Removed 7 stale IDs (frame 9000)
[Prune] Removed 4 stale IDs (frame 9100)
[Prune] Removed 2 stale IDs (frame 9200)
[Prune] Removed 2 stale IDs (frame 9300)
[Prune] Removed 2 stale IDs (frame 9400)
[Prune] Removed 2 stale IDs (frame 9500)
[Prune] Removed 2 stale IDs (frame 9600)
[2026-04-15 16:56:36] No round_complete via WS — reading result.json fallback
[2026-04-15 16:56:36] Count complete: 64 vehicles (in=38 out=26)
[Prune] Removed 1 stale IDs (frame 9700)
[2026-04-15 16:56:38] No bets placed — cancelling market
[Prune] Removed 4 stale IDs (frame 9800)
[2026-04-15 16:56:41] Market cancelled: 0x89CDd00aCDCeb613d0f52078b25BcfaCe1669545 (tx: b0503fe591a45b2dab78764fc216b9383f2657c8f4cbcb557dcb3a4a06349b1c)
[2026-04-15 16:56:41] Ably publish OK: market_cancelled
[STATE] betting — market=0xd23fa3a3... bet=150s count=150s round=28
[LineZone] (307,432) -> (960,432)
[Counter] Line: (579, 10) -> (701, 710)
[2026-04-15 16:56:44] Refunds distributed: 0x89CDd00aCDCeb613d0f52078b25BcfaCe1669545 (tx: 6832bdbede3ec264312dfe627b8efea2ffcac1dffab95db7e5e3ff23e19a6d84)
[2026-04-15 16:56:44] Ledger POST failed (non-fatal): HTTP Error 400: Bad Request
[2026-04-15 16:56:44] New threshold: 65 (avg of [66, 64])
[2026-04-15 16:56:44] Waiting 15s before Round #28...
[Prune] Removed 5 stale IDs (frame 200)
[Prune] Removed 6 stale IDs (frame 300)
[Prune] Removed 4 stale IDs (frame 400)
[2026-04-15 16:56:59] Round #28 | Peace Bridge — USA/Canada Border | threshold=65
[WS] Client connected (1 total)
[Prune] Removed 10 stale IDs (frame 500)
[2026-04-15 16:57:02] Cancelling orphan market: 0xd23fa3a3ce6e205267AD2E194E9922D7C045E059
[Prune] Removed 13 stale IDs (frame 600)
[2026-04-15 16:57:05] Market cancelled: 0xd23fa3a3ce6e205267AD2E194E9922D7C045E059 (tx: 8d3734976f7b597cc3574da20530d7ec4a2bf106b1ac47644254b4c58fb57d41)
[2026-04-15 16:57:05] Ably publish OK: market_cancelled
[Prune] Removed 6 stale IDs (frame 700)
[2026-04-15 16:57:08] Refunds distributed: 0xd23fa3a3ce6e205267AD2E194E9922D7C045E059 (tx: 4a919db83bdffd7d8625939321dac925ea273030264f9d81c6d434dd1574a60c)
[2026-04-15 16:57:08] Cancelled 1 orphan market(s)
[2026-04-15 16:57:09] createMarket tx sent: ed9035072dc32bd9ef0e1578da8eee64319c2de5eb72aca96c1e18e273d01d65
[2026-04-15 16:57:09] Market created: 0xF93172CB1f3435a59b4451C9Ed4799a0C93b193d (tx: ed9035072dc32bd9ef0e1578da8eee64319c2de5eb72aca96c1e18e273d01d65)
[2026-04-15 16:57:10] Ably publish OK: market_created
[2026-04-15 16:57:10] Counting vehicles for 150s...
[STATE] betting — market=0xF93172CB... bet=150s count=150s round=28
[LineZone] (307,432) -> (960,432)
[Counter] Line: (579, 10) -> (701, 710)
[2026-04-15 16:57:10] [StreamClient] Round 28 started on stream_server
[WS] Client disconnected (0 total)
connection handler failed
Traceback (most recent call last):
  File "/home/lumen/miniconda3/lib/python3.13/asyncio/selector_events.py", line 1067, in write
    n = self._sock.send(data)
BrokenPipeError: [Errno 32] Broken pipe

The above exception was the direct cause of the following exception:

Traceback (most recent call last):
  File "/home/lumen/miniconda3/lib/python3.13/site-packages/websockets/asyncio/server.py", line 376, in conn_handler
    await self.handler(connection)
  File "/home/lumen/.gemini/antigravity/scratch/rush/oracle/stream_server.py", line 1261, in handler
    async for msg in ws:
    ...<37 lines>...
            pass
  File "/home/lumen/miniconda3/lib/python3.13/site-packages/websockets/asyncio/connection.py", line 242, in __aiter__
    yield await self.recv()
          ^^^^^^^^^^^^^^^^^
  File "/home/lumen/miniconda3/lib/python3.13/site-packages/websockets/asyncio/connection.py", line 322, in recv
    raise self.protocol.close_exc from self.recv_exc
websockets.exceptions.ConnectionClosedError: no close frame received or sent
[Prune] Removed 2 stale IDs (frame 200)
[Prune] Removed 1 stale IDs (frame 300)
[Prune] Removed 1 stale IDs (frame 400)
[Prune] Removed 8 stale IDs (frame 500)
[Prune] Removed 6 stale IDs (frame 600)
[Prune] Removed 12 stale IDs (frame 700)
[Prune] Removed 4 stale IDs (frame 800)
[Evidence] Saved evidence/1776283030_30s.jpg (141085 bytes, sha256:8a7ff2ad47054...)
[Prune] Removed 1 stale IDs (frame 900)
[Prune] Removed 3 stale IDs (frame 1000)
[Prune] Removed 5 stale IDs (frame 1100)
[Prune] Removed 4 stale IDs (frame 1200)
[Prune] Removed 4 stale IDs (frame 1300)
[Prune] Removed 3 stale IDs (frame 1400)
[Prune] Removed 5 stale IDs (frame 1500)
[Prune] Removed 7 stale IDs (frame 1600)
[Evidence] Saved evidence/1776283030_60s.jpg (135264 bytes, sha256:f6c45cc3bf358...)
[Prune] Removed 4 stale IDs (frame 1900)
[Prune] Removed 2 stale IDs (frame 2000)
[Prune] Removed 1 stale IDs (frame 2100)
[Prune] Removed 4 stale IDs (frame 2200)
[Prune] Removed 2 stale IDs (frame 2300)
[Prune] Removed 1 stale IDs (frame 2400)
[Prune] Removed 2 stale IDs (frame 2500)
[WS] Client connected (1 total)
[Evidence] Saved evidence/1776283030_90s.jpg (128414 bytes, sha256:55be32a702f75...)
[Prune] Removed 4 stale IDs (frame 2800)
[Prune] Removed 2 stale IDs (frame 2900)
[Prune] Removed 1 stale IDs (frame 3000)
[Prune] Removed 4 stale IDs (frame 3100)
[WS] Client disconnected (0 total)
[Prune] Removed 12 stale IDs (frame 3200)
[Prune] Removed 8 stale IDs (frame 3300)
[Prune] Removed 5 stale IDs (frame 3400)
[Prune] Removed 2 stale IDs (frame 3500)
[Evidence] Saved evidence/1776283030_120s.jpg (143627 bytes, sha256:893dd5f62a33e...)
[Prune] Removed 8 stale IDs (frame 3600)
[Prune] Removed 5 stale IDs (frame 3700)
[Prune] Removed 7 stale IDs (frame 3800)
[Prune] Removed 12 stale IDs (frame 3900)
[Prune] Removed 4 stale IDs (frame 4000)
[Prune] Removed 5 stale IDs (frame 4100)
[Prune] Removed 3 stale IDs (frame 4200)
[Prune] Removed 5 stale IDs (frame 4300)
[STATE] counting — market=0xF93172CB... duration=150s round=28
[Evidence] Saved evidence/1776283030_150s.jpg (160394 bytes, sha256:e45ed77b0173a...)
[Prune] Removed 5 stale IDs (frame 4400)
[Prune] Removed 5 stale IDs (frame 4500)
[Prune] Removed 6 stale IDs (frame 4600)
[Prune] Removed 4 stale IDs (frame 4700)
[Prune] Removed 1 stale IDs (frame 4800)
[Prune] Removed 3 stale IDs (frame 4900)
[Prune] Removed 2 stale IDs (frame 5000)
[Evidence] Saved evidence/1776283030_180s.jpg (156028 bytes, sha256:b5e4f13a2f888...)
[Prune] Removed 1 stale IDs (frame 5400)
[Prune] Removed 3 stale IDs (frame 5500)
[Prune] Removed 5 stale IDs (frame 5600)
[Prune] Removed 5 stale IDs (frame 5700)
[Prune] Removed 4 stale IDs (frame 5800)
[Prune] Removed 9 stale IDs (frame 5900)
[Prune] Removed 12 stale IDs (frame 6000)
[Prune] Removed 11 stale IDs (frame 6100)
[Evidence] Saved evidence/1776283030_210s.jpg (145894 bytes, sha256:ee68491ab2834...)
[Prune] Removed 15 stale IDs (frame 6200)
[Prune] Removed 11 stale IDs (frame 6300)
[Prune] Removed 11 stale IDs (frame 6400)
[Prune] Removed 7 stale IDs (frame 6500)
[Prune] Removed 10 stale IDs (frame 6600)
[Prune] Removed 12 stale IDs (frame 6700)
[Prune] Removed 6 stale IDs (frame 6800)
[Prune] Removed 9 stale IDs (frame 6900)
[Prune] Removed 5 stale IDs (frame 7000)
[Evidence] Saved evidence/1776283030_240s.jpg (139309 bytes, sha256:054ceaecccfd0...)
[Prune] Removed 4 stale IDs (frame 7100)
[Prune] Removed 2 stale IDs (frame 7200)
[Prune] Removed 2 stale IDs (frame 7300)
[Prune] Removed 10 stale IDs (frame 7400)
[Prune] Removed 4 stale IDs (frame 7500)
[Prune] Removed 1 stale IDs (frame 7600)
[Prune] Removed 11 stale IDs (frame 7700)
[Prune] Removed 7 stale IDs (frame 7800)
[Prune] Removed 16 stale IDs (frame 7900)
[Evidence] Saved evidence/1776283030_270s.jpg (142424 bytes, sha256:42c935c3ecbaa...)
[Prune] Removed 6 stale IDs (frame 8000)
[Prune] Removed 1 stale IDs (frame 8100)
[Prune] Removed 5 stale IDs (frame 8200)
[Prune] Removed 3 stale IDs (frame 8300)
[Prune] Removed 4 stale IDs (frame 8400)
[Prune] Removed 3 stale IDs (frame 8500)
[Prune] Removed 3 stale IDs (frame 8600)
[Prune] Removed 2 stale IDs (frame 8700)
[Evidence] Saved evidence/1776283030_final.jpg (144448 bytes, sha256:01ad2ec069f6e...)
[Evidence] Saved evidence/1776283030_final.jpg (144244 bytes, sha256:ee1ea8f357957...)
[Evidence] Saved evidence/1776283030_final.jpg (144458 bytes, sha256:b8265428eb070...)
[STATE] idle — round 28 complete: 58 vehicles
[Prune] Removed 5 stale IDs (frame 8800)
[Prune] Removed 5 stale IDs (frame 8900)
[Prune] Removed 2 stale IDs (frame 9100)
[Prune] Removed 1 stale IDs (frame 9200)
[Prune] Removed 5 stale IDs (frame 9300)
[Prune] Removed 5 stale IDs (frame 9400)
[Prune] Removed 1 stale IDs (frame 9500)
[Prune] Removed 2 stale IDs (frame 9600)
[STATE] betting — market=0x1c57200d... bet=150s count=150s round=29
[LineZone] (307,432) -> (960,432)
[Counter] Line: (579, 10) -> (701, 710)
[2026-04-15 17:02:40] No round_complete via WS — reading result.json fallback
[2026-04-15 17:02:40] Count complete: 58 vehicles (in=39 out=19)
[2026-04-15 17:02:41] No bets placed — cancelling market
[2026-04-15 17:02:42] Market cancelled: 0xF93172CB1f3435a59b4451C9Ed4799a0C93b193d (tx: c32147129db4bd6f7e0185eee27ad664995cd121383f37609d7308b13d73efa4)
[2026-04-15 17:02:42] Ably publish OK: market_cancelled
[2026-04-15 17:02:45] Refunds distributed: 0xF93172CB1f3435a59b4451C9Ed4799a0C93b193d (tx: e6cf6f9ed9c48672fe9bd69e8e229c721140a7e24d54de5ad1e9c5938c944bec)
[2026-04-15 17:02:45] Ledger POST failed (non-fatal): HTTP Error 400: Bad Request
[2026-04-15 17:02:45] New threshold: 61 (avg of [64, 58])
[2026-04-15 17:02:45] Waiting 15s before Round #29...
[Prune] Removed 5 stale IDs (frame 200)
[Prune] Removed 8 stale IDs (frame 400)
[Prune] Removed 1 stale IDs (frame 500)
[Prune] Removed 11 stale IDs (frame 600)
[2026-04-15 17:03:00] Round #29 | Peace Bridge — USA/Canada Border | threshold=61
[2026-04-15 17:03:00] Cancelling orphan market: 0x1c57200dC6ede9Ef0DCfc9aeA3Dcae9d55Bd9691
[2026-04-15 17:03:01] Market cancelled: 0x1c57200dC6ede9Ef0DCfc9aeA3Dcae9d55Bd9691 (tx: 0965c3c18c76b486b13ff811f5702d7f7555af97435a7b048b2ad609ea43f3d5)
[2026-04-15 17:03:01] Ably publish OK: market_cancelled
[Prune] Removed 4 stale IDs (frame 700)
[2026-04-15 17:03:04] Refunds distributed: 0x1c57200dC6ede9Ef0DCfc9aeA3Dcae9d55Bd9691 (tx: 9bc22ba0799d3aa1320ee7238e5cb9d38f5f03e4a6e3ce1b5db9d98306ce2d91)
[2026-04-15 17:03:04] Cancelled 1 orphan market(s)
[2026-04-15 17:03:05] createMarket tx sent: a9551ddbd6abfafcb8b466481eae532e1d097671738821e3bafc3b6b7b33039b
[Prune] Removed 1 stale IDs (frame 800)
[2026-04-15 17:03:07] Market created: 0x6FD61A5836424011Ee00190A659B8832AC4C62e2 (tx: a9551ddbd6abfafcb8b466481eae532e1d097671738821e3bafc3b6b7b33039b)
[2026-04-15 17:03:08] Ably publish OK: market_created
[2026-04-15 17:03:08] Counting vehicles for 150s...
[STATE] betting — market=0x6FD61A58... bet=150s count=150s round=29
[LineZone] (307,432) -> (960,432)
[Counter] Line: (579, 10) -> (701, 710)
[2026-04-15 17:03:08] [StreamClient] Round 29 started on stream_server
[Prune] Removed 4 stale IDs (frame 200)
[Prune] Removed 4 stale IDs (frame 300)
[Prune] Removed 3 stale IDs (frame 400)
[Prune] Removed 8 stale IDs (frame 500)
[Prune] Removed 7 stale IDs (frame 600)
[Prune] Removed 1 stale IDs (frame 700)
[Prune] Removed 5 stale IDs (frame 800)
[Evidence] Saved evidence/1776283388_30s.jpg (133834 bytes, sha256:1f08fdead2a04...)
[Prune] Removed 6 stale IDs (frame 900)
[Prune] Removed 2 stale IDs (frame 1000)
[Prune] Removed 6 stale IDs (frame 1100)
[Prune] Removed 7 stale IDs (frame 1200)
[Prune] Removed 1 stale IDs (frame 1300)
[Prune] Removed 2 stale IDs (frame 1400)
[Prune] Removed 2 stale IDs (frame 1500)
[Prune] Removed 10 stale IDs (frame 1600)
[Prune] Removed 6 stale IDs (frame 1700)
[Evidence] Saved evidence/1776283388_60s.jpg (121514 bytes, sha256:e67386ca3ce88...)
[Prune] Removed 6 stale IDs (frame 1800)
[Prune] Removed 2 stale IDs (frame 1900)
[Prune] Removed 2 stale IDs (frame 2000)
[Prune] Removed 1 stale IDs (frame 2100)
[Prune] Removed 9 stale IDs (frame 2200)
[Prune] Removed 3 stale IDs (frame 2300)
[Prune] Removed 12 stale IDs (frame 2400)
[Prune] Removed 9 stale IDs (frame 2500)
[Prune] Removed 1 stale IDs (frame 2600)
[Evidence] Saved evidence/1776283388_90s.jpg (137185 bytes, sha256:50b7efccc69d4...)
[Prune] Removed 4 stale IDs (frame 2700)
[Prune] Removed 4 stale IDs (frame 2800)
[Prune] Removed 3 stale IDs (frame 2900)
[Prune] Removed 1 stale IDs (frame 3000)
[Prune] Removed 1 stale IDs (frame 3100)
[Prune] Removed 1 stale IDs (frame 3200)
[Prune] Removed 6 stale IDs (frame 3300)
[Prune] Removed 1 stale IDs (frame 3400)
[Prune] Removed 1 stale IDs (frame 3500)
[Evidence] Saved evidence/1776283388_120s.jpg (141088 bytes, sha256:f179dd574b668...)
[Prune] Removed 3 stale IDs (frame 3600)
[Prune] Removed 6 stale IDs (frame 3700)
[Prune] Removed 8 stale IDs (frame 3800)
[Prune] Removed 10 stale IDs (frame 3900)
[Prune] Removed 4 stale IDs (frame 4000)
[Prune] Removed 6 stale IDs (frame 4100)
[Prune] Removed 4 stale IDs (frame 4200)
[Prune] Removed 1 stale IDs (frame 4300)
[STATE] counting — market=0x6FD61A58... duration=150s round=29
[Evidence] Saved evidence/1776283388_150s.jpg (133775 bytes, sha256:dc74b85d2cec8...)
[Prune] Removed 5 stale IDs (frame 4400)
[Prune] Removed 7 stale IDs (frame 4600)
[Prune] Removed 10 stale IDs (frame 4700)
[Prune] Removed 3 stale IDs (frame 4800)
[Prune] Removed 8 stale IDs (frame 4900)
[Prune] Removed 7 stale IDs (frame 5000)
[Prune] Removed 7 stale IDs (frame 5100)
[Prune] Removed 5 stale IDs (frame 5200)
[Evidence] Saved evidence/1776283388_180s.jpg (132542 bytes, sha256:ea739d3d95171...)
[Prune] Removed 15 stale IDs (frame 5300)
[Prune] Removed 3 stale IDs (frame 5400)
[Prune] Removed 3 stale IDs (frame 5500)
[Prune] Removed 10 stale IDs (frame 5600)
[Prune] Removed 11 stale IDs (frame 5700)
[Prune] Removed 5 stale IDs (frame 5800)
[Prune] Removed 8 stale IDs (frame 5900)
[Prune] Removed 16 stale IDs (frame 6000)
[Prune] Removed 8 stale IDs (frame 6100)
[Evidence] Saved evidence/1776283388_210s.jpg (143687 bytes, sha256:0b2c5b2e365f4...)
[Prune] Removed 8 stale IDs (frame 6200)
[Prune] Removed 8 stale IDs (frame 6300)
[Prune] Removed 6 stale IDs (frame 6400)
[Prune] Removed 4 stale IDs (frame 6500)
[Prune] Removed 1 stale IDs (frame 6600)
[Prune] Removed 1 stale IDs (frame 6700)
[Prune] Removed 2 stale IDs (frame 6900)
[Prune] Removed 2 stale IDs (frame 7000)
[Evidence] Saved evidence/1776283388_240s.jpg (145003 bytes, sha256:918c444474aaf...)
[Prune] Removed 3 stale IDs (frame 7100)
[Prune] Removed 3 stale IDs (frame 7200)
[Prune] Removed 4 stale IDs (frame 7300)
[Prune] Removed 6 stale IDs (frame 7400)
[Prune] Removed 8 stale IDs (frame 7500)
[Prune] Removed 6 stale IDs (frame 7600)
[Prune] Removed 3 stale IDs (frame 7700)
[Prune] Removed 3 stale IDs (frame 7800)
[Evidence] Saved evidence/1776283388_270s.jpg (131992 bytes, sha256:ec594ccbba3ce...)
[Prune] Removed 5 stale IDs (frame 7900)
[Prune] Removed 7 stale IDs (frame 8000)
[Prune] Removed 4 stale IDs (frame 8100)
[Prune] Removed 3 stale IDs (frame 8200)
[Prune] Removed 6 stale IDs (frame 8300)
[WS] Client disconnected (0 total)
[Prune] Removed 10 stale IDs (frame 8400)
[Prune] Removed 15 stale IDs (frame 8500)
[Prune] Removed 7 stale IDs (frame 8600)
[Prune] Removed 7 stale IDs (frame 8700)
[Evidence] Saved evidence/1776283388_final.jpg (122798 bytes, sha256:1632ffa8c1c99...)
[Evidence] Saved evidence/1776283388_final.jpg (122572 bytes, sha256:c80f1749c5b09...)
[Evidence] Saved evidence/1776283388_final.jpg (122971 bytes, sha256:cd37e2ab7c195...)
[Evidence] Saved evidence/1776283388_final.jpg (123005 bytes, sha256:aff85d5a4c679...)
[STATE] idle — round 29 complete: 64 vehicles
[Prune] Removed 5 stale IDs (frame 8900)
[Prune] Removed 4 stale IDs (frame 9000)
[Prune] Removed 9 stale IDs (frame 9100)
[Prune] Removed 5 stale IDs (frame 9200)
[Prune] Removed 7 stale IDs (frame 9300)
[Prune] Removed 2 stale IDs (frame 9400)
[Prune] Removed 3 stale IDs (frame 9500)
[Prune] Removed 6 stale IDs (frame 9600)
[STATE] betting — market=0x392A2235... bet=150s count=150s round=30
[LineZone] (307,432) -> (960,432)
[Counter] Line: (579, 10) -> (701, 710)
[2026-04-15 17:08:38] No round_complete via WS — reading result.json fallback
[2026-04-15 17:08:38] Count complete: 64 vehicles (in=34 out=30)
[2026-04-15 17:08:39] No bets placed — cancelling market
[2026-04-15 17:08:40] Market cancelled: 0x6FD61A5836424011Ee00190A659B8832AC4C62e2 (tx: 8728369728889605c37283c5802f851be1b8f878cb40a6420e210604c63eb018)
[2026-04-15 17:08:40] Ably publish OK: market_cancelled
[Prune] Removed 1 stale IDs (frame 100)
[2026-04-15 17:08:43] Refunds distributed: 0x6FD61A5836424011Ee00190A659B8832AC4C62e2 (tx: b4bf4cafa06ec2ead55cf4fcd29f5d0ec65929711468fd3ecb002d212e2aa718)
[2026-04-15 17:08:43] Ledger POST failed (non-fatal): HTTP Error 400: Bad Request
[2026-04-15 17:08:43] New threshold: 61 (avg of [58, 64])
[2026-04-15 17:08:43] Waiting 15s before Round #30...
[Prune] Removed 7 stale IDs (frame 200)
[Prune] Removed 1 stale IDs (frame 300)
[Prune] Removed 2 stale IDs (frame 400)
[Prune] Removed 6 stale IDs (frame 600)
[2026-04-15 17:08:58] Round #30 | Peace Bridge — USA/Canada Border | threshold=61
[2026-04-15 17:08:59] Cancelling orphan market: 0x392A22351601f1ffAEb8231C146798FBEcC43275
[2026-04-15 17:09:00] Market cancelled: 0x392A22351601f1ffAEb8231C146798FBEcC43275 (tx: c45240b85f9396b5fb5e184f37969eab6974633032c5770001ec06aca8a4b2d5)
[2026-04-15 17:09:00] Ably publish OK: market_cancelled
[Prune] Removed 7 stale IDs (frame 700)
[2026-04-15 17:09:03] Refunds distributed: 0x392A22351601f1ffAEb8231C146798FBEcC43275 (tx: 031b87b60173634edbafdde94d9bbf6b3461712d14bdf272a3b790a511fa85f9)
[2026-04-15 17:09:03] Cancelled 1 orphan market(s)
[2026-04-15 17:09:03] createMarket tx sent: 7e3b4ee8fc486bafdbfc46ab0f4b1ca82e815c0b0629062a2bfebba6b547962f
[2026-04-15 17:09:03] Market created: 0x15963608176E734eA873CB7050481f77A14CfdC4 (tx: 7e3b4ee8fc486bafdbfc46ab0f4b1ca82e815c0b0629062a2bfebba6b547962f)
[2026-04-15 17:09:04] Ably publish OK: market_created
[2026-04-15 17:09:04] Counting vehicles for 150s...
[STATE] betting — market=0x15963608... bet=150s count=150s round=30
[LineZone] (307,432) -> (960,432)
[Counter] Line: (579, 10) -> (701, 710)
[2026-04-15 17:09:04] [StreamClient] Round 30 started on stream_server
[Prune] Removed 2 stale IDs (frame 300)
[Prune] Removed 2 stale IDs (frame 400)
[Prune] Removed 1 stale IDs (frame 500)
[Prune] Removed 2 stale IDs (frame 600)
[Prune] Removed 1 stale IDs (frame 700)
[Prune] Removed 1 stale IDs (frame 800)
[Evidence] Saved evidence/1776283744_30s.jpg (168333 bytes, sha256:1d41b4b08c4fe...)
[Prune] Removed 3 stale IDs (frame 900)
[Prune] Removed 2 stale IDs (frame 1000)
[Prune] Removed 1 stale IDs (frame 1100)
[Prune] Removed 4 stale IDs (frame 1200)
[Prune] Removed 2 stale IDs (frame 1300)
[Prune] Removed 1 stale IDs (frame 1400)
[Prune] Removed 2 stale IDs (frame 1500)
[Prune] Removed 6 stale IDs (frame 1600)
[Prune] Removed 9 stale IDs (frame 1700)
[Evidence] Saved evidence/1776283744_60s.jpg (139105 bytes, sha256:b9fe2adf1c08f...)
[Prune] Removed 2 stale IDs (frame 2000)
[Prune] Removed 9 stale IDs (frame 2200)
[Prune] Removed 12 stale IDs (frame 2300)
[Prune] Removed 3 stale IDs (frame 2400)
[Prune] Removed 9 stale IDs (frame 2500)
[Prune] Removed 3 stale IDs (frame 2600)
[Evidence] Saved evidence/1776283744_90s.jpg (143402 bytes, sha256:0820de75c7055...)
[Prune] Removed 2 stale IDs (frame 2700)
[Prune] Removed 3 stale IDs (frame 2900)
[Prune] Removed 2 stale IDs (frame 3000)
[Prune] Removed 14 stale IDs (frame 3100)
[Prune] Removed 8 stale IDs (frame 3200)
[Prune] Removed 8 stale IDs (frame 3300)
[Prune] Removed 10 stale IDs (frame 3400)
[Prune] Removed 4 stale IDs (frame 3500)
[Evidence] Saved evidence/1776283744_120s.jpg (134065 bytes, sha256:aa9fdf819da0d...)
[Prune] Removed 7 stale IDs (frame 3600)
[Prune] Removed 2 stale IDs (frame 3700)
[Prune] Removed 4 stale IDs (frame 3800)
[Prune] Removed 6 stale IDs (frame 3900)
[Prune] Removed 7 stale IDs (frame 4000)
[Prune] Removed 1 stale IDs (frame 4100)
[Prune] Removed 1 stale IDs (frame 4300)
[STATE] counting — market=0x15963608... duration=150s round=30
[Evidence] Saved evidence/1776283744_150s.jpg (153230 bytes, sha256:147cdd585c54b...)
[Prune] Removed 5 stale IDs (frame 4400)
[Prune] Removed 1 stale IDs (frame 4500)
[Prune] Removed 2 stale IDs (frame 4600)
[Prune] Removed 7 stale IDs (frame 4700)
[Prune] Removed 2 stale IDs (frame 4800)
[Prune] Removed 4 stale IDs (frame 4900)
[Prune] Removed 7 stale IDs (frame 5000)
[Prune] Removed 8 stale IDs (frame 5100)
[Prune] Removed 12 stale IDs (frame 5200)
[Evidence] Saved evidence/1776283744_180s.jpg (141197 bytes, sha256:168438b698418...)
[Prune] Removed 13 stale IDs (frame 5300)
[Prune] Removed 4 stale IDs (frame 5400)
[Prune] Removed 3 stale IDs (frame 5500)
[Prune] Removed 9 stale IDs (frame 5600)
[Prune] Removed 3 stale IDs (frame 5700)
[Prune] Removed 5 stale IDs (frame 5800)
[Prune] Removed 5 stale IDs (frame 5900)
[Prune] Removed 3 stale IDs (frame 6100)
[Evidence] Saved evidence/1776283744_210s.jpg (154219 bytes, sha256:16d6c4ba6fba9...)
[Prune] Removed 2 stale IDs (frame 6200)
[Prune] Removed 3 stale IDs (frame 6300)
[Prune] Removed 7 stale IDs (frame 6400)
[Prune] Removed 7 stale IDs (frame 6500)
[Prune] Removed 12 stale IDs (frame 6600)
[Prune] Removed 3 stale IDs (frame 6700)
[Prune] Removed 2 stale IDs (frame 6800)
[Prune] Removed 1 stale IDs (frame 6900)
[Prune] Removed 8 stale IDs (frame 7000)
[Evidence] Saved evidence/1776283744_240s.jpg (142128 bytes, sha256:f75b7e796e612...)
[Prune] Removed 4 stale IDs (frame 7100)
[Prune] Removed 15 stale IDs (frame 7200)
[Prune] Removed 10 stale IDs (frame 7300)
[Prune] Removed 4 stale IDs (frame 7400)
[Prune] Removed 6 stale IDs (frame 7500)
[Prune] Removed 5 stale IDs (frame 7600)
[Prune] Removed 7 stale IDs (frame 7700)
[Prune] Removed 9 stale IDs (frame 7800)
[Prune] Removed 9 stale IDs (frame 7900)
[Evidence] Saved evidence/1776283744_270s.jpg (149565 bytes, sha256:1399e9eb35fdc...)
[Prune] Removed 6 stale IDs (frame 8000)
[Prune] Removed 7 stale IDs (frame 8100)
[Prune] Removed 5 stale IDs (frame 8200)
[Prune] Removed 2 stale IDs (frame 8300)
[Prune] Removed 5 stale IDs (frame 8400)
[Prune] Removed 3 stale IDs (frame 8500)
[Prune] Removed 7 stale IDs (frame 8700)
[Evidence] Saved evidence/1776283744_final.jpg (134535 bytes, sha256:f6c5410ce2bf3...)
[Evidence] Saved evidence/1776283744_final.jpg (134440 bytes, sha256:e8bdae5d9007b...)
[Evidence] Saved evidence/1776283744_final.jpg (134426 bytes, sha256:1dceef74492d0...)
[STATE] idle — round 30 complete: 59 vehicles
[Prune] Removed 3 stale IDs (frame 8800)
[Prune] Removed 3 stale IDs (frame 8900)
[Prune] Removed 2 stale IDs (frame 9000)
[Prune] Removed 1 stale IDs (frame 9100)
[Prune] Removed 3 stale IDs (frame 9200)
[Prune] Removed 4 stale IDs (frame 9300)
[Prune] Removed 1 stale IDs (frame 9400)
[Prune] Removed 4 stale IDs (frame 9500)
[Prune] Removed 9 stale IDs (frame 9600)
[2026-04-15 17:14:34] No round_complete via WS — reading result.json fallback
[2026-04-15 17:14:34] Count complete: 59 vehicles (in=30 out=29)
[STATE] betting — market=0xf16b09bE... bet=150s count=150s round=31
[LineZone] (307,432) -> (960,432)
[Counter] Line: (579, 10) -> (701, 710)
[2026-04-15 17:14:36] No bets placed — cancelling market
[2026-04-15 17:14:39] Market cancelled: 0x15963608176E734eA873CB7050481f77A14CfdC4 (tx: 88c4219ac0bce3bdece4357749a54f1960b3ea6a7eacb9cd2ae0a83da4ea069b)
[2026-04-15 17:14:39] Ably publish OK: market_cancelled
[Prune] Removed 5 stale IDs (frame 200)
[2026-04-15 17:14:42] Refunds distributed: 0x15963608176E734eA873CB7050481f77A14CfdC4 (tx: 61eba598f95d119595cbdde74c062cb070fc9a5442fbe8f69cf436bbbf1e94a8)
[2026-04-15 17:14:42] Ledger POST failed (non-fatal): HTTP Error 400: Bad Request
[2026-04-15 17:14:42] New threshold: 61 (avg of [64, 59])
[2026-04-15 17:14:42] Waiting 15s before Round #31...
[Prune] Removed 2 stale IDs (frame 300)
[Prune] Removed 4 stale IDs (frame 400)
[Prune] Removed 11 stale IDs (frame 500)
[Prune] Removed 7 stale IDs (frame 600)
[2026-04-15 17:14:57] Round #31 | Peace Bridge — USA/Canada Border | threshold=61
[Prune] Removed 7 stale IDs (frame 700)
[2026-04-15 17:14:59] Cancelling orphan market: 0xf16b09bE7B826F0B97B9ea992375cbf048e2aE4B
[Prune] Removed 4 stale IDs (frame 800)
[2026-04-15 17:15:02] Market cancelled: 0xf16b09bE7B826F0B97B9ea992375cbf048e2aE4B (tx: cf8b716f979ccb0be9b53696e3b5b613e56bf753767840209f36deccfa2038cd)
[2026-04-15 17:15:02] Ably publish OK: market_cancelled
[2026-04-15 17:15:03] Refunds distributed: 0xf16b09bE7B826F0B97B9ea992375cbf048e2aE4B (tx: 0e92a53fd86d0518d988dd84a541c9119cf38c34f2df57898cc53178695c125f)
[2026-04-15 17:15:03] Cancelled 1 orphan market(s)
[2026-04-15 17:15:03] createMarket tx sent: d3f640b95b33e11bc518e31421ba8fc62bffe94b8d1494d346508a0c3e470fe9
[Evidence] Saved evidence/1776284075_30s.jpg (155786 bytes, sha256:7da9a35415196...)
[Prune] Removed 1 stale IDs (frame 900)
[2026-04-15 17:15:06] Market created: 0x3B7970e3412472aFc88abb31acbd5917Cae68e8e (tx: d3f640b95b33e11bc518e31421ba8fc62bffe94b8d1494d346508a0c3e470fe9)
[2026-04-15 17:15:06] Ably publish OK: market_created
[2026-04-15 17:15:06] Counting vehicles for 150s...
[STATE] betting — market=0x3B7970e3... bet=150s count=150s round=31
[LineZone] (307,432) -> (960,432)
[Counter] Line: (579, 10) -> (701, 710)
[2026-04-15 17:15:06] [StreamClient] Round 31 started on stream_server
[Prune] Removed 2 stale IDs (frame 100)
[Prune] Removed 4 stale IDs (frame 200)
[Prune] Removed 2 stale IDs (frame 400)
[Prune] Removed 6 stale IDs (frame 500)
[Prune] Removed 7 stale IDs (frame 600)
[Prune] Removed 6 stale IDs (frame 700)
[Prune] Removed 6 stale IDs (frame 800)
[Evidence] Saved evidence/1776284106_30s.jpg (152043 bytes, sha256:a6127e33e1046...)
[Prune] Removed 15 stale IDs (frame 900)
[Prune] Removed 7 stale IDs (frame 1000)
[Prune] Removed 6 stale IDs (frame 1100)
[Prune] Removed 11 stale IDs (frame 1200)
[Prune] Removed 8 stale IDs (frame 1300)
[Prune] Removed 14 stale IDs (frame 1400)
[Prune] Removed 3 stale IDs (frame 1500)
[Prune] Removed 2 stale IDs (frame 1600)
[Prune] Removed 9 stale IDs (frame 1700)
[Evidence] Saved evidence/1776284106_60s.jpg (157976 bytes, sha256:495db5114d953...)
[Prune] Removed 11 stale IDs (frame 1800)
[Prune] Removed 12 stale IDs (frame 1900)
[Prune] Removed 3 stale IDs (frame 2000)
[Prune] Removed 6 stale IDs (frame 2100)
[Prune] Removed 8 stale IDs (frame 2200)
[Prune] Removed 9 stale IDs (frame 2300)
[Prune] Removed 7 stale IDs (frame 2400)
[Prune] Removed 3 stale IDs (frame 2500)
[Prune] Removed 4 stale IDs (frame 2600)
[Evidence] Saved evidence/1776284106_90s.jpg (132517 bytes, sha256:7548f053b2f91...)
[Prune] Removed 9 stale IDs (frame 2700)
[Prune] Removed 8 stale IDs (frame 2800)
[Prune] Removed 6 stale IDs (frame 2900)
[Prune] Removed 4 stale IDs (frame 3000)
[Prune] Removed 5 stale IDs (frame 3100)
[Prune] Removed 2 stale IDs (frame 3300)
[Prune] Removed 5 stale IDs (frame 3400)
[Prune] Removed 5 stale IDs (frame 3500)
[Evidence] Saved evidence/1776284106_120s.jpg (151629 bytes, sha256:9633007b7e1bd...)
[Prune] Removed 7 stale IDs (frame 3600)
[Prune] Removed 6 stale IDs (frame 3700)
[Prune] Removed 9 stale IDs (frame 3800)
[Prune] Removed 5 stale IDs (frame 3900)
[Prune] Removed 5 stale IDs (frame 4000)
[Prune] Removed 6 stale IDs (frame 4100)
[Prune] Removed 2 stale IDs (frame 4200)
[Prune] Removed 5 stale IDs (frame 4300)
[STATE] counting — market=0x3B7970e3... duration=150s round=31
[Evidence] Saved evidence/1776284106_150s.jpg (152185 bytes, sha256:34915d96fbd3a...)
[Prune] Removed 2 stale IDs (frame 4400)
[Prune] Removed 1 stale IDs (frame 4500)
[Prune] Removed 1 stale IDs (frame 4600)
[Prune] Removed 2 stale IDs (frame 4700)
[Prune] Removed 1 stale IDs (frame 4800)
[Prune] Removed 3 stale IDs (frame 4900)
[Prune] Removed 1 stale IDs (frame 5000)
[Prune] Removed 2 stale IDs (frame 5100)
[Prune] Removed 1 stale IDs (frame 5200)
[Evidence] Saved evidence/1776284106_180s.jpg (147279 bytes, sha256:eeb497675feab...)
[Prune] Removed 7 stale IDs (frame 5300)
[Prune] Removed 10 stale IDs (frame 5400)
[Prune] Removed 7 stale IDs (frame 5500)
[Prune] Removed 9 stale IDs (frame 5600)
[Prune] Removed 2 stale IDs (frame 5700)
[Prune] Removed 2 stale IDs (frame 5800)
[Prune] Removed 8 stale IDs (frame 5900)
[Prune] Removed 9 stale IDs (frame 6000)
[Prune] Removed 2 stale IDs (frame 6100)
[Evidence] Saved evidence/1776284106_210s.jpg (147747 bytes, sha256:ad1560ac7df55...)
[Prune] Removed 4 stale IDs (frame 6200)
[Prune] Removed 2 stale IDs (frame 6300)
[Prune] Removed 6 stale IDs (frame 6400)
[Prune] Removed 5 stale IDs (frame 6500)
[Prune] Removed 4 stale IDs (frame 6600)
[Prune] Removed 5 stale IDs (frame 6700)
[Prune] Removed 1 stale IDs (frame 6800)
[Prune] Removed 2 stale IDs (frame 6900)
[Evidence] Saved evidence/1776284106_240s.jpg (163240 bytes, sha256:2791d4d003cd9...)
[Prune] Removed 2 stale IDs (frame 7000)
[Prune] Removed 3 stale IDs (frame 7100)
[Prune] Removed 1 stale IDs (frame 7200)
[Prune] Removed 2 stale IDs (frame 7300)
[Prune] Removed 2 stale IDs (frame 7400)
[Prune] Removed 3 stale IDs (frame 7600)
[Prune] Removed 1 stale IDs (frame 7700)
[Prune] Removed 1 stale IDs (frame 7800)
[Evidence] Saved evidence/1776284106_270s.jpg (159212 bytes, sha256:2d23c7c4c7722...)
[Prune] Removed 15 stale IDs (frame 7900)
[Prune] Removed 9 stale IDs (frame 8000)
[Prune] Removed 1 stale IDs (frame 8100)
[Prune] Removed 1 stale IDs (frame 8200)
[Prune] Removed 2 stale IDs (frame 8300)
[Prune] Removed 1 stale IDs (frame 8400)
[Prune] Removed 5 stale IDs (frame 8500)
[Prune] Removed 2 stale IDs (frame 8600)
[STATE] idle — round 31 complete: 50 vehicles
[Prune] Removed 9 stale IDs (frame 8700)
[Prune] Removed 11 stale IDs (frame 8800)
[Prune] Removed 9 stale IDs (frame 8900)
[Prune] Removed 7 stale IDs (frame 9000)
[Prune] Removed 12 stale IDs (frame 9100)
[Prune] Removed 6 stale IDs (frame 9200)
[Prune] Removed 10 stale IDs (frame 9300)
[Prune] Removed 16 stale IDs (frame 9400)
[STATE] betting — market=0xE7f62925... bet=150s count=150s round=32
[LineZone] (307,432) -> (960,432)
[Counter] Line: (579, 10) -> (701, 710)
[Prune] Removed 1 stale IDs (frame 100)
[2026-04-15 17:20:36] No round_complete via WS — reading result.json fallback
[2026-04-15 17:20:36] Count complete: 50 vehicles (in=25 out=25)
[Prune] Removed 2 stale IDs (frame 200)
[2026-04-15 17:20:38] No bets placed — cancelling market
[Prune] Removed 5 stale IDs (frame 300)
[2026-04-15 17:20:41] Market cancelled: 0x3B7970e3412472aFc88abb31acbd5917Cae68e8e (tx: 77340bc54da2f723ab203ba8bc38fce7d3f798893746a7b569c14960e63920cb)
[2026-04-15 17:20:41] Ably publish OK: market_cancelled
[2026-04-15 17:20:42] Refunds distributed: 0x3B7970e3412472aFc88abb31acbd5917Cae68e8e (tx: 3b9de76196201930a5876a3412c1e8b8fc8aec04df3f02a205120eff9fa55f1f)
[2026-04-15 17:20:42] Ledger POST failed (non-fatal): HTTP Error 400: Bad Request
[2026-04-15 17:20:42] New threshold: 54 (avg of [59, 50])
[2026-04-15 17:20:42] Waiting 15s before Round #32...
[Prune] Removed 4 stale IDs (frame 400)
[Prune] Removed 4 stale IDs (frame 500)
[Prune] Removed 2 stale IDs (frame 600)
[Prune] Removed 3 stale IDs (frame 700)
[2026-04-15 17:20:57] Round #32 | Peace Bridge — USA/Canada Border | threshold=54
[Prune] Removed 2 stale IDs (frame 800)
[2026-04-15 17:20:58] Cancelling orphan market: 0xE7f629259bF59286e741c172ccb25Bb988Cf1052
[Evidence] Saved evidence/1776284430_30s.jpg (135030 bytes, sha256:c48d35eaea1ce...)
[Prune] Removed 1 stale IDs (frame 900)
[2026-04-15 17:21:01] Market cancelled: 0xE7f629259bF59286e741c172ccb25Bb988Cf1052 (tx: 3e30a93d356ed5b48e009b1822268ea5f3a033f058ec3a73f93de85fad29204f)
[2026-04-15 17:21:01] Ably publish OK: market_cancelled
[2026-04-15 17:21:04] Refunds distributed: 0xE7f629259bF59286e741c172ccb25Bb988Cf1052 (tx: 2787e9b3082a928bab1ad4e8abfd7daca6f804bf3928e3293dfbd06dd2740b80)
[2026-04-15 17:21:04] Cancelled 1 orphan market(s)
[Prune] Removed 1 stale IDs (frame 1000)
[2026-04-15 17:21:04] createMarket tx sent: 015e4542834fcb5c7decf51377057f5e8536b8572a56f816af789f4017f3e740
[2026-04-15 17:21:07] Market created: 0x03FA6364701160f5418B95EaeB0aeb1372434594 (tx: 015e4542834fcb5c7decf51377057f5e8536b8572a56f816af789f4017f3e740)
[2026-04-15 17:21:07] Ably publish OK: market_created
[2026-04-15 17:21:07] Counting vehicles for 150s...
[STATE] betting — market=0x03FA6364... bet=150s count=150s round=32
[LineZone] (307,432) -> (960,432)
[Counter] Line: (579, 10) -> (701, 710)
[2026-04-15 17:21:07] [StreamClient] Round 32 started on stream_server
[Prune] Removed 2 stale IDs (frame 100)
[Prune] Removed 5 stale IDs (frame 200)
[Prune] Removed 11 stale IDs (frame 300)
[Prune] Removed 10 stale IDs (frame 400)
[Prune] Removed 6 stale IDs (frame 500)
[Prune] Removed 14 stale IDs (frame 600)
[Prune] Removed 6 stale IDs (frame 700)
[Prune] Removed 8 stale IDs (frame 800)
[Evidence] Saved evidence/1776284467_30s.jpg (141036 bytes, sha256:c6799c0e0b7c3...)
[Prune] Removed 3 stale IDs (frame 900)
[Prune] Removed 2 stale IDs (frame 1000)
[Prune] Removed 3 stale IDs (frame 1100)
[Prune] Removed 1 stale IDs (frame 1400)
[Prune] Removed 11 stale IDs (frame 1600)
[Prune] Removed 11 stale IDs (frame 1700)
[Evidence] Saved evidence/1776284467_60s.jpg (143943 bytes, sha256:a6e79d440817b...)
[Prune] Removed 4 stale IDs (frame 1800)
[Prune] Removed 2 stale IDs (frame 1900)
[Prune] Removed 6 stale IDs (frame 2000)
[Prune] Removed 14 stale IDs (frame 2100)
[Prune] Removed 10 stale IDs (frame 2200)
[Prune] Removed 21 stale IDs (frame 2300)
[Prune] Removed 7 stale IDs (frame 2400)
[Prune] Removed 5 stale IDs (frame 2500)
[Prune] Removed 8 stale IDs (frame 2600)
[Evidence] Saved evidence/1776284467_90s.jpg (145178 bytes, sha256:a6607f87d76aa...)
[Prune] Removed 3 stale IDs (frame 2700)
[Prune] Removed 7 stale IDs (frame 2800)
[Prune] Removed 2 stale IDs (frame 2900)
[Prune] Removed 3 stale IDs (frame 3000)
[Prune] Removed 2 stale IDs (frame 3100)
[Prune] Removed 1 stale IDs (frame 3400)
[Prune] Removed 6 stale IDs (frame 3500)
[Evidence] Saved evidence/1776284467_120s.jpg (127808 bytes, sha256:c29eff427f2d2...)
[Prune] Removed 2 stale IDs (frame 3600)
[Prune] Removed 5 stale IDs (frame 3700)
[Prune] Removed 6 stale IDs (frame 3800)
[Prune] Removed 4 stale IDs (frame 3900)
[Prune] Removed 4 stale IDs (frame 4000)
[Prune] Removed 7 stale IDs (frame 4100)
[Prune] Removed 9 stale IDs (frame 4200)
[Prune] Removed 7 stale IDs (frame 4300)
[STATE] counting — market=0x03FA6364... duration=150s round=32
[Evidence] Saved evidence/1776284467_150s.jpg (134860 bytes, sha256:7a9afe4a96a84...)
[Prune] Removed 10 stale IDs (frame 4400)
[Prune] Removed 7 stale IDs (frame 4500)
[Prune] Removed 8 stale IDs (frame 4600)
[Prune] Removed 1 stale IDs (frame 4700)
[Prune] Removed 3 stale IDs (frame 4800)
[Prune] Removed 2 stale IDs (frame 4900)
[Prune] Removed 12 stale IDs (frame 5000)
[Prune] Removed 11 stale IDs (frame 5100)
[Prune] Removed 6 stale IDs (frame 5200)
[Evidence] Saved evidence/1776284467_180s.jpg (135641 bytes, sha256:0861d822ad866...)
[Prune] Removed 5 stale IDs (frame 5300)
[Prune] Removed 6 stale IDs (frame 5400)
[Prune] Removed 11 stale IDs (frame 5500)
[Prune] Removed 9 stale IDs (frame 5600)
[Prune] Removed 2 stale IDs (frame 5700)
[Prune] Removed 1 stale IDs (frame 5800)
[Prune] Removed 1 stale IDs (frame 5900)
[Prune] Removed 8 stale IDs (frame 6000)
[Prune] Removed 4 stale IDs (frame 6100)
[Evidence] Saved evidence/1776284467_210s.jpg (144205 bytes, sha256:f101f2c74f6fc...)
[Prune] Removed 8 stale IDs (frame 6200)
[Prune] Removed 8 stale IDs (frame 6300)
[Prune] Removed 10 stale IDs (frame 6400)
[Prune] Removed 5 stale IDs (frame 6500)
[Prune] Removed 15 stale IDs (frame 6600)
[Prune] Removed 9 stale IDs (frame 6700)
[Prune] Removed 5 stale IDs (frame 6800)
[Prune] Removed 3 stale IDs (frame 6900)
[Prune] Removed 6 stale IDs (frame 7000)
[Evidence] Saved evidence/1776284467_240s.jpg (152298 bytes, sha256:7a10afe14e8cb...)
[Prune] Removed 12 stale IDs (frame 7100)
[Prune] Removed 6 stale IDs (frame 7200)
[Prune] Removed 3 stale IDs (frame 7300)
[WS] Client connected (1 total)
[Prune] Removed 5 stale IDs (frame 7400)
[Prune] Removed 3 stale IDs (frame 7500)
[Prune] Removed 3 stale IDs (frame 7600)
[Prune] Removed 2 stale IDs (frame 7700)
[Prune] Removed 6 stale IDs (frame 7800)
[Evidence] Saved evidence/1776284467_270s.jpg (149747 bytes, sha256:a3ee128bfe69a...)
[Prune] Removed 5 stale IDs (frame 7900)
[Prune] Removed 5 stale IDs (frame 8000)
[Prune] Removed 12 stale IDs (frame 8100)
[Prune] Removed 7 stale IDs (frame 8200)
[Prune] Removed 11 stale IDs (frame 8300)
[Prune] Removed 9 stale IDs (frame 8400)
[Prune] Removed 9 stale IDs (frame 8500)
[STATE] idle — round 32 complete: 66 vehicles
[Prune] Removed 11 stale IDs (frame 8600)
[Prune] Removed 6 stale IDs (frame 8700)
[Prune] Removed 4 stale IDs (frame 8800)
[Prune] Removed 2 stale IDs (frame 8900)
[WS] Client disconnected (1 total)
[Prune] Removed 11 stale IDs (frame 9000)
[WS] Client connected (2 total)
[Prune] Removed 1 stale IDs (frame 9100)
[Prune] Removed 3 stale IDs (frame 9200)
[WS] Client disconnected (1 total)
[Prune] Removed 4 stale IDs (frame 9300)
[STATE] betting — market=0xeCe6511E... bet=150s count=150s round=33
[LineZone] (307,432) -> (960,432)
[Counter] Line: (579, 10) -> (701, 710)
[Prune] Removed 1 stale IDs (frame 100)
[2026-04-15 17:26:37] No round_complete via WS — reading result.json fallback
[2026-04-15 17:26:37] Count complete: 66 vehicles (in=37 out=29)
[2026-04-15 17:26:39] No bets placed — cancelling market
[2026-04-15 17:26:39] Market cancelled: 0x03FA6364701160f5418B95EaeB0aeb1372434594 (tx: 975f580bb4052e2f2390bf2b48ad0f9ea9b97857efdfaf809cbcd1734cb08a5b)
[Prune] Removed 1 stale IDs (frame 300)
[2026-04-15 17:26:40] Ably publish OK: market_cancelled
[2026-04-15 17:26:43] Refunds distributed: 0x03FA6364701160f5418B95EaeB0aeb1372434594 (tx: 96474b11d861c3cc6d8606c75bb67923b80be348e99b46132f82a1b55c92a93a)
[2026-04-15 17:26:43] Ledger POST failed (non-fatal): HTTP Error 400: Bad Request
[2026-04-15 17:26:43] New threshold: 58 (avg of [50, 66])
[2026-04-15 17:26:43] Waiting 15s before Round #33...
[Prune] Removed 5 stale IDs (frame 400)
[Prune] Removed 2 stale IDs (frame 500)
[Prune] Removed 3 stale IDs (frame 600)
[Prune] Removed 5 stale IDs (frame 700)
[Prune] Removed 7 stale IDs (frame 800)
[2026-04-15 17:26:58] Round #33 | Peace Bridge — USA/Canada Border | threshold=58
[Evidence] Saved evidence/1776284789_30s.jpg (137306 bytes, sha256:1c01089306e2e...)
[2026-04-15 17:27:00] Cancelling orphan market: 0xeCe6511E64bD073550904ac9D435Eb6Ab617AF0b
[Prune] Removed 7 stale IDs (frame 900)
[2026-04-15 17:27:03] Market cancelled: 0xeCe6511E64bD073550904ac9D435Eb6Ab617AF0b (tx: 70e330d0cf1e7fc0648f1fae8dfd723ea664c1b50ee25583fa6305441463930e)
[2026-04-15 17:27:03] Ably publish OK: market_cancelled
[Prune] Removed 8 stale IDs (frame 1000)
[2026-04-15 17:27:06] Refunds distributed: 0xeCe6511E64bD073550904ac9D435Eb6Ab617AF0b (tx: eaa9c15842944d5abfe1eecc351f51803e8271c0c8150b6bf094142ce63841fe)
[2026-04-15 17:27:06] Cancelled 1 orphan market(s)
[2026-04-15 17:27:06] createMarket tx sent: 293ee77a3fcec144dba8d56b335aef3c56687834a50c622b1f1fa3a680b0b762
[Prune] Removed 14 stale IDs (frame 1100)
[2026-04-15 17:27:09] Market created: 0x7Fd0e3Cc9ab2cE09C9c8720167Ba6e046E62745A (tx: 293ee77a3fcec144dba8d56b335aef3c56687834a50c622b1f1fa3a680b0b762)
[2026-04-15 17:27:09] Ably publish OK: market_created
[2026-04-15 17:27:09] Counting vehicles for 150s...
[STATE] betting — market=0x7Fd0e3Cc... bet=150s count=150s round=33
[LineZone] (307,432) -> (960,432)
[Counter] Line: (579, 10) -> (701, 710)
[2026-04-15 17:27:09] [StreamClient] Round 33 started on stream_server
[Prune] Removed 1 stale IDs (frame 100)
[Prune] Removed 4 stale IDs (frame 300)
[Prune] Removed 3 stale IDs (frame 400)
[Prune] Removed 6 stale IDs (frame 500)
[Prune] Removed 2 stale IDs (frame 600)
[Prune] Removed 4 stale IDs (frame 700)
[Prune] Removed 2 stale IDs (frame 800)
[Evidence] Saved evidence/1776284829_30s.jpg (154049 bytes, sha256:38a65e404b80d...)
[Prune] Removed 3 stale IDs (frame 900)
[WS] Client disconnected (0 total)
connection handler failed
Traceback (most recent call last):
  File "/home/lumen/miniconda3/lib/python3.13/asyncio/selector_events.py", line 1067, in write
    n = self._sock.send(data)
BrokenPipeError: [Errno 32] Broken pipe

The above exception was the direct cause of the following exception:

Traceback (most recent call last):
  File "/home/lumen/miniconda3/lib/python3.13/site-packages/websockets/asyncio/server.py", line 376, in conn_handler
    await self.handler(connection)
  File "/home/lumen/.gemini/antigravity/scratch/rush/oracle/stream_server.py", line 1261, in handler
    async for msg in ws:
    ...<37 lines>...
            pass
  File "/home/lumen/miniconda3/lib/python3.13/site-packages/websockets/asyncio/connection.py", line 242, in __aiter__
    yield await self.recv()
          ^^^^^^^^^^^^^^^^^
  File "/home/lumen/miniconda3/lib/python3.13/site-packages/websockets/asyncio/connection.py", line 322, in recv
    raise self.protocol.close_exc from self.recv_exc
websockets.exceptions.ConnectionClosedError: no close frame received or sent
[Prune] Removed 1 stale IDs (frame 1000)
[Prune] Removed 2 stale IDs (frame 1100)
[Prune] Removed 1 stale IDs (frame 1200)
[Prune] Removed 4 stale IDs (frame 1300)
[Prune] Removed 4 stale IDs (frame 1400)
[Prune] Removed 6 stale IDs (frame 1500)
[Prune] Removed 5 stale IDs (frame 1600)
[Prune] Removed 5 stale IDs (frame 1700)
[Evidence] Saved evidence/1776284829_60s.jpg (151091 bytes, sha256:4cee4242ecb15...)
[Prune] Removed 5 stale IDs (frame 1800)
[Prune] Removed 7 stale IDs (frame 1900)
[Prune] Removed 8 stale IDs (frame 2000)
[Prune] Removed 4 stale IDs (frame 2100)
[Prune] Removed 4 stale IDs (frame 2200)
[Prune] Removed 11 stale IDs (frame 2300)
[Prune] Removed 11 stale IDs (frame 2400)
[Prune] Removed 5 stale IDs (frame 2500)
[Prune] Removed 1 stale IDs (frame 2600)
[Evidence] Saved evidence/1776284829_90s.jpg (151794 bytes, sha256:903cb2e665fb6...)
[Prune] Removed 3 stale IDs (frame 2700)
[Prune] Removed 3 stale IDs (frame 2800)
[Prune] Removed 1 stale IDs (frame 2900)
[Prune] Removed 4 stale IDs (frame 3000)
[Prune] Removed 2 stale IDs (frame 3100)
[Prune] Removed 2 stale IDs (frame 3200)
[Prune] Removed 3 stale IDs (frame 3300)
[Prune] Removed 6 stale IDs (frame 3500)
[Evidence] Saved evidence/1776284829_120s.jpg (143028 bytes, sha256:f2b1361df5896...)
[Prune] Removed 2 stale IDs (frame 3600)
[Prune] Removed 3 stale IDs (frame 3800)
[Prune] Removed 1 stale IDs (frame 3900)
[Prune] Removed 7 stale IDs (frame 4000)
[Prune] Removed 9 stale IDs (frame 4100)
[Prune] Removed 8 stale IDs (frame 4200)
[Prune] Removed 12 stale IDs (frame 4300)
[STATE] counting — market=0x7Fd0e3Cc... duration=150s round=33
[Evidence] Saved evidence/1776284829_150s.jpg (129597 bytes, sha256:9fe9ae51a7051...)
[Prune] Removed 14 stale IDs (frame 4400)
[Prune] Removed 11 stale IDs (frame 4500)
[Prune] Removed 5 stale IDs (frame 4600)
[Prune] Removed 10 stale IDs (frame 4700)
[Prune] Removed 9 stale IDs (frame 4800)
[Prune] Removed 14 stale IDs (frame 4900)
[Prune] Removed 6 stale IDs (frame 5000)
[Prune] Removed 5 stale IDs (frame 5100)
[Prune] Removed 3 stale IDs (frame 5200)
[Evidence] Saved evidence/1776284829_180s.jpg (141758 bytes, sha256:2b718c77608bf...)
[Prune] Removed 3 stale IDs (frame 5300)
[Prune] Removed 8 stale IDs (frame 5400)
[Prune] Removed 10 stale IDs (frame 5500)
[Prune] Removed 5 stale IDs (frame 5600)
[Prune] Removed 6 stale IDs (frame 5700)
[Prune] Removed 2 stale IDs (frame 5800)
[Prune] Removed 6 stale IDs (frame 5900)
[Prune] Removed 6 stale IDs (frame 6000)
[Prune] Removed 2 stale IDs (frame 6100)
[Evidence] Saved evidence/1776284829_210s.jpg (147605 bytes, sha256:86bbf056ce42f...)
[Prune] Removed 4 stale IDs (frame 6200)
[Prune] Removed 1 stale IDs (frame 6300)
[Prune] Removed 1 stale IDs (frame 6400)
[Prune] Removed 7 stale IDs (frame 6500)
[Prune] Removed 8 stale IDs (frame 6600)
[Prune] Removed 4 stale IDs (frame 6700)
[Prune] Removed 6 stale IDs (frame 6800)
[Prune] Removed 1 stale IDs (frame 6900)
[Prune] Removed 7 stale IDs (frame 7000)
[Evidence] Saved evidence/1776284829_240s.jpg (141977 bytes, sha256:8e4b3dfa47f29...)
[Prune] Removed 8 stale IDs (frame 7100)
[Prune] Removed 5 stale IDs (frame 7200)
[Prune] Removed 2 stale IDs (frame 7300)
[Prune] Removed 2 stale IDs (frame 7400)
[Prune] Removed 4 stale IDs (frame 7500)
[Prune] Removed 4 stale IDs (frame 7600)
[Prune] Removed 5 stale IDs (frame 7700)
[Prune] Removed 4 stale IDs (frame 7800)
[WS] Client disconnected (0 total)
[WS] Client connected (1 total)
[Evidence] Saved evidence/1776284829_270s.jpg (158141 bytes, sha256:4b1e594856595...)
[Prune] Removed 12 stale IDs (frame 7900)
[Prune] Removed 1 stale IDs (frame 8000)
[Prune] Removed 6 stale IDs (frame 8100)
[Prune] Removed 5 stale IDs (frame 8200)
[Prune] Removed 6 stale IDs (frame 8300)
[Prune] Removed 8 stale IDs (frame 8400)
[STATE] idle — round 33 complete: 61 vehicles
[Prune] Removed 8 stale IDs (frame 8500)
[Prune] Removed 6 stale IDs (frame 8600)
[Prune] Removed 6 stale IDs (frame 8700)
[Prune] Removed 7 stale IDs (frame 8800)
[Prune] Removed 9 stale IDs (frame 8900)
[Prune] Removed 6 stale IDs (frame 9000)
[Prune] Removed 10 stale IDs (frame 9100)
[Prune] Removed 7 stale IDs (frame 9200)
[STATE] betting — market=0x8F54E291... bet=150s count=150s round=34
[LineZone] (307,432) -> (960,432)
[Counter] Line: (579, 10) -> (701, 710)
[Prune] Removed 1 stale IDs (frame 100)
[Prune] Removed 5 stale IDs (frame 200)
[Prune] Removed 3 stale IDs (frame 300)
[2026-04-15 17:32:39] No round_complete via WS — reading result.json fallback
[2026-04-15 17:32:39] Count complete: 61 vehicles (in=28 out=33)
[Prune] Removed 3 stale IDs (frame 400)
[2026-04-15 17:32:41] No bets placed — cancelling market
[2026-04-15 17:32:44] Market cancelled: 0x7Fd0e3Cc9ab2cE09C9c8720167Ba6e046E62745A (tx: d37f0827da3b512f37372c166fe2cce0bcb51b748c8028b0bf8663be621d8d14)
[2026-04-15 17:32:44] Ably publish OK: market_cancelled
[2026-04-15 17:32:47] Refunds distributed: 0x7Fd0e3Cc9ab2cE09C9c8720167Ba6e046E62745A (tx: f6ac203b1ba9505ef347d4d293098e23a3a8f73ed32a4784f82289c28bdf60cd)
[Prune] Removed 5 stale IDs (frame 600)
[2026-04-15 17:32:47] Ledger POST failed (non-fatal): HTTP Error 400: Bad Request
[2026-04-15 17:32:47] New threshold: 63 (avg of [66, 61])
[2026-04-15 17:32:47] Waiting 15s before Round #34...
[Prune] Removed 4 stale IDs (frame 700)
[Evidence] Saved evidence/1776285146_30s.jpg (157026 bytes, sha256:1847d4a47340f...)
[Prune] Removed 3 stale IDs (frame 900)
[Prune] Removed 1 stale IDs (frame 1000)
[2026-04-15 17:33:02] Round #34 | Peace Bridge — USA/Canada Border | threshold=63
[2026-04-15 17:33:02] Cancelling orphan market: 0x8F54E2910dBaD26b5171De0AB0757d58603D1961
[2026-04-15 17:33:03] Market cancelled: 0x8F54E2910dBaD26b5171De0AB0757d58603D1961 (tx: 9cd4783c5aaf44ef553408eb8acacd6171ab23ec6cf3ed5985257fbea9356677)
[2026-04-15 17:33:03] Ably publish OK: market_cancelled
[Prune] Removed 2 stale IDs (frame 1100)
[2026-04-15 17:33:04] Refunds distributed: 0x8F54E2910dBaD26b5171De0AB0757d58603D1961 (tx: b3008dd5aae35870ec09c7710b4735f75460ab3650be5938e125c06de2e45714)
[2026-04-15 17:33:04] Cancelled 1 orphan market(s)
[2026-04-15 17:33:05] createMarket tx sent: 111a2ba84dc5fbe80b8e41b37642e965e8aecf06bf1a023b2a43de0a73fc69e9
[2026-04-15 17:33:05] Market created: 0x421F9ee80118a04FcbFE1FD1dBdb5033DA923831 (tx: 111a2ba84dc5fbe80b8e41b37642e965e8aecf06bf1a023b2a43de0a73fc69e9)
[2026-04-15 17:33:06] Ably publish OK: market_created
[2026-04-15 17:33:06] Counting vehicles for 150s...
[STATE] betting — market=0x421F9ee8... bet=150s count=150s round=34
[LineZone] (307,432) -> (960,432)
[Counter] Line: (579, 10) -> (701, 710)
[2026-04-15 17:33:06] [StreamClient] Round 34 started on stream_server
[Prune] Removed 1 stale IDs (frame 100)
[Prune] Removed 8 stale IDs (frame 200)
[Prune] Removed 6 stale IDs (frame 300)
[Prune] Removed 11 stale IDs (frame 400)
[Prune] Removed 12 stale IDs (frame 500)
[WS] Client connected (2 total)
[Prune] Removed 14 stale IDs (frame 600)
[Prune] Removed 9 stale IDs (frame 700)
[Prune] Removed 13 stale IDs (frame 800)
[Evidence] Saved evidence/1776285186_30s.jpg (127745 bytes, sha256:3a1bcf8af30b2...)
[Prune] Removed 3 stale IDs (frame 900)
[Prune] Removed 2 stale IDs (frame 1000)
[Prune] Removed 3 stale IDs (frame 1100)
[Prune] Removed 6 stale IDs (frame 1200)
[Prune] Removed 7 stale IDs (frame 1300)
[Prune] Removed 4 stale IDs (frame 1400)
[Prune] Removed 10 stale IDs (frame 1500)
[Evidence] Saved evidence/1776285186_60s.jpg (143488 bytes, sha256:10ae041087c1b...)
[Prune] Removed 2 stale IDs (frame 1700)
[Prune] Removed 4 stale IDs (frame 2000)
[Prune] Removed 5 stale IDs (frame 2100)
[Prune] Removed 5 stale IDs (frame 2200)
[Prune] Removed 5 stale IDs (frame 2300)
[Prune] Removed 9 stale IDs (frame 2400)
[Prune] Removed 16 stale IDs (frame 2500)
[Evidence] Saved evidence/1776285186_90s.jpg (140211 bytes, sha256:701040ab60837...)
[Prune] Removed 13 stale IDs (frame 2600)
[Prune] Removed 11 stale IDs (frame 2700)
[WS] Client disconnected (1 total)
connection handler failed
Traceback (most recent call last):
  File "/home/lumen/miniconda3/lib/python3.13/site-packages/websockets/asyncio/server.py", line 376, in conn_handler
    await self.handler(connection)
  File "/home/lumen/.gemini/antigravity/scratch/rush/oracle/stream_server.py", line 1261, in handler
    async for msg in ws:
    ...<37 lines>...
            pass
  File "/home/lumen/miniconda3/lib/python3.13/site-packages/websockets/asyncio/connection.py", line 242, in __aiter__
    yield await self.recv()
          ^^^^^^^^^^^^^^^^^
  File "/home/lumen/miniconda3/lib/python3.13/site-packages/websockets/asyncio/connection.py", line 322, in recv
    raise self.protocol.close_exc from self.recv_exc
websockets.exceptions.ConnectionClosedError: no close frame received or sent
[Prune] Removed 9 stale IDs (frame 2800)
[Prune] Removed 3 stale IDs (frame 2900)
[Prune] Removed 1 stale IDs (frame 3000)
[Prune] Removed 3 stale IDs (frame 3100)
[Prune] Removed 10 stale IDs (frame 3200)
[Prune] Removed 1 stale IDs (frame 3300)
[Evidence] Saved evidence/1776285186_120s.jpg (146130 bytes, sha256:78b521ba84420...)
[Prune] Removed 1 stale IDs (frame 3600)
[Prune] Removed 5 stale IDs (frame 3700)
[Prune] Removed 3 stale IDs (frame 3800)
[Prune] Removed 4 stale IDs (frame 3900)
[Prune] Removed 5 stale IDs (frame 4000)
[Prune] Removed 3 stale IDs (frame 4100)
[Prune] Removed 7 stale IDs (frame 4200)
[Prune] Removed 9 stale IDs (frame 4300)
[STATE] counting — market=0x421F9ee8... duration=150s round=34
[Evidence] Saved evidence/1776285186_150s.jpg (124793 bytes, sha256:976905365974c...)
[Prune] Removed 12 stale IDs (frame 4400)
[Prune] Removed 7 stale IDs (frame 4500)
[Prune] Removed 4 stale IDs (frame 4600)
[Prune] Removed 3 stale IDs (frame 4700)
[Prune] Removed 6 stale IDs (frame 4800)
[Prune] Removed 9 stale IDs (frame 4900)
[Prune] Removed 10 stale IDs (frame 5000)
[Prune] Removed 3 stale IDs (frame 5100)
[Prune] Removed 4 stale IDs (frame 5200)
[Evidence] Saved evidence/1776285186_180s.jpg (132766 bytes, sha256:d65c2d4d88878...)
[Prune] Removed 13 stale IDs (frame 5300)
[Prune] Removed 2 stale IDs (frame 5400)
[Prune] Removed 6 stale IDs (frame 5500)
[Prune] Removed 3 stale IDs (frame 5600)
[Prune] Removed 3 stale IDs (frame 5700)
[Prune] Removed 4 stale IDs (frame 5800)
[Prune] Removed 4 stale IDs (frame 5900)
[Prune] Removed 9 stale IDs (frame 6000)
[Evidence] Saved evidence/1776285186_210s.jpg (136303 bytes, sha256:db689da5ee0a9...)
[Prune] Removed 5 stale IDs (frame 6100)
[Prune] Removed 2 stale IDs (frame 6200)
[Prune] Removed 3 stale IDs (frame 6300)
[Prune] Removed 6 stale IDs (frame 6400)
[Prune] Removed 4 stale IDs (frame 6500)
[Prune] Removed 6 stale IDs (frame 6600)
[Prune] Removed 1 stale IDs (frame 6700)
[Evidence] Saved evidence/1776285186_240s.jpg (145237 bytes, sha256:a23bb06700711...)
[Prune] Removed 1 stale IDs (frame 7000)
[Prune] Removed 1 stale IDs (frame 7100)
[Prune] Removed 2 stale IDs (frame 7200)
[Prune] Removed 12 stale IDs (frame 7400)
[Prune] Removed 7 stale IDs (frame 7500)
[Prune] Removed 7 stale IDs (frame 7600)
[Prune] Removed 4 stale IDs (frame 7700)
[Prune] Removed 7 stale IDs (frame 7800)
[Evidence] Saved evidence/1776285186_270s.jpg (127660 bytes, sha256:3891227c427a6...)
[Prune] Removed 12 stale IDs (frame 7900)
[Prune] Removed 10 stale IDs (frame 8000)
[Prune] Removed 10 stale IDs (frame 8100)
[Prune] Removed 11 stale IDs (frame 8200)
[Prune] Removed 14 stale IDs (frame 8300)
[Prune] Removed 10 stale IDs (frame 8400)
[STATE] idle — round 34 complete: 67 vehicles
[Prune] Removed 3 stale IDs (frame 8500)
[Prune] Removed 4 stale IDs (frame 8600)
[Prune] Removed 1 stale IDs (frame 8700)
[WS] Client connected (2 total)
[Prune] Removed 4 stale IDs (frame 8800)
[Prune] Removed 7 stale IDs (frame 8900)
[Prune] Removed 4 stale IDs (frame 9000)
[WS] Client disconnected (1 total)
connection handler failed
Traceback (most recent call last):
  File "/home/lumen/miniconda3/lib/python3.13/asyncio/selector_events.py", line 1067, in write
    n = self._sock.send(data)
BrokenPipeError: [Errno 32] Broken pipe

The above exception was the direct cause of the following exception:

Traceback (most recent call last):
  File "/home/lumen/miniconda3/lib/python3.13/site-packages/websockets/asyncio/server.py", line 376, in conn_handler
    await self.handler(connection)
  File "/home/lumen/.gemini/antigravity/scratch/rush/oracle/stream_server.py", line 1261, in handler
    async for msg in ws:
    ...<37 lines>...
            pass
  File "/home/lumen/miniconda3/lib/python3.13/site-packages/websockets/asyncio/connection.py", line 242, in __aiter__
    yield await self.recv()
          ^^^^^^^^^^^^^^^^^
  File "/home/lumen/miniconda3/lib/python3.13/site-packages/websockets/asyncio/connection.py", line 322, in recv
    raise self.protocol.close_exc from self.recv_exc
websockets.exceptions.ConnectionClosedError: no close frame received or sent
[Prune] Removed 8 stale IDs (frame 9100)
[STATE] betting — market=0x099b299e... bet=150s count=150s round=35
[LineZone] (307,432) -> (960,432)
[Counter] Line: (579, 10) -> (701, 710)
[Prune] Removed 5 stale IDs (frame 200)
[Prune] Removed 8 stale IDs (frame 300)
[Prune] Removed 8 stale IDs (frame 400)
[2026-04-15 17:38:36] No round_complete via WS — reading result.json fallback
[2026-04-15 17:38:36] Count complete: 67 vehicles (in=38 out=29)
[2026-04-15 17:38:37] No bets placed — cancelling market
[2026-04-15 17:38:38] Market cancelled: 0x421F9ee80118a04FcbFE1FD1dBdb5033DA923831 (tx: c654d03a96902b7bbe4752449e6684c539a00320bcd38fc5049dd08f19165b65)
[2026-04-15 17:38:38] Ably publish OK: market_cancelled
[Prune] Removed 8 stale IDs (frame 500)
[2026-04-15 17:38:41] Refunds distributed: 0x421F9ee80118a04FcbFE1FD1dBdb5033DA923831 (tx: b5445ad407dcc4fd7284565472d1b640d59cd6def9c9b9d53e0f9958db1452bb)
[2026-04-15 17:38:41] Ledger POST failed (non-fatal): HTTP Error 400: Bad Request
[2026-04-15 17:38:41] New threshold: 64 (avg of [61, 67])
[2026-04-15 17:38:41] Waiting 15s before Round #35...
[Prune] Removed 8 stale IDs (frame 600)
[Prune] Removed 15 stale IDs (frame 700)
[Prune] Removed 11 stale IDs (frame 800)
[Evidence] Saved evidence/1776285502_30s.jpg (140917 bytes, sha256:a3123a69bd15e...)
[Prune] Removed 14 stale IDs (frame 900)
[Prune] Removed 11 stale IDs (frame 1000)
[2026-04-15 17:38:56] Round #35 | Peace Bridge — USA/Canada Border | threshold=64
[2026-04-15 17:38:57] Cancelling orphan market: 0x099b299ed26e8B67cF710E78A18Fb55c8315B32a
[2026-04-15 17:38:57] Market cancelled: 0x099b299ed26e8B67cF710E78A18Fb55c8315B32a (tx: 8235ae8c2b17adc53d78116880dfe4cb49216b96e3d232c744ad2364ad94b1da)
[2026-04-15 17:38:58] Ably publish OK: market_cancelled
[Prune] Removed 9 stale IDs (frame 1100)
[2026-04-15 17:39:00] Refunds distributed: 0x099b299ed26e8B67cF710E78A18Fb55c8315B32a (tx: 04d9a8cc065610687c59276cca4bdf294c126a93cf498039acd2acfec690f926)
[2026-04-15 17:39:00] Cancelled 1 orphan market(s)
[2026-04-15 17:39:01] createMarket tx sent: e2628d07bdb1b1a24e50ade925c5c7d514b194ee7c43f74e5504c4ad2f4dc88e
[2026-04-15 17:39:01] Market created: 0x965AcCC889bA8F3ac2a6bF1bC3902063A6a78B21 (tx: e2628d07bdb1b1a24e50ade925c5c7d514b194ee7c43f74e5504c4ad2f4dc88e)
[2026-04-15 17:39:02] Ably publish OK: market_created
[2026-04-15 17:39:02] Counting vehicles for 150s...
[STATE] betting — market=0x965AcCC8... bet=150s count=150s round=35
[LineZone] (307,432) -> (960,432)
[Counter] Line: (579, 10) -> (701, 710)
[2026-04-15 17:39:02] [StreamClient] Round 35 started on stream_server
[Prune] Removed 2 stale IDs (frame 200)
[Prune] Removed 2 stale IDs (frame 300)
[Prune] Removed 5 stale IDs (frame 400)
[Prune] Removed 2 stale IDs (frame 500)
[Prune] Removed 8 stale IDs (frame 600)
[Prune] Removed 6 stale IDs (frame 700)
[Prune] Removed 8 stale IDs (frame 800)
[Evidence] Saved evidence/1776285542_30s.jpg (142835 bytes, sha256:474fc887140b0...)
[Prune] Removed 5 stale IDs (frame 900)
[Prune] Removed 9 stale IDs (frame 1000)
[Prune] Removed 11 stale IDs (frame 1100)
[Prune] Removed 16 stale IDs (frame 1200)
[Prune] Removed 9 stale IDs (frame 1300)
[Prune] Removed 5 stale IDs (frame 1400)
[Prune] Removed 4 stale IDs (frame 1500)
[Prune] Removed 5 stale IDs (frame 1600)
[Prune] Removed 1 stale IDs (frame 1700)
[Evidence] Saved evidence/1776285542_60s.jpg (152931 bytes, sha256:da68b29dee2d9...)
[Prune] Removed 5 stale IDs (frame 1800)
[Prune] Removed 2 stale IDs (frame 1900)
[Prune] Removed 4 stale IDs (frame 2000)
[Prune] Removed 3 stale IDs (frame 2100)
[Prune] Removed 2 stale IDs (frame 2200)
[Prune] Removed 3 stale IDs (frame 2300)
[Prune] Removed 3 stale IDs (frame 2400)
[Prune] Removed 2 stale IDs (frame 2500)
[Prune] Removed 3 stale IDs (frame 2600)
[Evidence] Saved evidence/1776285542_90s.jpg (133599 bytes, sha256:0c4b040a72762...)
[Prune] Removed 8 stale IDs (frame 2700)
[Prune] Removed 7 stale IDs (frame 2800)
[Prune] Removed 8 stale IDs (frame 2900)
[Prune] Removed 5 stale IDs (frame 3000)
[Prune] Removed 3 stale IDs (frame 3100)
[Prune] Removed 7 stale IDs (frame 3200)
[Prune] Removed 9 stale IDs (frame 3300)
[Prune] Removed 7 stale IDs (frame 3400)
[Prune] Removed 12 stale IDs (frame 3500)
[Evidence] Saved evidence/1776285542_120s.jpg (129022 bytes, sha256:10d54c77787dc...)
[Prune] Removed 20 stale IDs (frame 3600)
[Prune] Removed 12 stale IDs (frame 3700)
[Prune] Removed 10 stale IDs (frame 3800)
[Prune] Removed 10 stale IDs (frame 3900)
[Prune] Removed 6 stale IDs (frame 4000)
[Prune] Removed 10 stale IDs (frame 4100)
[Prune] Removed 5 stale IDs (frame 4200)
[Prune] Removed 5 stale IDs (frame 4300)
[Prune] Removed 4 stale IDs (frame 4400)
[STATE] counting — market=0x965AcCC8... duration=150s round=35
[Evidence] Saved evidence/1776285542_150s.jpg (129430 bytes, sha256:dbe6f11d46cce...)
[Prune] Removed 1 stale IDs (frame 4500)
[Prune] Removed 1 stale IDs (frame 4800)
[Prune] Removed 5 stale IDs (frame 4900)
[Prune] Removed 4 stale IDs (frame 5000)
[Prune] Removed 8 stale IDs (frame 5100)
[Prune] Removed 7 stale IDs (frame 5200)
[Prune] Removed 2 stale IDs (frame 5300)
[Evidence] Saved evidence/1776285542_180s.jpg (132829 bytes, sha256:2e43b164c785d...)
[Prune] Removed 7 stale IDs (frame 5400)
[Prune] Removed 8 stale IDs (frame 5500)
[Prune] Removed 6 stale IDs (frame 5600)
[Prune] Removed 3 stale IDs (frame 5700)
[Prune] Removed 9 stale IDs (frame 5800)
[Prune] Removed 3 stale IDs (frame 5900)
[Prune] Removed 6 stale IDs (frame 6000)
[Prune] Removed 5 stale IDs (frame 6100)
[Evidence] Saved evidence/1776285542_210s.jpg (128487 bytes, sha256:2e4910b7255f0...)
[Prune] Removed 4 stale IDs (frame 6200)
[Prune] Removed 6 stale IDs (frame 6300)
[Prune] Removed 9 stale IDs (frame 6400)
[Prune] Removed 7 stale IDs (frame 6500)
[Prune] Removed 11 stale IDs (frame 6600)
[WS] Client connected (2 total)
[Prune] Removed 2 stale IDs (frame 6700)
[Prune] Removed 2 stale IDs (frame 6800)
[Prune] Removed 8 stale IDs (frame 6900)
[Prune] Removed 6 stale IDs (frame 7000)
[Evidence] Saved evidence/1776285542_240s.jpg (127743 bytes, sha256:2a67ba69b0bf2...)
[Prune] Removed 7 stale IDs (frame 7100)
[Prune] Removed 1 stale IDs (frame 7200)
[Prune] Removed 3 stale IDs (frame 7300)
[Prune] Removed 1 stale IDs (frame 7400)
[Prune] Removed 10 stale IDs (frame 7500)
[Prune] Removed 3 stale IDs (frame 7600)
[Prune] Removed 2 stale IDs (frame 7800)
[Evidence] Saved evidence/1776285542_270s.jpg (140432 bytes, sha256:cfd68eed6838a...)
[Prune] Removed 2 stale IDs (frame 8000)
[Prune] Removed 11 stale IDs (frame 8100)
[Prune] Removed 4 stale IDs (frame 8300)
[Prune] Removed 6 stale IDs (frame 8400)
[Prune] Removed 6 stale IDs (frame 8500)
[STATE] idle — round 35 complete: 76 vehicles
[Prune] Removed 2 stale IDs (frame 8600)
[Prune] Removed 5 stale IDs (frame 8900)
[Prune] Removed 3 stale IDs (frame 9000)
[Prune] Removed 5 stale IDs (frame 9100)
[Prune] Removed 9 stale IDs (frame 9200)
[Prune] Removed 7 stale IDs (frame 9300)
[STATE] betting — market=0x20a077fe... bet=150s count=150s round=36
[LineZone] (307,432) -> (960,432)
[Counter] Line: (579, 10) -> (701, 710)
[Prune] Removed 2 stale IDs (frame 100)
[Prune] Removed 7 stale IDs (frame 200)
[Prune] Removed 6 stale IDs (frame 300)
[2026-04-15 17:44:32] No round_complete via WS — reading result.json fallback
[2026-04-15 17:44:32] Count complete: 76 vehicles (in=48 out=28)
[Prune] Removed 10 stale IDs (frame 400)
[2026-04-15 17:44:33] No bets placed — cancelling market
[2026-04-15 17:44:36] Market cancelled: 0x965AcCC889bA8F3ac2a6bF1bC3902063A6a78B21 (tx: 10cfe941182f5e44acec9e58baa4c680f73e519b504887e32574e27f9a612cae)
[Prune] Removed 5 stale IDs (frame 500)
[2026-04-15 17:44:36] Ably publish OK: market_cancelled
[2026-04-15 17:44:37] Refunds distributed: 0x965AcCC889bA8F3ac2a6bF1bC3902063A6a78B21 (tx: 1e5c74f8e39ea3ac8505bb687c80597eaa5f6f684c508459575d49ad716f24e1)
[2026-04-15 17:44:37] Ledger POST failed (non-fatal): HTTP Error 400: Bad Request
[2026-04-15 17:44:37] New threshold: 71 (avg of [67, 76])
[2026-04-15 17:44:37] Waiting 15s before Round #36...
[Prune] Removed 6 stale IDs (frame 600)
[Prune] Removed 9 stale IDs (frame 700)
[Prune] Removed 4 stale IDs (frame 800)
[Evidence] Saved evidence/1776285859_30s.jpg (131994 bytes, sha256:056cc6860ac76...)
[Prune] Removed 3 stale IDs (frame 900)
[2026-04-15 17:44:52] Round #36 | Peace Bridge — USA/Canada Border | threshold=71
[2026-04-15 17:44:53] Cancelling orphan market: 0x20a077feE95b6cf75BE4d20057e289c20e244F9D
[Prune] Removed 10 stale IDs (frame 1000)
[2026-04-15 17:44:54] Market cancelled: 0x20a077feE95b6cf75BE4d20057e289c20e244F9D (tx: 327d33942e92f0a29950b83ff1c27f5c8c3c96b1bc671a6bcbe0beec0a3645ab)
[2026-04-15 17:44:54] Ably publish OK: market_cancelled
[Prune] Removed 8 stale IDs (frame 1100)
[2026-04-15 17:44:57] Refunds distributed: 0x20a077feE95b6cf75BE4d20057e289c20e244F9D (tx: 06b6d3adfb9a46320be417bf75634b4f3a545bcbebd2e93bb793736a9b3e8315)
[2026-04-15 17:44:57] Cancelled 1 orphan market(s)
[2026-04-15 17:44:57] createMarket tx sent: b1ee5644c14552cc3d97567633eb765ca4cfc971a9e25b4d0f15d04448d5f128
[2026-04-15 17:44:58] Market created: 0x35A592cb19D737Bc8F1FABAa8d28F6a6f541B5a8 (tx: b1ee5644c14552cc3d97567633eb765ca4cfc971a9e25b4d0f15d04448d5f128)
[2026-04-15 17:44:59] Ably publish OK: market_created
[2026-04-15 17:44:59] Counting vehicles for 150s...
[STATE] betting — market=0x35A592cb... bet=150s count=150s round=36
[LineZone] (307,432) -> (960,432)
[Counter] Line: (579, 10) -> (701, 710)
[2026-04-15 17:44:59] [StreamClient] Round 36 started on stream_server
[Prune] Removed 1 stale IDs (frame 100)
[Prune] Removed 15 stale IDs (frame 200)
[Prune] Removed 6 stale IDs (frame 300)
[Prune] Removed 2 stale IDs (frame 400)
[Prune] Removed 2 stale IDs (frame 500)
[Prune] Removed 1 stale IDs (frame 800)
[Evidence] Saved evidence/1776285899_30s.jpg (141053 bytes, sha256:1ad46acd93ab1...)
[Prune] Removed 2 stale IDs (frame 900)
[Prune] Removed 1 stale IDs (frame 1000)
[Prune] Removed 1 stale IDs (frame 1100)
[Prune] Removed 1 stale IDs (frame 1200)
[Prune] Removed 5 stale IDs (frame 1300)
[Prune] Removed 6 stale IDs (frame 1400)
[Prune] Removed 5 stale IDs (frame 1500)
[Prune] Removed 6 stale IDs (frame 1600)
[Prune] Removed 3 stale IDs (frame 1700)
[Evidence] Saved evidence/1776285899_60s.jpg (137469 bytes, sha256:98be3f7e66dc2...)
[Prune] Removed 6 stale IDs (frame 1800)
[Prune] Removed 3 stale IDs (frame 1900)
[Prune] Removed 1 stale IDs (frame 2000)
[Prune] Removed 6 stale IDs (frame 2100)
[Prune] Removed 13 stale IDs (frame 2200)
[Prune] Removed 10 stale IDs (frame 2300)
[Prune] Removed 1 stale IDs (frame 2400)
[Prune] Removed 1 stale IDs (frame 2500)
[Prune] Removed 2 stale IDs (frame 2600)
[Evidence] Saved evidence/1776285899_90s.jpg (140082 bytes, sha256:a55bc2ffe6f58...)
[Prune] Removed 4 stale IDs (frame 2700)
[Prune] Removed 6 stale IDs (frame 2800)
[Prune] Removed 10 stale IDs (frame 2900)
[Prune] Removed 12 stale IDs (frame 3000)
[Prune] Removed 15 stale IDs (frame 3100)
[Prune] Removed 9 stale IDs (frame 3200)
[Prune] Removed 3 stale IDs (frame 3300)
[Prune] Removed 9 stale IDs (frame 3400)
[Evidence] Saved evidence/1776285899_120s.jpg (151003 bytes, sha256:1d12b8bf57b61...)
[Prune] Removed 15 stale IDs (frame 3500)
[Prune] Removed 22 stale IDs (frame 3600)
[Prune] Removed 7 stale IDs (frame 3700)
[Prune] Removed 8 stale IDs (frame 3800)
[Prune] Removed 11 stale IDs (frame 3900)
[Prune] Removed 6 stale IDs (frame 4000)
[Prune] Removed 11 stale IDs (frame 4100)
[Prune] Removed 10 stale IDs (frame 4200)
[Prune] Removed 12 stale IDs (frame 4300)
[STATE] counting — market=0x35A592cb... duration=150s round=36
[Evidence] Saved evidence/1776285899_150s.jpg (132376 bytes, sha256:77da808467f9f...)
[Prune] Removed 8 stale IDs (frame 4400)
[Prune] Removed 5 stale IDs (frame 4500)
[Prune] Removed 7 stale IDs (frame 4600)
[Prune] Removed 1 stale IDs (frame 4700)
[Prune] Removed 5 stale IDs (frame 4800)
[Prune] Removed 5 stale IDs (frame 4900)
[Prune] Removed 5 stale IDs (frame 5000)
[Prune] Removed 4 stale IDs (frame 5100)
[Prune] Removed 8 stale IDs (frame 5200)
[Evidence] Saved evidence/1776285899_180s.jpg (133297 bytes, sha256:ae61b6b06bfcc...)
[Prune] Removed 13 stale IDs (frame 5300)
[Prune] Removed 12 stale IDs (frame 5400)
[Prune] Removed 6 stale IDs (frame 5500)
[Prune] Removed 7 stale IDs (frame 5600)
[Prune] Removed 11 stale IDs (frame 5700)
[Prune] Removed 5 stale IDs (frame 5800)
[Prune] Removed 1 stale IDs (frame 5900)
[Prune] Removed 2 stale IDs (frame 6100)
[Evidence] Saved evidence/1776285899_210s.jpg (150706 bytes, sha256:31e855dd0cfe2...)
[Prune] Removed 3 stale IDs (frame 6200)
[Prune] Removed 13 stale IDs (frame 6300)
[Prune] Removed 3 stale IDs (frame 6400)
[Prune] Removed 6 stale IDs (frame 6500)
[Prune] Removed 9 stale IDs (frame 6600)
[Prune] Removed 8 stale IDs (frame 6700)
[Prune] Removed 9 stale IDs (frame 6800)
[Prune] Removed 7 stale IDs (frame 6900)
[Prune] Removed 19 stale IDs (frame 7000)
[Evidence] Saved evidence/1776285899_240s.jpg (139885 bytes, sha256:f69d6c2680add...)
[Prune] Removed 3 stale IDs (frame 7100)
[Prune] Removed 8 stale IDs (frame 7200)
[Prune] Removed 7 stale IDs (frame 7300)
[Prune] Removed 6 stale IDs (frame 7400)
[Prune] Removed 4 stale IDs (frame 7500)
[Prune] Removed 3 stale IDs (frame 7600)
[Prune] Removed 4 stale IDs (frame 7700)
[Prune] Removed 9 stale IDs (frame 7800)
[Prune] Removed 3 stale IDs (frame 7900)
[Evidence] Saved evidence/1776285899_270s.jpg (154283 bytes, sha256:6db8361b42a05...)
[Prune] Removed 1 stale IDs (frame 8100)
[Prune] Removed 8 stale IDs (frame 8200)
[Prune] Removed 5 stale IDs (frame 8300)
[Prune] Removed 5 stale IDs (frame 8400)
[Prune] Removed 5 stale IDs (frame 8500)
[STATE] idle — round 36 complete: 79 vehicles
[Prune] Removed 12 stale IDs (frame 8600)
[Prune] Removed 6 stale IDs (frame 8700)
[Prune] Removed 5 stale IDs (frame 8800)
[Prune] Removed 3 stale IDs (frame 8900)
[Prune] Removed 4 stale IDs (frame 9000)
[Prune] Removed 7 stale IDs (frame 9100)
[Prune] Removed 4 stale IDs (frame 9200)
[STATE] betting — market=0x46F81aa2... bet=150s count=150s round=37
[LineZone] (307,432) -> (960,432)
[Counter] Line: (579, 10) -> (701, 710)
[Prune] Removed 4 stale IDs (frame 200)
[Prune] Removed 1 stale IDs (frame 300)
[2026-04-15 17:50:29] No round_complete via WS — reading result.json fallback
[2026-04-15 17:50:29] Count complete: 79 vehicles (in=43 out=36)
[Prune] Removed 4 stale IDs (frame 400)
[2026-04-15 17:50:30] No bets placed — cancelling market
[2026-04-15 17:50:33] Market cancelled: 0x35A592cb19D737Bc8F1FABAa8d28F6a6f541B5a8 (tx: 9202d57b3841cf51284f08b671806e1e43be4da9bba2c3dcde0c8c2852a82808)
[Prune] Removed 8 stale IDs (frame 500)
[2026-04-15 17:50:33] Ably publish OK: market_cancelled
[2026-04-15 17:50:36] Refunds distributed: 0x35A592cb19D737Bc8F1FABAa8d28F6a6f541B5a8 (tx: dacfa682f56c38d21e6f5ad9d2a0a5afaaf1097ef76d68607e1f69b20d76b9fd)
[2026-04-15 17:50:36] Ledger POST failed (non-fatal): HTTP Error 400: Bad Request
[2026-04-15 17:50:36] New threshold: 77 (avg of [76, 79])
[2026-04-15 17:50:36] Waiting 15s before Round #37...
[Prune] Removed 3 stale IDs (frame 700)
[Prune] Removed 7 stale IDs (frame 800)
[Evidence] Saved evidence/1776286216_30s.jpg (154358 bytes, sha256:7da0320eb1849...)
[Prune] Removed 5 stale IDs (frame 900)
[Prune] Removed 2 stale IDs (frame 1000)
[2026-04-15 17:50:51] Round #37 | Peace Bridge — USA/Canada Border | threshold=77
[2026-04-15 17:50:52] Cancelling orphan market: 0x46F81aa2C0a43138E74DC900360D87AB661A0047
[Prune] Removed 1 stale IDs (frame 1100)
[2026-04-15 17:50:55] Market cancelled: 0x46F81aa2C0a43138E74DC900360D87AB661A0047 (tx: 54d91cbb2e069ac81511dd4658587574986aa91a3a242998763507c8b6d5f793)
[2026-04-15 17:50:55] Ably publish OK: market_cancelled
[2026-04-15 17:50:56] Refunds distributed: 0x46F81aa2C0a43138E74DC900360D87AB661A0047 (tx: 88f7df9e75f3b8d11d666fabcd1afb614843fe6156fb1308ae4b13c1f494cb6b)
[2026-04-15 17:50:56] Cancelled 1 orphan market(s)
[2026-04-15 17:50:56] createMarket tx sent: b39de1c5e7ac0fb7017598375935df88fdc3e8ab6e2ba2be585e07d3c0acd696
[Prune] Removed 8 stale IDs (frame 1200)
[2026-04-15 17:50:58] Market created: 0xd4063049D74538619778c937B652c792a4Fb6260 (tx: b39de1c5e7ac0fb7017598375935df88fdc3e8ab6e2ba2be585e07d3c0acd696)
[2026-04-15 17:50:59] Ably publish OK: market_created
[2026-04-15 17:50:59] Counting vehicles for 150s...
[STATE] betting — market=0xd4063049... bet=150s count=150s round=37
[LineZone] (307,432) -> (960,432)
[Counter] Line: (579, 10) -> (701, 710)
[2026-04-15 17:50:59] [StreamClient] Round 37 started on stream_server
[Prune] Removed 8 stale IDs (frame 200)
[Prune] Removed 5 stale IDs (frame 300)
[Prune] Removed 10 stale IDs (frame 400)
[Prune] Removed 3 stale IDs (frame 500)
[Prune] Removed 6 stale IDs (frame 600)
[Prune] Removed 1 stale IDs (frame 700)
[Prune] Removed 1 stale IDs (frame 800)
[Evidence] Saved evidence/1776286259_30s.jpg (139655 bytes, sha256:3ceb157225dde...)
[Prune] Removed 6 stale IDs (frame 900)
[Prune] Removed 3 stale IDs (frame 1000)
[Prune] Removed 8 stale IDs (frame 1100)
[Prune] Removed 9 stale IDs (frame 1200)
[Prune] Removed 9 stale IDs (frame 1300)
[Prune] Removed 11 stale IDs (frame 1400)
[Prune] Removed 5 stale IDs (frame 1500)
[Prune] Removed 4 stale IDs (frame 1600)
[Prune] Removed 5 stale IDs (frame 1700)
[Evidence] Saved evidence/1776286259_60s.jpg (146415 bytes, sha256:1790745e35187...)
[Prune] Removed 3 stale IDs (frame 1800)
[Prune] Removed 7 stale IDs (frame 1900)
[WS] Client connected (2 total)
[Prune] Removed 8 stale IDs (frame 2000)
[Prune] Removed 1 stale IDs (frame 2100)
[WS] Client disconnected (1 total)
[Prune] Removed 5 stale IDs (frame 2200)
[Prune] Removed 1 stale IDs (frame 2300)
[Prune] Removed 8 stale IDs (frame 2400)
[Prune] Removed 14 stale IDs (frame 2500)
[Prune] Removed 5 stale IDs (frame 2600)
[Evidence] Saved evidence/1776286259_90s.jpg (136080 bytes, sha256:ed33b11b736d9...)
[Prune] Removed 2 stale IDs (frame 2700)
[Prune] Removed 9 stale IDs (frame 2800)
[Prune] Removed 10 stale IDs (frame 2900)
[Prune] Removed 2 stale IDs (frame 3000)
[Prune] Removed 11 stale IDs (frame 3100)
[Prune] Removed 6 stale IDs (frame 3200)
[Prune] Removed 4 stale IDs (frame 3300)
[Prune] Removed 15 stale IDs (frame 3400)
[Prune] Removed 4 stale IDs (frame 3500)
[Evidence] Saved evidence/1776286259_120s.jpg (150636 bytes, sha256:1796cf38bad1e...)
[Prune] Removed 3 stale IDs (frame 3600)
[Prune] Removed 4 stale IDs (frame 3700)
[Prune] Removed 2 stale IDs (frame 3800)
[Prune] Removed 6 stale IDs (frame 3900)
[Prune] Removed 3 stale IDs (frame 4000)
[Prune] Removed 4 stale IDs (frame 4100)
[Prune] Removed 2 stale IDs (frame 4200)
[Prune] Removed 3 stale IDs (frame 4300)
[Prune] Removed 1 stale IDs (frame 4400)
[STATE] counting — market=0xd4063049... duration=150s round=37
[Evidence] Saved evidence/1776286259_150s.jpg (139735 bytes, sha256:bc4d02c10162f...)
[Prune] Removed 1 stale IDs (frame 4500)
[Prune] Removed 3 stale IDs (frame 4800)
[Prune] Removed 3 stale IDs (frame 4900)
[Prune] Removed 3 stale IDs (frame 5000)
[Prune] Removed 9 stale IDs (frame 5100)
[Prune] Removed 10 stale IDs (frame 5200)
[Prune] Removed 6 stale IDs (frame 5300)
[Evidence] Saved evidence/1776286259_180s.jpg (137505 bytes, sha256:4cc9b4e1d2d45...)
[Prune] Removed 7 stale IDs (frame 5400)
[Prune] Removed 5 stale IDs (frame 5500)
[Prune] Removed 9 stale IDs (frame 5600)
[Prune] Removed 6 stale IDs (frame 5700)
[Prune] Removed 8 stale IDs (frame 5800)
[Prune] Removed 6 stale IDs (frame 5900)
[Prune] Removed 4 stale IDs (frame 6000)
[Prune] Removed 8 stale IDs (frame 6100)
[Evidence] Saved evidence/1776286259_210s.jpg (140647 bytes, sha256:337ebc441d0b2...)
[Prune] Removed 10 stale IDs (frame 6200)
[Prune] Removed 13 stale IDs (frame 6300)
[Prune] Removed 6 stale IDs (frame 6400)
[Prune] Removed 5 stale IDs (frame 6500)
[Prune] Removed 6 stale IDs (frame 6600)
[Prune] Removed 4 stale IDs (frame 6700)
[Prune] Removed 7 stale IDs (frame 6800)
[Prune] Removed 6 stale IDs (frame 6900)
[Prune] Removed 11 stale IDs (frame 7000)
[Evidence] Saved evidence/1776286259_240s.jpg (137351 bytes, sha256:21c1e08708770...)
[Prune] Removed 7 stale IDs (frame 7100)
[Prune] Removed 3 stale IDs (frame 7200)
[Prune] Removed 1 stale IDs (frame 7300)
[Prune] Removed 1 stale IDs (frame 7500)
[Prune] Removed 1 stale IDs (frame 7600)
[Prune] Removed 1 stale IDs (frame 7700)
[Prune] Removed 2 stale IDs (frame 7800)
[Prune] Removed 3 stale IDs (frame 7900)
[Evidence] Saved evidence/1776286259_270s.jpg (138047 bytes, sha256:33511c17787f8...)
[Prune] Removed 3 stale IDs (frame 8000)
[Prune] Removed 1 stale IDs (frame 8100)
[Prune] Removed 11 stale IDs (frame 8200)
[Prune] Removed 4 stale IDs (frame 8300)
[Prune] Removed 2 stale IDs (frame 8400)
[STATE] idle — round 37 complete: 66 vehicles
[Prune] Removed 4 stale IDs (frame 8500)
[Prune] Removed 3 stale IDs (frame 8600)
[Prune] Removed 5 stale IDs (frame 8700)
[Prune] Removed 4 stale IDs (frame 8800)
[Prune] Removed 6 stale IDs (frame 8900)
[Prune] Removed 17 stale IDs (frame 9000)
[STATE] betting — market=0x4D13d4BA... bet=150s count=150s round=38
[LineZone] (307,432) -> (960,432)
[Counter] Line: (579, 10) -> (701, 710)
[Prune] Removed 3 stale IDs (frame 100)
[Prune] Removed 10 stale IDs (frame 200)
[Prune] Removed 7 stale IDs (frame 300)
[Prune] Removed 11 stale IDs (frame 400)
[Prune] Removed 12 stale IDs (frame 500)
[Prune] Removed 13 stale IDs (frame 600)
[2026-04-15 17:56:29] No round_complete via WS — reading result.json fallback
[2026-04-15 17:56:29] Count complete: 66 vehicles (in=42 out=24)
[2026-04-15 17:56:30] No bets placed — cancelling market
[Prune] Removed 8 stale IDs (frame 700)
[2026-04-15 17:56:31] Market cancelled: 0xd4063049D74538619778c937B652c792a4Fb6260 (tx: 9308a386e684fd6bef4e54c1f5efac20899ffdf749c8c80ac2883f878d723d88)
[2026-04-15 17:56:31] Ably publish OK: market_cancelled
[Prune] Removed 4 stale IDs (frame 800)
[2026-04-15 17:56:34] Refunds distributed: 0xd4063049D74538619778c937B652c792a4Fb6260 (tx: 06c6bca5e1c7061636e263ea99772ce643ebb4d6c4080c088c51531be64c54e3)
[2026-04-15 17:56:34] Ledger POST failed (non-fatal): HTTP Error 400: Bad Request
[2026-04-15 17:56:34] New threshold: 72 (avg of [79, 66])
[2026-04-15 17:56:34] Waiting 15s before Round #38...
[Evidence] Saved evidence/1776286567_30s.jpg (145129 bytes, sha256:9a2907deec51a...)
[Prune] Removed 10 stale IDs (frame 900)
[Prune] Removed 5 stale IDs (frame 1000)
[Prune] Removed 12 stale IDs (frame 1100)
[Prune] Removed 5 stale IDs (frame 1200)
[2026-04-15 17:56:49] Round #38 | Peace Bridge — USA/Canada Border | threshold=72
[2026-04-15 17:56:50] Cancelling orphan market: 0x4D13d4BA91A04313cFC1518adBEffbb6Ef39CB08
[2026-04-15 17:56:51] Market cancelled: 0x4D13d4BA91A04313cFC1518adBEffbb6Ef39CB08 (tx: eb3ee30668e7404f5cb55ddfc1b7b0f65275c8e811350ff0810d59f4b13a839b)
[2026-04-15 17:56:51] Ably publish OK: market_cancelled
[Prune] Removed 3 stale IDs (frame 1300)
[2026-04-15 17:56:52] Refunds distributed: 0x4D13d4BA91A04313cFC1518adBEffbb6Ef39CB08 (tx: cb49b7efa8e9fb1a7d59374a3f23c522191621bf3d0b0c8c88f80e8d3f624548)
[2026-04-15 17:56:52] Cancelled 1 orphan market(s)
[2026-04-15 17:56:52] createMarket tx sent: 52735434e5418abdadad4d0e40793048970bfe00be21e8d8779b9e18bf848278
[2026-04-15 17:56:55] Market created: 0xff381A8c6C9c8519dDCB7738d05f02df57f3a2D8 (tx: 52735434e5418abdadad4d0e40793048970bfe00be21e8d8779b9e18bf848278)
[Prune] Removed 5 stale IDs (frame 1400)
[2026-04-15 17:56:55] Ably publish OK: market_created
[2026-04-15 17:56:55] Counting vehicles for 150s...
[STATE] betting — market=0xff381A8c... bet=150s count=150s round=38
[LineZone] (307,432) -> (960,432)
[Counter] Line: (579, 10) -> (701, 710)
[2026-04-15 17:56:55] [StreamClient] Round 38 started on stream_server
[Prune] Removed 3 stale IDs (frame 200)
[Prune] Removed 5 stale IDs (frame 300)
[Prune] Removed 3 stale IDs (frame 400)
[WS] Client disconnected (1 total)
[WS] Client connected (2 total)
[Prune] Removed 5 stale IDs (frame 500)
[WS] Client disconnected (1 total)
[Prune] Removed 6 stale IDs (frame 600)
[Prune] Removed 10 stale IDs (frame 700)
[WS] Client connected (2 total)
[Prune] Removed 9 stale IDs (frame 800)
[Evidence] Saved evidence/1776286615_30s.jpg (141423 bytes, sha256:2719e6aed9ec0...)
[Prune] Removed 2 stale IDs (frame 900)
[Prune] Removed 2 stale IDs (frame 1000)
[Prune] Removed 3 stale IDs (frame 1100)
[Prune] Removed 3 stale IDs (frame 1200)
[Prune] Removed 8 stale IDs (frame 1300)
[Prune] Removed 9 stale IDs (frame 1400)
[Prune] Removed 9 stale IDs (frame 1500)
[Prune] Removed 11 stale IDs (frame 1600)
[Prune] Removed 4 stale IDs (frame 1700)
[Evidence] Saved evidence/1776286615_60s.jpg (150454 bytes, sha256:0fe909c73fed5...)
[Prune] Removed 9 stale IDs (frame 1800)
[Prune] Removed 5 stale IDs (frame 1900)
[Prune] Removed 13 stale IDs (frame 2000)
[Prune] Removed 3 stale IDs (frame 2100)
[Prune] Removed 8 stale IDs (frame 2200)
[Prune] Removed 6 stale IDs (frame 2300)
[Prune] Removed 9 stale IDs (frame 2400)
[Prune] Removed 6 stale IDs (frame 2500)
[Prune] Removed 6 stale IDs (frame 2600)
[Evidence] Saved evidence/1776286615_90s.jpg (150955 bytes, sha256:f014d064c461f...)
[Prune] Removed 1 stale IDs (frame 2700)
[Prune] Removed 4 stale IDs (frame 2800)
[Prune] Removed 6 stale IDs (frame 2900)
[Prune] Removed 6 stale IDs (frame 3000)
[Prune] Removed 4 stale IDs (frame 3100)
[Prune] Removed 3 stale IDs (frame 3200)
[Prune] Removed 3 stale IDs (frame 3300)
[Prune] Removed 7 stale IDs (frame 3400)
[Prune] Removed 1 stale IDs (frame 3500)
[Evidence] Saved evidence/1776286615_120s.jpg (157331 bytes, sha256:148b240455695...)
[Prune] Removed 3 stale IDs (frame 3600)
[WS] Client connected (3 total)
[Prune] Removed 10 stale IDs (frame 3700)
[Prune] Removed 3 stale IDs (frame 3800)
[Prune] Removed 15 stale IDs (frame 3900)
[Prune] Removed 8 stale IDs (frame 4000)
[Prune] Removed 1 stale IDs (frame 4100)
[Prune] Removed 1 stale IDs (frame 4200)
[Prune] Removed 3 stale IDs (frame 4300)
[Prune] Removed 3 stale IDs (frame 4400)
[STATE] counting — market=0xff381A8c... duration=150s round=38
[Evidence] Saved evidence/1776286615_150s.jpg (145284 bytes, sha256:509953b959801...)
[Prune] Removed 3 stale IDs (frame 4500)
[Prune] Removed 5 stale IDs (frame 4600)
[WS] Client disconnected (2 total)
[Prune] Removed 7 stale IDs (frame 4700)
[Prune] Removed 4 stale IDs (frame 4800)
[Prune] Removed 8 stale IDs (frame 4900)
[Prune] Removed 7 stale IDs (frame 5000)
[Prune] Removed 3 stale IDs (frame 5200)
[Evidence] Saved evidence/1776286615_180s.jpg (119471 bytes, sha256:cedf153a46a56...)
[Prune] Removed 2 stale IDs (frame 5300)
[Prune] Removed 12 stale IDs (frame 5400)
[Prune] Removed 5 stale IDs (frame 5500)
[WS] Client connected (3 total)
[Prune] Removed 9 stale IDs (frame 5600)
[Prune] Removed 1 stale IDs (frame 5700)
[WS] Client disconnected (2 total)
connection handler failed
Traceback (most recent call last):
  File "/home/lumen/miniconda3/lib/python3.13/asyncio/selector_events.py", line 1067, in write
    n = self._sock.send(data)
BrokenPipeError: [Errno 32] Broken pipe

The above exception was the direct cause of the following exception:

Traceback (most recent call last):
  File "/home/lumen/miniconda3/lib/python3.13/site-packages/websockets/asyncio/server.py", line 376, in conn_handler
    await self.handler(connection)
  File "/home/lumen/.gemini/antigravity/scratch/rush/oracle/stream_server.py", line 1261, in handler
    async for msg in ws:
    ...<37 lines>...
            pass
  File "/home/lumen/miniconda3/lib/python3.13/site-packages/websockets/asyncio/connection.py", line 242, in __aiter__
    yield await self.recv()
          ^^^^^^^^^^^^^^^^^
  File "/home/lumen/miniconda3/lib/python3.13/site-packages/websockets/asyncio/connection.py", line 322, in recv
    raise self.protocol.close_exc from self.recv_exc
websockets.exceptions.ConnectionClosedError: no close frame received or sent
[Prune] Removed 13 stale IDs (frame 5800)
[Prune] Removed 7 stale IDs (frame 5900)
[Prune] Removed 6 stale IDs (frame 6000)
[Prune] Removed 6 stale IDs (frame 6100)
[Evidence] Saved evidence/1776286615_210s.jpg (121811 bytes, sha256:2fe6344627792...)
[Prune] Removed 8 stale IDs (frame 6200)
[Prune] Removed 3 stale IDs (frame 6300)
[Prune] Removed 2 stale IDs (frame 6400)
[Prune] Removed 3 stale IDs (frame 6500)
[Prune] Removed 2 stale IDs (frame 6600)
[Prune] Removed 6 stale IDs (frame 6800)
[Prune] Removed 2 stale IDs (frame 6900)
[Prune] Removed 8 stale IDs (frame 7000)
[Evidence] Saved evidence/1776286615_240s.jpg (139442 bytes, sha256:7f55902084a1e...)
[Prune] Removed 2 stale IDs (frame 7100)
[Prune] Removed 6 stale IDs (frame 7200)
[Prune] Removed 8 stale IDs (frame 7300)
[Prune] Removed 3 stale IDs (frame 7400)
[Prune] Removed 1 stale IDs (frame 7500)
[Prune] Removed 1 stale IDs (frame 7600)
[Prune] Removed 2 stale IDs (frame 7700)
[Prune] Removed 6 stale IDs (frame 7800)
[Prune] Removed 5 stale IDs (frame 7900)
[Evidence] Saved evidence/1776286615_270s.jpg (133348 bytes, sha256:a08f5f0a95d50...)
[Prune] Removed 4 stale IDs (frame 8000)
[Prune] Removed 1 stale IDs (frame 8100)
[Prune] Removed 1 stale IDs (frame 8200)
[STATE] idle — round 38 complete: 63 vehicles
[Prune] Removed 6 stale IDs (frame 8300)
[Prune] Removed 3 stale IDs (frame 8400)
[Prune] Removed 9 stale IDs (frame 8500)
[Prune] Removed 7 stale IDs (frame 8600)
[Prune] Removed 4 stale IDs (frame 8700)
[Prune] Removed 1 stale IDs (frame 8800)
[Prune] Removed 4 stale IDs (frame 8900)
[STATE] betting — market=0x10eD2eD2... bet=150s count=150s round=39
[LineZone] (307,432) -> (960,432)
[Counter] Line: (579, 10) -> (701, 710)
[Prune] Removed 2 stale IDs (frame 200)
[Prune] Removed 2 stale IDs (frame 400)
[Prune] Removed 1 stale IDs (frame 500)
[Prune] Removed 2 stale IDs (frame 600)
[Prune] Removed 3 stale IDs (frame 700)
[Prune] Removed 4 stale IDs (frame 800)
[2026-04-15 18:02:25] No round_complete via WS — reading result.json fallback
[2026-04-15 18:02:25] Count complete: 63 vehicles (in=35 out=28)
[2026-04-15 18:02:27] No bets placed — cancelling market
[Evidence] Saved evidence/1776286918_30s.jpg (122825 bytes, sha256:63d0a1fe82dd0...)
[Prune] Removed 13 stale IDs (frame 900)
[2026-04-15 18:02:29] Market cancelled: 0xff381A8c6C9c8519dDCB7738d05f02df57f3a2D8 (tx: 650d26ba65447578ab7820e169b2f369c7ca55a0a425dc840b9be8655ea12206)
[2026-04-15 18:02:30] Ably publish OK: market_cancelled
[Prune] Removed 9 stale IDs (frame 1000)
[2026-04-15 18:02:33] Refunds distributed: 0xff381A8c6C9c8519dDCB7738d05f02df57f3a2D8 (tx: 0b8d7dce98a077e66b7dcbbc57f0f9458853fea7fa879bcc66d66fd913f7d2d3)
[2026-04-15 18:02:33] Ledger POST failed (non-fatal): HTTP Error 400: Bad Request
[2026-04-15 18:02:33] New threshold: 64 (avg of [66, 63])
[2026-04-15 18:02:33] Waiting 15s before Round #39...
[Prune] Removed 14 stale IDs (frame 1100)
[Prune] Removed 3 stale IDs (frame 1200)
[Prune] Removed 3 stale IDs (frame 1300)
[Prune] Removed 2 stale IDs (frame 1400)
[2026-04-15 18:02:48] Round #39 | Peace Bridge — USA/Canada Border | threshold=64
[Prune] Removed 4 stale IDs (frame 1500)
[2026-04-15 18:02:50] Cancelling orphan market: 0x10eD2eD2f3FEb0D2dE71e2E88a9890d59996676a
[Prune] Removed 6 stale IDs (frame 1600)
[2026-04-15 18:02:53] Market cancelled: 0x10eD2eD2f3FEb0D2dE71e2E88a9890d59996676a (tx: e5069a0f678d19a351a9d4e71000b55345bd0dd7585953ad3512cd9fc39c824b)
[2026-04-15 18:02:53] Ably publish OK: market_cancelled
[2026-04-15 18:02:54] Refunds distributed: 0x10eD2eD2f3FEb0D2dE71e2E88a9890d59996676a (tx: b97fa13fc3a68605057a9a51a4dc47898cd457d8722ec1844996b6ac9782458f)
[2026-04-15 18:02:54] Cancelled 1 orphan market(s)
[2026-04-15 18:02:55] createMarket tx sent: 8d5bb44212924717b237555c95942ba3f71a02e52f255f9f7595126f3c405470
[2026-04-15 18:02:55] Market created: 0x1d050dB2F661387e9cB6e312d65d5D6C20652600 (tx: 8d5bb44212924717b237555c95942ba3f71a02e52f255f9f7595126f3c405470)
[Prune] Removed 3 stale IDs (frame 1700)
[2026-04-15 18:02:56] Ably publish OK: market_created
[2026-04-15 18:02:56] Counting vehicles for 150s...
[STATE] betting — market=0x1d050dB2... bet=150s count=150s round=39
[LineZone] (307,432) -> (960,432)
[Counter] Line: (579, 10) -> (701, 710)
[2026-04-15 18:02:56] [StreamClient] Round 39 started on stream_server
[Prune] Removed 1 stale IDs (frame 100)
[Prune] Removed 3 stale IDs (frame 200)
[Prune] Removed 6 stale IDs (frame 300)
[Prune] Removed 5 stale IDs (frame 400)
[Prune] Removed 8 stale IDs (frame 500)
[Prune] Removed 7 stale IDs (frame 600)
[Prune] Removed 2 stale IDs (frame 700)
[Prune] Removed 4 stale IDs (frame 800)
[Evidence] Saved evidence/1776286976_30s.jpg (145674 bytes, sha256:343878b600946...)
[Prune] Removed 10 stale IDs (frame 900)
[Prune] Removed 7 stale IDs (frame 1000)
[Prune] Removed 9 stale IDs (frame 1100)
[Prune] Removed 3 stale IDs (frame 1200)
[Prune] Removed 10 stale IDs (frame 1300)
[Prune] Removed 6 stale IDs (frame 1400)
[Prune] Removed 11 stale IDs (frame 1500)
[Prune] Removed 7 stale IDs (frame 1600)
[Prune] Removed 6 stale IDs (frame 1700)
[Evidence] Saved evidence/1776286976_60s.jpg (141497 bytes, sha256:661f44a509c26...)
[Prune] Removed 8 stale IDs (frame 1800)
[Prune] Removed 6 stale IDs (frame 1900)
[Prune] Removed 8 stale IDs (frame 2000)
[Prune] Removed 5 stale IDs (frame 2100)
[Prune] Removed 6 stale IDs (frame 2200)
[Prune] Removed 9 stale IDs (frame 2300)
[Prune] Removed 3 stale IDs (frame 2400)
[Prune] Removed 7 stale IDs (frame 2500)
[Prune] Removed 1 stale IDs (frame 2600)
[Evidence] Saved evidence/1776286976_90s.jpg (123484 bytes, sha256:91bbbe9815225...)
[Prune] Removed 1 stale IDs (frame 2700)
[Prune] Removed 10 stale IDs (frame 2800)
[Prune] Removed 2 stale IDs (frame 2900)
[Prune] Removed 2 stale IDs (frame 3000)
[Prune] Removed 1 stale IDs (frame 3100)
[Prune] Removed 4 stale IDs (frame 3200)
[Prune] Removed 3 stale IDs (frame 3300)
[Prune] Removed 4 stale IDs (frame 3400)
[Prune] Removed 4 stale IDs (frame 3500)
[Evidence] Saved evidence/1776286976_120s.jpg (139293 bytes, sha256:9d92a5528fb35...)
[Prune] Removed 1 stale IDs (frame 3600)
[Prune] Removed 2 stale IDs (frame 3700)
[Prune] Removed 1 stale IDs (frame 3900)
[Prune] Removed 4 stale IDs (frame 4100)
[Prune] Removed 3 stale IDs (frame 4200)
[Prune] Removed 4 stale IDs (frame 4300)
[STATE] counting — market=0x1d050dB2... duration=150s round=39
[Evidence] Saved evidence/1776286976_150s.jpg (125633 bytes, sha256:f3c9aea5757f3...)
[Prune] Removed 4 stale IDs (frame 4500)
[Prune] Removed 5 stale IDs (frame 4800)
[Prune] Removed 1 stale IDs (frame 4900)
[Prune] Removed 4 stale IDs (frame 5000)
[Prune] Removed 4 stale IDs (frame 5100)
[Prune] Removed 2 stale IDs (frame 5200)
[Evidence] Saved evidence/1776286976_180s.jpg (137974 bytes, sha256:29264918d2b21...)
[Prune] Removed 2 stale IDs (frame 5300)
[Prune] Removed 5 stale IDs (frame 5400)
[Prune] Removed 2 stale IDs (frame 5500)
[Prune] Removed 7 stale IDs (frame 5600)
[Prune] Removed 1 stale IDs (frame 5800)
[Prune] Removed 2 stale IDs (frame 5900)
[Prune] Removed 1 stale IDs (frame 6100)
[Evidence] Saved evidence/1776286976_210s.jpg (137958 bytes, sha256:1182ef4921d91...)
[Prune] Removed 8 stale IDs (frame 6200)
[Prune] Removed 9 stale IDs (frame 6300)
[Prune] Removed 3 stale IDs (frame 6800)
[Prune] Removed 3 stale IDs (frame 6900)
[Prune] Removed 1 stale IDs (frame 7000)
[Evidence] Saved evidence/1776286976_240s.jpg (135176 bytes, sha256:cc4e1125fd183...)
[Prune] Removed 3 stale IDs (frame 7100)
[Prune] Removed 6 stale IDs (frame 7200)
[Prune] Removed 7 stale IDs (frame 7300)
[Prune] Removed 3 stale IDs (frame 7400)
[Prune] Removed 2 stale IDs (frame 7500)
[Prune] Removed 2 stale IDs (frame 7600)
[Prune] Removed 1 stale IDs (frame 7700)
[Prune] Removed 2 stale IDs (frame 7800)
[Prune] Removed 2 stale IDs (frame 7900)
[Evidence] Saved evidence/1776286976_270s.jpg (148683 bytes, sha256:5813eced34d5e...)
[STATE] idle — round 39 complete: 63 vehicles
[Prune] Removed 2 stale IDs (frame 8100)
[Prune] Removed 2 stale IDs (frame 8500)
[STATE] betting — market=0x692dcd58... bet=150s count=150s round=40
[LineZone] (307,432) -> (960,432)
[Counter] Line: (579, 10) -> (701, 710)
[Prune] Removed 1 stale IDs (frame 200)
[Prune] Removed 4 stale IDs (frame 400)
[WS] Client disconnected (1 total)
[Prune] Removed 3 stale IDs (frame 500)
[Prune] Removed 2 stale IDs (frame 600)
[Prune] Removed 8 stale IDs (frame 700)
[Prune] Removed 8 stale IDs (frame 800)
[Evidence] Saved evidence/1776287271_30s.jpg (128471 bytes, sha256:b9c2125425f31...)
[Prune] Removed 4 stale IDs (frame 900)
[Prune] Removed 3 stale IDs (frame 1000)
[2026-04-15 18:08:26] No round_complete via WS — reading result.json fallback
[2026-04-15 18:08:26] Count complete: 63 vehicles (in=40 out=23)
[2026-04-15 18:08:27] No bets placed — cancelling market
[2026-04-15 18:08:28] Market cancelled: 0x1d050dB2F661387e9cB6e312d65d5D6C20652600 (tx: 4ae2b27239804d7700d454f37741ef781c10d785b6088a782a6cd40f92eff471)
[2026-04-15 18:08:28] Ably publish OK: market_cancelled
[Prune] Removed 6 stale IDs (frame 1100)
[2026-04-15 18:08:29] Refunds distributed: 0x1d050dB2F661387e9cB6e312d65d5D6C20652600 (tx: 14a8ee92efbfc4dbd6158baf98799cc2b2e581577f6f1e6fa26feedf7441d400)
[2026-04-15 18:08:29] Ledger POST failed (non-fatal): HTTP Error 400: Bad Request
[2026-04-15 18:08:29] New threshold: 63 (avg of [63, 63])
[2026-04-15 18:08:29] Waiting 15s before Round #40...
[Prune] Removed 7 stale IDs (frame 1200)
[Prune] Removed 2 stale IDs (frame 1300)
[Prune] Removed 1 stale IDs (frame 1400)
[Prune] Removed 2 stale IDs (frame 1500)
[2026-04-15 18:08:44] Round #40 | Peace Bridge — USA/Canada Border | threshold=63
[2026-04-15 18:08:45] Cancelling orphan market: 0x692dcd58B4666b4CBf44367A438fB6f40FFDaBde
[Prune] Removed 9 stale IDs (frame 1600)
[2026-04-15 18:08:48] Market cancelled: 0x692dcd58B4666b4CBf44367A438fB6f40FFDaBde (tx: cfcf20201f423efea4184619b5b9905b67e436a408560f60c71de62ae4df06aa)
[2026-04-15 18:08:48] Ably publish OK: market_cancelled
[Prune] Removed 7 stale IDs (frame 1700)
[2026-04-15 18:08:51] Refunds distributed: 0x692dcd58B4666b4CBf44367A438fB6f40FFDaBde (tx: 7a52a00815b70f7bfc4299e3a29c56c3ebf26e369cb8cbc2476af9e18f0075de)
[2026-04-15 18:08:51] Cancelled 1 orphan market(s)
[Evidence] Saved evidence/1776287271_60s.jpg (123301 bytes, sha256:2dd9c245f176f...)
[2026-04-15 18:08:51] createMarket tx sent: aa72d5e4654fd8b8ae775680736536894771e9b2938d8cd87e35b28edc2fd6d5
[2026-04-15 18:08:52] Market created: 0x3D64623ffd86a8efd4D19b955fb1e94d61C5baE9 (tx: aa72d5e4654fd8b8ae775680736536894771e9b2938d8cd87e35b28edc2fd6d5)
[Prune] Removed 7 stale IDs (frame 1800)
[2026-04-15 18:08:52] Ably publish OK: market_created
[2026-04-15 18:08:52] Counting vehicles for 150s...
[STATE] betting — market=0x3D64623f... bet=150s count=150s round=40
[LineZone] (307,432) -> (960,432)
[Counter] Line: (579, 10) -> (701, 710)
[2026-04-15 18:08:52] [StreamClient] Round 40 started on stream_server
[Prune] Removed 9 stale IDs (frame 200)
[Prune] Removed 2 stale IDs (frame 300)
[Prune] Removed 8 stale IDs (frame 400)
[Prune] Removed 7 stale IDs (frame 500)
[Prune] Removed 9 stale IDs (frame 600)
[Prune] Removed 8 stale IDs (frame 700)
[Prune] Removed 10 stale IDs (frame 800)
[Evidence] Saved evidence/1776287332_30s.jpg (123950 bytes, sha256:a50ef10846038...)
[Prune] Removed 5 stale IDs (frame 900)
[Prune] Removed 7 stale IDs (frame 1000)
[Prune] Removed 10 stale IDs (frame 1100)
[Prune] Removed 9 stale IDs (frame 1200)
[Prune] Removed 8 stale IDs (frame 1300)
[Prune] Removed 8 stale IDs (frame 1400)
[Prune] Removed 10 stale IDs (frame 1500)
[Prune] Removed 6 stale IDs (frame 1600)
[Prune] Removed 6 stale IDs (frame 1700)
[Evidence] Saved evidence/1776287332_60s.jpg (122197 bytes, sha256:8e66a3e18c45a...)
[Prune] Removed 5 stale IDs (frame 1800)
[Prune] Removed 3 stale IDs (frame 1900)
[Prune] Removed 7 stale IDs (frame 2000)
[Prune] Removed 4 stale IDs (frame 2100)
[Prune] Removed 2 stale IDs (frame 2200)
[Prune] Removed 8 stale IDs (frame 2300)
[Prune] Removed 5 stale IDs (frame 2400)
[Prune] Removed 10 stale IDs (frame 2500)
[Prune] Removed 5 stale IDs (frame 2600)
[Evidence] Saved evidence/1776287332_90s.jpg (126270 bytes, sha256:9f3891165e4d0...)
[Prune] Removed 8 stale IDs (frame 2700)
[Prune] Removed 5 stale IDs (frame 2800)
[Prune] Removed 4 stale IDs (frame 2900)
[Prune] Removed 2 stale IDs (frame 3000)
[Prune] Removed 1 stale IDs (frame 3100)
[Prune] Removed 7 stale IDs (frame 3300)
[Prune] Removed 2 stale IDs (frame 3400)
[Prune] Removed 3 stale IDs (frame 3500)
[Evidence] Saved evidence/1776287332_120s.jpg (131858 bytes, sha256:1f06813198026...)
[Prune] Removed 3 stale IDs (frame 3600)
[Prune] Removed 9 stale IDs (frame 3700)
[Prune] Removed 10 stale IDs (frame 3800)
[Prune] Removed 9 stale IDs (frame 3900)
[Prune] Removed 5 stale IDs (frame 4100)
[Prune] Removed 5 stale IDs (frame 4200)
[Prune] Removed 6 stale IDs (frame 4300)
[STATE] counting — market=0x3D64623f... duration=150s round=40
[Evidence] Saved evidence/1776287332_150s.jpg (126846 bytes, sha256:828ac586b57fb...)
[Prune] Removed 1 stale IDs (frame 4500)
[Prune] Removed 1 stale IDs (frame 4600)
[Prune] Removed 4 stale IDs (frame 4700)
[Prune] Removed 2 stale IDs (frame 4800)
[Prune] Removed 7 stale IDs (frame 4900)
[Prune] Removed 11 stale IDs (frame 5000)
[Prune] Removed 9 stale IDs (frame 5100)
[Prune] Removed 6 stale IDs (frame 5200)
[Evidence] Saved evidence/1776287332_180s.jpg (126794 bytes, sha256:a075d15a317a8...)
[Prune] Removed 6 stale IDs (frame 5300)
[Prune] Removed 8 stale IDs (frame 5400)
[Prune] Removed 6 stale IDs (frame 5500)
[Prune] Removed 3 stale IDs (frame 5600)
[Prune] Removed 2 stale IDs (frame 5700)
[Prune] Removed 9 stale IDs (frame 5800)
[Prune] Removed 2 stale IDs (frame 5900)
[Prune] Removed 1 stale IDs (frame 6000)
[Evidence] Saved evidence/1776287332_210s.jpg (133031 bytes, sha256:99f56ab203c40...)
[Prune] Removed 1 stale IDs (frame 6200)
[Prune] Removed 2 stale IDs (frame 6300)
[Prune] Removed 7 stale IDs (frame 6400)
[Prune] Removed 2 stale IDs (frame 6500)
[Prune] Removed 3 stale IDs (frame 6600)
[Prune] Removed 8 stale IDs (frame 6700)
[Prune] Removed 10 stale IDs (frame 6800)
[Prune] Removed 13 stale IDs (frame 6900)
[Prune] Removed 8 stale IDs (frame 7000)
[Evidence] Saved evidence/1776287332_240s.jpg (137840 bytes, sha256:7fc0abb342919...)
[Prune] Removed 2 stale IDs (frame 7100)
[Prune] Removed 10 stale IDs (frame 7200)
[Prune] Removed 4 stale IDs (frame 7300)
[Prune] Removed 1 stale IDs (frame 7400)
[Prune] Removed 2 stale IDs (frame 7500)
[Prune] Removed 2 stale IDs (frame 7600)
[Prune] Removed 2 stale IDs (frame 7700)
[STATE] idle — round 40 complete: 86 vehicles
[Prune] Removed 5 stale IDs (frame 7900)
[Prune] Removed 4 stale IDs (frame 8000)
[Prune] Removed 1 stale IDs (frame 8100)
[Prune] Removed 3 stale IDs (frame 8200)
[Prune] Removed 1 stale IDs (frame 8300)
[Prune] Removed 3 stale IDs (frame 8400)
[Prune] Removed 5 stale IDs (frame 8500)
[STATE] betting — market=0xaF74FBa6... bet=150s count=150s round=41
[LineZone] (307,432) -> (960,432)
[Counter] Line: (579, 10) -> (701, 710)
[Prune] Removed 1 stale IDs (frame 200)
[Prune] Removed 1 stale IDs (frame 300)
[Prune] Removed 2 stale IDs (frame 400)
[Prune] Removed 6 stale IDs (frame 500)
[Evidence] Saved evidence/1776287622_30s.jpg (138396 bytes, sha256:dc8b0043634fa...)
[Prune] Removed 3 stale IDs (frame 900)
[Prune] Removed 2 stale IDs (frame 1000)
[Prune] Removed 1 stale IDs (frame 1100)
[2026-04-15 18:14:22] No round_complete via WS — reading result.json fallback
[2026-04-15 18:14:22] Count complete: 86 vehicles (in=46 out=40)
[2026-04-15 18:14:24] No bets placed — cancelling market
[Prune] Removed 3 stale IDs (frame 1300)
[2026-04-15 18:14:27] Market cancelled: 0x3D64623ffd86a8efd4D19b955fb1e94d61C5baE9 (tx: 84f6eba9333f9028559f2296fb1f122e66716a6cf75efa048d36426c895352d7)
[2026-04-15 18:14:27] Ably publish OK: market_cancelled
[2026-04-15 18:14:28] Refunds distributed: 0x3D64623ffd86a8efd4D19b955fb1e94d61C5baE9 (tx: ba69485bc1b8c2e3716eb19eb99ad31a95b93d8776b312009fae44db6cd69923)
[2026-04-15 18:14:28] Ledger POST failed (non-fatal): HTTP Error 400: Bad Request
[2026-04-15 18:14:28] New threshold: 74 (avg of [63, 86])
[2026-04-15 18:14:28] Waiting 15s before Round #41...
[Prune] Removed 9 stale IDs (frame 1400)
[Prune] Removed 5 stale IDs (frame 1500)
[Prune] Removed 1 stale IDs (frame 1600)
[Evidence] Saved evidence/1776287622_60s.jpg (124693 bytes, sha256:3e74be11c4932...)
[2026-04-15 18:14:43] Round #41 | Peace Bridge — USA/Canada Border | threshold=74
[2026-04-15 18:14:43] Cancelling orphan market: 0xaF74FBa66B27644710547161e36B98f11C470343
[Prune] Removed 1 stale IDs (frame 1800)
[2026-04-15 18:14:44] Market cancelled: 0xaF74FBa66B27644710547161e36B98f11C470343 (tx: 1c54733844de7cdfd71aa87b98abd7ece45241700278c7d19e40fb5867723f10)
[2026-04-15 18:14:44] Ably publish OK: market_cancelled
[2026-04-15 18:14:45] Refunds distributed: 0xaF74FBa66B27644710547161e36B98f11C470343 (tx: 55062b48e8a5c6038c34997eccd5e8848b9617d287d8a8adf194aafb8f5d8389)
[2026-04-15 18:14:45] Cancelled 1 orphan market(s)
[2026-04-15 18:14:46] createMarket tx sent: 3ee4ac14c46613b8c9d726dec3a1557a14d15cfb0f2f95cc1071092fd325bcaa
[2026-04-15 18:14:46] Market created: 0xaF6B65531D4324Af066DdC3D8c2e99D23c9C621e (tx: 3ee4ac14c46613b8c9d726dec3a1557a14d15cfb0f2f95cc1071092fd325bcaa)
[2026-04-15 18:14:46] Ably publish OK: market_created
[2026-04-15 18:14:46] Counting vehicles for 150s...
[STATE] betting — market=0xaF6B6553... bet=150s count=150s round=41
[LineZone] (307,432) -> (960,432)
[Counter] Line: (579, 10) -> (701, 710)
[2026-04-15 18:14:47] [StreamClient] Round 41 started on stream_server
[Prune] Removed 2 stale IDs (frame 200)
[Prune] Removed 4 stale IDs (frame 300)
[Prune] Removed 9 stale IDs (frame 400)
[Prune] Removed 10 stale IDs (frame 500)
[Prune] Removed 6 stale IDs (frame 600)
[Prune] Removed 6 stale IDs (frame 700)
[Prune] Removed 2 stale IDs (frame 800)
[Evidence] Saved evidence/1776287687_30s.jpg (136255 bytes, sha256:c7bbae51b1bcc...)
[Prune] Removed 6 stale IDs (frame 900)
[Prune] Removed 4 stale IDs (frame 1000)
[Prune] Removed 7 stale IDs (frame 1100)
[Prune] Removed 6 stale IDs (frame 1200)
[Prune] Removed 6 stale IDs (frame 1300)
[Prune] Removed 12 stale IDs (frame 1400)
[Prune] Removed 1 stale IDs (frame 1500)
[Prune] Removed 10 stale IDs (frame 1600)
[Prune] Removed 10 stale IDs (frame 1700)
[Evidence] Saved evidence/1776287687_60s.jpg (141101 bytes, sha256:23960315f983c...)
[Prune] Removed 17 stale IDs (frame 1800)
[Prune] Removed 13 stale IDs (frame 1900)
[Prune] Removed 8 stale IDs (frame 2000)
[Prune] Removed 10 stale IDs (frame 2100)
[Prune] Removed 10 stale IDs (frame 2200)
[Prune] Removed 5 stale IDs (frame 2300)
[WS] Client connected (2 total)
[Prune] Removed 6 stale IDs (frame 2400)
[Prune] Removed 1 stale IDs (frame 2500)
[Prune] Removed 5 stale IDs (frame 2600)
[Evidence] Saved evidence/1776287687_90s.jpg (120023 bytes, sha256:9f170348a597a...)
[Prune] Removed 1 stale IDs (frame 2700)
[WS] Client disconnected (1 total)
[Prune] Removed 7 stale IDs (frame 2800)
[Prune] Removed 2 stale IDs (frame 2900)
[Prune] Removed 4 stale IDs (frame 3000)
[Prune] Removed 4 stale IDs (frame 3100)
[Prune] Removed 1 stale IDs (frame 3200)
[Prune] Removed 4 stale IDs (frame 3300)
[Prune] Removed 3 stale IDs (frame 3400)
[Evidence] Saved evidence/1776287687_120s.jpg (136782 bytes, sha256:a39d7989d7582...)
[Prune] Removed 1 stale IDs (frame 3800)
[Prune] Removed 1 stale IDs (frame 3900)
[WS] Client connected (2 total)
[Prune] Removed 2 stale IDs (frame 4000)
[Prune] Removed 1 stale IDs (frame 4100)
[Prune] Removed 4 stale IDs (frame 4200)
[Prune] Removed 1 stale IDs (frame 4300)
[STATE] counting — market=0xaF6B6553... duration=150s round=41
[Evidence] Saved evidence/1776287687_150s.jpg (125044 bytes, sha256:b93fdd9a3b5ce...)
[Prune] Removed 1 stale IDs (frame 4400)
[Prune] Removed 3 stale IDs (frame 4500)
[Prune] Removed 6 stale IDs (frame 4600)
[Prune] Removed 2 stale IDs (frame 4700)
[Prune] Removed 2 stale IDs (frame 4800)
[Prune] Removed 2 stale IDs (frame 4900)
[Prune] Removed 6 stale IDs (frame 5000)
[Prune] Removed 2 stale IDs (frame 5100)
[Prune] Removed 4 stale IDs (frame 5200)
[Evidence] Saved evidence/1776287687_180s.jpg (138311 bytes, sha256:efb32ae5bdf7d...)
[Prune] Removed 1 stale IDs (frame 5300)
[Prune] Removed 3 stale IDs (frame 5400)
[Prune] Removed 3 stale IDs (frame 5900)
[Prune] Removed 5 stale IDs (frame 6000)
[Prune] Removed 2 stale IDs (frame 6100)
[Evidence] Saved evidence/1776287687_210s.jpg (138734 bytes, sha256:dfdd7de95e640...)
[Prune] Removed 4 stale IDs (frame 6200)
[Prune] Removed 1 stale IDs (frame 6300)
[Prune] Removed 1 stale IDs (frame 6400)
[Prune] Removed 1 stale IDs (frame 6500)
[Prune] Removed 1 stale IDs (frame 6600)
[Prune] Removed 2 stale IDs (frame 6900)
[Prune] Removed 2 stale IDs (frame 7000)
[Evidence] Saved evidence/1776287687_240s.jpg (135831 bytes, sha256:7898b6606c4c7...)
[Prune] Removed 4 stale IDs (frame 7100)
[Prune] Removed 12 stale IDs (frame 7200)
[Prune] Removed 3 stale IDs (frame 7300)
[Prune] Removed 1 stale IDs (frame 7400)
[Prune] Removed 4 stale IDs (frame 7500)
[Prune] Removed 2 stale IDs (frame 7600)
[Prune] Removed 2 stale IDs (frame 7700)
[STATE] idle — round 41 complete: 69 vehicles
[Prune] Removed 2 stale IDs (frame 8000)
[Prune] Removed 3 stale IDs (frame 8100)
[Prune] Removed 3 stale IDs (frame 8200)
[Prune] Removed 5 stale IDs (frame 8300)
[Prune] Removed 9 stale IDs (frame 8400)
[Prune] Removed 3 stale IDs (frame 8500)
[STATE] betting — market=0x63a020d8... bet=150s count=150s round=42
[LineZone] (307,432) -> (960,432)
[Counter] Line: (579, 10) -> (701, 710)
[Prune] Removed 1 stale IDs (frame 100)
[Prune] Removed 1 stale IDs (frame 300)
[Prune] Removed 3 stale IDs (frame 500)
[Prune] Removed 3 stale IDs (frame 700)
[Evidence] Saved evidence/1776287979_30s.jpg (146810 bytes, sha256:f3d7e23cee24c...)
[Prune] Removed 1 stale IDs (frame 900)
[2026-04-15 18:20:17] No round_complete via WS — reading result.json fallback
[2026-04-15 18:20:17] Count complete: 69 vehicles (in=35 out=34)
[2026-04-15 18:20:18] No bets placed — cancelling market
[Prune] Removed 3 stale IDs (frame 1200)
[2026-04-15 18:20:21] Market cancelled: 0xaF6B65531D4324Af066DdC3D8c2e99D23c9C621e (tx: 54fa30ea8bee72b95169ebba65d2a1423cfc11f4e50a78f264732c0ec44cafc4)
[2026-04-15 18:20:21] Ably publish OK: market_cancelled
[Prune] Removed 2 stale IDs (frame 1300)
[2026-04-15 18:20:24] Refunds distributed: 0xaF6B65531D4324Af066DdC3D8c2e99D23c9C621e (tx: 045dc9528326c195c4ab08291bc34b715d00c8d027a57e0920c01150995bbd89)
[2026-04-15 18:20:24] Ledger POST failed (non-fatal): HTTP Error 400: Bad Request
[2026-04-15 18:20:24] New threshold: 77 (avg of [86, 69])
[2026-04-15 18:20:24] Waiting 15s before Round #42...
[Prune] Removed 5 stale IDs (frame 1400)
[Prune] Removed 1 stale IDs (frame 1600)
[Prune] Removed 4 stale IDs (frame 1700)
[Evidence] Saved evidence/1776287979_60s.jpg (131007 bytes, sha256:32e3e42edd0c8...)
[2026-04-15 18:20:39] Round #42 | Peace Bridge — USA/Canada Border | threshold=77
[2026-04-15 18:20:40] Cancelling orphan market: 0x63a020d8656465512029b90D44300eaCB5A5A15e
[Prune] Removed 9 stale IDs (frame 1800)
[2026-04-15 18:20:43] Market cancelled: 0x63a020d8656465512029b90D44300eaCB5A5A15e (tx: 0400ab51fe22e3137840d8e5ec495c8d6d9196b60d18032f8a10d5d64ac9a37c)
[2026-04-15 18:20:43] Ably publish OK: market_cancelled
[2026-04-15 18:20:44] Refunds distributed: 0x63a020d8656465512029b90D44300eaCB5A5A15e (tx: 5a9f5f31212b14c7802c8cae0f7ff587e7d9e96606fdd85379d36d204af44340)
[2026-04-15 18:20:44] Cancelled 1 orphan market(s)
[Prune] Removed 4 stale IDs (frame 1900)
[2026-04-15 18:20:44] createMarket tx sent: 8dd584e7d89239efa7964781eb71f0911ece3ebc3c76f3eda66f0ebd04bf00e4
[2026-04-15 18:20:46] Market created: 0x9e701cBE48D713383e057839cC6684341BE722E8 (tx: 8dd584e7d89239efa7964781eb71f0911ece3ebc3c76f3eda66f0ebd04bf00e4)
[Prune] Removed 14 stale IDs (frame 2000)
[2026-04-15 18:20:47] Ably publish OK: market_created
[2026-04-15 18:20:47] Counting vehicles for 150s...
[STATE] betting — market=0x9e701cBE... bet=150s count=150s round=42
[LineZone] (307,432) -> (960,432)
[Counter] Line: (579, 10) -> (701, 710)
[2026-04-15 18:20:47] [StreamClient] Round 42 started on stream_server
[Prune] Removed 9 stale IDs (frame 200)
[Prune] Removed 5 stale IDs (frame 300)
[Prune] Removed 9 stale IDs (frame 400)
[Prune] Removed 12 stale IDs (frame 500)
[Prune] Removed 9 stale IDs (frame 600)
[Prune] Removed 6 stale IDs (frame 700)
[Prune] Removed 9 stale IDs (frame 800)
[Evidence] Saved evidence/1776288047_30s.jpg (125906 bytes, sha256:974fefd185b41...)
[Prune] Removed 2 stale IDs (frame 1000)
[Prune] Removed 3 stale IDs (frame 1100)
[Prune] Removed 4 stale IDs (frame 1200)
[Prune] Removed 5 stale IDs (frame 1300)
[Prune] Removed 6 stale IDs (frame 1400)
[Prune] Removed 6 stale IDs (frame 1500)
[Prune] Removed 1 stale IDs (frame 1600)
[Prune] Removed 4 stale IDs (frame 1700)
[Evidence] Saved evidence/1776288047_60s.jpg (126234 bytes, sha256:a24876528464a...)
[Prune] Removed 5 stale IDs (frame 1800)
[Prune] Removed 3 stale IDs (frame 1900)
[Prune] Removed 5 stale IDs (frame 2000)
[Prune] Removed 2 stale IDs (frame 2100)
[Prune] Removed 1 stale IDs (frame 2200)
[Prune] Removed 1 stale IDs (frame 2300)
[Prune] Removed 1 stale IDs (frame 2400)
[Evidence] Saved evidence/1776288047_90s.jpg (135146 bytes, sha256:865a175d1d97a...)
[Prune] Removed 4 stale IDs (frame 2800)
[Prune] Removed 2 stale IDs (frame 3000)
[Prune] Removed 1 stale IDs (frame 3200)
[Prune] Removed 2 stale IDs (frame 3400)
[Prune] Removed 1 stale IDs (frame 3500)
[Evidence] Saved evidence/1776288047_120s.jpg (137256 bytes, sha256:e1165e8044720...)
[Prune] Removed 1 stale IDs (frame 3700)
[Prune] Removed 2 stale IDs (frame 3800)
[Prune] Removed 7 stale IDs (frame 3900)
[Prune] Removed 1 stale IDs (frame 4100)
[Prune] Removed 1 stale IDs (frame 4200)
[Prune] Removed 1 stale IDs (frame 4300)
[Prune] Removed 3 stale IDs (frame 4400)
[STATE] counting — market=0x9e701cBE... duration=150s round=42
[Evidence] Saved evidence/1776288047_150s.jpg (132290 bytes, sha256:887382f52209c...)
[Prune] Removed 6 stale IDs (frame 4500)
[Prune] Removed 7 stale IDs (frame 4600)
[Prune] Removed 1 stale IDs (frame 4700)
[Prune] Removed 8 stale IDs (frame 4800)
[Prune] Removed 4 stale IDs (frame 4900)
[Prune] Removed 6 stale IDs (frame 5000)
[WS] Client disconnected (1 total)
[Prune] Removed 3 stale IDs (frame 5100)
[Evidence] Saved evidence/1776288047_180s.jpg (150082 bytes, sha256:3048d88078cd2...)
[Prune] Removed 5 stale IDs (frame 5600)
[Prune] Removed 5 stale IDs (frame 5800)
[WS] Client connected (2 total)
[Prune] Removed 4 stale IDs (frame 5900)
[Prune] Removed 7 stale IDs (frame 6000)
[WS] Client disconnected (1 total)
[WS] Client connected (2 total)
[Prune] Removed 8 stale IDs (frame 6100)
[Evidence] Saved evidence/1776288047_210s.jpg (157204 bytes, sha256:e0adc88723c76...)
[Prune] Removed 11 stale IDs (frame 6200)
[Prune] Removed 4 stale IDs (frame 6300)
[Prune] Removed 4 stale IDs (frame 6400)
[Prune] Removed 5 stale IDs (frame 6500)
[Prune] Removed 7 stale IDs (frame 6600)
[Prune] Removed 12 stale IDs (frame 6700)
[WS] Client connected (3 total)
[Prune] Removed 1 stale IDs (frame 6800)
[WS] Client connected (4 total)
[WS] Client disconnected (3 total)
connection handler failed
Traceback (most recent call last):
  File "/home/lumen/miniconda3/lib/python3.13/asyncio/selector_events.py", line 1067, in write
    n = self._sock.send(data)
BrokenPipeError: [Errno 32] Broken pipe

The above exception was the direct cause of the following exception:

Traceback (most recent call last):
  File "/home/lumen/miniconda3/lib/python3.13/site-packages/websockets/asyncio/server.py", line 376, in conn_handler
    await self.handler(connection)
  File "/home/lumen/.gemini/antigravity/scratch/rush/oracle/stream_server.py", line 1261, in handler
    async for msg in ws:
    ...<37 lines>...
            pass
  File "/home/lumen/miniconda3/lib/python3.13/site-packages/websockets/asyncio/connection.py", line 242, in __aiter__
    yield await self.recv()
          ^^^^^^^^^^^^^^^^^
  File "/home/lumen/miniconda3/lib/python3.13/site-packages/websockets/asyncio/connection.py", line 322, in recv
    raise self.protocol.close_exc from self.recv_exc
websockets.exceptions.ConnectionClosedError: no close frame received or sent
[WS] Client connected (4 total)
[Prune] Removed 1 stale IDs (frame 6900)
[WS] Client disconnected (3 total)
connection handler failed
Traceback (most recent call last):
  File "/home/lumen/miniconda3/lib/python3.13/asyncio/selector_events.py", line 1067, in write
    n = self._sock.send(data)
BrokenPipeError: [Errno 32] Broken pipe

The above exception was the direct cause of the following exception:

Traceback (most recent call last):
  File "/home/lumen/miniconda3/lib/python3.13/site-packages/websockets/asyncio/server.py", line 376, in conn_handler
    await self.handler(connection)
  File "/home/lumen/.gemini/antigravity/scratch/rush/oracle/stream_server.py", line 1261, in handler
    async for msg in ws:
    ...<37 lines>...
            pass
  File "/home/lumen/miniconda3/lib/python3.13/site-packages/websockets/asyncio/connection.py", line 242, in __aiter__
    yield await self.recv()
          ^^^^^^^^^^^^^^^^^
  File "/home/lumen/miniconda3/lib/python3.13/site-packages/websockets/asyncio/connection.py", line 322, in recv
    raise self.protocol.close_exc from self.recv_exc
websockets.exceptions.ConnectionClosedError: no close frame received or sent
[Evidence] Saved evidence/1776288047_240s.jpg (141037 bytes, sha256:1930c5bc5441b...)
[WS] Client disconnected (2 total)
[Prune] Removed 8 stale IDs (frame 7300)
[Prune] Removed 9 stale IDs (frame 7400)
[Prune] Removed 6 stale IDs (frame 7500)
[Prune] Removed 5 stale IDs (frame 7600)
[STATE] idle — round 42 complete: 65 vehicles
[Prune] Removed 6 stale IDs (frame 7700)
[Prune] Removed 4 stale IDs (frame 7800)
[Prune] Removed 5 stale IDs (frame 7900)
[Prune] Removed 6 stale IDs (frame 8000)
[Prune] Removed 1 stale IDs (frame 8100)
[Prune] Removed 4 stale IDs (frame 8200)
[Prune] Removed 5 stale IDs (frame 8300)
[Prune] Removed 8 stale IDs (frame 8400)
[STATE] betting — market=0x8BbCE03F... bet=150s count=150s round=43
[LineZone] (307,432) -> (960,432)
[Counter] Line: (579, 10) -> (701, 710)
[Prune] Removed 10 stale IDs (frame 200)
[Prune] Removed 3 stale IDs (frame 300)
[Prune] Removed 7 stale IDs (frame 400)
[Prune] Removed 6 stale IDs (frame 500)
[Prune] Removed 5 stale IDs (frame 600)
[Prune] Removed 2 stale IDs (frame 700)
[Prune] Removed 3 stale IDs (frame 800)
[Evidence] Saved evidence/1776288335_30s.jpg (169899 bytes, sha256:3532cb50382ac...)
[Prune] Removed 1 stale IDs (frame 1000)
[Prune] Removed 5 stale IDs (frame 1100)
[Prune] Removed 2 stale IDs (frame 1200)
[2026-04-15 18:26:17] No round_complete via WS — reading result.json fallback
[2026-04-15 18:26:17] Count complete: 65 vehicles (in=43 out=22)
[2026-04-15 18:26:18] No bets placed — cancelling market
[Prune] Removed 2 stale IDs (frame 1300)
[2026-04-15 18:26:19] Market cancelled: 0x9e701cBE48D713383e057839cC6684341BE722E8 (tx: 453ef3556ff72f6b0caefef6522ac55719d1e854c2d806cc6866bbc8128801b4)
[2026-04-15 18:26:19] Ably publish OK: market_cancelled
[2026-04-15 18:26:22] Refunds distributed: 0x9e701cBE48D713383e057839cC6684341BE722E8 (tx: ef6c5655c6b2cc21e2e355f028640ee8a434c92769cbd79de12ba07f88777c09)
[2026-04-15 18:26:22] Ledger POST failed (non-fatal): HTTP Error 400: Bad Request
[2026-04-15 18:26:22] New threshold: 67 (avg of [69, 65])
[2026-04-15 18:26:22] Waiting 15s before Round #43...
[Prune] Removed 2 stale IDs (frame 1400)
[Prune] Removed 2 stale IDs (frame 1500)
[Prune] Removed 2 stale IDs (frame 1600)
[Evidence] Saved evidence/1776288335_60s.jpg (143415 bytes, sha256:08663850db275...)
[Prune] Removed 2 stale IDs (frame 1800)
[2026-04-15 18:26:37] Round #43 | Peace Bridge — USA/Canada Border | threshold=67
[2026-04-15 18:26:38] Cancelling orphan market: 0x8BbCE03FE35Ec89f1230e08F968647cd3E6033a9
[Prune] Removed 2 stale IDs (frame 1900)
[2026-04-15 18:26:41] Market cancelled: 0x8BbCE03FE35Ec89f1230e08F968647cd3E6033a9 (tx: 21656a8d1bd8cab4e2a26d9f4c86844514431e1df20166736f3fcb9e695dd756)
[2026-04-15 18:26:41] Ably publish OK: market_cancelled
[Prune] Removed 2 stale IDs (frame 2000)
[2026-04-15 18:26:44] Refunds distributed: 0x8BbCE03FE35Ec89f1230e08F968647cd3E6033a9 (tx: 2caf05c6d92faef051f0d3efac6270b32e387e80678a98338a2379adee62b866)
[2026-04-15 18:26:44] Cancelled 1 orphan market(s)
[2026-04-15 18:26:45] createMarket tx sent: d2e258c03d12a65d4fe18e42a2a204ede0ac4dc44be6348d8f69155383add42a
[2026-04-15 18:26:45] Market created: 0xD24abB12D65C372249466f0242d5c45A687E042e (tx: d2e258c03d12a65d4fe18e42a2a204ede0ac4dc44be6348d8f69155383add42a)
[2026-04-15 18:26:45] Ably publish OK: market_created
[2026-04-15 18:26:45] Counting vehicles for 150s...
[STATE] betting — market=0xD24abB12... bet=150s count=150s round=43
[LineZone] (307,432) -> (960,432)
[Counter] Line: (579, 10) -> (701, 710)
[2026-04-15 18:26:46] [StreamClient] Round 43 started on stream_server
[Prune] Removed 11 stale IDs (frame 200)
[Prune] Removed 4 stale IDs (frame 300)
[Prune] Removed 6 stale IDs (frame 400)
[Prune] Removed 8 stale IDs (frame 500)
[Prune] Removed 2 stale IDs (frame 600)
[Prune] Removed 7 stale IDs (frame 700)
[Prune] Removed 2 stale IDs (frame 800)
[Evidence] Saved evidence/1776288406_30s.jpg (156306 bytes, sha256:09e9b40c691ba...)
[Prune] Removed 2 stale IDs (frame 900)
[Prune] Removed 2 stale IDs (frame 1100)
[Prune] Removed 6 stale IDs (frame 1200)
[Prune] Removed 4 stale IDs (frame 1300)
[Prune] Removed 1 stale IDs (frame 1400)
[Prune] Removed 4 stale IDs (frame 1500)
[Prune] Removed 6 stale IDs (frame 1600)
[Prune] Removed 4 stale IDs (frame 1700)
[Evidence] Saved evidence/1776288406_60s.jpg (143831 bytes, sha256:4b15e933ccc41...)
[Prune] Removed 4 stale IDs (frame 1800)
[Prune] Removed 1 stale IDs (frame 1900)
[Prune] Removed 3 stale IDs (frame 2100)
[Prune] Removed 2 stale IDs (frame 2200)
[Prune] Removed 3 stale IDs (frame 2300)
[Prune] Removed 5 stale IDs (frame 2400)
[Prune] Removed 4 stale IDs (frame 2500)
[Prune] Removed 7 stale IDs (frame 2600)
[Evidence] Saved evidence/1776288406_90s.jpg (124589 bytes, sha256:d097d756b3fd4...)
[Prune] Removed 9 stale IDs (frame 2700)
[Prune] Removed 5 stale IDs (frame 2800)
[Prune] Removed 1 stale IDs (frame 2900)
[Prune] Removed 2 stale IDs (frame 3000)
[Prune] Removed 6 stale IDs (frame 3100)
[Prune] Removed 1 stale IDs (frame 3200)
[Prune] Removed 1 stale IDs (frame 3300)
[Evidence] Saved evidence/1776288406_120s.jpg (163512 bytes, sha256:1182c00f6ced0...)
[Prune] Removed 1 stale IDs (frame 3600)
[Prune] Removed 1 stale IDs (frame 3700)
[Prune] Removed 1 stale IDs (frame 3800)
[Prune] Removed 3 stale IDs (frame 3900)
[Prune] Removed 8 stale IDs (frame 4000)
[Prune] Removed 6 stale IDs (frame 4100)
[Prune] Removed 5 stale IDs (frame 4200)
[Prune] Removed 5 stale IDs (frame 4300)
[Prune] Removed 6 stale IDs (frame 4400)
[STATE] counting — market=0xD24abB12... duration=150s round=43
[Evidence] Saved evidence/1776288406_150s.jpg (144391 bytes, sha256:91f2956c686a5...)
[Prune] Removed 7 stale IDs (frame 4500)
[Prune] Removed 8 stale IDs (frame 4600)
[Prune] Removed 11 stale IDs (frame 4700)
[Prune] Removed 4 stale IDs (frame 4800)
[Prune] Removed 3 stale IDs (frame 4900)
[Prune] Removed 1 stale IDs (frame 5000)
[Prune] Removed 6 stale IDs (frame 5100)
[Prune] Removed 6 stale IDs (frame 5200)
[Evidence] Saved evidence/1776288406_180s.jpg (148056 bytes, sha256:63601df078271...)
[Prune] Removed 1 stale IDs (frame 5300)
[Prune] Removed 1 stale IDs (frame 5500)
[Prune] Removed 4 stale IDs (frame 5600)
[Prune] Removed 1 stale IDs (frame 5800)
[Prune] Removed 10 stale IDs (frame 6000)
[Prune] Removed 2 stale IDs (frame 6100)
[Evidence] Saved evidence/1776288406_210s.jpg (170025 bytes, sha256:5fc2ad7843e60...)
[Prune] Removed 1 stale IDs (frame 6300)
[Prune] Removed 1 stale IDs (frame 6400)
[Prune] Removed 2 stale IDs (frame 6600)
[Prune] Removed 6 stale IDs (frame 6700)
[Prune] Removed 3 stale IDs (frame 6800)
[Prune] Removed 4 stale IDs (frame 6900)
[Prune] Removed 4 stale IDs (frame 7000)
[Evidence] Saved evidence/1776288406_240s.jpg (152551 bytes, sha256:45008664ab90e...)
[Prune] Removed 1 stale IDs (frame 7100)
[Prune] Removed 3 stale IDs (frame 7200)
[Prune] Removed 1 stale IDs (frame 7500)
[Prune] Removed 1 stale IDs (frame 7600)
[STATE] idle — round 43 complete: 67 vehicles
[Prune] Removed 3 stale IDs (frame 7800)
[Prune] Removed 8 stale IDs (frame 7900)
[Prune] Removed 7 stale IDs (frame 8000)
[Prune] Removed 2 stale IDs (frame 8100)
[Prune] Removed 1 stale IDs (frame 8200)
[STATE] betting — market=0x036027f7... bet=150s count=150s round=44
[LineZone] (307,432) -> (960,432)
[Counter] Line: (579, 10) -> (701, 710)
[Prune] Removed 1 stale IDs (frame 100)
[Prune] Removed 1 stale IDs (frame 300)
[Prune] Removed 1 stale IDs (frame 700)
[Prune] Removed 6 stale IDs (frame 800)
[Evidence] Saved evidence/1776288692_30s.jpg (164779 bytes, sha256:2a8dcf0e21818...)
[Prune] Removed 3 stale IDs (frame 1000)
[Prune] Removed 3 stale IDs (frame 1100)
[Prune] Removed 5 stale IDs (frame 1200)
[2026-04-15 18:32:16] No round_complete via WS — reading result.json fallback
[2026-04-15 18:32:16] Count complete: 67 vehicles (in=32 out=35)
[Prune] Removed 6 stale IDs (frame 1300)
[2026-04-15 18:32:17] No bets placed — cancelling market
[Prune] Removed 8 stale IDs (frame 1400)
[2026-04-15 18:32:20] Market cancelled: 0xD24abB12D65C372249466f0242d5c45A687E042e (tx: 96732109caf8fd2d2457e5fcef21ef2504cc4fb21d932336d33086604b21062b)
[2026-04-15 18:32:20] Ably publish OK: market_cancelled
[2026-04-15 18:32:21] Refunds distributed: 0xD24abB12D65C372249466f0242d5c45A687E042e (tx: 1efbb9beedab1d4e412d35b5afb39ebd19c7c1c727b8548a829762a8621f6e6f)
[2026-04-15 18:32:21] Ledger POST failed (non-fatal): HTTP Error 400: Bad Request
[2026-04-15 18:32:21] New threshold: 66 (avg of [65, 67])
[2026-04-15 18:32:21] Waiting 15s before Round #44...
[Prune] Removed 4 stale IDs (frame 1500)
[Prune] Removed 4 stale IDs (frame 1600)
[Prune] Removed 3 stale IDs (frame 1700)
[Evidence] Saved evidence/1776288692_60s.jpg (133752 bytes, sha256:5844b5d703043...)
[Prune] Removed 2 stale IDs (frame 1800)
[2026-04-15 18:32:36] Round #44 | Peace Bridge — USA/Canada Border | threshold=66
[2026-04-15 18:32:36] Cancelling orphan market: 0x036027f7d61c1522B8c09853a3C5DaBb7D34fCCE
[2026-04-15 18:32:39] Market cancelled: 0x036027f7d61c1522B8c09853a3C5DaBb7D34fCCE (tx: 5fbf718c4b7580e72b22fcc14302ad114f8e45b5f12213a0639262803091727a)
[2026-04-15 18:32:40] Ably publish OK: market_cancelled
[Prune] Removed 2 stale IDs (frame 2000)
[2026-04-15 18:32:43] Refunds distributed: 0x036027f7d61c1522B8c09853a3C5DaBb7D34fCCE (tx: 2430b22e5dc9d7bbd7db4ff1b4f3c729568ae76ab768eb44ac070a31d5ee553d)
[2026-04-15 18:32:43] Cancelled 1 orphan market(s)
[2026-04-15 18:32:43] createMarket tx sent: 49e93578b70dd77310edd33fffaf1a79f9011f384b8e389d76650333ff469f43
[2026-04-15 18:32:43] Market created: 0x09cC2DE6699e90FF22bBDb5bCc2EBc81B3d10a50 (tx: 49e93578b70dd77310edd33fffaf1a79f9011f384b8e389d76650333ff469f43)
[2026-04-15 18:32:44] Ably publish OK: market_created
[2026-04-15 18:32:44] Counting vehicles for 150s...
[STATE] betting — market=0x09cC2DE6... bet=150s count=150s round=44
[LineZone] (307,432) -> (960,432)
[Counter] Line: (579, 10) -> (701, 710)
[2026-04-15 18:32:44] [StreamClient] Round 44 started on stream_server
[Prune] Removed 5 stale IDs (frame 500)
[Prune] Removed 2 stale IDs (frame 600)
[Prune] Removed 7 stale IDs (frame 800)
[Evidence] Saved evidence/1776288764_30s.jpg (155077 bytes, sha256:8252c9819edc5...)
[Prune] Removed 1 stale IDs (frame 900)
[Prune] Removed 1 stale IDs (frame 1000)
[Prune] Removed 2 stale IDs (frame 1100)
[Prune] Removed 6 stale IDs (frame 1200)
[Prune] Removed 2 stale IDs (frame 1300)
[Prune] Removed 2 stale IDs (frame 1400)
[Prune] Removed 2 stale IDs (frame 1500)
[Prune] Removed 4 stale IDs (frame 1600)
[Prune] Removed 5 stale IDs (frame 1700)
[Evidence] Saved evidence/1776288764_60s.jpg (158702 bytes, sha256:fc2163a63e3d4...)
[Prune] Removed 9 stale IDs (frame 1800)
[Prune] Removed 2 stale IDs (frame 1900)
[Prune] Removed 2 stale IDs (frame 2000)
[Prune] Removed 5 stale IDs (frame 2100)
[Prune] Removed 11 stale IDs (frame 2200)
[Prune] Removed 4 stale IDs (frame 2300)
[Prune] Removed 3 stale IDs (frame 2400)
[Prune] Removed 3 stale IDs (frame 2500)
[Prune] Removed 7 stale IDs (frame 2600)
[Evidence] Saved evidence/1776288764_90s.jpg (141643 bytes, sha256:4d0e07a824c79...)
[Prune] Removed 2 stale IDs (frame 2700)
[Prune] Removed 1 stale IDs (frame 2800)
[Prune] Removed 1 stale IDs (frame 2900)
[Prune] Removed 1 stale IDs (frame 3000)
[Prune] Removed 1 stale IDs (frame 3100)
[Prune] Removed 1 stale IDs (frame 3200)
[Prune] Removed 2 stale IDs (frame 3300)
[Prune] Removed 1 stale IDs (frame 3400)
[Prune] Removed 2 stale IDs (frame 3500)
[Evidence] Saved evidence/1776288764_120s.jpg (138718 bytes, sha256:c72f6a86a1ee0...)
[Prune] Removed 3 stale IDs (frame 3700)
[Prune] Removed 2 stale IDs (frame 4000)
[Prune] Removed 4 stale IDs (frame 4100)
[Prune] Removed 3 stale IDs (frame 4200)
[Prune] Removed 3 stale IDs (frame 4300)
[Prune] Removed 8 stale IDs (frame 4400)
[STATE] counting — market=0x09cC2DE6... duration=150s round=44
[Evidence] Saved evidence/1776288764_150s.jpg (143011 bytes, sha256:611a513741e8c...)
[Prune] Removed 7 stale IDs (frame 4500)
[Prune] Removed 3 stale IDs (frame 4600)
[Prune] Removed 3 stale IDs (frame 4700)
[Prune] Removed 5 stale IDs (frame 4800)
[Prune] Removed 3 stale IDs (frame 4900)
[Prune] Removed 10 stale IDs (frame 5000)
[Prune] Removed 3 stale IDs (frame 5100)
[Prune] Removed 4 stale IDs (frame 5200)
[Prune] Removed 1 stale IDs (frame 5300)
[Evidence] Saved evidence/1776288764_180s.jpg (138085 bytes, sha256:67a9559e018d0...)
[Prune] Removed 1 stale IDs (frame 5400)
[Prune] Removed 1 stale IDs (frame 5500)
[Prune] Removed 4 stale IDs (frame 5600)
[Prune] Removed 2 stale IDs (frame 5700)
[Prune] Removed 1 stale IDs (frame 6000)
[Prune] Removed 2 stale IDs (frame 6100)
[Evidence] Saved evidence/1776288764_210s.jpg (145774 bytes, sha256:44c58f819a85e...)
[Prune] Removed 5 stale IDs (frame 6200)
[Prune] Removed 1 stale IDs (frame 6300)
[Prune] Removed 5 stale IDs (frame 6500)
[Prune] Removed 2 stale IDs (frame 6600)
[WS] Client connected (3 total)
[Prune] Removed 1 stale IDs (frame 6900)
[Evidence] Saved evidence/1776288764_240s.jpg (144070 bytes, sha256:caaaac3594e6a...)
[Prune] Removed 3 stale IDs (frame 7100)
[Prune] Removed 6 stale IDs (frame 7200)
[Prune] Removed 5 stale IDs (frame 7300)
[Prune] Removed 3 stale IDs (frame 7500)
[STATE] idle — round 44 complete: 57 vehicles
[Prune] Removed 5 stale IDs (frame 7600)
[Prune] Removed 10 stale IDs (frame 7700)
[WS] Client disconnected (2 total)
connection handler failed
Traceback (most recent call last):
  File "/home/lumen/miniconda3/lib/python3.13/asyncio/selector_events.py", line 1067, in write
    n = self._sock.send(data)
BrokenPipeError: [Errno 32] Broken pipe

The above exception was the direct cause of the following exception:

Traceback (most recent call last):
  File "/home/lumen/miniconda3/lib/python3.13/site-packages/websockets/asyncio/server.py", line 376, in conn_handler
    await self.handler(connection)
  File "/home/lumen/.gemini/antigravity/scratch/rush/oracle/stream_server.py", line 1261, in handler
    async for msg in ws:
    ...<37 lines>...
            pass
  File "/home/lumen/miniconda3/lib/python3.13/site-packages/websockets/asyncio/connection.py", line 242, in __aiter__
    yield await self.recv()
          ^^^^^^^^^^^^^^^^^
  File "/home/lumen/miniconda3/lib/python3.13/site-packages/websockets/asyncio/connection.py", line 322, in recv
    raise self.protocol.close_exc from self.recv_exc
websockets.exceptions.ConnectionClosedError: no close frame received or sent
[Prune] Removed 6 stale IDs (frame 7800)
[Prune] Removed 6 stale IDs (frame 7900)
[Prune] Removed 5 stale IDs (frame 8000)
[Prune] Removed 1 stale IDs (frame 8100)
[STATE] betting — market=0xA6d0bD68... bet=150s count=150s round=45
[LineZone] (307,432) -> (960,432)
[Counter] Line: (579, 10) -> (701, 710)
[Prune] Removed 1 stale IDs (frame 200)
[Prune] Removed 1 stale IDs (frame 300)
[Prune] Removed 2 stale IDs (frame 500)
[Prune] Removed 2 stale IDs (frame 600)
[Prune] Removed 8 stale IDs (frame 700)
[Prune] Removed 11 stale IDs (frame 800)
[Evidence] Saved evidence/1776289046_30s.jpg (134148 bytes, sha256:607f0f2b9ad46...)
[Prune] Removed 6 stale IDs (frame 900)
[Prune] Removed 4 stale IDs (frame 1000)
[Prune] Removed 5 stale IDs (frame 1100)
[Prune] Removed 2 stale IDs (frame 1200)
[Prune] Removed 6 stale IDs (frame 1300)
[Prune] Removed 2 stale IDs (frame 1400)
[2026-04-15 18:38:14] No round_complete via WS — reading result.json fallback
[2026-04-15 18:38:14] Count complete: 57 vehicles (in=30 out=27)
[2026-04-15 18:38:15] No bets placed — cancelling market
[2026-04-15 18:38:16] Market cancelled: 0x09cC2DE6699e90FF22bBDb5bCc2EBc81B3d10a50 (tx: ce86d37c29fad876061c60fa4e9dbd23cda68a7de372cc03ed881bef66c2a8aa)
[2026-04-15 18:38:16] Ably publish OK: market_cancelled
[Prune] Removed 3 stale IDs (frame 1500)
[2026-04-15 18:38:17] Refunds distributed: 0x09cC2DE6699e90FF22bBDb5bCc2EBc81B3d10a50 (tx: fb9b3f5e3a40c262c1b78340317e3a9f7245eb1ec726498a98f799793be4dacf)
[2026-04-15 18:38:17] Ledger POST failed (non-fatal): HTTP Error 400: Bad Request
[2026-04-15 18:38:17] New threshold: 62 (avg of [67, 57])
[2026-04-15 18:38:17] Waiting 15s before Round #45...
[Prune] Removed 2 stale IDs (frame 1600)
[Evidence] Saved evidence/1776289046_60s.jpg (131431 bytes, sha256:0b7d6380ae050...)
[Prune] Removed 3 stale IDs (frame 1800)
[Prune] Removed 5 stale IDs (frame 1900)
[2026-04-15 18:38:32] Round #45 | Peace Bridge — USA/Canada Border | threshold=62
[Prune] Removed 8 stale IDs (frame 2000)
[2026-04-15 18:38:34] Cancelling orphan market: 0xA6d0bD68376433712f08A0FcDfd49DDC603a1635
[2026-04-15 18:38:35] Market cancelled: 0xA6d0bD68376433712f08A0FcDfd49DDC603a1635 (tx: 62acdc887943a080b3fe0192f6edf60bf029df461a9c5782f83aeb26d6c6e494)
[2026-04-15 18:38:35] Ably publish OK: market_cancelled
[Prune] Removed 3 stale IDs (frame 2100)
[2026-04-15 18:38:38] Refunds distributed: 0xA6d0bD68376433712f08A0FcDfd49DDC603a1635 (tx: 751df332f69d10b3b16372c7095a6356b5923d03fe1f806c56dbbb6a331f747e)
[2026-04-15 18:38:38] Cancelled 1 orphan market(s)
[2026-04-15 18:38:39] createMarket tx sent: 557e3554dcb22134e8acad554a30c41267349aa905575ac497231ed7af9312a7
[2026-04-15 18:38:39] Market created: 0xCfDf8a80Ea0DbD08b6a45E0F0D7F56E4d4c1a41B (tx: 557e3554dcb22134e8acad554a30c41267349aa905575ac497231ed7af9312a7)
[2026-04-15 18:38:40] Ably publish OK: market_created
[2026-04-15 18:38:40] Counting vehicles for 150s...
[STATE] betting — market=0xCfDf8a80... bet=150s count=150s round=45
[LineZone] (307,432) -> (960,432)
[Counter] Line: (579, 10) -> (701, 710)
[2026-04-15 18:38:40] [StreamClient] Round 45 started on stream_server
[Prune] Removed 2 stale IDs (frame 200)
[Prune] Removed 4 stale IDs (frame 300)
[Prune] Removed 2 stale IDs (frame 400)
[Prune] Removed 1 stale IDs (frame 500)
[Prune] Removed 5 stale IDs (frame 600)
[Prune] Removed 1 stale IDs (frame 700)
[Prune] Removed 6 stale IDs (frame 800)
[Evidence] Saved evidence/1776289120_30s.jpg (143396 bytes, sha256:b07df14f5c726...)
[Prune] Removed 2 stale IDs (frame 900)
[Prune] Removed 1 stale IDs (frame 1000)
[Prune] Removed 1 stale IDs (frame 1300)
[Prune] Removed 1 stale IDs (frame 1400)
[Prune] Removed 5 stale IDs (frame 1500)
[Prune] Removed 5 stale IDs (frame 1600)
[Prune] Removed 5 stale IDs (frame 1700)
[Evidence] Saved evidence/1776289120_60s.jpg (142476 bytes, sha256:114b54f516871...)
[Prune] Removed 8 stale IDs (frame 1800)
[Prune] Removed 5 stale IDs (frame 1900)
[Prune] Removed 5 stale IDs (frame 2000)
[Prune] Removed 1 stale IDs (frame 2100)
[Prune] Removed 1 stale IDs (frame 2200)
[WS] Client disconnected (1 total)
[Prune] Removed 1 stale IDs (frame 2300)
[Prune] Removed 4 stale IDs (frame 2500)
[Prune] Removed 3 stale IDs (frame 2600)
[Evidence] Saved evidence/1776289120_90s.jpg (138751 bytes, sha256:d92bfaf44e7ee...)
[Prune] Removed 1 stale IDs (frame 2700)
[Prune] Removed 3 stale IDs (frame 2800)
[Prune] Removed 1 stale IDs (frame 2900)
[Prune] Removed 2 stale IDs (frame 3300)
[Prune] Removed 6 stale IDs (frame 3400)
[Prune] Removed 5 stale IDs (frame 3500)
[Evidence] Saved evidence/1776289120_120s.jpg (143788 bytes, sha256:3097b3d60128b...)
[Prune] Removed 3 stale IDs (frame 3600)
[Prune] Removed 1 stale IDs (frame 3700)
[Prune] Removed 3 stale IDs (frame 3800)
[Prune] Removed 6 stale IDs (frame 3900)
[Prune] Removed 12 stale IDs (frame 4000)
[Prune] Removed 8 stale IDs (frame 4200)
[Prune] Removed 13 stale IDs (frame 4300)
[Prune] Removed 8 stale IDs (frame 4400)
[STATE] counting — market=0xCfDf8a80... duration=150s round=45
[Evidence] Saved evidence/1776289120_150s.jpg (122847 bytes, sha256:393734cf3410e...)
[Prune] Removed 18 stale IDs (frame 4500)
[Prune] Removed 5 stale IDs (frame 4600)
[Prune] Removed 6 stale IDs (frame 4700)
[Prune] Removed 3 stale IDs (frame 4800)
[Prune] Removed 2 stale IDs (frame 4900)
[Prune] Removed 4 stale IDs (frame 5000)
[Prune] Removed 3 stale IDs (frame 5100)
[Prune] Removed 4 stale IDs (frame 5200)
[Evidence] Saved evidence/1776289120_180s.jpg (139922 bytes, sha256:c1123d5c3cebf...)
[Prune] Removed 2 stale IDs (frame 5300)
[Prune] Removed 9 stale IDs (frame 5400)
[Prune] Removed 3 stale IDs (frame 5500)
[Prune] Removed 4 stale IDs (frame 5600)
[Prune] Removed 6 stale IDs (frame 5700)
[Prune] Removed 6 stale IDs (frame 5800)
[Prune] Removed 8 stale IDs (frame 5900)
[Prune] Removed 17 stale IDs (frame 6000)
[Prune] Removed 3 stale IDs (frame 6100)
[Evidence] Saved evidence/1776289120_210s.jpg (148777 bytes, sha256:2da76d48f7767...)
[Prune] Removed 3 stale IDs (frame 6200)
[Prune] Removed 3 stale IDs (frame 6300)
[Prune] Removed 3 stale IDs (frame 6400)
[Prune] Removed 3 stale IDs (frame 6500)
[Prune] Removed 6 stale IDs (frame 6600)
[Prune] Removed 1 stale IDs (frame 6700)
[Prune] Removed 2 stale IDs (frame 6800)
[Evidence] Saved evidence/1776289120_240s.jpg (140871 bytes, sha256:c4f0ff4014d2d...)
[Prune] Removed 2 stale IDs (frame 7100)
[Prune] Removed 2 stale IDs (frame 7200)
[Prune] Removed 1 stale IDs (frame 7300)
[Prune] Removed 3 stale IDs (frame 7400)
[Prune] Removed 2 stale IDs (frame 7500)
[STATE] idle — round 45 complete: 66 vehicles
[Prune] Removed 5 stale IDs (frame 7600)
[Prune] Removed 7 stale IDs (frame 7700)
[Prune] Removed 9 stale IDs (frame 7800)
[Prune] Removed 1 stale IDs (frame 7900)
[Prune] Removed 7 stale IDs (frame 8000)
[Prune] Removed 3 stale IDs (frame 8100)
[Prune] Removed 3 stale IDs (frame 8200)
[Prune] Removed 3 stale IDs (frame 8300)
[Prune] Removed 6 stale IDs (frame 8400)
[STATE] betting — market=0x259be827... bet=150s count=150s round=46
[LineZone] (307,432) -> (960,432)
[Counter] Line: (579, 10) -> (701, 710)
[Prune] Removed 6 stale IDs (frame 200)
[Prune] Removed 7 stale IDs (frame 300)
[Prune] Removed 6 stale IDs (frame 400)
[Prune] Removed 13 stale IDs (frame 500)
[Prune] Removed 8 stale IDs (frame 600)
[Prune] Removed 12 stale IDs (frame 700)
[Prune] Removed 17 stale IDs (frame 800)
[Evidence] Saved evidence/1776289406_30s.jpg (132575 bytes, sha256:3aadb199b4b35...)
[Prune] Removed 11 stale IDs (frame 900)
[Prune] Removed 5 stale IDs (frame 1000)
[Prune] Removed 8 stale IDs (frame 1100)
[Prune] Removed 6 stale IDs (frame 1200)
[2026-04-15 18:44:10] No round_complete via WS — reading result.json fallback
[2026-04-15 18:44:10] Count complete: 66 vehicles (in=38 out=28)
[Prune] Removed 9 stale IDs (frame 1300)
[2026-04-15 18:44:11] No bets placed — cancelling market
[Prune] Removed 4 stale IDs (frame 1400)
[2026-04-15 18:44:14] Market cancelled: 0xCfDf8a80Ea0DbD08b6a45E0F0D7F56E4d4c1a41B (tx: c66c953c57371d36c9ba088136956642b6f52dbd74f1ef458caab12a90d9ce8a)
[2026-04-15 18:44:14] Ably publish OK: market_cancelled
[Prune] Removed 9 stale IDs (frame 1500)
[2026-04-15 18:44:17] Refunds distributed: 0xCfDf8a80Ea0DbD08b6a45E0F0D7F56E4d4c1a41B (tx: 30cf884e46a6949ce3aa615f1235584f2167cc5225244e84273259d464ee4583)
[2026-04-15 18:44:17] Ledger POST failed (non-fatal): HTTP Error 400: Bad Request
[2026-04-15 18:44:17] New threshold: 61 (avg of [57, 66])
[2026-04-15 18:44:17] Waiting 15s before Round #46...
[Prune] Removed 5 stale IDs (frame 1600)
[Prune] Removed 8 stale IDs (frame 1700)
[Evidence] Saved evidence/1776289406_60s.jpg (138878 bytes, sha256:b669aa18da5ee...)
[Prune] Removed 7 stale IDs (frame 1800)
[Prune] Removed 6 stale IDs (frame 1900)
[2026-04-15 18:44:32] Round #46 | Peace Bridge — USA/Canada Border | threshold=61
[2026-04-15 18:44:33] Cancelling orphan market: 0x259be827a7279b94BA872D1F306c7aBd71639B4F
[2026-04-15 18:44:34] Market cancelled: 0x259be827a7279b94BA872D1F306c7aBd71639B4F (tx: e2ef10d0495a6a6d564373be02582ace73e37943ef60d4d545f280b52f7b1e3a)
[Prune] Removed 7 stale IDs (frame 2000)
[2026-04-15 18:44:34] Ably publish OK: market_cancelled
[2026-04-15 18:44:37] Refunds distributed: 0x259be827a7279b94BA872D1F306c7aBd71639B4F (tx: 9475a1266a283cfbf3d3743fa3ca90269e6cfd258a84433c92660382e25c1005)
[2026-04-15 18:44:37] Cancelled 1 orphan market(s)
[Prune] Removed 2 stale IDs (frame 2100)
[2026-04-15 18:44:37] createMarket tx sent: b1b5d634e70641c17a5db6a6e25368791a9bd3ddde2d7d8efa7fbaf1a4fae829
[2026-04-15 18:44:40] Market created: 0x989e5DB5CDfBE035b2b53284c8Dbdf557E18A07d (tx: b1b5d634e70641c17a5db6a6e25368791a9bd3ddde2d7d8efa7fbaf1a4fae829)
[2026-04-15 18:44:40] Ably publish OK: market_created
[2026-04-15 18:44:40] Counting vehicles for 150s...
[STATE] betting — market=0x989e5DB5... bet=150s count=150s round=46
[LineZone] (307,432) -> (960,432)
[Counter] Line: (579, 10) -> (701, 710)
[2026-04-15 18:44:40] [StreamClient] Round 46 started on stream_server
[Prune] Removed 3 stale IDs (frame 200)
[Prune] Removed 3 stale IDs (frame 300)
[Prune] Removed 1 stale IDs (frame 400)
[Prune] Removed 1 stale IDs (frame 600)
[Prune] Removed 5 stale IDs (frame 700)
[Prune] Removed 4 stale IDs (frame 800)
[Evidence] Saved evidence/1776289480_30s.jpg (125251 bytes, sha256:19252517f6bbd...)
[Prune] Removed 1 stale IDs (frame 900)
[Prune] Removed 1 stale IDs (frame 1000)
[Prune] Removed 6 stale IDs (frame 1100)
[Prune] Removed 2 stale IDs (frame 1200)
[Prune] Removed 5 stale IDs (frame 1300)
[Prune] Removed 5 stale IDs (frame 1400)
[Prune] Removed 2 stale IDs (frame 1500)
[Evidence] Saved evidence/1776289480_60s.jpg (153452 bytes, sha256:3e6d1a7846a8b...)
[Prune] Removed 1 stale IDs (frame 1800)
[Prune] Removed 3 stale IDs (frame 2000)
[Prune] Removed 2 stale IDs (frame 2200)
[Prune] Removed 3 stale IDs (frame 2300)
[Prune] Removed 2 stale IDs (frame 2400)
[Prune] Removed 5 stale IDs (frame 2500)
[Prune] Removed 10 stale IDs (frame 2600)
[Evidence] Saved evidence/1776289480_90s.jpg (140393 bytes, sha256:413a05cbf0247...)
[Prune] Removed 1 stale IDs (frame 2700)
[Prune] Removed 7 stale IDs (frame 2800)
[Prune] Removed 4 stale IDs (frame 2900)
[Prune] Removed 8 stale IDs (frame 3000)
[Prune] Removed 20 stale IDs (frame 3100)
[Prune] Removed 9 stale IDs (frame 3200)
[Prune] Removed 4 stale IDs (frame 3300)
[Prune] Removed 3 stale IDs (frame 3400)
[Prune] Removed 8 stale IDs (frame 3500)
[Evidence] Saved evidence/1776289480_120s.jpg (122077 bytes, sha256:d7ce10594060d...)
[Prune] Removed 8 stale IDs (frame 3600)
[Prune] Removed 4 stale IDs (frame 3700)
[Prune] Removed 3 stale IDs (frame 3800)
[Prune] Removed 6 stale IDs (frame 3900)
[Prune] Removed 3 stale IDs (frame 4000)
[Prune] Removed 6 stale IDs (frame 4100)
[Prune] Removed 8 stale IDs (frame 4200)
[Prune] Removed 15 stale IDs (frame 4300)
[STATE] counting — market=0x989e5DB5... duration=150s round=46
[Evidence] Saved evidence/1776289480_150s.jpg (134846 bytes, sha256:21296a23d15ba...)
[Prune] Removed 5 stale IDs (frame 4400)
[Prune] Removed 10 stale IDs (frame 4500)
[Prune] Removed 6 stale IDs (frame 4600)
[Prune] Removed 7 stale IDs (frame 4700)
[Prune] Removed 6 stale IDs (frame 4800)
[Prune] Removed 3 stale IDs (frame 5200)
[Evidence] Saved evidence/1776289480_180s.jpg (139144 bytes, sha256:6cf65d43db053...)
[Prune] Removed 2 stale IDs (frame 5300)
[Prune] Removed 2 stale IDs (frame 5400)
[Prune] Removed 2 stale IDs (frame 5500)
[Prune] Removed 5 stale IDs (frame 5600)
[Prune] Removed 7 stale IDs (frame 5700)
[Prune] Removed 1 stale IDs (frame 5800)
[Prune] Removed 3 stale IDs (frame 5900)
[Prune] Removed 1 stale IDs (frame 6000)
[Evidence] Saved evidence/1776289480_210s.jpg (126244 bytes, sha256:da051cf811653...)
[Prune] Removed 5 stale IDs (frame 6200)
[Prune] Removed 8 stale IDs (frame 6300)
[Prune] Removed 11 stale IDs (frame 6400)
[Prune] Removed 6 stale IDs (frame 6500)
[Prune] Removed 8 stale IDs (frame 6600)
[Prune] Removed 6 stale IDs (frame 6700)
[Prune] Removed 5 stale IDs (frame 6800)
[Prune] Removed 3 stale IDs (frame 7000)
[Evidence] Saved evidence/1776289480_240s.jpg (151931 bytes, sha256:c34dfac4c09fb...)
[Prune] Removed 1 stale IDs (frame 7100)
[STATE] idle — round 46 complete: 58 vehicles
[Prune] Removed 3 stale IDs (frame 7800)
[Prune] Removed 1 stale IDs (frame 7900)
[Prune] Removed 2 stale IDs (frame 8100)
[Prune] Removed 5 stale IDs (frame 8200)
[STATE] betting — market=0x64a87b41... bet=150s count=150s round=47
[LineZone] (307,432) -> (960,432)
[Counter] Line: (579, 10) -> (701, 710)
[Prune] Removed 1 stale IDs (frame 100)
[Prune] Removed 1 stale IDs (frame 200)
[Prune] Removed 6 stale IDs (frame 300)
[Prune] Removed 1 stale IDs (frame 400)
[Prune] Removed 6 stale IDs (frame 500)
[Prune] Removed 3 stale IDs (frame 600)
[Prune] Removed 3 stale IDs (frame 800)
[Evidence] Saved evidence/1776289764_30s.jpg (144768 bytes, sha256:33345141127ac...)
[Prune] Removed 3 stale IDs (frame 1100)
[Prune] Removed 2 stale IDs (frame 1200)
[Prune] Removed 3 stale IDs (frame 1300)
[2026-04-15 18:50:10] No round_complete via WS — reading result.json fallback
[2026-04-15 18:50:10] Count complete: 58 vehicles (in=38 out=20)
[2026-04-15 18:50:12] No bets placed — cancelling market
[Prune] Removed 14 stale IDs (frame 1400)
[2026-04-15 18:50:15] Market cancelled: 0x989e5DB5CDfBE035b2b53284c8Dbdf557E18A07d (tx: 9df5fd290023a11d48d0dcab0ae08db09bdaf0614e5fcaa3fb8bb2f059980124)
[2026-04-15 18:50:15] Ably publish OK: market_cancelled
[Prune] Removed 4 stale IDs (frame 1500)
[2026-04-15 18:50:16] Refunds distributed: 0x989e5DB5CDfBE035b2b53284c8Dbdf557E18A07d (tx: 34958b13363cbaa91d305c5312c835e83c5d722edc09cd8171f3b0068d065b34)
[2026-04-15 18:50:16] Ledger POST failed (non-fatal): HTTP Error 400: Bad Request
[2026-04-15 18:50:16] New threshold: 62 (avg of [66, 58])
[2026-04-15 18:50:16] Waiting 15s before Round #47...
[Prune] Removed 7 stale IDs (frame 1600)
[Prune] Removed 9 stale IDs (frame 1700)
[Evidence] Saved evidence/1776289764_60s.jpg (146621 bytes, sha256:104f4c4ec6e58...)
[Prune] Removed 1 stale IDs (frame 1800)
[Prune] Removed 2 stale IDs (frame 1900)
[2026-04-15 18:50:31] Round #47 | Peace Bridge — USA/Canada Border | threshold=62
[2026-04-15 18:50:32] Cancelling orphan market: 0x64a87b4119619C96E27AFc987e8fbA8e2869A8AD
[2026-04-15 18:50:35] Market cancelled: 0x64a87b4119619C96E27AFc987e8fbA8e2869A8AD (tx: 65cfc6cd3d42ca67c3f4870ac7d4b90a8418eff56b682184c57246add357e124)
[2026-04-15 18:50:35] Ably publish OK: market_cancelled
[2026-04-15 18:50:36] Refunds distributed: 0x64a87b4119619C96E27AFc987e8fbA8e2869A8AD (tx: b169601809eddc8fea18cdba2b9b8e3860e3e2b6c90ffae3e4cd3243b86b3e68)
[2026-04-15 18:50:36] Cancelled 1 orphan market(s)
[Prune] Removed 1 stale IDs (frame 2100)
[2026-04-15 18:50:36] createMarket tx sent: 4c3eda961aaf662fdb18f0f17ccbb1148698841d5c1dbdd092e04d8ec5a2d2f8
[2026-04-15 18:50:39] Market created: 0x5b0718e3F91caCA0C5c39B9662f17aa349EE4aeD (tx: 4c3eda961aaf662fdb18f0f17ccbb1148698841d5c1dbdd092e04d8ec5a2d2f8)
[2026-04-15 18:50:39] Ably publish OK: market_created
[2026-04-15 18:50:39] Counting vehicles for 150s...
[STATE] betting — market=0x5b0718e3... bet=150s count=150s round=47
[LineZone] (307,432) -> (960,432)
[Counter] Line: (579, 10) -> (701, 710)
[2026-04-15 18:50:39] [StreamClient] Round 47 started on stream_server
[Prune] Removed 3 stale IDs (frame 200)
[Prune] Removed 11 stale IDs (frame 300)
[Prune] Removed 11 stale IDs (frame 400)
[Prune] Removed 3 stale IDs (frame 500)
[Evidence] Saved evidence/1776289839_30s.jpg (143862 bytes, sha256:c9f3d32654408...)
[Prune] Removed 3 stale IDs (frame 900)
[Prune] Removed 3 stale IDs (frame 1000)
[Prune] Removed 4 stale IDs (frame 1100)
[Prune] Removed 5 stale IDs (frame 1200)
[Prune] Removed 8 stale IDs (frame 1300)
[Prune] Removed 11 stale IDs (frame 1400)
[Prune] Removed 4 stale IDs (frame 1500)
[Prune] Removed 6 stale IDs (frame 1600)
[Prune] Removed 5 stale IDs (frame 1700)
[Evidence] Saved evidence/1776289839_60s.jpg (148382 bytes, sha256:b05e122503cba...)
[Prune] Removed 3 stale IDs (frame 1800)
[Prune] Removed 3 stale IDs (frame 1900)
[Prune] Removed 3 stale IDs (frame 2000)
[Prune] Removed 5 stale IDs (frame 2100)
[Prune] Removed 1 stale IDs (frame 2200)
[Prune] Removed 7 stale IDs (frame 2300)
[Prune] Removed 2 stale IDs (frame 2400)
[Prune] Removed 7 stale IDs (frame 2500)
[Prune] Removed 8 stale IDs (frame 2600)
[WS] Client connected (2 total)
[Evidence] Saved evidence/1776289839_90s.jpg (122536 bytes, sha256:4f00040354cc6...)
[Prune] Removed 5 stale IDs (frame 2700)
[Prune] Removed 6 stale IDs (frame 2800)
[Prune] Removed 2 stale IDs (frame 2900)
[WS] Client disconnected (1 total)
connection handler failed
Traceback (most recent call last):
  File "/home/lumen/miniconda3/lib/python3.13/asyncio/selector_events.py", line 1067, in write
    n = self._sock.send(data)
BrokenPipeError: [Errno 32] Broken pipe

The above exception was the direct cause of the following exception:

Traceback (most recent call last):
  File "/home/lumen/miniconda3/lib/python3.13/site-packages/websockets/asyncio/server.py", line 376, in conn_handler
    await self.handler(connection)
  File "/home/lumen/.gemini/antigravity/scratch/rush/oracle/stream_server.py", line 1261, in handler
    async for msg in ws:
    ...<37 lines>...
            pass
  File "/home/lumen/miniconda3/lib/python3.13/site-packages/websockets/asyncio/connection.py", line 242, in __aiter__
    yield await self.recv()
          ^^^^^^^^^^^^^^^^^
  File "/home/lumen/miniconda3/lib/python3.13/site-packages/websockets/asyncio/connection.py", line 322, in recv
    raise self.protocol.close_exc from self.recv_exc
websockets.exceptions.ConnectionClosedError: no close frame received or sent
[Prune] Removed 9 stale IDs (frame 3000)
[Prune] Removed 4 stale IDs (frame 3100)
[Prune] Removed 3 stale IDs (frame 3200)
[Prune] Removed 1 stale IDs (frame 3400)
[Prune] Removed 2 stale IDs (frame 3500)
[Evidence] Saved evidence/1776289839_120s.jpg (147872 bytes, sha256:631fdcf848178...)
[Prune] Removed 1 stale IDs (frame 3600)
[Prune] Removed 3 stale IDs (frame 3700)
[Prune] Removed 1 stale IDs (frame 3800)
[Prune] Removed 2 stale IDs (frame 3900)
[Prune] Removed 2 stale IDs (frame 4000)
[Prune] Removed 3 stale IDs (frame 4100)
[Prune] Removed 6 stale IDs (frame 4200)
[STATE] counting — market=0x5b0718e3... duration=150s round=47
[Prune] Removed 9 stale IDs (frame 4400)
[Evidence] Saved evidence/1776289839_150s.jpg (131971 bytes, sha256:7a8fc9e88280b...)
[Prune] Removed 11 stale IDs (frame 4500)
[Prune] Removed 9 stale IDs (frame 4600)
[Prune] Removed 6 stale IDs (frame 4700)
[Prune] Removed 2 stale IDs (frame 4800)
[Prune] Removed 4 stale IDs (frame 4900)
[Prune] Removed 6 stale IDs (frame 5000)
[Prune] Removed 1 stale IDs (frame 5100)
[Evidence] Saved evidence/1776289839_180s.jpg (150018 bytes, sha256:69f80c127f356...)
[Prune] Removed 3 stale IDs (frame 5300)
[Prune] Removed 1 stale IDs (frame 5400)
[Prune] Removed 5 stale IDs (frame 5600)
[Prune] Removed 3 stale IDs (frame 5700)
[Prune] Removed 4 stale IDs (frame 5800)
[Prune] Removed 1 stale IDs (frame 5900)
[Prune] Removed 1 stale IDs (frame 6000)
[Prune] Removed 2 stale IDs (frame 6100)
[Evidence] Saved evidence/1776289839_210s.jpg (133922 bytes, sha256:11d9122713d45...)
[Prune] Removed 9 stale IDs (frame 6200)
[Prune] Removed 8 stale IDs (frame 6300)
[Prune] Removed 10 stale IDs (frame 6400)
[Prune] Removed 11 stale IDs (frame 6500)
[Prune] Removed 1 stale IDs (frame 6600)
[Prune] Removed 3 stale IDs (frame 6700)
[Prune] Removed 3 stale IDs (frame 6800)
[Prune] Removed 2 stale IDs (frame 6900)
[Prune] Removed 2 stale IDs (frame 7000)
[Evidence] Saved evidence/1776289839_240s.jpg (156161 bytes, sha256:a6fa93e03abaa...)
[Prune] Removed 6 stale IDs (frame 7100)
[Prune] Removed 2 stale IDs (frame 7200)
[Prune] Removed 1 stale IDs (frame 7300)
[Prune] Removed 1 stale IDs (frame 7400)
[STATE] idle — round 47 complete: 66 vehicles
[Prune] Removed 5 stale IDs (frame 7500)
[Prune] Removed 10 stale IDs (frame 7600)
[Prune] Removed 3 stale IDs (frame 7700)
[Prune] Removed 2 stale IDs (frame 8000)
[STATE] betting — market=0xde49D2e7... bet=150s count=150s round=48
[LineZone] (307,432) -> (960,432)
[Counter] Line: (579, 10) -> (701, 710)
[Prune] Removed 1 stale IDs (frame 100)
[Prune] Removed 6 stale IDs (frame 200)
[Prune] Removed 4 stale IDs (frame 300)
[Prune] Removed 2 stale IDs (frame 600)
[Prune] Removed 2 stale IDs (frame 700)
[Prune] Removed 3 stale IDs (frame 800)
[Evidence] Saved evidence/1776290117_30s.jpg (130273 bytes, sha256:b05178e9697ef...)
[Prune] Removed 10 stale IDs (frame 900)
[Prune] Removed 4 stale IDs (frame 1000)
[Prune] Removed 8 stale IDs (frame 1100)
[Prune] Removed 4 stale IDs (frame 1200)
[Prune] Removed 4 stale IDs (frame 1400)
[Prune] Removed 2 stale IDs (frame 1500)
[2026-04-15 18:56:09] No round_complete via WS — reading result.json fallback
[2026-04-15 18:56:09] Count complete: 66 vehicles (in=34 out=32)
[2026-04-15 18:56:11] No bets placed — cancelling market
[Prune] Removed 3 stale IDs (frame 1600)
[2026-04-15 18:56:11] Market cancelled: 0x5b0718e3F91caCA0C5c39B9662f17aa349EE4aeD (tx: 19b64abd53db2e120bd61a566427893cc2492b94491ef21ccf4792b27f1b1061)
[2026-04-15 18:56:11] Ably publish OK: market_cancelled
[2026-04-15 18:56:12] Refunds distributed: 0x5b0718e3F91caCA0C5c39B9662f17aa349EE4aeD (tx: 25b93dd3869dd3067290003920649d7b5c575a85d8897c987fafc45d45a0ff01)
[2026-04-15 18:56:12] Ledger POST failed (non-fatal): HTTP Error 400: Bad Request
[2026-04-15 18:56:12] New threshold: 62 (avg of [58, 66])
[2026-04-15 18:56:12] Waiting 15s before Round #48...
[Prune] Removed 1 stale IDs (frame 1700)
[Evidence] Saved evidence/1776290117_60s.jpg (132460 bytes, sha256:bf65e09cd01fb...)
[Prune] Removed 2 stale IDs (frame 1800)
[Prune] Removed 3 stale IDs (frame 2000)
[2026-04-15 18:56:27] Round #48 | Peace Bridge — USA/Canada Border | threshold=62
[2026-04-15 18:56:28] Cancelling orphan market: 0xde49D2e725C995971Dd3fa1dF5C748245864822f
[Prune] Removed 2 stale IDs (frame 2100)
[2026-04-15 18:56:31] Market cancelled: 0xde49D2e725C995971Dd3fa1dF5C748245864822f (tx: ff07533634095371e611cae9f90a210d1549566770866ad762fa629db537838c)
[2026-04-15 18:56:31] Ably publish OK: market_cancelled
[Prune] Removed 5 stale IDs (frame 2200)
[2026-04-15 18:56:32] Refunds distributed: 0xde49D2e725C995971Dd3fa1dF5C748245864822f (tx: 7158b7ff1440040bdaa3e6fadcd957c4a89bd323e19500b04c264d0fb9835541)
[2026-04-15 18:56:32] Cancelled 1 orphan market(s)
[2026-04-15 18:56:33] createMarket tx sent: b68b9ac132e826e0518d2e4c433950155b3db294c5ec870ceb8d6967b7fb2724
[2026-04-15 18:56:35] Market created: 0x6039808f364Fe1a87D2E9d8a2C9eF89347243246 (tx: b68b9ac132e826e0518d2e4c433950155b3db294c5ec870ceb8d6967b7fb2724)
[Prune] Removed 5 stale IDs (frame 2300)
[2026-04-15 18:56:35] Ably publish OK: market_created
[2026-04-15 18:56:35] Counting vehicles for 150s...
[STATE] betting — market=0x6039808f... bet=150s count=150s round=48
[LineZone] (307,432) -> (960,432)
[Counter] Line: (579, 10) -> (701, 710)
[2026-04-15 18:56:35] [StreamClient] Round 48 started on stream_server
[Prune] Removed 1 stale IDs (frame 100)
[Prune] Removed 14 stale IDs (frame 200)
[Prune] Removed 7 stale IDs (frame 300)
[Prune] Removed 6 stale IDs (frame 400)
[Prune] Removed 4 stale IDs (frame 500)
[Prune] Removed 11 stale IDs (frame 600)
[Prune] Removed 6 stale IDs (frame 700)
[Prune] Removed 2 stale IDs (frame 800)
[Evidence] Saved evidence/1776290195_30s.jpg (134835 bytes, sha256:1e60ecb2cadd6...)
[Prune] Removed 3 stale IDs (frame 900)
[Prune] Removed 1 stale IDs (frame 1000)
[Prune] Removed 1 stale IDs (frame 1100)
[Prune] Removed 2 stale IDs (frame 1200)
[Prune] Removed 2 stale IDs (frame 1300)
[Prune] Removed 3 stale IDs (frame 1400)
[Prune] Removed 5 stale IDs (frame 1500)
[Prune] Removed 3 stale IDs (frame 1600)
[Prune] Removed 6 stale IDs (frame 1700)
[Evidence] Saved evidence/1776290195_60s.jpg (131053 bytes, sha256:f3db3f9240f0d...)
[Prune] Removed 11 stale IDs (frame 1800)
[Prune] Removed 10 stale IDs (frame 1900)
[Prune] Removed 9 stale IDs (frame 2000)
[Prune] Removed 12 stale IDs (frame 2100)
[Prune] Removed 8 stale IDs (frame 2200)
[Prune] Removed 7 stale IDs (frame 2300)
[Prune] Removed 7 stale IDs (frame 2400)
[Prune] Removed 3 stale IDs (frame 2600)
[Evidence] Saved evidence/1776290195_90s.jpg (141598 bytes, sha256:eae8b59ab8d93...)
[Prune] Removed 2 stale IDs (frame 2700)
[Prune] Removed 3 stale IDs (frame 2800)
[Prune] Removed 6 stale IDs (frame 2900)
[Prune] Removed 8 stale IDs (frame 3000)
[Prune] Removed 5 stale IDs (frame 3100)
[Prune] Removed 19 stale IDs (frame 3200)
[Prune] Removed 10 stale IDs (frame 3300)
[Prune] Removed 6 stale IDs (frame 3400)
[Prune] Removed 8 stale IDs (frame 3500)
[Evidence] Saved evidence/1776290195_120s.jpg (117397 bytes, sha256:42941803307df...)
[Prune] Removed 6 stale IDs (frame 3600)
[Prune] Removed 4 stale IDs (frame 3700)
[Prune] Removed 11 stale IDs (frame 3800)
[Prune] Removed 6 stale IDs (frame 3900)
[Prune] Removed 10 stale IDs (frame 4000)
[Prune] Removed 5 stale IDs (frame 4100)
[Prune] Removed 9 stale IDs (frame 4200)
[Prune] Removed 9 stale IDs (frame 4300)
[Prune] Removed 1 stale IDs (frame 4400)
[STATE] counting — market=0x6039808f... duration=150s round=48
[Evidence] Saved evidence/1776290195_150s.jpg (128407 bytes, sha256:69741633f654e...)
[Prune] Removed 1 stale IDs (frame 4500)
[Prune] Removed 3 stale IDs (frame 4600)
[Prune] Removed 1 stale IDs (frame 4800)
[Prune] Removed 1 stale IDs (frame 4900)
[Prune] Removed 1 stale IDs (frame 5000)
[Prune] Removed 4 stale IDs (frame 5100)
[Prune] Removed 6 stale IDs (frame 5200)
[Evidence] Saved evidence/1776290195_180s.jpg (104675 bytes, sha256:9bf176f09ee7d...)
[Prune] Removed 2 stale IDs (frame 5300)
[Prune] Removed 1 stale IDs (frame 5400)
opening handshake failed
Traceback (most recent call last):
  File "/home/lumen/miniconda3/lib/python3.13/site-packages/websockets/asyncio/server.py", line 356, in conn_handler
    await connection.handshake(
    ...<3 lines>...
    )
  File "/home/lumen/miniconda3/lib/python3.13/site-packages/websockets/asyncio/server.py", line 207, in handshake
    raise self.protocol.handshake_exc
  File "/home/lumen/miniconda3/lib/python3.13/site-packages/websockets/server.py", line 138, in accept
    ) = self.process_request(request)
        ~~~~~~~~~~~~~~~~~~~~^^^^^^^^^
  File "/home/lumen/miniconda3/lib/python3.13/site-packages/websockets/server.py", line 233, in process_request
    raise InvalidUpgrade(
        "Connection", ", ".join(connection) if connection else None
    )
websockets.exceptions.InvalidUpgrade: invalid Connection header: keep-alive
[WS] Client connected (2 total)
[Prune] Removed 2 stale IDs (frame 5800)
[Prune] Removed 4 stale IDs (frame 5900)
[Prune] Removed 9 stale IDs (frame 6000)
[Prune] Removed 9 stale IDs (frame 6100)
[Evidence] Saved evidence/1776290195_210s.jpg (135807 bytes, sha256:d05a3e282fbd6...)
[Prune] Removed 6 stale IDs (frame 6200)
[Prune] Removed 5 stale IDs (frame 6300)
[Prune] Removed 5 stale IDs (frame 6400)
[Prune] Removed 4 stale IDs (frame 6500)
[Prune] Removed 2 stale IDs (frame 6600)
[Prune] Removed 3 stale IDs (frame 6700)
[Prune] Removed 2 stale IDs (frame 6800)
[Prune] Removed 3 stale IDs (frame 6900)
[Prune] Removed 7 stale IDs (frame 7000)
[Evidence] Saved evidence/1776290195_240s.jpg (127086 bytes, sha256:18e1bdeb785a0...)
[Prune] Removed 2 stale IDs (frame 7100)
[Prune] Removed 7 stale IDs (frame 7200)
[Prune] Removed 4 stale IDs (frame 7300)
[STATE] idle — round 48 complete: 73 vehicles
[Prune] Removed 5 stale IDs (frame 7600)
[Prune] Removed 8 stale IDs (frame 7700)
[Prune] Removed 2 stale IDs (frame 7800)
[Prune] Removed 5 stale IDs (frame 7900)
[Prune] Removed 7 stale IDs (frame 8000)
[Prune] Removed 8 stale IDs (frame 8100)
[STATE] betting — market=0x1eaC6383... bet=150s count=150s round=49
[LineZone] (307,432) -> (960,432)
[Counter] Line: (579, 10) -> (701, 710)
[Prune] Removed 1 stale IDs (frame 200)
[Prune] Removed 1 stale IDs (frame 300)
[Prune] Removed 1 stale IDs (frame 500)
[Prune] Removed 2 stale IDs (frame 700)
[Evidence] Saved evidence/1776290472_30s.jpg (128672 bytes, sha256:bb77dad58c394...)
[Prune] Removed 4 stale IDs (frame 900)
[Prune] Removed 3 stale IDs (frame 1000)
[Prune] Removed 5 stale IDs (frame 1200)
[Prune] Removed 5 stale IDs (frame 1300)
[Prune] Removed 2 stale IDs (frame 1400)
[Prune] Removed 1 stale IDs (frame 1500)
[2026-04-15 19:02:05] No round_complete via WS — reading result.json fallback
[2026-04-15 19:02:05] Count complete: 73 vehicles (in=38 out=35)
[Prune] Removed 2 stale IDs (frame 1600)
[2026-04-15 19:02:07] No bets placed — cancelling market
[2026-04-15 19:02:10] Market cancelled: 0x6039808f364Fe1a87D2E9d8a2C9eF89347243246 (tx: a5faea69c7876157824d2d34e08a6630af59bde264449cc6a41d55ed9ae039c4)
[2026-04-15 19:02:10] Ably publish OK: market_cancelled
[Evidence] Saved evidence/1776290472_60s.jpg (136707 bytes, sha256:bf5428350a8db...)
[2026-04-15 19:02:13] Refunds distributed: 0x6039808f364Fe1a87D2E9d8a2C9eF89347243246 (tx: 4e9808366af26ed6772ec66b512d8e243ee20d197fd5c95a1e42f684d4b75315)
[Prune] Removed 1 stale IDs (frame 1800)
[2026-04-15 19:02:13] Ledger POST failed (non-fatal): HTTP Error 400: Bad Request
[2026-04-15 19:02:13] New threshold: 69 (avg of [66, 73])
[2026-04-15 19:02:13] Waiting 15s before Round #49...
[Prune] Removed 1 stale IDs (frame 2000)
[2026-04-15 19:02:28] Round #49 | Peace Bridge — USA/Canada Border | threshold=69
[2026-04-15 19:02:29] Cancelling orphan market: 0x1eaC638320c5951E36c8FF5Ef867Ae5F9339A4BC
[2026-04-15 19:02:29] Market cancelled: 0x1eaC638320c5951E36c8FF5Ef867Ae5F9339A4BC (tx: e990a5640f134a6aa7fb39e0bd238f55b27f9d295567a04433fc8ea91e6c7566)
[2026-04-15 19:02:30] Ably publish OK: market_cancelled
[Prune] Removed 2 stale IDs (frame 2300)
[2026-04-15 19:02:32] Refunds distributed: 0x1eaC638320c5951E36c8FF5Ef867Ae5F9339A4BC (tx: c7bbe82eabe510a459c515c5682cd23ba63a521221edd15f20e9080b17b4e389)
[2026-04-15 19:02:32] Cancelled 1 orphan market(s)
[2026-04-15 19:02:33] createMarket tx sent: d943823ba7517381a941ac920863b5df2a64e1461d1717ce81c99fb9138c8876
[2026-04-15 19:02:33] Market created: 0x6f4C3B0531834b688C9206898B1d09FD094b74F3 (tx: d943823ba7517381a941ac920863b5df2a64e1461d1717ce81c99fb9138c8876)
[Prune] Removed 4 stale IDs (frame 2400)
[2026-04-15 19:02:34] Ably publish OK: market_created
[2026-04-15 19:02:34] Counting vehicles for 150s...
[STATE] betting — market=0x6f4C3B05... bet=150s count=150s round=49
[LineZone] (307,432) -> (960,432)
[Counter] Line: (579, 10) -> (701, 710)
[2026-04-15 19:02:34] [StreamClient] Round 49 started on stream_server
[Prune] Removed 6 stale IDs (frame 200)
[Prune] Removed 1 stale IDs (frame 300)
[Prune] Removed 2 stale IDs (frame 400)
[Prune] Removed 2 stale IDs (frame 500)
[Prune] Removed 2 stale IDs (frame 600)
[Prune] Removed 4 stale IDs (frame 800)
[Evidence] Saved evidence/1776290554_30s.jpg (126318 bytes, sha256:f4eea8f0efdb2...)
[Prune] Removed 2 stale IDs (frame 900)
[Prune] Removed 7 stale IDs (frame 1000)
[Prune] Removed 2 stale IDs (frame 1100)
[Prune] Removed 1 stale IDs (frame 1500)
[Prune] Removed 2 stale IDs (frame 1600)
[Prune] Removed 7 stale IDs (frame 1700)
[Evidence] Saved evidence/1776290554_60s.jpg (134745 bytes, sha256:ed80bf17cec18...)
[Prune] Removed 1 stale IDs (frame 1800)
[Prune] Removed 1 stale IDs (frame 1900)
[Prune] Removed 1 stale IDs (frame 2100)
[Prune] Removed 2 stale IDs (frame 2300)
[Prune] Removed 1 stale IDs (frame 2400)
[Prune] Removed 4 stale IDs (frame 2500)
[Prune] Removed 6 stale IDs (frame 2600)
[Evidence] Saved evidence/1776290554_90s.jpg (121142 bytes, sha256:14b5af5a2ccf9...)
[Prune] Removed 1 stale IDs (frame 2700)
[Prune] Removed 1 stale IDs (frame 2800)
[Prune] Removed 1 stale IDs (frame 3000)
[Prune] Removed 3 stale IDs (frame 3100)
[Prune] Removed 4 stale IDs (frame 3200)
[Prune] Removed 10 stale IDs (frame 3300)
[Prune] Removed 8 stale IDs (frame 3400)
[Prune] Removed 6 stale IDs (frame 3500)
[Evidence] Saved evidence/1776290554_120s.jpg (126693 bytes, sha256:ace99315dd6fe...)
[Prune] Removed 2 stale IDs (frame 3600)
[Prune] Removed 7 stale IDs (frame 3700)
[Prune] Removed 3 stale IDs (frame 3800)
[Prune] Removed 1 stale IDs (frame 3900)
[Prune] Removed 2 stale IDs (frame 4100)
[Prune] Removed 5 stale IDs (frame 4300)
[STATE] counting — market=0x6f4C3B05... duration=150s round=49
[Evidence] Saved evidence/1776290554_150s.jpg (140621 bytes, sha256:1ce9c0cd1c344...)
[Prune] Removed 1 stale IDs (frame 4500)
[Prune] Removed 1 stale IDs (frame 4600)
[Prune] Removed 1 stale IDs (frame 4800)
[Prune] Removed 2 stale IDs (frame 5000)
[Prune] Removed 1 stale IDs (frame 5100)
[Prune] Removed 5 stale IDs (frame 5200)
[Prune] Removed 2 stale IDs (frame 5300)
[Evidence] Saved evidence/1776290554_180s.jpg (141795 bytes, sha256:ad1314db4bac5...)
[Prune] Removed 2 stale IDs (frame 5400)
[Prune] Removed 1 stale IDs (frame 5600)
[Prune] Removed 5 stale IDs (frame 5700)
[Prune] Removed 2 stale IDs (frame 5800)
[Prune] Removed 5 stale IDs (frame 5900)
[Prune] Removed 1 stale IDs (frame 6000)
[Evidence] Saved evidence/1776290554_210s.jpg (144005 bytes, sha256:31778267e0d4a...)
[Prune] Removed 3 stale IDs (frame 6200)
[Prune] Removed 3 stale IDs (frame 6300)
[Prune] Removed 1 stale IDs (frame 6400)
[Prune] Removed 9 stale IDs (frame 6500)
[Prune] Removed 2 stale IDs (frame 6600)
[Prune] Removed 1 stale IDs (frame 6800)
[Prune] Removed 1 stale IDs (frame 7000)
[Evidence] Saved evidence/1776290554_240s.jpg (158220 bytes, sha256:c0f599985be19...)
[Prune] Removed 1 stale IDs (frame 7200)
[STATE] idle — round 49 complete: 42 vehicles
[Prune] Removed 2 stale IDs (frame 7400)
[Prune] Removed 3 stale IDs (frame 7500)
[Prune] Removed 6 stale IDs (frame 7600)
[Prune] Removed 1 stale IDs (frame 7700)
[Prune] Removed 7 stale IDs (frame 7800)
[Prune] Removed 10 stale IDs (frame 7900)
[STATE] betting — market=0x1f6ac8ac... bet=150s count=150s round=50
[LineZone] (307,432) -> (960,432)
[Counter] Line: (579, 10) -> (701, 710)
[Prune] Removed 2 stale IDs (frame 300)
[Prune] Removed 3 stale IDs (frame 400)
[Prune] Removed 1 stale IDs (frame 500)
[Prune] Removed 3 stale IDs (frame 600)
[Prune] Removed 2 stale IDs (frame 700)
[Prune] Removed 5 stale IDs (frame 800)
[Evidence] Saved evidence/1776290825_30s.jpg (126672 bytes, sha256:6a18774c451fd...)
[Prune] Removed 3 stale IDs (frame 900)
[Prune] Removed 6 stale IDs (frame 1000)
[Prune] Removed 4 stale IDs (frame 1100)
[Prune] Removed 6 stale IDs (frame 1200)
[Prune] Removed 6 stale IDs (frame 1300)
[Prune] Removed 2 stale IDs (frame 1400)
[Prune] Removed 8 stale IDs (frame 1500)
[Prune] Removed 5 stale IDs (frame 1600)
[Prune] Removed 5 stale IDs (frame 1700)
[2026-04-15 19:08:04] No round_complete via WS — reading result.json fallback
[2026-04-15 19:08:04] Count complete: 42 vehicles (in=19 out=23)
[Evidence] Saved evidence/1776290825_60s.jpg (140670 bytes, sha256:616077b7a0369...)
[2026-04-15 19:08:05] No bets placed — cancelling market
[Prune] Removed 10 stale IDs (frame 1800)
[2026-04-15 19:08:08] Market cancelled: 0x6f4C3B0531834b688C9206898B1d09FD094b74F3 (tx: 721d6f3416b410b87543dd8de34be54fe32233fc2a24d2e7b6fb566767e9b63f)
[2026-04-15 19:08:09] Ably publish OK: market_cancelled
[Prune] Removed 13 stale IDs (frame 1900)
[2026-04-15 19:08:11] Refunds distributed: 0x6f4C3B0531834b688C9206898B1d09FD094b74F3 (tx: a539316bf18c283f6725e44169f5965ed95179021f2b0fd3ef9add528bb97f65)
[2026-04-15 19:08:12] Ledger POST failed (non-fatal): HTTP Error 400: Bad Request
[2026-04-15 19:08:12] New threshold: 57 (avg of [73, 42])
[2026-04-15 19:08:12] Waiting 15s before Round #50...
[Prune] Removed 16 stale IDs (frame 2000)
[Prune] Removed 4 stale IDs (frame 2100)
[Prune] Removed 3 stale IDs (frame 2200)
[Prune] Removed 6 stale IDs (frame 2300)
[Prune] Removed 7 stale IDs (frame 2400)
[2026-04-15 19:08:27] Round #50 | Peace Bridge — USA/Canada Border | threshold=57
[2026-04-15 19:08:27] Cancelling orphan market: 0x1f6ac8ac65c445FC1e1e9f902C3383186a9e3F23
[Prune] Removed 1 stale IDs (frame 2500)
[2026-04-15 19:08:30] Market cancelled: 0x1f6ac8ac65c445FC1e1e9f902C3383186a9e3F23 (tx: 905e55b08cc4b8aaef2cedfa7a996a5c37d258f863e929d31e3a7d6f1ab32614)
[2026-04-15 19:08:30] Ably publish OK: market_cancelled
[2026-04-15 19:08:31] Refunds distributed: 0x1f6ac8ac65c445FC1e1e9f902C3383186a9e3F23 (tx: 9ff82582d9406d986e36df9b21cc3c639b562e3f2f88135a2364e5164fd36d8e)
[2026-04-15 19:08:31] Cancelled 1 orphan market(s)
[2026-04-15 19:08:32] createMarket tx sent: e31df8a3fe8733b27417265a3ae53923691f09827cca76d8c56b75c000530d04
[Prune] Removed 10 stale IDs (frame 2600)
[2026-04-15 19:08:34] Market created: 0x1249e4D2F2f14accEA903c3d643484edADA663DB (tx: e31df8a3fe8733b27417265a3ae53923691f09827cca76d8c56b75c000530d04)
[2026-04-15 19:08:35] Ably publish OK: market_created
[2026-04-15 19:08:35] Counting vehicles for 150s...
[STATE] betting — market=0x1249e4D2... bet=150s count=150s round=50
[LineZone] (307,432) -> (960,432)
[Counter] Line: (579, 10) -> (701, 710)
[2026-04-15 19:08:35] [StreamClient] Round 50 started on stream_server
[Prune] Removed 2 stale IDs (frame 200)
[Prune] Removed 11 stale IDs (frame 300)
[Prune] Removed 6 stale IDs (frame 400)
[Prune] Removed 9 stale IDs (frame 500)
[Prune] Removed 4 stale IDs (frame 600)
[Prune] Removed 4 stale IDs (frame 700)
[Prune] Removed 10 stale IDs (frame 800)
[Evidence] Saved evidence/1776290915_30s.jpg (124020 bytes, sha256:91b2c252e976f...)
[Prune] Removed 7 stale IDs (frame 900)
[Prune] Removed 7 stale IDs (frame 1000)
[Prune] Removed 5 stale IDs (frame 1100)
[Prune] Removed 1 stale IDs (frame 1200)
[Prune] Removed 2 stale IDs (frame 1300)
[Evidence] Saved evidence/1776290915_60s.jpg (141539 bytes, sha256:cee90db134baa...)
[Prune] Removed 1 stale IDs (frame 1900)
[Prune] Removed 2 stale IDs (frame 2000)
[Prune] Removed 3 stale IDs (frame 2100)
[Prune] Removed 5 stale IDs (frame 2200)
[Prune] Removed 7 stale IDs (frame 2300)
[Prune] Removed 2 stale IDs (frame 2400)
[Prune] Removed 3 stale IDs (frame 2500)
[Prune] Removed 3 stale IDs (frame 2600)
[Evidence] Saved evidence/1776290915_90s.jpg (131523 bytes, sha256:5c33096f62fbd...)
[Prune] Removed 7 stale IDs (frame 2700)
[Prune] Removed 11 stale IDs (frame 2800)
[Prune] Removed 8 stale IDs (frame 2900)
[Prune] Removed 1 stale IDs (frame 3000)
[Prune] Removed 6 stale IDs (frame 3100)
[Prune] Removed 12 stale IDs (frame 3200)
[Prune] Removed 10 stale IDs (frame 3300)
[Prune] Removed 2 stale IDs (frame 3400)
[Prune] Removed 6 stale IDs (frame 3500)
[Evidence] Saved evidence/1776290915_120s.jpg (128338 bytes, sha256:0a83b13d06a07...)
[Prune] Removed 6 stale IDs (frame 3600)
[Prune] Removed 7 stale IDs (frame 3700)
[Prune] Removed 2 stale IDs (frame 3800)
[Prune] Removed 1 stale IDs (frame 3900)
[STATE] counting — market=0x1249e4D2... duration=150s round=50
[Evidence] Saved evidence/1776290915_150s.jpg (158143 bytes, sha256:344d31170b1f8...)
[Prune] Removed 1 stale IDs (frame 4900)
[Prune] Removed 3 stale IDs (frame 5000)
[Prune] Removed 1 stale IDs (frame 5100)
[Prune] Removed 1 stale IDs (frame 5200)
[Prune] Removed 3 stale IDs (frame 5300)
[Evidence] Saved evidence/1776290915_180s.jpg (114996 bytes, sha256:3eb1c4d3f47d4...)
[Prune] Removed 3 stale IDs (frame 5400)
[Prune] Removed 4 stale IDs (frame 5500)
[Prune] Removed 2 stale IDs (frame 5600)
[Prune] Removed 14 stale IDs (frame 5700)
[Prune] Removed 6 stale IDs (frame 5800)
[Prune] Removed 2 stale IDs (frame 6000)
[Prune] Removed 4 stale IDs (frame 6100)
[Evidence] Saved evidence/1776290915_210s.jpg (133591 bytes, sha256:3a1a79e2282cc...)
[Prune] Removed 6 stale IDs (frame 6200)
[Prune] Removed 4 stale IDs (frame 6300)
[Prune] Removed 7 stale IDs (frame 6400)
[Prune] Removed 5 stale IDs (frame 6500)
[Prune] Removed 5 stale IDs (frame 6600)
[Prune] Removed 9 stale IDs (frame 6700)
[Prune] Removed 3 stale IDs (frame 6800)
[Evidence] Saved evidence/1776290915_240s.jpg (149059 bytes, sha256:9268100a199db...)
[STATE] idle — round 50 complete: 51 vehicles
[Prune] Removed 1 stale IDs (frame 7300)
[Prune] Removed 1 stale IDs (frame 7400)
[Prune] Removed 1 stale IDs (frame 7500)
[Prune] Removed 1 stale IDs (frame 7600)
[Prune] Removed 6 stale IDs (frame 7700)
[Prune] Removed 1 stale IDs (frame 7800)
[STATE] betting — market=0x558A529d... bet=150s count=150s round=51
[LineZone] (307,432) -> (960,432)
[Counter] Line: (579, 10) -> (701, 710)
[Prune] Removed 10 stale IDs (frame 200)
[Prune] Removed 4 stale IDs (frame 300)
[Prune] Removed 3 stale IDs (frame 400)
[Prune] Removed 2 stale IDs (frame 500)
[Prune] Removed 4 stale IDs (frame 600)
[Prune] Removed 3 stale IDs (frame 700)
[Prune] Removed 3 stale IDs (frame 800)
[Evidence] Saved evidence/1776291180_30s.jpg (125411 bytes, sha256:3ffca91aa20b8...)
[Prune] Removed 4 stale IDs (frame 900)
[Prune] Removed 8 stale IDs (frame 1000)
[Prune] Removed 2 stale IDs (frame 1100)
[Prune] Removed 3 stale IDs (frame 1200)
[Prune] Removed 1 stale IDs (frame 1300)
[Prune] Removed 4 stale IDs (frame 1400)
[Prune] Removed 7 stale IDs (frame 1500)
[Prune] Removed 9 stale IDs (frame 1600)
[Prune] Removed 5 stale IDs (frame 1700)
[Evidence] Saved evidence/1776291180_60s.jpg (106378 bytes, sha256:0ec8580acfa15...)
[Prune] Removed 2 stale IDs (frame 1800)
[Prune] Removed 1 stale IDs (frame 1900)
[2026-04-15 19:14:05] No round_complete via WS — reading result.json fallback
[2026-04-15 19:14:05] Count complete: 51 vehicles (in=29 out=22)
[2026-04-15 19:14:06] No bets placed — cancelling market
[2026-04-15 19:14:07] Market cancelled: 0x1249e4D2F2f14accEA903c3d643484edADA663DB (tx: 4ba553902de745b34a5265591f7ada8eca34af8200e378b50f06ab71bb9dab49)
[2026-04-15 19:14:07] Ably publish OK: market_cancelled
[2026-04-15 19:14:10] Refunds distributed: 0x1249e4D2F2f14accEA903c3d643484edADA663DB (tx: 561f8f01dca234a4f99915754d46ccf448bc74adfaaf08a1e04dc017349a30d6)
[2026-04-15 19:14:10] Ledger POST failed (non-fatal): HTTP Error 400: Bad Request
[2026-04-15 19:14:10] New threshold: 46 (avg of [42, 51])
[2026-04-15 19:14:10] Waiting 15s before Round #51...
[Prune] Removed 1 stale IDs (frame 2100)
[Prune] Removed 1 stale IDs (frame 2200)
[Prune] Removed 2 stale IDs (frame 2300)
[Prune] Removed 5 stale IDs (frame 2500)
[2026-04-15 19:14:25] Round #51 | Peace Bridge — USA/Canada Border | threshold=46
[2026-04-15 19:14:26] Cancelling orphan market: 0x558A529d5115aCccae1eae6e24E7De17C3147b60
[Prune] Removed 5 stale IDs (frame 2600)
[2026-04-15 19:14:29] Market cancelled: 0x558A529d5115aCccae1eae6e24E7De17C3147b60 (tx: c00620491d6a26ea9c3a09a08d62967ea3fe528f3fcfb3debd7f844eca683381)
[2026-04-15 19:14:29] Ably publish OK: market_cancelled
[Evidence] Saved evidence/1776291180_90s.jpg (119248 bytes, sha256:f3efd8169a2f0...)
[Prune] Removed 2 stale IDs (frame 2700)
[2026-04-15 19:14:32] Refunds distributed: 0x558A529d5115aCccae1eae6e24E7De17C3147b60 (tx: 942acd50941d9cb462929d66d6bc5f65d0c6e0a8c228b0799b3f7ac41df91a92)
[2026-04-15 19:14:32] Cancelled 1 orphan market(s)
[2026-04-15 19:14:32] createMarket tx sent: 9e7bd62351643ad53009675670ac4892d6e39516a53d0285a6c226d45d10b41e
[2026-04-15 19:14:35] Market created: 0xC3E3dEBc5C500F5dD7d311Ee118ecC14309BB14B (tx: 9e7bd62351643ad53009675670ac4892d6e39516a53d0285a6c226d45d10b41e)
[Prune] Removed 4 stale IDs (frame 2800)
[2026-04-15 19:14:35] Ably publish OK: market_created
[2026-04-15 19:14:35] Counting vehicles for 150s...
[STATE] betting — market=0xC3E3dEBc... bet=150s count=150s round=51
[LineZone] (307,432) -> (960,432)
[2026-04-15 19:14:35] [StreamClient] Round 51 started on stream_server
[Counter] Line: (579, 10) -> (701, 710)
[Prune] Removed 3 stale IDs (frame 200)
[Prune] Removed 4 stale IDs (frame 300)
[Prune] Removed 6 stale IDs (frame 400)
[Prune] Removed 1 stale IDs (frame 500)
[Prune] Removed 6 stale IDs (frame 600)
[Prune] Removed 4 stale IDs (frame 700)
[Prune] Removed 4 stale IDs (frame 800)
[Evidence] Saved evidence/1776291275_30s.jpg (141475 bytes, sha256:9a07fce4544af...)
[Prune] Removed 1 stale IDs (frame 900)
[Prune] Removed 2 stale IDs (frame 1100)
[Prune] Removed 2 stale IDs (frame 1200)
[Prune] Removed 3 stale IDs (frame 1300)
[Prune] Removed 4 stale IDs (frame 1400)
[Prune] Removed 4 stale IDs (frame 1600)
[Prune] Removed 8 stale IDs (frame 1700)
[Evidence] Saved evidence/1776291275_60s.jpg (154418 bytes, sha256:a9a416fd6efa8...)
[Prune] Removed 1 stale IDs (frame 1800)
[Prune] Removed 3 stale IDs (frame 2500)
[Evidence] Saved evidence/1776291275_90s.jpg (140403 bytes, sha256:b4095b5d480c0...)
[Prune] Removed 1 stale IDs (frame 2700)
[Prune] Removed 1 stale IDs (frame 2800)
[Prune] Removed 1 stale IDs (frame 3200)
[Prune] Removed 5 stale IDs (frame 3300)
[Prune] Removed 7 stale IDs (frame 3400)
[Prune] Removed 7 stale IDs (frame 3500)
[Evidence] Saved evidence/1776291275_120s.jpg (127856 bytes, sha256:360ea4dffd77d...)
[Prune] Removed 8 stale IDs (frame 3600)
[Prune] Removed 1 stale IDs (frame 3700)
[Prune] Removed 1 stale IDs (frame 3900)
[Prune] Removed 1 stale IDs (frame 4300)
[STATE] counting — market=0xC3E3dEBc... duration=150s round=51
[Evidence] Saved evidence/1776291275_150s.jpg (153714 bytes, sha256:59c6df2862781...)
[Prune] Removed 5 stale IDs (frame 4600)
[Prune] Removed 5 stale IDs (frame 4700)
[Prune] Removed 1 stale IDs (frame 4900)
[Prune] Removed 1 stale IDs (frame 5000)
[Evidence] Saved evidence/1776291275_180s.jpg (156036 bytes, sha256:463cfc75bfdf7...)
[Prune] Removed 1 stale IDs (frame 5300)
[Prune] Removed 1 stale IDs (frame 5700)
[Prune] Removed 3 stale IDs (frame 5900)
[Evidence] Saved evidence/1776291275_210s.jpg (135985 bytes, sha256:d437b414fed70...)
[Prune] Removed 1 stale IDs (frame 6300)
[Prune] Removed 4 stale IDs (frame 6400)
[Prune] Removed 1 stale IDs (frame 6600)
[Prune] Removed 2 stale IDs (frame 6700)
[Prune] Removed 3 stale IDs (frame 6800)
[STATE] idle — round 51 complete: 24 vehicles
[Prune] Removed 1 stale IDs (frame 6900)
[Prune] Removed 3 stale IDs (frame 7000)
[Prune] Removed 6 stale IDs (frame 7100)
[Prune] Removed 11 stale IDs (frame 7200)
[Prune] Removed 3 stale IDs (frame 7400)
[Prune] Removed 9 stale IDs (frame 7500)
[Prune] Removed 2 stale IDs (frame 7600)
[Prune] Removed 6 stale IDs (frame 7700)
[Prune] Removed 4 stale IDs (frame 7800)
[STATE] betting — market=0x14e80e99... bet=150s count=150s round=52
[LineZone] (307,432) -> (960,432)
[Counter] Line: (579, 10) -> (701, 710)
[Prune] Removed 2 stale IDs (frame 100)
[Prune] Removed 8 stale IDs (frame 200)
[Prune] Removed 7 stale IDs (frame 300)
[Prune] Removed 15 stale IDs (frame 400)
[Prune] Removed 9 stale IDs (frame 500)
[Prune] Removed 8 stale IDs (frame 600)
[Prune] Removed 12 stale IDs (frame 700)
[Prune] Removed 3 stale IDs (frame 800)
[Evidence] Saved evidence/1776291542_30s.jpg (125319 bytes, sha256:a89145026c09e...)
[Prune] Removed 2 stale IDs (frame 900)
[Prune] Removed 14 stale IDs (frame 1000)
[Prune] Removed 3 stale IDs (frame 1100)
[Prune] Removed 2 stale IDs (frame 1200)
[Prune] Removed 1 stale IDs (frame 1300)
[Prune] Removed 2 stale IDs (frame 1600)
[Prune] Removed 1 stale IDs (frame 1700)
[Evidence] Saved evidence/1776291542_60s.jpg (141034 bytes, sha256:f6b7da7abd384...)
[2026-04-15 19:20:05] No round_complete via WS — reading result.json fallback
[2026-04-15 19:20:05] Count complete: 24 vehicles (in=18 out=6)
[Prune] Removed 1 stale IDs (frame 1900)
[2026-04-15 19:20:07] No bets placed — cancelling market
[2026-04-15 19:20:07] Market cancelled: 0xC3E3dEBc5C500F5dD7d311Ee118ecC14309BB14B (tx: afd4b35766320007e671fe304e6c03e80889599980de168d64ee91a94cc18b3c)
[2026-04-15 19:20:07] Ably publish OK: market_cancelled
[2026-04-15 19:20:10] Refunds distributed: 0xC3E3dEBc5C500F5dD7d311Ee118ecC14309BB14B (tx: 144a008dfb6a98b6f8a0eaf2bfe4ce742b6066309dd9ca537859d584c6eddacd)
[2026-04-15 19:20:11] Ledger POST failed (non-fatal): HTTP Error 400: Bad Request
[2026-04-15 19:20:11] New threshold: 37 (avg of [51, 24])
[2026-04-15 19:20:11] Waiting 15s before Round #52...
[Prune] Removed 2 stale IDs (frame 2100)
[Prune] Removed 5 stale IDs (frame 2200)
[Prune] Removed 2 stale IDs (frame 2300)
[Prune] Removed 4 stale IDs (frame 2400)
[2026-04-15 19:20:26] Round #52 | Peace Bridge — USA/Canada Border | threshold=37
[2026-04-15 19:20:26] Cancelling orphan market: 0x14e80e99EC7232d059c2549b1CcCffb4888e9fB1
[Prune] Removed 4 stale IDs (frame 2500)
[2026-04-15 19:20:29] Market cancelled: 0x14e80e99EC7232d059c2549b1CcCffb4888e9fB1 (tx: e7c239de8077e6bcffb7e488065531d4262cbcaa04135119478b8b5b6df281b0)
[2026-04-15 19:20:29] Ably publish OK: market_cancelled
[Prune] Removed 3 stale IDs (frame 2600)
[Evidence] Saved evidence/1776291542_90s.jpg (119596 bytes, sha256:117dff096f2ac...)
[2026-04-15 19:20:32] Refunds distributed: 0x14e80e99EC7232d059c2549b1CcCffb4888e9fB1 (tx: d5a0080fd4d8852000f7192746c162a42258eb7b6c8dd2596c9f13730e421b2e)
[2026-04-15 19:20:32] Cancelled 1 orphan market(s)
[2026-04-15 19:20:33] createMarket tx sent: 4b6350aaaaee9e510da601029b0f7a2796579ee22e4c79b0ace160cdfc66d894
[2026-04-15 19:20:35] Market created: 0x77ddb6437F66A98D16Cd10DF7b1faA8d8822C433 (tx: 4b6350aaaaee9e510da601029b0f7a2796579ee22e4c79b0ace160cdfc66d894)
[2026-04-15 19:20:36] Ably publish OK: market_created
[2026-04-15 19:20:36] Counting vehicles for 150s...
[STATE] betting — market=0x77ddb643... bet=150s count=150s round=52
[LineZone] (307,432) -> (960,432)
[Counter] Line: (579, 10) -> (701, 710)
[2026-04-15 19:20:36] [StreamClient] Round 52 started on stream_server
[Prune] Removed 1 stale IDs (frame 200)
[Prune] Removed 1 stale IDs (frame 300)
[Prune] Removed 2 stale IDs (frame 400)
[Prune] Removed 4 stale IDs (frame 500)
[Prune] Removed 5 stale IDs (frame 600)
[Prune] Removed 1 stale IDs (frame 700)
[Prune] Removed 1 stale IDs (frame 800)
[Evidence] Saved evidence/1776291636_30s.jpg (149636 bytes, sha256:b3696acd380c9...)
[Prune] Removed 4 stale IDs (frame 900)
[Prune] Removed 3 stale IDs (frame 1000)
[Prune] Removed 1 stale IDs (frame 1100)
[Prune] Removed 2 stale IDs (frame 1200)
[Prune] Removed 4 stale IDs (frame 1400)
[Prune] Removed 3 stale IDs (frame 1500)
[Prune] Removed 1 stale IDs (frame 1700)
[Evidence] Saved evidence/1776291636_60s.jpg (143664 bytes, sha256:2c5f4a92e04d9...)
[Prune] Removed 1 stale IDs (frame 2000)
[Prune] Removed 2 stale IDs (frame 2100)
[Prune] Removed 6 stale IDs (frame 2200)
[Prune] Removed 4 stale IDs (frame 2300)
[Prune] Removed 12 stale IDs (frame 2400)
[Prune] Removed 9 stale IDs (frame 2500)
[Prune] Removed 6 stale IDs (frame 2600)
[Evidence] Saved evidence/1776291636_90s.jpg (115203 bytes, sha256:f33461b1d993e...)
[Prune] Removed 9 stale IDs (frame 2700)
[Prune] Removed 5 stale IDs (frame 2800)
[Prune] Removed 7 stale IDs (frame 2900)
[Prune] Removed 2 stale IDs (frame 3000)
[Prune] Removed 1 stale IDs (frame 3100)
[Prune] Removed 1 stale IDs (frame 3200)
[Prune] Removed 6 stale IDs (frame 3300)
[Prune] Removed 3 stale IDs (frame 3400)
[Prune] Removed 2 stale IDs (frame 3500)
[Evidence] Saved evidence/1776291636_120s.jpg (149972 bytes, sha256:7a7513f712f87...)
[Prune] Removed 1 stale IDs (frame 3800)
[Prune] Removed 2 stale IDs (frame 4000)
[Prune] Removed 1 stale IDs (frame 4100)
[Prune] Removed 2 stale IDs (frame 4400)
[STATE] counting — market=0x77ddb643... duration=150s round=52
[Evidence] Saved evidence/1776291636_150s.jpg (124112 bytes, sha256:6b0cb3889ff8e...)
[Prune] Removed 4 stale IDs (frame 4500)
[Prune] Removed 2 stale IDs (frame 4600)
[Prune] Removed 2 stale IDs (frame 4700)
[Prune] Removed 2 stale IDs (frame 4800)
[Prune] Removed 1 stale IDs (frame 4900)
[Evidence] Saved evidence/1776291636_180s.jpg (140725 bytes, sha256:eb1dab502db68...)
[Prune] Removed 1 stale IDs (frame 5300)
[Prune] Removed 3 stale IDs (frame 5400)
[Prune] Removed 2 stale IDs (frame 5500)
[Prune] Removed 1 stale IDs (frame 5600)
[Prune] Removed 4 stale IDs (frame 5700)
[Prune] Removed 3 stale IDs (frame 5800)
[Prune] Removed 1 stale IDs (frame 5900)
[Prune] Removed 1 stale IDs (frame 6000)
[Prune] Removed 1 stale IDs (frame 6100)
[Evidence] Saved evidence/1776291636_210s.jpg (149219 bytes, sha256:dd913d447b860...)
[Prune] Removed 1 stale IDs (frame 6200)
[Prune] Removed 1 stale IDs (frame 6300)
[Prune] Removed 1 stale IDs (frame 6400)
[Prune] Removed 4 stale IDs (frame 6500)
[Prune] Removed 4 stale IDs (frame 6600)
[Prune] Removed 4 stale IDs (frame 6700)
[Prune] Removed 4 stale IDs (frame 6800)
[Prune] Removed 7 stale IDs (frame 6900)
[STATE] idle — round 52 complete: 40 vehicles
[Prune] Removed 1 stale IDs (frame 7000)
[Prune] Removed 3 stale IDs (frame 7100)
[Prune] Removed 9 stale IDs (frame 7200)
[Prune] Removed 1 stale IDs (frame 7300)
[Prune] Removed 3 stale IDs (frame 7500)
[Prune] Removed 2 stale IDs (frame 7600)
[Prune] Removed 2 stale IDs (frame 7700)
[STATE] betting — market=0x3950055D... bet=150s count=150s round=53
[LineZone] (307,432) -> (960,432)
[Counter] Line: (579, 10) -> (701, 710)
[Prune] Removed 7 stale IDs (frame 200)
[Prune] Removed 1 stale IDs (frame 300)
[Prune] Removed 2 stale IDs (frame 400)
[Prune] Removed 1 stale IDs (frame 800)
[Evidence] Saved evidence/1776291899_30s.jpg (121437 bytes, sha256:779e056cbece6...)
[Prune] Removed 4 stale IDs (frame 900)
[Prune] Removed 1 stale IDs (frame 1000)
[Prune] Removed 2 stale IDs (frame 1100)
[Prune] Removed 4 stale IDs (frame 1200)
[Prune] Removed 3 stale IDs (frame 1300)
[Prune] Removed 5 stale IDs (frame 1400)
[Prune] Removed 2 stale IDs (frame 1500)
[Prune] Removed 2 stale IDs (frame 1600)
[Prune] Removed 2 stale IDs (frame 1700)
[Evidence] Saved evidence/1776291899_60s.jpg (146599 bytes, sha256:161ff158bb2c1...)
[Prune] Removed 1 stale IDs (frame 1800)
[Prune] Removed 1 stale IDs (frame 1900)
[2026-04-15 19:26:06] No round_complete via WS — reading result.json fallback
[2026-04-15 19:26:06] Count complete: 40 vehicles (in=19 out=21)
[2026-04-15 19:26:07] Pool check OK: total=0.0100 ETH, under=0.0050, over=0.0050
[2026-04-15 19:26:07] Market resolved: 40 vehicles → Over 37 wins
[2026-04-15 19:26:08] resolveMarket tx sent: cf9bd8932c580e3ccedd18e15ebdaf39ec8dcd3502c66b3f9f8afb1d3ead1691
[2026-04-15 19:26:08] resolveMarket attempt 1/3 failed: resolveMarket reverted — tx: cf9bd8932c580e3ccedd18e15ebdaf39ec8dcd3502c66b3f9f8afb1d3ead1691
[Prune] Removed 2 stale IDs (frame 2100)
[2026-04-15 19:26:14] resolveMarket tx sent: abc4ef7963d13c2c511e07f0ed99dabe05a1c9a355ce681696ade1972716f1c7
[2026-04-15 19:26:16] resolveMarket attempt 2/3 failed: resolveMarket reverted — tx: abc4ef7963d13c2c511e07f0ed99dabe05a1c9a355ce681696ade1972716f1c7
[Prune] Removed 1 stale IDs (frame 2300)
[2026-04-15 19:26:27] resolveMarket tx sent: 5336a945a5de7617e96ece84e7d041219326d29ecd765f73048b05e40b829aef
[2026-04-15 19:26:27] resolveMarket attempt 3/3 failed: resolveMarket reverted — tx: 5336a945a5de7617e96ece84e7d041219326d29ecd765f73048b05e40b829aef
[2026-04-15 19:26:27] All resolveMarket attempts exhausted — market left unresolved
[2026-04-15 19:26:27] Ledger POST failed (non-fatal): HTTP Error 400: Bad Request
[2026-04-15 19:26:27] New threshold: 32 (avg of [24, 40])
[2026-04-15 19:26:27] Waiting 15s before Round #53...
[Prune] Removed 3 stale IDs (frame 2600)
[Evidence] Saved evidence/1776291899_90s.jpg (149687 bytes, sha256:6f6e5094816e9...)
[Prune] Removed 2 stale IDs (frame 2900)
[Prune] Removed 2 stale IDs (frame 3000)
[2026-04-15 19:26:42] Round #53 | Peace Bridge — USA/Canada Border | threshold=32
[2026-04-15 19:26:42] Cancelling orphan market: 0x3950055D2AC89825531628fDA885d0dd186d9b1D
[2026-04-15 19:26:43] Market cancelled: 0x3950055D2AC89825531628fDA885d0dd186d9b1D (tx: d13eb1e22dfdfdc4db5ca8db2ae22740a83e738be4fd4429cefda78af365bf20)
[2026-04-15 19:26:43] Ably publish OK: market_cancelled
[Prune] Removed 1 stale IDs (frame 3100)
[2026-04-15 19:26:46] Refunds distributed: 0x3950055D2AC89825531628fDA885d0dd186d9b1D (tx: 7f6c7c6b88592a1f3258c52b258eab018a1069ea15d7b28f93331a3f1e923022)
[2026-04-15 19:26:46] Cancelled 1 orphan market(s)
[2026-04-15 19:26:47] createMarket tx sent: a073046fe29ccf32e3330f50bfdb097d0714fc48edc8b1ebaa5cadf18928cdc3
[Prune] Removed 3 stale IDs (frame 3200)
[2026-04-15 19:26:49] Market created: 0x226279cfe5ff96ecBF149aa86BE052b4B0A12E88 (tx: a073046fe29ccf32e3330f50bfdb097d0714fc48edc8b1ebaa5cadf18928cdc3)
[2026-04-15 19:26:50] Ably publish OK: market_created
[2026-04-15 19:26:50] Counting vehicles for 150s...
[STATE] betting — market=0x226279cf... bet=150s count=150s round=53
[LineZone] (307,432) -> (960,432)
[Counter] Line: (579, 10) -> (701, 710)
[2026-04-15 19:26:50] [StreamClient] Round 53 started on stream_server
[Prune] Removed 3 stale IDs (frame 200)
[Prune] Removed 1 stale IDs (frame 400)
[Prune] Removed 1 stale IDs (frame 500)
[Prune] Removed 2 stale IDs (frame 600)
[Prune] Removed 5 stale IDs (frame 700)
[Prune] Removed 5 stale IDs (frame 800)
[Evidence] Saved evidence/1776292010_30s.jpg (125540 bytes, sha256:85376cf4647f8...)
[Prune] Removed 3 stale IDs (frame 900)
[Prune] Removed 6 stale IDs (frame 1000)
[Prune] Removed 4 stale IDs (frame 1100)
[Prune] Removed 5 stale IDs (frame 1200)
[Prune] Removed 6 stale IDs (frame 1300)
[Prune] Removed 3 stale IDs (frame 1400)
[Prune] Removed 2 stale IDs (frame 1500)
[Prune] Removed 3 stale IDs (frame 1600)
[Evidence] Saved evidence/1776292010_60s.jpg (154910 bytes, sha256:6165898e3e5ff...)
[Prune] Removed 1 stale IDs (frame 1800)
[Prune] Removed 2 stale IDs (frame 2000)
[Prune] Removed 3 stale IDs (frame 2100)
[Prune] Removed 4 stale IDs (frame 2200)
[Prune] Removed 4 stale IDs (frame 2300)
[Prune] Removed 1 stale IDs (frame 2400)
[Prune] Removed 1 stale IDs (frame 2500)
[Evidence] Saved evidence/1776292010_90s.jpg (139722 bytes, sha256:4ed112d83a8fb...)
[Prune] Removed 4 stale IDs (frame 2700)
[Prune] Removed 2 stale IDs (frame 2800)
[Prune] Removed 4 stale IDs (frame 2900)
[Prune] Removed 9 stale IDs (frame 3000)
[Prune] Removed 1 stale IDs (frame 3100)
[Prune] Removed 4 stale IDs (frame 3200)
[Prune] Removed 2 stale IDs (frame 3400)
[Prune] Removed 2 stale IDs (frame 3500)
[Evidence] Saved evidence/1776292010_120s.jpg (134149 bytes, sha256:514a64beb6d9c...)
[Prune] Removed 5 stale IDs (frame 3600)
[Prune] Removed 8 stale IDs (frame 3700)
[Prune] Removed 5 stale IDs (frame 3800)
[Prune] Removed 9 stale IDs (frame 3900)
[Prune] Removed 9 stale IDs (frame 4000)
[Prune] Removed 12 stale IDs (frame 4100)
[Prune] Removed 8 stale IDs (frame 4200)
[Prune] Removed 1 stale IDs (frame 4300)
[Prune] Removed 1 stale IDs (frame 4400)
[STATE] counting — market=0x226279cf... duration=150s round=53
[Evidence] Saved evidence/1776292010_150s.jpg (113286 bytes, sha256:da1dcc4008064...)
[Prune] Removed 6 stale IDs (frame 4500)
[Prune] Removed 1 stale IDs (frame 4700)
[Prune] Removed 10 stale IDs (frame 4800)
[Prune] Removed 7 stale IDs (frame 4900)
[Prune] Removed 14 stale IDs (frame 5000)
[Prune] Removed 8 stale IDs (frame 5100)
[Prune] Removed 3 stale IDs (frame 5200)
[Evidence] Saved evidence/1776292010_180s.jpg (135513 bytes, sha256:42eed12c34940...)
[Prune] Removed 1 stale IDs (frame 5300)
[Prune] Removed 1 stale IDs (frame 5500)
[Prune] Removed 2 stale IDs (frame 5600)
[Prune] Removed 9 stale IDs (frame 5700)
[Prune] Removed 2 stale IDs (frame 5800)
[Evidence] Saved evidence/1776292010_210s.jpg (111794 bytes, sha256:91f379cbf11a7...)
[Prune] Removed 1 stale IDs (frame 6200)
[Prune] Removed 1 stale IDs (frame 6300)
[Prune] Removed 1 stale IDs (frame 6400)
[STATE] idle — round 53 complete: 39 vehicles
[Prune] Removed 5 stale IDs (frame 6500)
[Prune] Removed 4 stale IDs (frame 6600)
[Prune] Removed 2 stale IDs (frame 6700)
[Prune] Removed 1 stale IDs (frame 6800)
[Prune] Removed 4 stale IDs (frame 6900)
[Prune] Removed 3 stale IDs (frame 7000)
[Prune] Removed 1 stale IDs (frame 7100)
[STATE] betting — market=0x2cc2C172... bet=150s count=150s round=54
[LineZone] (307,432) -> (960,432)
[Counter] Line: (579, 10) -> (701, 710)
[Prune] Removed 5 stale IDs (frame 300)
[Prune] Removed 1 stale IDs (frame 400)
[Prune] Removed 3 stale IDs (frame 500)
[Prune] Removed 1 stale IDs (frame 600)
[Prune] Removed 2 stale IDs (frame 700)
[Evidence] Saved evidence/1776292254_30s.jpg (140432 bytes, sha256:b2519043b2a29...)
[Prune] Removed 2 stale IDs (frame 900)
[Prune] Removed 1 stale IDs (frame 1000)
[Prune] Removed 2 stale IDs (frame 1100)
[Prune] Removed 9 stale IDs (frame 1300)
[Prune] Removed 16 stale IDs (frame 1400)
[Prune] Removed 2 stale IDs (frame 1500)
[Prune] Removed 12 stale IDs (frame 1600)
[Prune] Removed 7 stale IDs (frame 1700)
[Evidence] Saved evidence/1776292254_60s.jpg (110819 bytes, sha256:fb8c1a37741e1...)
[Prune] Removed 3 stale IDs (frame 1800)
[Prune] Removed 2 stale IDs (frame 1900)
[Prune] Removed 3 stale IDs (frame 2000)
[Prune] Removed 2 stale IDs (frame 2100)
[Prune] Removed 1 stale IDs (frame 2500)
[2026-04-15 19:32:20] No round_complete via WS — reading result.json fallback
[2026-04-15 19:32:20] Count complete: 39 vehicles (in=21 out=18)
[2026-04-15 19:32:21] Pool check OK: total=0.0100 ETH, under=0.0050, over=0.0050
[2026-04-15 19:32:21] Market resolved: 39 vehicles → Over 32 wins
[2026-04-15 19:32:22] resolveMarket tx sent: 67b6823303c502e787115b3419dd76ab386339d61c5f62b78fed8ff864fee93a
[2026-04-15 19:32:22] resolveMarket attempt 1/3 failed: resolveMarket reverted — tx: 67b6823303c502e787115b3419dd76ab386339d61c5f62b78fed8ff864fee93a
[Prune] Removed 5 stale IDs (frame 2600)
[Evidence] Saved evidence/1776292254_90s.jpg (121948 bytes, sha256:51df5eaa9f564...)
[Prune] Removed 2 stale IDs (frame 2700)
[2026-04-15 19:32:28] resolveMarket tx sent: fcc2e785abd5fc3e6496c759864dd12e09d7ed53a35dfd9881c1ca5f10ef4c3f
[Prune] Removed 2 stale IDs (frame 2800)
[2026-04-15 19:32:30] resolveMarket attempt 2/3 failed: resolveMarket reverted — tx: fcc2e785abd5fc3e6496c759864dd12e09d7ed53a35dfd9881c1ca5f10ef4c3f
[Prune] Removed 1 stale IDs (frame 2900)
[2026-04-15 19:32:41] resolveMarket tx sent: 875b87525fa8fc7dc4f192872848b7a3888a0eb8d90a0b5ca01ca0235240b86b
[2026-04-15 19:32:41] resolveMarket attempt 3/3 failed: resolveMarket reverted — tx: 875b87525fa8fc7dc4f192872848b7a3888a0eb8d90a0b5ca01ca0235240b86b
[2026-04-15 19:32:41] All resolveMarket attempts exhausted — market left unresolved
[2026-04-15 19:32:41] Ledger POST failed (non-fatal): HTTP Error 400: Bad Request
[2026-04-15 19:32:41] New threshold: 39 (avg of [40, 39])
[2026-04-15 19:32:41] Waiting 15s before Round #54...
[Prune] Removed 1 stale IDs (frame 3500)
[Evidence] Saved evidence/1776292254_120s.jpg (135341 bytes, sha256:0dcbb3113cdf8...)
[2026-04-15 19:32:56] Round #54 | Peace Bridge — USA/Canada Border | threshold=39
[2026-04-15 19:32:56] Cancelling orphan market: 0x2cc2C172575b57a9E61AFf1D47d52b61296e971a
[Prune] Removed 2 stale IDs (frame 3600)
[2026-04-15 19:32:59] Market cancelled: 0x2cc2C172575b57a9E61AFf1D47d52b61296e971a (tx: 9edfcd7bdf7ec68a8b94f81dc44d14c326caea7672d58eb3a2bc724d193f363b)
[2026-04-15 19:33:00] Ably publish OK: market_cancelled
[Prune] Removed 1 stale IDs (frame 3700)
[2026-04-15 19:33:02] Refunds distributed: 0x2cc2C172575b57a9E61AFf1D47d52b61296e971a (tx: 8b85f65aa1bfc4511b4551ed7b91fef7e09d506f0058f81c4ad6a52e6c7f250b)
[2026-04-15 19:33:02] Cancelled 1 orphan market(s)
[2026-04-15 19:33:03] createMarket tx sent: 3f62d4dc340937013e8ac7b6ffaee4a4706d178cebedc47cf7b4fd1cafede03d
[Prune] Removed 2 stale IDs (frame 3800)
[2026-04-15 19:33:05] Market created: 0xEB690d701bE8f712466a9920b870710A383B997b (tx: 3f62d4dc340937013e8ac7b6ffaee4a4706d178cebedc47cf7b4fd1cafede03d)
[2026-04-15 19:33:06] Ably publish OK: market_created
[2026-04-15 19:33:06] Counting vehicles for 150s...
[STATE] betting — market=0xEB690d70... bet=150s count=150s round=54
[LineZone] (307,432) -> (960,432)
[Counter] Line: (579, 10) -> (701, 710)
[2026-04-15 19:33:06] [StreamClient] Round 54 started on stream_server
[Prune] Removed 2 stale IDs (frame 200)
[Prune] Removed 1 stale IDs (frame 300)
[Prune] Removed 9 stale IDs (frame 400)
[Prune] Removed 15 stale IDs (frame 500)
[Prune] Removed 5 stale IDs (frame 600)
[Prune] Removed 2 stale IDs (frame 700)
[Evidence] Saved evidence/1776292386_30s.jpg (127818 bytes, sha256:9f8efeb7da192...)
[Prune] Removed 4 stale IDs (frame 1100)
[Prune] Removed 3 stale IDs (frame 1200)
[Prune] Removed 7 stale IDs (frame 1300)
[Prune] Removed 1 stale IDs (frame 1600)
[Prune] Removed 6 stale IDs (frame 1700)
[Evidence] Saved evidence/1776292386_60s.jpg (129970 bytes, sha256:98d5ae62d35fc...)
[Prune] Removed 5 stale IDs (frame 1800)
[Prune] Removed 2 stale IDs (frame 1900)
[Prune] Removed 6 stale IDs (frame 2000)
[Prune] Removed 1 stale IDs (frame 2200)
[Prune] Removed 2 stale IDs (frame 2300)
[Prune] Removed 2 stale IDs (frame 2400)
[Prune] Removed 3 stale IDs (frame 2500)
[Prune] Removed 3 stale IDs (frame 2600)
[Evidence] Saved evidence/1776292386_90s.jpg (131841 bytes, sha256:86d79a4816874...)
[Prune] Removed 1 stale IDs (frame 2700)
[Prune] Removed 2 stale IDs (frame 3000)
[Prune] Removed 3 stale IDs (frame 3100)
[Prune] Removed 1 stale IDs (frame 3300)
[Prune] Removed 2 stale IDs (frame 3400)
[Prune] Removed 1 stale IDs (frame 3500)
[Evidence] Saved evidence/1776292386_120s.jpg (118333 bytes, sha256:6dfbf1dade662...)
[Prune] Removed 3 stale IDs (frame 3600)
[Prune] Removed 2 stale IDs (frame 4000)
[Prune] Removed 1 stale IDs (frame 4100)
[Prune] Removed 1 stale IDs (frame 4200)
[STATE] counting — market=0xEB690d70... duration=150s round=54
[Evidence] Saved evidence/1776292386_150s.jpg (115643 bytes, sha256:2b101ae4fb80d...)
[Prune] Removed 2 stale IDs (frame 4400)
[Prune] Removed 3 stale IDs (frame 4500)
[Prune] Removed 1 stale IDs (frame 4600)
[Prune] Removed 4 stale IDs (frame 4700)
[Prune] Removed 3 stale IDs (frame 4800)
[Prune] Removed 2 stale IDs (frame 4900)
[Evidence] Saved evidence/1776292386_180s.jpg (98821 bytes, sha256:06d42832e6b2e...)
[Prune] Removed 5 stale IDs (frame 5400)
[Prune] Removed 1 stale IDs (frame 5500)
[Prune] Removed 1 stale IDs (frame 5600)
[STATE] idle — round 54 complete: 30 vehicles
[Prune] Removed 4 stale IDs (frame 5900)
[Prune] Removed 2 stale IDs (frame 6100)
[Prune] Removed 3 stale IDs (frame 6200)
[Prune] Removed 7 stale IDs (frame 6300)
[Prune] Removed 3 stale IDs (frame 6400)
[Prune] Removed 2 stale IDs (frame 6500)
[STATE] betting — market=0x0d9A8b40... bet=150s count=150s round=55
[LineZone] (307,432) -> (960,432)
[Counter] Line: (579, 10) -> (701, 710)
[Prune] Removed 1 stale IDs (frame 200)
[Prune] Removed 2 stale IDs (frame 300)
[Prune] Removed 2 stale IDs (frame 500)
[Prune] Removed 1 stale IDs (frame 800)
[Evidence] Saved evidence/1776292611_30s.jpg (148603 bytes, sha256:f48e00abaadb6...)
[Prune] Removed 1 stale IDs (frame 900)
[Prune] Removed 1 stale IDs (frame 1000)
[Prune] Removed 2 stale IDs (frame 1100)
[Prune] Removed 5 stale IDs (frame 1200)
[Prune] Removed 1 stale IDs (frame 1300)
[Prune] Removed 3 stale IDs (frame 1400)
[Prune] Removed 1 stale IDs (frame 1500)
[Prune] Removed 5 stale IDs (frame 1600)
[Prune] Removed 2 stale IDs (frame 1700)
[Evidence] Saved evidence/1776292611_60s.jpg (120530 bytes, sha256:09195e9c30d75...)
[Prune] Removed 8 stale IDs (frame 1800)
[Prune] Removed 2 stale IDs (frame 2200)
[Prune] Removed 3 stale IDs (frame 2300)
[Prune] Removed 2 stale IDs (frame 2400)
[Prune] Removed 1 stale IDs (frame 2500)
[Prune] Removed 4 stale IDs (frame 2600)
[Evidence] Saved evidence/1776292611_90s.jpg (152314 bytes, sha256:5cf8fb7ad4276...)
[Prune] Removed 3 stale IDs (frame 2700)
[Prune] Removed 3 stale IDs (frame 2800)
[Prune] Removed 4 stale IDs (frame 2900)
[Prune] Removed 4 stale IDs (frame 3000)
[2026-04-15 19:38:36] No round_complete via WS — reading result.json fallback
[2026-04-15 19:38:36] Count complete: 30 vehicles (in=20 out=10)
[Prune] Removed 1 stale IDs (frame 3100)
[2026-04-15 19:38:37] Pool check OK: total=0.0100 ETH, under=0.0050, over=0.0050
[2026-04-15 19:38:37] Market resolved: 30 vehicles → Under 39 wins
[2026-04-15 19:38:38] resolveMarket tx sent: 00101f593f567ff83a5c28d97c4ea92db932f96b45f962c0f1fd758d6bdbc9d0
[2026-04-15 19:38:38] resolveMarket attempt 1/3 failed: resolveMarket reverted — tx: 00101f593f567ff83a5c28d97c4ea92db932f96b45f962c0f1fd758d6bdbc9d0
[Prune] Removed 1 stale IDs (frame 3200)
[Prune] Removed 4 stale IDs (frame 3300)
[2026-04-15 19:38:44] resolveMarket tx sent: 09b0a6bb63d1e885bdaa622ad4ef8bb865a67fd8d3a1bb186e6cc24efb7a3758
[2026-04-15 19:38:46] resolveMarket attempt 2/3 failed: resolveMarket reverted — tx: 09b0a6bb63d1e885bdaa622ad4ef8bb865a67fd8d3a1bb186e6cc24efb7a3758
[Prune] Removed 3 stale IDs (frame 3400)
[Prune] Removed 5 stale IDs (frame 3500)
[Evidence] Saved evidence/1776292611_120s.jpg (108099 bytes, sha256:9a886c6032f96...)
[Prune] Removed 5 stale IDs (frame 3600)
[2026-04-15 19:38:57] resolveMarket tx sent: 798defbf26710cecebc0b5f3142c74d0c63f005487763dabbc456aa3e8e9abcd
[2026-04-15 19:38:57] resolveMarket attempt 3/3 failed: resolveMarket reverted — tx: 798defbf26710cecebc0b5f3142c74d0c63f005487763dabbc456aa3e8e9abcd
[2026-04-15 19:38:57] All resolveMarket attempts exhausted — market left unresolved
[2026-04-15 19:38:57] Ledger POST failed (non-fatal): HTTP Error 400: Bad Request
[2026-04-15 19:38:57] New threshold: 34 (avg of [39, 30])
[2026-04-15 19:38:57] Waiting 15s before Round #55...
[Prune] Removed 1 stale IDs (frame 3700)
[Prune] Removed 4 stale IDs (frame 3800)
[Prune] Removed 5 stale IDs (frame 3900)
[Prune] Removed 6 stale IDs (frame 4000)
[Prune] Removed 8 stale IDs (frame 4100)
[2026-04-15 19:39:12] Round #55 | Peace Bridge — USA/Canada Border | threshold=34
[2026-04-15 19:39:13] Cancelling orphan market: 0x0d9A8b4044b2Fa47c896d4dDc0486EF5C994bDe8
[Prune] Removed 6 stale IDs (frame 4200)
[2026-04-15 19:39:16] Market cancelled: 0x0d9A8b4044b2Fa47c896d4dDc0486EF5C994bDe8 (tx: c070eaa1fdac1fea1aa468f43d89168b7f851dc0011c5ed9a6aee1387114e7ba)
[2026-04-15 19:39:16] Ably publish OK: market_cancelled
[Prune] Removed 4 stale IDs (frame 4300)
[2026-04-15 19:39:19] Refunds distributed: 0x0d9A8b4044b2Fa47c896d4dDc0486EF5C994bDe8 (tx: e1d3851e0cd770ed57eb535167b28f3b0fa532736d0f9ab7209177b92de1acfd)
[2026-04-15 19:39:19] Cancelled 1 orphan market(s)
[2026-04-15 19:39:19] createMarket tx sent: 0f83dbabf481c1878145938fadc77de17e85de5be971ea22df23a647c83ed014
[2026-04-15 19:39:19] Market created: 0x06A4d14B76450585Ae3151b77EC741193B0C9360 (tx: 0f83dbabf481c1878145938fadc77de17e85de5be971ea22df23a647c83ed014)
[2026-04-15 19:39:20] Ably publish OK: market_created
[2026-04-15 19:39:20] Counting vehicles for 150s...
[STATE] betting — market=0x06A4d14B... bet=150s count=150s round=55
[LineZone] (307,432) -> (960,432)
[Counter] Line: (579, 10) -> (701, 710)
[2026-04-15 19:39:20] [StreamClient] Round 55 started on stream_server
[Prune] Removed 2 stale IDs (frame 300)
[Prune] Removed 4 stale IDs (frame 400)
[Prune] Removed 2 stale IDs (frame 500)
[Prune] Removed 2 stale IDs (frame 600)
[Prune] Removed 6 stale IDs (frame 700)
[Prune] Removed 5 stale IDs (frame 800)
[Evidence] Saved evidence/1776292760_30s.jpg (146874 bytes, sha256:05906689aedab...)
[Prune] Removed 1 stale IDs (frame 900)
[Prune] Removed 1 stale IDs (frame 1000)
[Prune] Removed 1 stale IDs (frame 1100)
[Prune] Removed 5 stale IDs (frame 1200)
[Prune] Removed 1 stale IDs (frame 1300)
[Prune] Removed 3 stale IDs (frame 1500)
[Prune] Removed 3 stale IDs (frame 1600)
[Prune] Removed 3 stale IDs (frame 1700)
[Evidence] Saved evidence/1776292760_60s.jpg (155126 bytes, sha256:f94da5ab9962c...)
[Prune] Removed 1 stale IDs (frame 1800)
[Prune] Removed 1 stale IDs (frame 1900)
[Prune] Removed 1 stale IDs (frame 2100)
[Prune] Removed 2 stale IDs (frame 2300)
[Prune] Removed 1 stale IDs (frame 2400)
[Prune] Removed 4 stale IDs (frame 2600)
[Evidence] Saved evidence/1776292760_90s.jpg (126721 bytes, sha256:0e1b84be870b1...)
[Prune] Removed 6 stale IDs (frame 2700)
[Prune] Removed 7 stale IDs (frame 2800)
[Prune] Removed 16 stale IDs (frame 2900)
[Prune] Removed 9 stale IDs (frame 3000)
[Prune] Removed 2 stale IDs (frame 3100)
[Prune] Removed 5 stale IDs (frame 3200)
[Prune] Removed 4 stale IDs (frame 3300)
[Prune] Removed 20 stale IDs (frame 3400)
[Prune] Removed 5 stale IDs (frame 3500)
[Evidence] Saved evidence/1776292760_120s.jpg (115449 bytes, sha256:e96a61e6ebb8f...)
[Prune] Removed 3 stale IDs (frame 3600)
[Prune] Removed 3 stale IDs (frame 3700)
[Prune] Removed 9 stale IDs (frame 3800)
[Prune] Removed 8 stale IDs (frame 3900)
[Prune] Removed 6 stale IDs (frame 4000)
[Prune] Removed 4 stale IDs (frame 4100)
[Prune] Removed 2 stale IDs (frame 4300)
[Prune] Removed 2 stale IDs (frame 4400)
[STATE] counting — market=0x06A4d14B... duration=150s round=55
[Evidence] Saved evidence/1776292760_150s.jpg (134590 bytes, sha256:8fe41ef64d6a8...)
[Prune] Removed 9 stale IDs (frame 4500)
[Prune] Removed 15 stale IDs (frame 4600)
[Prune] Removed 2 stale IDs (frame 4700)
[Prune] Removed 12 stale IDs (frame 5000)
[Prune] Removed 5 stale IDs (frame 5100)
[Prune] Removed 3 stale IDs (frame 5200)
[Evidence] Saved evidence/1776292760_180s.jpg (123229 bytes, sha256:4c26c71844bfc...)
[Prune] Removed 4 stale IDs (frame 5300)
[STATE] idle — round 55 complete: 36 vehicles
[Prune] Removed 1 stale IDs (frame 5600)
[Prune] Removed 7 stale IDs (frame 5800)
[Prune] Removed 2 stale IDs (frame 5900)
[Prune] Removed 4 stale IDs (frame 6000)
[STATE] betting — market=0x001c77b6... bet=150s count=150s round=56
[LineZone] (307,432) -> (960,432)
[Counter] Line: (579, 10) -> (701, 710)
[Prune] Removed 11 stale IDs (frame 200)
[Prune] Removed 12 stale IDs (frame 300)
[Prune] Removed 9 stale IDs (frame 400)
[Prune] Removed 3 stale IDs (frame 500)
[Prune] Removed 7 stale IDs (frame 600)
[Prune] Removed 13 stale IDs (frame 700)
[Prune] Removed 1 stale IDs (frame 800)
[Evidence] Saved evidence/1776292966_30s.jpg (118972 bytes, sha256:5063ea459c65c...)
[Prune] Removed 2 stale IDs (frame 900)
[Prune] Removed 3 stale IDs (frame 1000)
[Prune] Removed 2 stale IDs (frame 1100)
[Prune] Removed 4 stale IDs (frame 1200)
[Prune] Removed 8 stale IDs (frame 1300)
[Prune] Removed 12 stale IDs (frame 1400)
[Prune] Removed 6 stale IDs (frame 1500)
[Prune] Removed 7 stale IDs (frame 1600)
[Prune] Removed 5 stale IDs (frame 1700)
[Evidence] Saved evidence/1776292966_60s.jpg (133426 bytes, sha256:71d9eaf705223...)
[Prune] Removed 2 stale IDs (frame 1800)
[Prune] Removed 2 stale IDs (frame 2300)
[Prune] Removed 1 stale IDs (frame 2400)
[Prune] Removed 5 stale IDs (frame 2500)
[Prune] Removed 5 stale IDs (frame 2600)
[Evidence] Saved evidence/1776292966_90s.jpg (145521 bytes, sha256:27ce94ca4a7b9...)
[Prune] Removed 2 stale IDs (frame 2700)
[Prune] Removed 3 stale IDs (frame 2900)
[Prune] Removed 5 stale IDs (frame 3000)
[Prune] Removed 12 stale IDs (frame 3100)
[Prune] Removed 4 stale IDs (frame 3200)
[Prune] Removed 7 stale IDs (frame 3300)
[Prune] Removed 8 stale IDs (frame 3400)
[Prune] Removed 8 stale IDs (frame 3500)
[Evidence] Saved evidence/1776292966_120s.jpg (121030 bytes, sha256:2e784cdf10bcf...)
[Prune] Removed 3 stale IDs (frame 3600)
[2026-04-15 19:44:50] No round_complete via WS — reading result.json fallback
[2026-04-15 19:44:50] Count complete: 36 vehicles (in=17 out=19)
[2026-04-15 19:44:52] Pool check OK: total=0.0100 ETH, under=0.0050, over=0.0050
[2026-04-15 19:44:52] Market resolved: 36 vehicles → Over 34 wins
[2026-04-15 19:44:52] resolveMarket tx sent: aa3f137d9cfd4295a4cbed2d2c6beb108e5d965428246b29330f086496bd548b
[Prune] Removed 3 stale IDs (frame 3700)
[2026-04-15 19:44:55] resolveMarket attempt 1/3 failed: resolveMarket reverted — tx: aa3f137d9cfd4295a4cbed2d2c6beb108e5d965428246b29330f086496bd548b
[Prune] Removed 1 stale IDs (frame 3800)
[Prune] Removed 2 stale IDs (frame 3900)
[2026-04-15 19:45:00] resolveMarket tx sent: 9ca0457f3d40a45057629304dfadfe98830fd9d4fd30a1603883a4277cf514a1
[2026-04-15 19:45:03] resolveMarket attempt 2/3 failed: resolveMarket reverted — tx: 9ca0457f3d40a45057629304dfadfe98830fd9d4fd30a1603883a4277cf514a1
[Prune] Removed 7 stale IDs (frame 4000)
[Prune] Removed 2 stale IDs (frame 4100)
[Prune] Removed 2 stale IDs (frame 4200)
[2026-04-15 19:45:13] resolveMarket tx sent: 8f5a3b4c9f2a289ba23a897d4960a447c14a6b0ae441c88adfc690d502f9b42c
[2026-04-15 19:45:13] resolveMarket attempt 3/3 failed: resolveMarket reverted — tx: 8f5a3b4c9f2a289ba23a897d4960a447c14a6b0ae441c88adfc690d502f9b42c
[2026-04-15 19:45:13] All resolveMarket attempts exhausted — market left unresolved
[2026-04-15 19:45:14] Ledger POST failed (non-fatal): HTTP Error 400: Bad Request
[2026-04-15 19:45:14] New threshold: 33 (avg of [30, 36])
[2026-04-15 19:45:14] Waiting 15s before Round #56...
[STATE] counting — market=0x001c77b6... duration=150s round=56
[Evidence] Saved evidence/1776292966_150s.jpg (152130 bytes, sha256:eecec9cd9b677...)
[2026-04-15 19:45:29] Round #56 | Peace Bridge — USA/Canada Border | threshold=33
[2026-04-15 19:45:29] Cancelling orphan market: 0x001c77b6F8587b0c0c8ae9F51a34e65E3ae73FC0
[2026-04-15 19:45:30] Market cancelled: 0x001c77b6F8587b0c0c8ae9F51a34e65E3ae73FC0 (tx: 38a146444e178bb3355a8f2c43f3d5657d1f981a387f08de9f64a947bb55668b)
[2026-04-15 19:45:30] Ably publish OK: market_cancelled
[2026-04-15 19:45:31] Refunds distributed: 0x001c77b6F8587b0c0c8ae9F51a34e65E3ae73FC0 (tx: bcf43f94d39c93e220c661fbe5dab68fbe77dbbf4f67ebee95e1f47db7207b74)
[2026-04-15 19:45:31] Cancelled 1 orphan market(s)
[2026-04-15 19:45:31] createMarket tx sent: 361a2dfcfe88b94f5233e034576a1994bbad48a9fbcfcad0770823681385bab6
[Prune] Removed 1 stale IDs (frame 4900)
[2026-04-15 19:45:34] Market created: 0x99A2E6123250dd8B5f076a6Ecf437a6Da78680Fe (tx: 361a2dfcfe88b94f5233e034576a1994bbad48a9fbcfcad0770823681385bab6)
[2026-04-15 19:45:34] Ably publish OK: market_created
[2026-04-15 19:45:34] Counting vehicles for 150s...
[STATE] betting — market=0x99A2E612... bet=150s count=150s round=56
[LineZone] (307,432) -> (960,432)
[Counter] Line: (579, 10) -> (701, 710)
[2026-04-15 19:45:34] [StreamClient] Round 56 started on stream_server
[Prune] Removed 1 stale IDs (frame 100)
[Prune] Removed 3 stale IDs (frame 200)
[Prune] Removed 1 stale IDs (frame 500)
[Prune] Removed 2 stale IDs (frame 800)
[Evidence] Saved evidence/1776293134_30s.jpg (153970 bytes, sha256:8cc1e43092612...)
[Prune] Removed 4 stale IDs (frame 900)
[Prune] Removed 3 stale IDs (frame 1000)
[Prune] Removed 2 stale IDs (frame 1100)
[Prune] Removed 10 stale IDs (frame 1300)
[Prune] Removed 4 stale IDs (frame 1400)
[Prune] Removed 1 stale IDs (frame 1500)
[Prune] Removed 7 stale IDs (frame 1600)
[Prune] Removed 5 stale IDs (frame 1700)
[Evidence] Saved evidence/1776293134_60s.jpg (120613 bytes, sha256:e3ccba93120b4...)
[Prune] Removed 5 stale IDs (frame 1800)
[Prune] Removed 3 stale IDs (frame 1900)
[Prune] Removed 8 stale IDs (frame 2000)
[Prune] Removed 4 stale IDs (frame 2100)
[Prune] Removed 1 stale IDs (frame 2200)
[Prune] Removed 2 stale IDs (frame 2300)
[Evidence] Saved evidence/1776293134_90s.jpg (129284 bytes, sha256:9988abb25b093...)
[Prune] Removed 2 stale IDs (frame 2700)
[Prune] Removed 6 stale IDs (frame 2800)
[Prune] Removed 6 stale IDs (frame 2900)
[Prune] Removed 10 stale IDs (frame 3000)
[Prune] Removed 10 stale IDs (frame 3100)
[Prune] Removed 6 stale IDs (frame 3200)
[Prune] Removed 2 stale IDs (frame 3300)
[Prune] Removed 5 stale IDs (frame 3400)
[Prune] Removed 2 stale IDs (frame 3500)
[Evidence] Saved evidence/1776293134_120s.jpg (126816 bytes, sha256:7fdd4e8154872...)
[Prune] Removed 6 stale IDs (frame 3700)
[Prune] Removed 2 stale IDs (frame 3800)
[Prune] Removed 1 stale IDs (frame 4000)
[Prune] Removed 1 stale IDs (frame 4300)
[Prune] Removed 2 stale IDs (frame 4400)
[STATE] counting — market=0x99A2E612... duration=150s round=56
[Evidence] Saved evidence/1776293134_150s.jpg (107170 bytes, sha256:27a028df3d71a...)
[Prune] Removed 4 stale IDs (frame 4500)
[STATE] idle — round 56 complete: 22 vehicles
[Prune] Removed 3 stale IDs (frame 4900)
[Prune] Removed 8 stale IDs (frame 5000)
[Prune] Removed 3 stale IDs (frame 5100)
[Prune] Removed 3 stale IDs (frame 5200)
[Prune] Removed 2 stale IDs (frame 5300)
[Prune] Removed 5 stale IDs (frame 5400)
[STATE] betting — market=0x24B31650... bet=150s count=150s round=57
[LineZone] (307,432) -> (960,432)
[Counter] Line: (579, 10) -> (701, 710)
[Prune] Removed 6 stale IDs (frame 300)
[Prune] Removed 2 stale IDs (frame 400)
[Prune] Removed 3 stale IDs (frame 500)
[Prune] Removed 3 stale IDs (frame 600)
[Prune] Removed 1 stale IDs (frame 800)
[Evidence] Saved evidence/1776293323_30s.jpg (119744 bytes, sha256:128e7b7c827aa...)
[Prune] Removed 1 stale IDs (frame 900)
[Prune] Removed 1 stale IDs (frame 1000)
[Prune] Removed 1 stale IDs (frame 1100)
[Prune] Removed 1 stale IDs (frame 1200)
[Prune] Removed 1 stale IDs (frame 1500)
[Prune] Removed 2 stale IDs (frame 1600)
[Prune] Removed 3 stale IDs (frame 1700)
[Evidence] Saved evidence/1776293323_60s.jpg (113821 bytes, sha256:f06a76ea0a889...)
[Prune] Removed 1 stale IDs (frame 2100)
[Prune] Removed 1 stale IDs (frame 2200)
[Prune] Removed 5 stale IDs (frame 2300)
[Prune] Removed 7 stale IDs (frame 2500)
[Prune] Removed 6 stale IDs (frame 2600)
[Evidence] Saved evidence/1776293323_90s.jpg (112606 bytes, sha256:aa8f62c635e22...)
[Prune] Removed 4 stale IDs (frame 2700)
[Prune] Removed 9 stale IDs (frame 2800)
[Prune] Removed 2 stale IDs (frame 3000)
[Prune] Removed 4 stale IDs (frame 3200)
[Prune] Removed 5 stale IDs (frame 3300)
[Prune] Removed 1 stale IDs (frame 3400)
[Prune] Removed 3 stale IDs (frame 3500)
[Evidence] Saved evidence/1776293323_120s.jpg (104443 bytes, sha256:0e2401f410b3a...)
[Prune] Removed 6 stale IDs (frame 3600)
[Prune] Removed 3 stale IDs (frame 3700)
[Prune] Removed 1 stale IDs (frame 3900)
[2026-04-15 19:51:04] No round_complete via WS — reading result.json fallback
[2026-04-15 19:51:04] Count complete: 22 vehicles (in=9 out=13)
[2026-04-15 19:51:06] Pool check OK: total=0.0100 ETH, under=0.0050, over=0.0050
[2026-04-15 19:51:06] Market resolved: 22 vehicles → Under 33 wins
[2026-04-15 19:51:06] resolveMarket tx sent: 4cbc0c5185173d14e7dbf217c6430ee9774e0239b8df1893e25582785727fe5b
[2026-04-15 19:51:09] resolveMarket attempt 1/3 failed: resolveMarket reverted — tx: 4cbc0c5185173d14e7dbf217c6430ee9774e0239b8df1893e25582785727fe5b
[Prune] Removed 6 stale IDs (frame 4400)
[STATE] counting — market=0x24B31650... duration=150s round=57
[Evidence] Saved evidence/1776293323_150s.jpg (113368 bytes, sha256:e168ed1c2202d...)
[2026-04-15 19:51:14] resolveMarket tx sent: 26e26a39a0ec841cbd8459c4df3bf3a7c08982050dda907683354f85a35b688b
[Prune] Removed 8 stale IDs (frame 4500)
[2026-04-15 19:51:17] resolveMarket attempt 2/3 failed: resolveMarket reverted — tx: 26e26a39a0ec841cbd8459c4df3bf3a7c08982050dda907683354f85a35b688b
[Prune] Removed 8 stale IDs (frame 4600)
[Prune] Removed 2 stale IDs (frame 4700)
[Prune] Removed 3 stale IDs (frame 4800)
[2026-04-15 19:51:27] resolveMarket tx sent: 38d38486ad42acd8979e7319b2429dd12ac10e4696b897fe5abc8153d7c144fe
[2026-04-15 19:51:28] resolveMarket attempt 3/3 failed: resolveMarket reverted — tx: 38d38486ad42acd8979e7319b2429dd12ac10e4696b897fe5abc8153d7c144fe
[2026-04-15 19:51:28] All resolveMarket attempts exhausted — market left unresolved
[2026-04-15 19:51:28] Ledger POST failed (non-fatal): HTTP Error 400: Bad Request
[2026-04-15 19:51:28] New threshold: 29 (avg of [36, 22])
[2026-04-15 19:51:28] Waiting 15s before Round #57...
[Prune] Removed 2 stale IDs (frame 4900)
[Prune] Removed 2 stale IDs (frame 5000)
[Prune] Removed 1 stale IDs (frame 5100)
[Prune] Removed 2 stale IDs (frame 5200)
[Evidence] Saved evidence/1776293323_180s.jpg (105087 bytes, sha256:e9e25d7a516e3...)
[2026-04-15 19:51:43] Round #57 | Peace Bridge — USA/Canada Border | threshold=29
[Prune] Removed 1 stale IDs (frame 5300)
[2026-04-15 19:51:43] Cancelling orphan market: 0x24B316508f457B0a5Ba61760Bcf01eFce12825a7
[2026-04-15 19:51:44] Market cancelled: 0x24B316508f457B0a5Ba61760Bcf01eFce12825a7 (tx: 4fd60d6423870cd2939108bad4e477545aacd38bd4589ad62a90ab4d7b51b60e)
[2026-04-15 19:51:44] Ably publish OK: market_cancelled
[2026-04-15 19:51:45] Refunds distributed: 0x24B316508f457B0a5Ba61760Bcf01eFce12825a7 (tx: 652c92628739e593e6d48a57022e78a592053dc0f2289d8bbad7772d6f32bf31)
[2026-04-15 19:51:45] Cancelled 1 orphan market(s)
[2026-04-15 19:51:46] createMarket tx sent: 0b91c69be5aa740d145afc25f5eecbc9153b6dc3c5c8e87f9f9e30738934ca18
[Prune] Removed 3 stale IDs (frame 5400)
[2026-04-15 19:51:48] Market created: 0x9CB145cDe33F3d16F338A07984e41B20F3ddc0A8 (tx: 0b91c69be5aa740d145afc25f5eecbc9153b6dc3c5c8e87f9f9e30738934ca18)
[2026-04-15 19:51:49] Ably publish OK: market_created
[2026-04-15 19:51:49] Counting vehicles for 150s...
[STATE] betting — market=0x9CB145cD... bet=150s count=150s round=57
[LineZone] (307,432) -> (960,432)
[Counter] Line: (579, 10) -> (701, 710)
[2026-04-15 19:51:49] [StreamClient] Round 57 started on stream_server
[Prune] Removed 1 stale IDs (frame 500)
[Prune] Removed 1 stale IDs (frame 700)
[Prune] Removed 2 stale IDs (frame 800)
[Evidence] Saved evidence/1776293509_30s.jpg (112215 bytes, sha256:9ed7e116aada3...)
[Prune] Removed 5 stale IDs (frame 900)
[Prune] Removed 9 stale IDs (frame 1000)
[Prune] Removed 6 stale IDs (frame 1100)
[Prune] Removed 4 stale IDs (frame 1200)
[Prune] Removed 8 stale IDs (frame 1300)
[Prune] Removed 7 stale IDs (frame 1400)
[Prune] Removed 1 stale IDs (frame 1700)
[Evidence] Saved evidence/1776293509_60s.jpg (128777 bytes, sha256:a092ec57f2210...)
[Prune] Removed 3 stale IDs (frame 1800)
[Prune] Removed 1 stale IDs (frame 2000)
[Prune] Removed 3 stale IDs (frame 2100)
[Prune] Removed 1 stale IDs (frame 2200)
[Prune] Removed 1 stale IDs (frame 2400)
[Prune] Removed 5 stale IDs (frame 2500)
[Prune] Removed 4 stale IDs (frame 2600)
[Evidence] Saved evidence/1776293509_90s.jpg (93639 bytes, sha256:5a37fb9c9b42c...)
[Prune] Removed 3 stale IDs (frame 2700)
[Prune] Removed 6 stale IDs (frame 2800)
[Evidence] Saved evidence/1776293509_120s.jpg (126558 bytes, sha256:bad36eb742aa9...)
[Prune] Removed 2 stale IDs (frame 3700)
[Prune] Removed 1 stale IDs (frame 3800)
[Prune] Removed 1 stale IDs (frame 3900)
[Prune] Removed 3 stale IDs (frame 4000)
[Prune] Removed 4 stale IDs (frame 4100)
[STATE] idle — round 57 complete: 17 vehicles
[Prune] Removed 2 stale IDs (frame 4300)
[Prune] Removed 2 stale IDs (frame 4400)
[Prune] Removed 3 stale IDs (frame 4500)
[Prune] Removed 1 stale IDs (frame 4600)
[Prune] Removed 9 stale IDs (frame 4700)
[Prune] Removed 6 stale IDs (frame 4800)
[Prune] Removed 7 stale IDs (frame 4900)
[STATE] betting — market=0x03084049... bet=150s count=150s round=58
[LineZone] (307,432) -> (960,432)
[Counter] Line: (579, 10) -> (701, 710)
[Prune] Removed 2 stale IDs (frame 100)
[Prune] Removed 9 stale IDs (frame 200)
[Prune] Removed 2 stale IDs (frame 400)
[Prune] Removed 2 stale IDs (frame 500)
[Prune] Removed 3 stale IDs (frame 600)
[Prune] Removed 11 stale IDs (frame 700)
[Prune] Removed 3 stale IDs (frame 800)
[Evidence] Saved evidence/1776293676_30s.jpg (115832 bytes, sha256:0efa5ab72573a...)
[Prune] Removed 8 stale IDs (frame 900)
[Prune] Removed 5 stale IDs (frame 1000)
[Prune] Removed 10 stale IDs (frame 1100)
[Prune] Removed 8 stale IDs (frame 1200)
[Prune] Removed 3 stale IDs (frame 1300)
[Prune] Removed 6 stale IDs (frame 1400)
[Prune] Removed 11 stale IDs (frame 1500)
[Prune] Removed 7 stale IDs (frame 1600)
[Prune] Removed 2 stale IDs (frame 1700)
[Evidence] Saved evidence/1776293676_60s.jpg (126266 bytes, sha256:619fa3dfc5d44...)
[Prune] Removed 3 stale IDs (frame 1900)
[Prune] Removed 6 stale IDs (frame 2000)
[Prune] Removed 8 stale IDs (frame 2100)
[Prune] Removed 12 stale IDs (frame 2200)
[Prune] Removed 1 stale IDs (frame 2300)
[Prune] Removed 1 stale IDs (frame 2400)
[Evidence] Saved evidence/1776293676_90s.jpg (136346 bytes, sha256:89550702a20a1...)
[Prune] Removed 5 stale IDs (frame 2700)
[Prune] Removed 4 stale IDs (frame 2800)
[Prune] Removed 2 stale IDs (frame 3100)
[Prune] Removed 4 stale IDs (frame 3200)
[Prune] Removed 2 stale IDs (frame 3300)
[Prune] Removed 1 stale IDs (frame 3400)
[Prune] Removed 1 stale IDs (frame 3500)
[Evidence] Saved evidence/1776293676_120s.jpg (140529 bytes, sha256:a6e905a7e9535...)
[Prune] Removed 3 stale IDs (frame 3600)
[Prune] Removed 2 stale IDs (frame 3700)
[Prune] Removed 1 stale IDs (frame 4000)
[Prune] Removed 1 stale IDs (frame 4100)
[Prune] Removed 1 stale IDs (frame 4200)
[Prune] Removed 2 stale IDs (frame 4300)
[WS] Client connected (3 total)
[Prune] Removed 6 stale IDs (frame 4400)
[STATE] counting — market=0x03084049... duration=150s round=58
[Evidence] Saved evidence/1776293676_150s.jpg (119915 bytes, sha256:9a093e65b71a7...)
[Prune] Removed 6 stale IDs (frame 4500)
[Prune] Removed 4 stale IDs (frame 4600)
[Prune] Removed 1 stale IDs (frame 4700)
[WS] Client disconnected (2 total)
connection handler failed
Traceback (most recent call last):
  File "/home/lumen/miniconda3/lib/python3.13/asyncio/selector_events.py", line 1005, in _read_ready__data_received
    data = self._sock.recv(self.max_size)
ConnectionResetError: [Errno 104] Connection reset by peer

The above exception was the direct cause of the following exception:

Traceback (most recent call last):
  File "/home/lumen/miniconda3/lib/python3.13/site-packages/websockets/asyncio/server.py", line 376, in conn_handler
    await self.handler(connection)
  File "/home/lumen/.gemini/antigravity/scratch/rush/oracle/stream_server.py", line 1261, in handler
    async for msg in ws:
    ...<37 lines>...
            pass
  File "/home/lumen/miniconda3/lib/python3.13/site-packages/websockets/asyncio/connection.py", line 242, in __aiter__
    yield await self.recv()
          ^^^^^^^^^^^^^^^^^
  File "/home/lumen/miniconda3/lib/python3.13/site-packages/websockets/asyncio/connection.py", line 322, in recv
    raise self.protocol.close_exc from self.recv_exc
websockets.exceptions.ConnectionClosedError: no close frame received or sent
[2026-04-15 19:57:19] No round_complete via WS — reading result.json fallback
[2026-04-15 19:57:19] Count complete: 17 vehicles (in=8 out=9)
[2026-04-15 19:57:20] Pool check OK: total=0.0100 ETH, under=0.0050, over=0.0050
[2026-04-15 19:57:20] Market resolved: 17 vehicles → Under 29 wins
[2026-04-15 19:57:21] resolveMarket tx sent: 8a7ecd9a3d965f0e9edd74776758ac17b26b87706a66a06fc5872bd478408e6e
[2026-04-15 19:57:21] resolveMarket attempt 1/3 failed: resolveMarket reverted — tx: 8a7ecd9a3d965f0e9edd74776758ac17b26b87706a66a06fc5872bd478408e6e
[2026-04-15 19:57:26] resolveMarket tx sent: d54c9cfa42bba9e5234f94a544a4e1ace2d641a1d34282ab54110830744996af
[Prune] Removed 5 stale IDs (frame 5000)
[2026-04-15 19:57:29] resolveMarket attempt 2/3 failed: resolveMarket reverted — tx: d54c9cfa42bba9e5234f94a544a4e1ace2d641a1d34282ab54110830744996af
[Prune] Removed 2 stale IDs (frame 5100)
[Evidence] Saved evidence/1776293676_180s.jpg (149079 bytes, sha256:dc2f8a179fdcc...)
[2026-04-15 19:57:39] resolveMarket tx sent: a0d2537652dda9be82369d04083fc9e6ed95d84114c38f9620e91675a761165e
[2026-04-15 19:57:39] resolveMarket attempt 3/3 failed: resolveMarket reverted — tx: a0d2537652dda9be82369d04083fc9e6ed95d84114c38f9620e91675a761165e
[2026-04-15 19:57:39] All resolveMarket attempts exhausted — market left unresolved
[2026-04-15 19:57:40] Ledger POST failed (non-fatal): HTTP Error 400: Bad Request
[2026-04-15 19:57:40] New threshold: 19 (avg of [22, 17])
[2026-04-15 19:57:40] Waiting 15s before Round #58...
[Prune] Removed 1 stale IDs (frame 5600)
[Prune] Removed 2 stale IDs (frame 5700)
[2026-04-15 19:57:55] Round #58 | Peace Bridge — USA/Canada Border | threshold=19
[Prune] Removed 3 stale IDs (frame 5800)
[2026-04-15 19:57:55] Cancelling orphan market: 0x03084049c75deEF35E3D4F373629F16E2213CC82
[2026-04-15 19:57:56] Market cancelled: 0x03084049c75deEF35E3D4F373629F16E2213CC82 (tx: c6c6e03bdccc47b7a73e87437473f74c9913098c83cb7f5c9e0b698148862609)
[2026-04-15 19:57:56] Ably publish OK: market_cancelled
[2026-04-15 19:57:57] Refunds distributed: 0x03084049c75deEF35E3D4F373629F16E2213CC82 (tx: 97be550c693d3bfe13e15dfde714d2690ce3698a142764d83cad6b16cdd16a44)
[2026-04-15 19:57:57] Cancelled 1 orphan market(s)
[2026-04-15 19:57:57] createMarket tx sent: 54bc2928784eb750c9e1d856cf6bd921439664f23e5f7bede6292c585676964f
[Prune] Removed 7 stale IDs (frame 5900)
[2026-04-15 19:58:00] Market created: 0x2ba4C7eeDb248ABea7894fFe7ede12a3d8b1BAB8 (tx: 54bc2928784eb750c9e1d856cf6bd921439664f23e5f7bede6292c585676964f)
[2026-04-15 19:58:00] Ably publish OK: market_created
[2026-04-15 19:58:00] Counting vehicles for 150s...
[STATE] betting — market=0x2ba4C7ee... bet=150s count=150s round=58
[LineZone] (307,432) -> (960,432)
[Counter] Line: (579, 10) -> (701, 710)
[2026-04-15 19:58:00] [StreamClient] Round 58 started on stream_server
[Prune] Removed 8 stale IDs (frame 200)
[Prune] Removed 2 stale IDs (frame 300)
[Prune] Removed 1 stale IDs (frame 500)
[Prune] Removed 3 stale IDs (frame 600)
[Prune] Removed 2 stale IDs (frame 700)
[Prune] Removed 5 stale IDs (frame 800)
[Evidence] Saved evidence/1776293880_30s.jpg (100783 bytes, sha256:811ab7d89edbf...)
[Prune] Removed 3 stale IDs (frame 1000)
[Prune] Removed 14 stale IDs (frame 1100)
[Prune] Removed 12 stale IDs (frame 1200)
[Prune] Removed 9 stale IDs (frame 1300)
[Prune] Removed 1 stale IDs (frame 1400)
[Prune] Removed 6 stale IDs (frame 1500)
[Prune] Removed 4 stale IDs (frame 1600)
[Prune] Removed 6 stale IDs (frame 1700)
[Evidence] Saved evidence/1776293880_60s.jpg (126063 bytes, sha256:61ff625222f25...)
[Prune] Removed 3 stale IDs (frame 1800)
[Prune] Removed 4 stale IDs (frame 1900)
[Prune] Removed 12 stale IDs (frame 2000)
[Prune] Removed 3 stale IDs (frame 2100)
[Prune] Removed 1 stale IDs (frame 2200)
[Prune] Removed 2 stale IDs (frame 2400)
[Prune] Removed 1 stale IDs (frame 2500)
[Evidence] Saved evidence/1776293880_90s.jpg (103235 bytes, sha256:6e889c3ba89a5...)
[Prune] Removed 1 stale IDs (frame 2700)
[Prune] Removed 1 stale IDs (frame 2800)
[Prune] Removed 2 stale IDs (frame 2900)
[Prune] Removed 6 stale IDs (frame 3000)
[Prune] Removed 5 stale IDs (frame 3100)
[Prune] Removed 2 stale IDs (frame 3200)
[Prune] Removed 19 stale IDs (frame 3300)
[Prune] Removed 20 stale IDs (frame 3400)
[Prune] Removed 4 stale IDs (frame 3500)
[Evidence] Saved evidence/1776293880_120s.jpg (116907 bytes, sha256:ff6855394b138...)
[STATE] idle — round 58 complete: 27 vehicles
[Prune] Removed 3 stale IDs (frame 3700)
[Prune] Removed 4 stale IDs (frame 3800)
[Prune] Removed 3 stale IDs (frame 3900)
[Prune] Removed 3 stale IDs (frame 4100)
[Prune] Removed 3 stale IDs (frame 4200)
[Prune] Removed 2 stale IDs (frame 4300)
[Prune] Removed 3 stale IDs (frame 4400)
[Prune] Removed 1 stale IDs (frame 4600)
[STATE] betting — market=0xd563BB9A... bet=150s count=150s round=59
[LineZone] (307,432) -> (960,432)
[Counter] Line: (579, 10) -> (701, 710)
[Prune] Removed 11 stale IDs (frame 200)
[Prune] Removed 4 stale IDs (frame 300)
[Prune] Removed 4 stale IDs (frame 400)
[Prune] Removed 1 stale IDs (frame 500)
[Prune] Removed 5 stale IDs (frame 600)
[Prune] Removed 5 stale IDs (frame 700)
[Prune] Removed 1 stale IDs (frame 800)
[Evidence] Saved evidence/1776294038_30s.jpg (109345 bytes, sha256:eb0b99bc28307...)
[Prune] Removed 6 stale IDs (frame 900)
[Prune] Removed 2 stale IDs (frame 1000)
[Prune] Removed 1 stale IDs (frame 1100)
[Prune] Removed 2 stale IDs (frame 1200)
[Prune] Removed 5 stale IDs (frame 1700)
[Evidence] Saved evidence/1776294038_60s.jpg (117346 bytes, sha256:54e56da4a8dc3...)
[Prune] Removed 1 stale IDs (frame 1800)
[Prune] Removed 2 stale IDs (frame 1900)
[Prune] Removed 4 stale IDs (frame 2000)
[Prune] Removed 2 stale IDs (frame 2100)
[Prune] Removed 1 stale IDs (frame 2200)
[Prune] Removed 5 stale IDs (frame 2300)
[Prune] Removed 3 stale IDs (frame 2400)
[Prune] Removed 3 stale IDs (frame 2500)
[Prune] Removed 1 stale IDs (frame 2600)
[Evidence] Saved evidence/1776294038_90s.jpg (121927 bytes, sha256:6ad37b91262b5...)
[Prune] Removed 2 stale IDs (frame 2700)
[Prune] Removed 3 stale IDs (frame 2800)
[Prune] Removed 9 stale IDs (frame 2900)
[Prune] Removed 2 stale IDs (frame 3200)
[Prune] Removed 6 stale IDs (frame 3300)
[Prune] Removed 4 stale IDs (frame 3400)
[Prune] Removed 1 stale IDs (frame 3500)
[Evidence] Saved evidence/1776294038_120s.jpg (114139 bytes, sha256:0bdf5e2692053...)
[Prune] Removed 4 stale IDs (frame 3600)
[Prune] Removed 6 stale IDs (frame 3700)
[Prune] Removed 3 stale IDs (frame 3800)
[Prune] Removed 8 stale IDs (frame 3900)
[STATE] counting — market=0xd563BB9A... duration=150s round=59
[Evidence] Saved evidence/1776294038_150s.jpg (124417 bytes, sha256:15412957e84e9...)
[2026-04-15 20:03:30] No round_complete via WS — reading result.json fallback
[2026-04-15 20:03:30] Count complete: 27 vehicles (in=11 out=16)
[2026-04-15 20:03:32] Pool check OK: total=0.0100 ETH, under=0.0050, over=0.0050
[2026-04-15 20:03:32] Market resolved: 27 vehicles → Over 19 wins
[2026-04-15 20:03:32] resolveMarket tx sent: c45053756bb2264f183e74beac272ac777f032ee08918c05807b79eb83839a7a
[2026-04-15 20:03:35] resolveMarket attempt 1/3 failed: resolveMarket reverted — tx: c45053756bb2264f183e74beac272ac777f032ee08918c05807b79eb83839a7a
[Prune] Removed 8 stale IDs (frame 5200)
[Evidence] Saved evidence/1776294038_180s.jpg (105514 bytes, sha256:b77016da43fb0...)
[Prune] Removed 7 stale IDs (frame 5300)
[2026-04-15 20:03:40] resolveMarket tx sent: ce7bfbc671f8bc7980cdc887525b7888698c6619e5aa66f9a573aaab701d2982
[Prune] Removed 2 stale IDs (frame 5400)
[2026-04-15 20:03:43] resolveMarket attempt 2/3 failed: resolveMarket reverted — tx: ce7bfbc671f8bc7980cdc887525b7888698c6619e5aa66f9a573aaab701d2982
[Prune] Removed 2 stale IDs (frame 5600)
[Prune] Removed 7 stale IDs (frame 5700)
[2026-04-15 20:03:53] resolveMarket tx sent: 288d57fced0caa0e11127ab04b24332d7fa83923ae599756b8dc000a80935a55
[2026-04-15 20:03:53] resolveMarket attempt 3/3 failed: resolveMarket reverted — tx: 288d57fced0caa0e11127ab04b24332d7fa83923ae599756b8dc000a80935a55
[2026-04-15 20:03:53] All resolveMarket attempts exhausted — market left unresolved
[2026-04-15 20:03:54] Ledger POST failed (non-fatal): HTTP Error 400: Bad Request
[2026-04-15 20:03:54] New threshold: 22 (avg of [17, 27])
[2026-04-15 20:03:54] Waiting 15s before Round #59...
[Prune] Removed 12 stale IDs (frame 5800)
[Prune] Removed 8 stale IDs (frame 5900)
[Prune] Removed 1 stale IDs (frame 6000)
[Prune] Removed 2 stale IDs (frame 6100)
[Evidence] Saved evidence/1776294038_210s.jpg (102591 bytes, sha256:71ab39e5f08c4...)
[2026-04-15 20:04:09] Round #59 | Peace Bridge — USA/Canada Border | threshold=22
[2026-04-15 20:04:09] Cancelling orphan market: 0xd563BB9AE27Cb5b8d2a331A6c73dD8115CB6ac15
[2026-04-15 20:04:12] Market cancelled: 0xd563BB9AE27Cb5b8d2a331A6c73dD8115CB6ac15 (tx: 3eb466210c67a072d471b0be854a9790d6e7492d5b73892fdc95696201f78e79)
[Prune] Removed 4 stale IDs (frame 6300)
[2026-04-15 20:04:12] Ably publish OK: market_cancelled
[2026-04-15 20:04:13] Refunds distributed: 0xd563BB9AE27Cb5b8d2a331A6c73dD8115CB6ac15 (tx: 48fc50a3a09c704605f517fc36d4446a57f520a391199fb01b5e1a349b956928)
[2026-04-15 20:04:13] Cancelled 1 orphan market(s)
[2026-04-15 20:04:14] createMarket tx sent: 00cccab826bacef51ca3fffecd903dc0159c37c87f43f80c5d47441a52fa3fc5
[Prune] Removed 3 stale IDs (frame 6400)
[2026-04-15 20:04:16] Market created: 0xdc893939c872Dc1ec39A43EEe4A00E440F10a6c2 (tx: 00cccab826bacef51ca3fffecd903dc0159c37c87f43f80c5d47441a52fa3fc5)
[2026-04-15 20:04:17] Ably publish OK: market_created
[2026-04-15 20:04:17] Counting vehicles for 150s...
[STATE] betting — market=0xdc893939... bet=150s count=150s round=59
[LineZone] (307,432) -> (960,432)
[Counter] Line: (579, 10) -> (701, 710)
[2026-04-15 20:04:17] [StreamClient] Round 59 started on stream_server
[Prune] Removed 2 stale IDs (frame 100)
[Prune] Removed 9 stale IDs (frame 200)
[Prune] Removed 6 stale IDs (frame 300)
[Prune] Removed 1 stale IDs (frame 500)
[Evidence] Saved evidence/1776294257_30s.jpg (102919 bytes, sha256:20089db3b7f9e...)
[Prune] Removed 6 stale IDs (frame 900)
[Prune] Removed 6 stale IDs (frame 1000)
[Prune] Removed 10 stale IDs (frame 1100)
[Prune] Removed 2 stale IDs (frame 1200)
[Prune] Removed 3 stale IDs (frame 1300)
[Prune] Removed 3 stale IDs (frame 1500)
[Prune] Removed 6 stale IDs (frame 1600)
[Prune] Removed 5 stale IDs (frame 1700)
[Evidence] Saved evidence/1776294257_60s.jpg (99735 bytes, sha256:be4a3b0fc796f...)
[Prune] Removed 2 stale IDs (frame 1900)
[Prune] Removed 3 stale IDs (frame 2000)
[Prune] Removed 5 stale IDs (frame 2400)
[Prune] Removed 13 stale IDs (frame 2500)
[Prune] Removed 12 stale IDs (frame 2600)
[Evidence] Saved evidence/1776294257_90s.jpg (99416 bytes, sha256:89ca5e09a3213...)
[Prune] Removed 10 stale IDs (frame 2700)
[Prune] Removed 2 stale IDs (frame 2800)
[Prune] Removed 4 stale IDs (frame 2900)
[Prune] Removed 2 stale IDs (frame 3000)
[Prune] Removed 1 stale IDs (frame 3100)
[STATE] idle — round 59 complete: 20 vehicles
[Prune] Removed 5 stale IDs (frame 3300)
[Prune] Removed 3 stale IDs (frame 3500)
[Prune] Removed 1 stale IDs (frame 3600)
[Prune] Removed 1 stale IDs (frame 3700)
[Prune] Removed 1 stale IDs (frame 3800)
[Prune] Removed 1 stale IDs (frame 3900)
[STATE] betting — market=0x3Efd1EFF... bet=150s count=150s round=60
[LineZone] (307,432) -> (960,432)
[Counter] Line: (579, 10) -> (701, 710)
[Prune] Removed 2 stale IDs (frame 200)
[Prune] Removed 1 stale IDs (frame 300)
[Prune] Removed 1 stale IDs (frame 400)
[Prune] Removed 6 stale IDs (frame 500)
[Prune] Removed 6 stale IDs (frame 600)
[Prune] Removed 11 stale IDs (frame 700)
[Prune] Removed 11 stale IDs (frame 800)
[Evidence] Saved evidence/1776294391_30s.jpg (97068 bytes, sha256:f5a394e99565b...)
[Prune] Removed 14 stale IDs (frame 900)
[Prune] Removed 3 stale IDs (frame 1000)
[Prune] Removed 1 stale IDs (frame 1200)
[Prune] Removed 3 stale IDs (frame 1500)
[Prune] Removed 1 stale IDs (frame 1600)
[Prune] Removed 3 stale IDs (frame 1700)
[Evidence] Saved evidence/1776294391_60s.jpg (109333 bytes, sha256:e55570d2f7a30...)
[Prune] Removed 5 stale IDs (frame 2100)
[Prune] Removed 7 stale IDs (frame 2200)
[Prune] Removed 4 stale IDs (frame 2300)
[Prune] Removed 2 stale IDs (frame 2400)
[Prune] Removed 8 stale IDs (frame 2500)
[Prune] Removed 12 stale IDs (frame 2600)
[Evidence] Saved evidence/1776294391_90s.jpg (100651 bytes, sha256:3747e114c2406...)
[Prune] Removed 5 stale IDs (frame 2700)
[Prune] Removed 9 stale IDs (frame 2800)
[Prune] Removed 5 stale IDs (frame 2900)
[Prune] Removed 14 stale IDs (frame 3000)
[Prune] Removed 8 stale IDs (frame 3100)
[Prune] Removed 4 stale IDs (frame 3200)
[Evidence] Saved evidence/1776294391_120s.jpg (109487 bytes, sha256:0a5ae4f5a608c...)
[STATE] counting — market=0x3Efd1EFF... duration=150s round=60
[Evidence] Saved evidence/1776294391_150s.jpg (110256 bytes, sha256:79c4c35d75dcf...)
[Prune] Removed 1 stale IDs (frame 4900)
[Prune] Removed 3 stale IDs (frame 5000)
[Prune] Removed 6 stale IDs (frame 5100)
[Prune] Removed 3 stale IDs (frame 5200)
[Evidence] Saved evidence/1776294391_180s.jpg (107318 bytes, sha256:2f4c40414635d...)
[Prune] Removed 3 stale IDs (frame 5300)
[2026-04-15 20:09:47] No round_complete via WS — reading result.json fallback
[2026-04-15 20:09:47] Count complete: 20 vehicles (in=7 out=13)
[2026-04-15 20:09:48] Pool check OK: total=0.0100 ETH, under=0.0050, over=0.0050
[2026-04-15 20:09:48] Market resolved: 20 vehicles → Under 22 wins
[2026-04-15 20:09:49] resolveMarket tx sent: c715521f30672084b54d670c815303b3db24938d9e279c5c984275274fb060db
[2026-04-15 20:09:51] resolveMarket attempt 1/3 failed: resolveMarket reverted — tx: c715521f30672084b54d670c815303b3db24938d9e279c5c984275274fb060db
[Prune] Removed 3 stale IDs (frame 5900)
[Prune] Removed 1 stale IDs (frame 6000)
[2026-04-15 20:09:57] resolveMarket tx sent: 1bb53aff3f3178b46873475fc93c67428bc99c0710108ebfb96736f280a67fe2
[2026-04-15 20:09:57] resolveMarket attempt 2/3 failed: resolveMarket reverted — tx: 1bb53aff3f3178b46873475fc93c67428bc99c0710108ebfb96736f280a67fe2
[Prune] Removed 7 stale IDs (frame 6100)
[Evidence] Saved evidence/1776294391_210s.jpg (115132 bytes, sha256:7cfde753568b8...)
[Prune] Removed 1 stale IDs (frame 6200)
[2026-04-15 20:10:07] resolveMarket tx sent: d4660161d7c9c730161c79aa9da50e1a1a58c6a3ab9176cec562c3ce1d9a2028
[2026-04-15 20:10:07] resolveMarket attempt 3/3 failed: resolveMarket reverted — tx: d4660161d7c9c730161c79aa9da50e1a1a58c6a3ab9176cec562c3ce1d9a2028
[2026-04-15 20:10:07] All resolveMarket attempts exhausted — market left unresolved
[2026-04-15 20:10:08] Ledger POST failed (non-fatal): HTTP Error 400: Bad Request
[2026-04-15 20:10:08] New threshold: 23 (avg of [27, 20])
[2026-04-15 20:10:08] Waiting 15s before Round #60...
[2026-04-15 20:10:23] Round #60 | Peace Bridge — USA/Canada Border | threshold=23
[2026-04-15 20:10:23] Cancelling orphan market: 0x3Efd1EFF65C30863e4A14b0441e899781041C77A
[2026-04-15 20:10:26] Market cancelled: 0x3Efd1EFF65C30863e4A14b0441e899781041C77A (tx: 4f02ea9240688a04cdb8e7f9b55c47594200ff289a565e5146db23a2221f7bc0)
[2026-04-15 20:10:26] Ably publish OK: market_cancelled
[2026-04-15 20:10:27] Refunds distributed: 0x3Efd1EFF65C30863e4A14b0441e899781041C77A (tx: 0f6e0f604c5968bd7dd4b563c091026d9fdc649ba328d104b8b1d91bf4f358eb)
[2026-04-15 20:10:27] Cancelled 1 orphan market(s)
[2026-04-15 20:10:28] createMarket tx sent: ed2ee31a72359323d2b711fd347dcb77b5e12bb714f933879931ce657681c49e
[2026-04-15 20:10:28] Market created: 0x52D7187f9e9B4cE394f2B4eafDcc7B4fb712B106 (tx: ed2ee31a72359323d2b711fd347dcb77b5e12bb714f933879931ce657681c49e)
[2026-04-15 20:10:29] Ably publish OK: market_created
[2026-04-15 20:10:29] Counting vehicles for 150s...
[STATE] betting — market=0x52D7187f... bet=150s count=150s round=60
[LineZone] (307,432) -> (960,432)
[Counter] Line: (579, 10) -> (701, 710)
[2026-04-15 20:10:29] [StreamClient] Round 60 started on stream_server
[Prune] Removed 1 stale IDs (frame 200)
[Prune] Removed 10 stale IDs (frame 300)
[Prune] Removed 3 stale IDs (frame 400)
[Prune] Removed 1 stale IDs (frame 500)
[Prune] Removed 7 stale IDs (frame 600)
[Prune] Removed 1 stale IDs (frame 700)
[Prune] Removed 1 stale IDs (frame 800)
[Evidence] Saved evidence/1776294629_30s.jpg (111846 bytes, sha256:518124e3c8d15...)
[Prune] Removed 1 stale IDs (frame 900)
[Prune] Removed 4 stale IDs (frame 1000)
[Prune] Removed 2 stale IDs (frame 1500)
[Prune] Removed 3 stale IDs (frame 1600)
[Prune] Removed 5 stale IDs (frame 1700)
[Evidence] Saved evidence/1776294629_60s.jpg (101605 bytes, sha256:ca0b869e928e4...)
[Prune] Removed 10 stale IDs (frame 1800)
[Prune] Removed 9 stale IDs (frame 1900)
[Prune] Removed 6 stale IDs (frame 2000)
[Prune] Removed 3 stale IDs (frame 2100)
[Prune] Removed 3 stale IDs (frame 2200)
[Prune] Removed 4 stale IDs (frame 2300)
[Evidence] Saved evidence/1776294629_90s.jpg (117147 bytes, sha256:ef8e0a25e9c46...)
[STATE] idle — round 60 complete: 10 vehicles
[Prune] Removed 1 stale IDs (frame 3100)
[Prune] Removed 2 stale IDs (frame 3200)
[Prune] Removed 1 stale IDs (frame 3300)
[Prune] Removed 1 stale IDs (frame 3400)
[STATE] betting — market=0x99B51771... bet=150s count=150s round=61
[LineZone] (307,432) -> (960,432)
[Counter] Line: (579, 10) -> (701, 710)
[Prune] Removed 1 stale IDs (frame 100)
[Prune] Removed 2 stale IDs (frame 200)
[Prune] Removed 1 stale IDs (frame 400)
[Prune] Removed 5 stale IDs (frame 500)
[Prune] Removed 7 stale IDs (frame 600)
[Prune] Removed 5 stale IDs (frame 800)
[Evidence] Saved evidence/1776294747_30s.jpg (103299 bytes, sha256:1ee69d83f4d30...)
[Prune] Removed 3 stale IDs (frame 900)
[Prune] Removed 1 stale IDs (frame 1000)
[Prune] Removed 3 stale IDs (frame 1200)
[Prune] Removed 2 stale IDs (frame 1300)
[Evidence] Saved evidence/1776294747_60s.jpg (104418 bytes, sha256:3ddb32d65f415...)
[Prune] Removed 4 stale IDs (frame 1800)
[Prune] Removed 5 stale IDs (frame 1900)
[Prune] Removed 3 stale IDs (frame 2000)
[Prune] Removed 6 stale IDs (frame 2100)
[Prune] Removed 4 stale IDs (frame 2200)
[Prune] Removed 2 stale IDs (frame 2300)
[Prune] Removed 3 stale IDs (frame 2400)
[Evidence] Saved evidence/1776294747_90s.jpg (114950 bytes, sha256:9770f8711e55a...)
[Prune] Removed 3 stale IDs (frame 2900)
[Prune] Removed 5 stale IDs (frame 3000)
[Prune] Removed 2 stale IDs (frame 3100)
[Prune] Removed 2 stale IDs (frame 3200)
[Prune] Removed 2 stale IDs (frame 3300)
[Prune] Removed 1 stale IDs (frame 3400)
[Prune] Removed 7 stale IDs (frame 3500)
[Evidence] Saved evidence/1776294747_120s.jpg (111784 bytes, sha256:2e9dd2b4bdc50...)
[Prune] Removed 5 stale IDs (frame 3700)
[Prune] Removed 2 stale IDs (frame 3800)
[Prune] Removed 1 stale IDs (frame 4000)
[Prune] Removed 2 stale IDs (frame 4100)
[Prune] Removed 3 stale IDs (frame 4300)
[Prune] Removed 1 stale IDs (frame 4400)
[STATE] counting — market=0x99B51771... duration=150s round=61
[Evidence] Saved evidence/1776294747_150s.jpg (86500 bytes, sha256:180fe1bfef5ab...)
[Prune] Removed 4 stale IDs (frame 4500)
[WS] Client connected (3 total)
[Prune] Removed 2 stale IDs (frame 4600)
[Prune] Removed 2 stale IDs (frame 4700)
[Prune] Removed 7 stale IDs (frame 4800)
[Prune] Removed 2 stale IDs (frame 5000)
[Prune] Removed 8 stale IDs (frame 5100)
[Prune] Removed 5 stale IDs (frame 5200)
[ffmpeg] [https @ 0x7498547a8540] HTTP error 403 Forbidden
[ffmpeg] [hls @ 0x6443898fef80] keepalive request failed for 'https://manifest.googlevideo.com/api/manifest/hls_playlist/expire/1776294922/ei/qsffaYjlH4rx-LAPxbbhgAw/ip/2804:7f4:3237:1685:d105:f90e:3220:e8e3/id/DnUFAShZKus.3/itag/95/source/yt_live_broadcast/requiressl/yes/ratebypass/yes/live/1/sgoap/gir%3Dyes%3Bitag%3D140/sgovp/gir%3Dyes%3Bitag%3D136/rqh/1/hls_chunk_host/rr1---sn-b8u-jfck.googlevideo.com/xpc/EgVo2aDSNQ%3D%3D/bui/AUUZDGK27DPctK5edc1uSlecJHDbPg83RymRfqaSOqNLToTZZJzQWZmXbVS81TnO-r_UusUwKKWERUCy/spc/jlWavRUXjyzSZNFa68VrwW0vGyvL_deIJ5zrQ58nY6xS8p3R1Q/vprv/1/reg/0/playlist_type/DVR/initcwndbps/2406250/met/1776273322,/mh/Xm/mm/44/mn/sn-b8u-jfck/ms/lva/mv/m/mvi/1/pl/52/rms/lva,lva/dover/11/pacing/0/keepalive/yes/fexp/51565115,51565682/mt/1776272922/sparams/expire,ei,ip,id,itag,source,requiressl,ratebypass,live,sgoap,sgovp,rqh,xpc,bui,spc,vprv,reg,playlist_type/sig/AHEqNM4wRAIgPEOVaZh9UL8R_SVg3jUmJZVvF-9a3BfLa3tRr-6MYlMCIHQel9lj2GzZZXqoH74Ggir4fdP7cWhtj5z2xjZW4QDn/lsparams/hls_chunk_host,initcwndbps,met,mh,mm,mn,ms,mv,mvi,pl,rms/lsig/APaTxxMwRQIgDNMHLGG27GB7kOcJY46sJtOhXkgjfeJH8z8JuLqvlSkCIQCAKxsnkXto9o2hA8ei0k5t9C5SpeY9oB6Mcam2EmrV0g%3D%3D/playlist/index.m3u8' with error: 'Server returned 403 Forbidden (access denied)' when parsing playlist
[Evidence] Saved evidence/1776294747_180s.jpg (94654 bytes, sha256:d3b020c95ee04...)
[ffmpeg] [https @ 0x749854b9d440] HTTP error 403 Forbidden
[ffmpeg] [hls @ 0x6443898fef80] Failed to reload playlist 0
[ffmpeg] [https @ 0x749854b9d440] HTTP error 403 Forbidden
[ffmpeg] [hls @ 0x6443898fef80] Failed to reload playlist 0
[Reader] ffmpeg process dead, stopping reader
[HEALTHCHECK] No frame for 8.0s — exiting for auto-respawn
[WS] Client disconnected (3 total)
[WS] Client disconnected (3 total)
[2026-04-15 20:15:36] [StreamClient] Error waiting for result: received 1001 (going away); then sent 1001 (going away)
[WS] Client disconnected (2 total)
[WS] Client disconnected (1 total)
[WS] Client disconnected (0 total)
[2026-04-15 20:15:37] [StreamClient] Reconnecting...
[Launcher] Stream server died — restarting in 3s
[Launcher] Stream server restarted: PID 1085316
[Camera] Confidence override: 0.08
[Camera] Peace Bridge — USA/Canada Border (Peace Bridge Authority) — YOUTUBE
[Camera] Line zones: 1 (canonical sv.LineZone, threshold=2)

=======================================================
  SinalBet Live Oracle Server (v4 — Persistent)
  WebSocket: ws://0.0.0.0:9000
  Stream: https://www.youtube.com/watch?v=DnUFAShZKus
  Camera: peace-bridge
  Model: yolo12s.pt
  Mode: persistent (rounds via WS control)
  Target FPS: 8
=======================================================

[yt-dlp] OK: https://manifest.googlevideo.com/api/manifest/hls_playlist/expire/1776316544/ei/...

[Stream] Probing stream...
[Stream] 1280x720 @ 30.0fps
[Stream] ffmpeg spawned (PID 1085542)
[STATE] idle — waiting for round
[Stream] Throttle target: 30.0 fps
[WS] Client connected (1 total)
[WS] Client connected (2 total)
[2026-04-15 20:15:47] [StreamClient] Connected to ws://localhost:9000
[WS] Client connected (3 total)
[WS] Client connected (4 total)
[WS] Client connected (5 total)
[LineZone] (307,432) -> (960,432)
[Counter] Line: (579, 10) -> (701, 710)
[2026-04-15 20:15:59] No round_complete via WS — reading result.json fallback
[2026-04-15 20:15:59] Count complete: 10 vehicles (in=7 out=3)
[2026-04-15 20:16:00] Pool check OK: total=0.0100 ETH, under=0.0050, over=0.0050
[2026-04-15 20:16:00] Market resolved: 10 vehicles → Under 23 wins
[2026-04-15 20:16:01] resolveMarket tx sent: 8579bdf0d74fa42df7584c6f6d2c54399c128ad313bf56488d30a25b391065d4
[2026-04-15 20:16:03] resolveMarket attempt 1/3 failed: resolveMarket reverted — tx: 8579bdf0d74fa42df7584c6f6d2c54399c128ad313bf56488d30a25b391065d4
[Prune] Removed 1 stale IDs (frame 500)
[2026-04-15 20:16:09] resolveMarket tx sent: c93acc2de5a52552637fa6bf11522064cde7a015ab0ae692a46f7f1fab1d5d29
[2026-04-15 20:16:09] resolveMarket attempt 2/3 failed: resolveMarket reverted — tx: c93acc2de5a52552637fa6bf11522064cde7a015ab0ae692a46f7f1fab1d5d29
[Prune] Removed 1 stale IDs (frame 600)
[2026-04-15 20:16:20] resolveMarket tx sent: 1380ea378b4223515db51642d34f4babf81af95240c6aaa0862de4f6e8bf60b8
[2026-04-15 20:16:20] resolveMarket attempt 3/3 failed: resolveMarket reverted — tx: 1380ea378b4223515db51642d34f4babf81af95240c6aaa0862de4f6e8bf60b8
[2026-04-15 20:16:20] All resolveMarket attempts exhausted — market left unresolved
[2026-04-15 20:16:20] Ledger POST failed (non-fatal): HTTP Error 400: Bad Request
[2026-04-15 20:16:20] New threshold: 15 (avg of [20, 10])
[2026-04-15 20:16:20] Waiting 15s before Round #61...
[Prune] Removed 2 stale IDs (frame 900)
[2026-04-15 20:16:35] Round #61 | Peace Bridge — USA/Canada Border | threshold=15
[2026-04-15 20:16:36] Cancelling orphan market: 0x99B517716C62e5e071C0f28399baDE2FB984E731
[WS] Client disconnected (4 total)
connection handler failed
TimeoutError: timed out while closing connection

The above exception was the direct cause of the following exception:

Traceback (most recent call last):
  File "/home/lumen/miniconda3/lib/python3.13/site-packages/websockets/asyncio/server.py", line 376, in conn_handler
    await self.handler(connection)
  File "/home/lumen/.gemini/antigravity/scratch/rush/oracle/stream_server.py", line 1261, in handler
    async for msg in ws:
    ...<37 lines>...
            pass
  File "/home/lumen/miniconda3/lib/python3.13/site-packages/websockets/asyncio/connection.py", line 242, in __aiter__
    yield await self.recv()
          ^^^^^^^^^^^^^^^^^
  File "/home/lumen/miniconda3/lib/python3.13/site-packages/websockets/asyncio/connection.py", line 322, in recv
    raise self.protocol.close_exc from self.recv_exc
websockets.exceptions.ConnectionClosedError: sent 1011 (internal error) keepalive ping timeout; no close frame received
[Prune] Removed 2 stale IDs (frame 1400)
[2026-04-15 20:16:39] Market cancelled: 0x99B517716C62e5e071C0f28399baDE2FB984E731 (tx: faef75d8d915310b6e611363396acb339cdeb2a9c5bb59f128935b3ccf1b1e26)
[2026-04-15 20:16:39] Ably publish OK: market_cancelled
[Prune] Removed 1 stale IDs (frame 1500)
[2026-04-15 20:16:42] Refunds distributed: 0x99B517716C62e5e071C0f28399baDE2FB984E731 (tx: 6a7bfd349f9ef360929670d79181f0ad4d51d5a186eddd0f0244832785af022a)
[2026-04-15 20:16:42] Cancelled 1 orphan market(s)
[2026-04-15 20:16:42] createMarket tx sent: add25b1fc4bd3081ccb7e1916934b7e800603972693d61193e3c1a730f4da107
[2026-04-15 20:16:45] Market created: 0x51Cb9284BA693E7844A7923524611b0dFFc3e465 (tx: add25b1fc4bd3081ccb7e1916934b7e800603972693d61193e3c1a730f4da107)
[2026-04-15 20:16:45] Ably publish OK: market_created
[2026-04-15 20:16:45] Counting vehicles for 150s...
[2026-04-15 20:16:45] [StreamClient] Unexpected response: {'type': 'idle', 'state': 'waiting', 'cameraId': 'peace-bridge'}
[2026-04-15 20:16:45] [StreamClient] Error waiting for result: no close frame received or sent
[2026-04-15 20:16:46] [StreamClient] Reconnecting...
[WS] Client connected (5 total)
[2026-04-15 20:16:46] [StreamClient] Connected to ws://localhost:9000
[Prune] Removed 1 stale IDs (frame 1700)
[Prune] Removed 5 stale IDs (frame 1800)
[Prune] Removed 1 stale IDs (frame 1900)
[Prune] Removed 4 stale IDs (frame 2100)
[Prune] Removed 2 stale IDs (frame 2700)
[Prune] Removed 2 stale IDs (frame 2800)
[Prune] Removed 4 stale IDs (frame 3000)
[Prune] Removed 1 stale IDs (frame 3100)
[WS] Client disconnected (4 total)
connection handler failed
Traceback (most recent call last):
  File "/home/lumen/miniconda3/lib/python3.13/asyncio/selector_events.py", line 1067, in write
    n = self._sock.send(data)
BrokenPipeError: [Errno 32] Broken pipe

The above exception was the direct cause of the following exception:

Traceback (most recent call last):
  File "/home/lumen/miniconda3/lib/python3.13/site-packages/websockets/asyncio/server.py", line 376, in conn_handler
    await self.handler(connection)
  File "/home/lumen/.gemini/antigravity/scratch/rush/oracle/stream_server.py", line 1261, in handler
    async for msg in ws:
    ...<37 lines>...
            pass
  File "/home/lumen/miniconda3/lib/python3.13/site-packages/websockets/asyncio/connection.py", line 242, in __aiter__
    yield await self.recv()
          ^^^^^^^^^^^^^^^^^
  File "/home/lumen/miniconda3/lib/python3.13/site-packages/websockets/asyncio/connection.py", line 322, in recv
    raise self.protocol.close_exc from self.recv_exc
websockets.exceptions.ConnectionClosedError: no close frame received or sent
[WS] Client connected (5 total)
[Prune] Removed 1 stale IDs (frame 3200)
[Prune] Removed 2 stale IDs (frame 3400)
[Prune] Removed 3 stale IDs (frame 3500)
[Prune] Removed 1 stale IDs (frame 3600)
[Prune] Removed 3 stale IDs (frame 3700)
[Prune] Removed 1 stale IDs (frame 3800)
[WS] Client disconnected (3 total)
connection handler failed
Traceback (most recent call last):
  File "/home/lumen/miniconda3/lib/python3.13/asyncio/selector_events.py", line 1067, in write
    n = self._sock.send(data)
BrokenPipeError: [Errno 32] Broken pipe

The above exception was the direct cause of the following exception:

Traceback (most recent call last):
  File "/home/lumen/miniconda3/lib/python3.13/site-packages/websockets/asyncio/server.py", line 376, in conn_handler
    await self.handler(connection)
  File "/home/lumen/.gemini/antigravity/scratch/rush/oracle/stream_server.py", line 1261, in handler
    async for msg in ws:
    ...<37 lines>...
            pass
  File "/home/lumen/miniconda3/lib/python3.13/site-packages/websockets/asyncio/connection.py", line 242, in __aiter__
    yield await self.recv()
          ^^^^^^^^^^^^^^^^^
  File "/home/lumen/miniconda3/lib/python3.13/site-packages/websockets/asyncio/connection.py", line 322, in recv
    raise self.protocol.close_exc from self.recv_exc
websockets.exceptions.ConnectionClosedError: no close frame received or sent
[WS] Client connected (4 total)
[Prune] Removed 3 stale IDs (frame 3900)
[Prune] Removed 3 stale IDs (frame 4000)
[Prune] Removed 1 stale IDs (frame 4100)
[Prune] Removed 1 stale IDs (frame 4200)
[STATE] betting — market=0xaDd8958D... bet=150s count=150s round=62
[LineZone] (307,432) -> (960,432)
[Counter] Line: (579, 10) -> (701, 710)
[Prune] Removed 5 stale IDs (frame 200)
[Prune] Removed 2 stale IDs (frame 300)
[Prune] Removed 3 stale IDs (frame 400)
[Evidence] Saved evidence/1776295105_30s.jpg (104616 bytes, sha256:cb92817d90fca...)
[Evidence] Saved evidence/1776295105_60s.jpg (100549 bytes, sha256:6153af49e75a3...)
[Prune] Removed 1 stale IDs (frame 1800)
[Prune] Removed 3 stale IDs (frame 1900)
[Prune] Removed 7 stale IDs (frame 2000)
[Prune] Removed 10 stale IDs (frame 2100)
[WS] Client disconnected (3 total)
connection handler failed
Traceback (most recent call last):
  File "/home/lumen/miniconda3/lib/python3.13/asyncio/selector_events.py", line 1067, in write
    n = self._sock.send(data)
BrokenPipeError: [Errno 32] Broken pipe

The above exception was the direct cause of the following exception:

Traceback (most recent call last):
  File "/home/lumen/miniconda3/lib/python3.13/site-packages/websockets/asyncio/server.py", line 376, in conn_handler
    await self.handler(connection)
  File "/home/lumen/.gemini/antigravity/scratch/rush/oracle/stream_server.py", line 1261, in handler
    async for msg in ws:
    ...<37 lines>...
            pass
  File "/home/lumen/miniconda3/lib/python3.13/site-packages/websockets/asyncio/connection.py", line 242, in __aiter__
    yield await self.recv()
          ^^^^^^^^^^^^^^^^^
  File "/home/lumen/miniconda3/lib/python3.13/site-packages/websockets/asyncio/connection.py", line 322, in recv
    raise self.protocol.close_exc from self.recv_exc
websockets.exceptions.ConnectionClosedError: no close frame received or sent
[Prune] Removed 3 stale IDs (frame 2200)
[Prune] Removed 1 stale IDs (frame 2400)
[Prune] Removed 11 stale IDs (frame 2500)
[Prune] Removed 11 stale IDs (frame 2600)
[Evidence] Saved evidence/1776295105_90s.jpg (95308 bytes, sha256:6b55ac69fbd38...)
[Prune] Removed 4 stale IDs (frame 2800)
[Prune] Removed 2 stale IDs (frame 2900)
[Prune] Removed 2 stale IDs (frame 3000)
[Prune] Removed 2 stale IDs (frame 3100)
[WS] Client connected (4 total)
[Prune] Removed 5 stale IDs (frame 3200)
[Prune] Removed 5 stale IDs (frame 3300)
[Prune] Removed 2 stale IDs (frame 3500)
[Evidence] Saved evidence/1776295105_120s.jpg (99429 bytes, sha256:2a5b882441ee7...)
[Prune] Removed 2 stale IDs (frame 4100)
[Prune] Removed 7 stale IDs (frame 4200)
[Prune] Removed 9 stale IDs (frame 4300)
[Prune] Removed 4 stale IDs (frame 4400)
[STATE] counting — market=0xaDd8958D... duration=150s round=62
[Evidence] Saved evidence/1776295105_150s.jpg (100700 bytes, sha256:ba75375e13094...)
[Prune] Removed 4 stale IDs (frame 5200)
[Evidence] Saved evidence/1776295105_180s.jpg (101363 bytes, sha256:33713c6aa30f7...)
[Prune] Removed 3 stale IDs (frame 5300)
[Prune] Removed 3 stale IDs (frame 5500)
[WS] Client disconnected (3 total)
connection handler failed
Traceback (most recent call last):
  File "/home/lumen/miniconda3/lib/python3.13/site-packages/websockets/asyncio/server.py", line 376, in conn_handler
    await self.handler(connection)
  File "/home/lumen/.gemini/antigravity/scratch/rush/oracle/stream_server.py", line 1261, in handler
    async for msg in ws:
    ...<37 lines>...
            pass
  File "/home/lumen/miniconda3/lib/python3.13/site-packages/websockets/asyncio/connection.py", line 242, in __aiter__
    yield await self.recv()
          ^^^^^^^^^^^^^^^^^
  File "/home/lumen/miniconda3/lib/python3.13/site-packages/websockets/asyncio/connection.py", line 322, in recv
    raise self.protocol.close_exc from self.recv_exc
websockets.exceptions.ConnectionClosedError: no close frame received or sent
[Prune] Removed 2 stale IDs (frame 6000)
[Prune] Removed 3 stale IDs (frame 6100)
[Evidence] Saved evidence/1776295105_210s.jpg (98056 bytes, sha256:dca4ec403a3ff...)
[WS] Client connected (4 total)
[Prune] Removed 5 stale IDs (frame 6600)
[2026-04-15 20:22:15] No round_complete via WS — reading result.json fallback
[2026-04-15 20:22:15] result.json roundId mismatch: got 60, expected 61
[2026-04-15 20:22:15] Stream/counter error: No result from stream_server — cancelling market
[STATE] idle — round 62 complete: 30 vehicles
[Prune] Removed 7 stale IDs (frame 6800)
[2026-04-15 20:22:18] Market cancelled: 0x51Cb9284BA693E7844A7923524611b0dFFc3e465 (tx: cde1f2d260f67d8f3d8c7757099d8b64213b1e23b0d52d40051c2c6f0d868976)
[2026-04-15 20:22:18] Ably publish OK: market_cancelled
[2026-04-15 20:22:19] Refunds distributed: 0x51Cb9284BA693E7844A7923524611b0dFFc3e465 (tx: 872c1bbca8bc68c8445f87002ee719e799b88e2d67ba7d613d5ead491626a446)
[2026-04-15 20:22:19] Waiting 15s before Round #62...
[Prune] Removed 2 stale IDs (frame 6900)
[Prune] Removed 2 stale IDs (frame 7300)
[2026-04-15 20:22:34] Round #62 | Peace Bridge — USA/Canada Border | threshold=15
[2026-04-15 20:22:35] Cancelling orphan market: 0xaDd8958D25ded92BeB1d950571174080da7DD1D5
[2026-04-15 20:22:36] Market cancelled: 0xaDd8958D25ded92BeB1d950571174080da7DD1D5 (tx: 9d5623f778d1471e5d39fdeb876495711260ae8df5d13883a63043b96d340e68)
[2026-04-15 20:22:36] Ably publish OK: market_cancelled
[Prune] Removed 1 stale IDs (frame 7400)
[2026-04-15 20:22:39] Refunds distributed: 0xaDd8958D25ded92BeB1d950571174080da7DD1D5 (tx: bd9c98a1b394fb05cc74b3fe6fcccb96dcce071cd9d8e5ddd6c117e77ea5ef8d)
[2026-04-15 20:22:39] Cancelled 1 orphan market(s)
[2026-04-15 20:22:39] createMarket tx sent: ffe35fa40ce4027bf18f2388aafa6e03e18d2349a1aad8f72a4cd9a1cf28c599
[2026-04-15 20:22:39] Market created: 0x737c067e5f32802711219D5063E917E5065b3C45 (tx: ffe35fa40ce4027bf18f2388aafa6e03e18d2349a1aad8f72a4cd9a1cf28c599)
[2026-04-15 20:22:40] Ably publish OK: market_created
[2026-04-15 20:22:40] Counting vehicles for 150s...
[2026-04-15 20:22:40] [StreamClient] Unexpected response: {'type': 'round_complete', 'count': 30, 'in_count': 12, 'out_count': 18, 'duration': 150, 'stream': 'https://www.youtube.com/watch?v=DnUFAShZKus', 'timestamp': 1776295335, 'marketAddress': '0xaDd8958D25ded92BeB1d950571174080da7DD1D5', 'roundId': 62, 'evidence': {'frames': ['evidence/1776295105_30s.jpg', 'evidence/1776295105_60s.jpg', 'evidence/1776295105_90s.jpg', 'evidence/1776295105_120s.jpg', 'evidence/1776295105_150s.jpg', 'evidence/1776295105_180s.jpg', 'evidence/1776295105_210s.jpg'], 'final_frame': None, 'frame_hashes': ['sha256:cb92817d90fca33db0505c64203508f0883e7e23aaad4482bc9ab8d7c4376930', 'sha256:6153af49e75a3ade3ce340a994d7029279edbc38e3cc696627accb413bbc99bb', 'sha256:6b55ac69fbd38b26690b17c197887bbe026a957525eb989058d96422fd4a0335', 'sha256:2a5b882441ee7f77fce59abe97925e2da6e21be52a61d7de4c5bdc9fa02b8dab', 'sha256:ba75375e13094f9353f29b99dbea9a7eb754320c43961766bad9bbd215ae2ef6', 'sha256:33713c6aa30f7093d324449f37c58b2022f962917a001f1c04378f61f8365d19', 'sha256:dca4ec403a3fff39762221791f84195df8f6cd6e6a83edeb47c2181f6939b5ad']}}
[STATE] betting — market=0x737c067e... bet=150s count=150s round=62
[LineZone] (307,432) -> (960,432)
[Counter] Line: (579, 10) -> (701, 710)
[WS] Client disconnected (2 total)
connection handler failed
Traceback (most recent call last):
  File "/home/lumen/miniconda3/lib/python3.13/site-packages/websockets/asyncio/server.py", line 376, in conn_handler
    await self.handler(connection)
  File "/home/lumen/.gemini/antigravity/scratch/rush/oracle/stream_server.py", line 1261, in handler
    async for msg in ws:
    ...<37 lines>...
            pass
  File "/home/lumen/miniconda3/lib/python3.13/site-packages/websockets/asyncio/connection.py", line 242, in __aiter__
    yield await self.recv()
          ^^^^^^^^^^^^^^^^^
  File "/home/lumen/miniconda3/lib/python3.13/site-packages/websockets/asyncio/connection.py", line 322, in recv
    raise self.protocol.close_exc from self.recv_exc
websockets.exceptions.ConnectionClosedError: no close frame received or sent
[HEALTHCHECK] No frame for 8.0s — exiting for auto-respawn
[WS] Client disconnected (2 total)
[2026-04-15 20:23:01] [StreamClient] Error waiting for result: received 1001 (going away); then sent 1001 (going away)
[WS] Client disconnected (2 total)
[WS] Client disconnected (1 total)
[WS] Client disconnected (0 total)
[2026-04-15 20:23:02] [StreamClient] Reconnecting...
[Launcher] Stream server died — restarting in 3s
[Launcher] Stream server restarted: PID 1098847
[Camera] Confidence override: 0.08
[Camera] Peace Bridge — USA/Canada Border (Peace Bridge Authority) — YOUTUBE
[Camera] Line zones: 1 (canonical sv.LineZone, threshold=2)

=======================================================
  SinalBet Live Oracle Server (v4 — Persistent)
  WebSocket: ws://0.0.0.0:9000
  Stream: https://www.youtube.com/watch?v=DnUFAShZKus
  Camera: peace-bridge
  Model: yolo12s.pt
  Mode: persistent (rounds via WS control)
  Target FPS: 8
=======================================================

[yt-dlp] Using cached URL (age 445s)

[Stream] Probing stream...
[Stream] 1280x720 @ 30.0fps
[Stream] ffmpeg spawned (PID 1098969)
[STATE] idle — waiting for round
[Stream] Throttle target: 30.0 fps
[WS] Client connected (1 total)
[WS] Client connected (2 total)
[WS] Client connected (3 total)
[WS] Client connected (4 total)
[2026-04-15 20:23:13] [StreamClient] Connected to ws://localhost:9000
[LineZone] (307,432) -> (960,432)
[Counter] Line: (579, 10) -> (701, 710)
[Prune] Removed 2 stale IDs (frame 100)
[Prune] Removed 2 stale IDs (frame 200)
[Prune] Removed 1 stale IDs (frame 300)
[Prune] Removed 2 stale IDs (frame 400)
[Prune] Removed 1 stale IDs (frame 500)
[Prune] Removed 3 stale IDs (frame 600)
[Prune] Removed 11 stale IDs (frame 700)
[Prune] Removed 10 stale IDs (frame 800)
[Prune] Removed 10 stale IDs (frame 900)
[Prune] Removed 18 stale IDs (frame 1000)
[Prune] Removed 7 stale IDs (frame 1100)
[Prune] Removed 7 stale IDs (frame 1200)
[Prune] Removed 7 stale IDs (frame 1300)
[Prune] Removed 4 stale IDs (frame 1400)
[Prune] Removed 3 stale IDs (frame 1500)
[Prune] Removed 3 stale IDs (frame 1600)
[Prune] Removed 2 stale IDs (frame 1700)
[Prune] Removed 3 stale IDs (frame 1800)
[Prune] Removed 4 stale IDs (frame 2200)
[STATE] betting — market=0x5beb3774... bet=150s count=150s round=63
[LineZone] (307,432) -> (960,432)
[Counter] Line: (579, 10) -> (701, 710)
[Prune] Removed 5 stale IDs (frame 200)
[Prune] Removed 2 stale IDs (frame 700)
[Prune] Removed 2 stale IDs (frame 800)
[Evidence] Saved evidence/1776295479_30s.jpg (88465 bytes, sha256:04b6a5c477879...)
[Prune] Removed 7 stale IDs (frame 900)
[Prune] Removed 2 stale IDs (frame 1000)
[Prune] Removed 3 stale IDs (frame 1100)
[Prune] Removed 4 stale IDs (frame 1200)
[Prune] Removed 4 stale IDs (frame 1300)
[Prune] Removed 7 stale IDs (frame 1400)
[Prune] Removed 5 stale IDs (frame 1500)
[Prune] Removed 2 stale IDs (frame 1600)
[Prune] Removed 3 stale IDs (frame 1700)
[Evidence] Saved evidence/1776295479_60s.jpg (90278 bytes, sha256:eddcce2168f9d...)
[Prune] Removed 2 stale IDs (frame 1800)
[Prune] Removed 5 stale IDs (frame 1900)
[Prune] Removed 2 stale IDs (frame 2000)
[Prune] Removed 2 stale IDs (frame 2400)
[Prune] Removed 3 stale IDs (frame 2500)
[Evidence] Saved evidence/1776295479_90s.jpg (100011 bytes, sha256:18489e8f577ef...)
[Prune] Removed 2 stale IDs (frame 2700)
[Prune] Removed 3 stale IDs (frame 2800)
[Prune] Removed 4 stale IDs (frame 3200)
[Prune] Removed 2 stale IDs (frame 3500)
[Evidence] Saved evidence/1776295479_120s.jpg (100660 bytes, sha256:1fc0b8a334bec...)
[Prune] Removed 3 stale IDs (frame 3700)
[Prune] Removed 8 stale IDs (frame 4200)
[STATE] counting — market=0x5beb3774... duration=150s round=63
[Evidence] Saved evidence/1776295479_150s.jpg (98987 bytes, sha256:abc4e7b834335...)
[Prune] Removed 1 stale IDs (frame 4900)
[Prune] Removed 1 stale IDs (frame 5000)
[Prune] Removed 3 stale IDs (frame 5300)
[Evidence] Saved evidence/1776295479_180s.jpg (86736 bytes, sha256:d1500aa8e4f24...)
[Prune] Removed 2 stale IDs (frame 5500)
[Prune] Removed 6 stale IDs (frame 5600)
[Prune] Removed 1 stale IDs (frame 5700)
[Prune] Removed 4 stale IDs (frame 5800)
[Prune] Removed 5 stale IDs (frame 5900)
[Prune] Removed 3 stale IDs (frame 6000)
[Prune] Removed 1 stale IDs (frame 6100)
[Evidence] Saved evidence/1776295479_210s.jpg (84183 bytes, sha256:73ba3ae8d70a4...)
[Prune] Removed 3 stale IDs (frame 6200)
[2026-04-15 20:28:10] No round_complete via WS — reading result.json fallback
[2026-04-15 20:28:10] Count complete: 30 vehicles (in=12 out=18)
[2026-04-15 20:28:11] Pool check OK: total=0.0100 ETH, under=0.0050, over=0.0050
[2026-04-15 20:28:11] Market resolved: 30 vehicles → Over 15 wins
[2026-04-15 20:28:12] resolveMarket tx sent: c59017eb8992f51d34400c6d3ce487723d14895150d091d7c0a95df241f92c01
[2026-04-15 20:28:12] resolveMarket attempt 1/3 failed: resolveMarket reverted — tx: c59017eb8992f51d34400c6d3ce487723d14895150d091d7c0a95df241f92c01
[Prune] Removed 3 stale IDs (frame 6300)
[Prune] Removed 2 stale IDs (frame 6400)
[2026-04-15 20:28:18] resolveMarket tx sent: 506973c47e5e9bb5e08ee5882ef48dc5238e07798e7f2fce4a2d00ba17b08f8e
[2026-04-15 20:28:18] resolveMarket attempt 2/3 failed: resolveMarket reverted — tx: 506973c47e5e9bb5e08ee5882ef48dc5238e07798e7f2fce4a2d00ba17b08f8e
[Prune] Removed 3 stale IDs (frame 6500)
[Prune] Removed 2 stale IDs (frame 6600)
[Prune] Removed 1 stale IDs (frame 6700)
[2026-04-15 20:28:29] resolveMarket tx sent: 89ad539a828b066092a0a75d2b84212c591e93809b22fc264a060edfd54744da
[2026-04-15 20:28:29] resolveMarket attempt 3/3 failed: resolveMarket reverted — tx: 89ad539a828b066092a0a75d2b84212c591e93809b22fc264a060edfd54744da
[2026-04-15 20:28:29] All resolveMarket attempts exhausted — market left unresolved
[2026-04-15 20:28:29] Ledger POST failed (non-fatal): HTTP Error 400: Bad Request
[2026-04-15 20:28:29] New threshold: 20 (avg of [10, 30])
[2026-04-15 20:28:29] Waiting 15s before Round #63...
[Evidence] Saved evidence/1776295479_240s.jpg (91253 bytes, sha256:67cc45f43f992...)
[2026-04-15 20:28:44] Round #63 | Peace Bridge — USA/Canada Border | threshold=20
[2026-04-15 20:28:45] Cancelling orphan market: 0x5beb37742651dF5d0f89330bc624EC9AF7824D55
[2026-04-15 20:28:46] Market cancelled: 0x5beb37742651dF5d0f89330bc624EC9AF7824D55 (tx: 3226d16d0dba3a50ed867a4851f6bfd81960d1ee84f9517c60498cd4434382bf)
[2026-04-15 20:28:46] Ably publish OK: market_cancelled
[Prune] Removed 3 stale IDs (frame 7300)
[2026-04-15 20:28:49] Refunds distributed: 0x5beb37742651dF5d0f89330bc624EC9AF7824D55 (tx: 738cebc4623a5880561ebd11ed6fb2382d265a967c9b8f48e9cd124179515571)
[2026-04-15 20:28:49] Cancelled 1 orphan market(s)
[2026-04-15 20:28:49] createMarket tx sent: c18335f3682edd2abe97b22de9addb3e45fbc2efa35d746f538b12524019b28e
[2026-04-15 20:28:49] Market created: 0xEbA16DD3576CD731bf3EEAE9990aa4b7C9B9FDC6 (tx: c18335f3682edd2abe97b22de9addb3e45fbc2efa35d746f538b12524019b28e)
[2026-04-15 20:28:50] Ably publish OK: market_created
[2026-04-15 20:28:50] Counting vehicles for 150s...
[2026-04-15 20:28:50] [StreamClient] Unexpected response: {'type': 'count', 'state': 'counting', 'count': 20, 'count_in': 7, 'count_out': 13, 'elapsed': 61.3, 'remaining': 88.7, 'marketAddress': '0x5beb37742651dF5d0f89330bc624EC9AF7824D55', 'cameraId': 'peace-bridge', 'roundId': 63}
[STATE] betting — market=0xEbA16DD3... bet=150s count=150s round=63
[LineZone] (307,432) -> (960,432)
[Counter] Line: (579, 10) -> (701, 710)
[Prune] Removed 2 stale IDs (frame 200)
[Prune] Removed 3 stale IDs (frame 500)
[Evidence] Saved evidence/1776295730_30s.jpg (96937 bytes, sha256:e3438f2fe738c...)
[Prune] Removed 3 stale IDs (frame 900)
[Prune] Removed 1 stale IDs (frame 1400)
[Prune] Removed 1 stale IDs (frame 1500)
[Prune] Removed 1 stale IDs (frame 1600)
[Prune] Removed 1 stale IDs (frame 1700)
[Evidence] Saved evidence/1776295730_60s.jpg (83068 bytes, sha256:0a2dfb0616ea1...)
[Prune] Removed 5 stale IDs (frame 1800)
[Prune] Removed 2 stale IDs (frame 1900)
[Prune] Removed 7 stale IDs (frame 2000)
[Prune] Removed 2 stale IDs (frame 2100)
[Prune] Removed 2 stale IDs (frame 2200)
[STATE] idle — round 63 complete: 4 vehicles
[Prune] Removed 1 stale IDs (frame 2600)
[Prune] Removed 1 stale IDs (frame 2700)
[Prune] Removed 1 stale IDs (frame 2800)
[Prune] Removed 2 stale IDs (frame 2900)
[STATE] betting — market=0x797b125C... bet=150s count=150s round=64
[LineZone] (307,432) -> (960,432)
[Counter] Line: (579, 10) -> (701, 710)
[Prune] Removed 5 stale IDs (frame 200)
[Prune] Removed 3 stale IDs (frame 300)
[Evidence] Saved evidence/1776295834_30s.jpg (92428 bytes, sha256:a955b4f6bd13f...)
[Prune] Removed 1 stale IDs (frame 1300)
[Prune] Removed 4 stale IDs (frame 1400)
[Prune] Removed 13 stale IDs (frame 1500)
[Prune] Removed 6 stale IDs (frame 1600)
[Prune] Removed 4 stale IDs (frame 1700)
[Evidence] Saved evidence/1776295834_60s.jpg (85883 bytes, sha256:3a42aa0ce0b99...)
[Prune] Removed 3 stale IDs (frame 1900)
[Prune] Removed 3 stale IDs (frame 2000)
[Prune] Removed 6 stale IDs (frame 2100)
[Prune] Removed 1 stale IDs (frame 2200)
[Prune] Removed 3 stale IDs (frame 2300)
[Prune] Removed 6 stale IDs (frame 2400)
[Prune] Removed 4 stale IDs (frame 2500)
[Evidence] Saved evidence/1776295834_90s.jpg (97974 bytes, sha256:d8cb6b1854d96...)
[Prune] Removed 2 stale IDs (frame 2800)
[Prune] Removed 2 stale IDs (frame 2900)
[Prune] Removed 1 stale IDs (frame 3100)
[Prune] Removed 2 stale IDs (frame 3200)
[Prune] Removed 2 stale IDs (frame 3300)
[Evidence] Saved evidence/1776295834_120s.jpg (89060 bytes, sha256:4dcf3bd1115ab...)
[Prune] Removed 1 stale IDs (frame 3500)
[Prune] Removed 2 stale IDs (frame 3600)
[Prune] Removed 4 stale IDs (frame 3700)
[Prune] Removed 1 stale IDs (frame 3900)
[Prune] Removed 1 stale IDs (frame 4000)
[Prune] Removed 1 stale IDs (frame 4100)
[Prune] Removed 2 stale IDs (frame 4200)
[Prune] Removed 4 stale IDs (frame 4300)
[STATE] counting — market=0x797b125C... duration=150s round=64
[Evidence] Saved evidence/1776295834_150s.jpg (92030 bytes, sha256:7d8ae1af4209d...)
[Prune] Removed 1 stale IDs (frame 4400)
[Prune] Removed 2 stale IDs (frame 4500)
[Prune] Removed 1 stale IDs (frame 4600)
[Prune] Removed 1 stale IDs (frame 4800)
[Prune] Removed 1 stale IDs (frame 5000)
[Prune] Removed 6 stale IDs (frame 5100)
[Evidence] Saved evidence/1776295834_180s.jpg (89974 bytes, sha256:10d1947f78088...)
[Prune] Removed 1 stale IDs (frame 5200)
[Prune] Removed 4 stale IDs (frame 5300)
[Prune] Removed 2 stale IDs (frame 5500)
[Prune] Removed 1 stale IDs (frame 5600)
[Prune] Removed 5 stale IDs (frame 5700)
[Evidence] Saved evidence/1776295834_210s.jpg (95781 bytes, sha256:fdb1ada6b0427...)
[Prune] Removed 2 stale IDs (frame 6300)
[Prune] Removed 1 stale IDs (frame 6400)
[2026-04-15 20:34:20] No round_complete via WS — reading result.json fallback
[2026-04-15 20:34:20] Count complete: 4 vehicles (in=3 out=1)
[Prune] Removed 5 stale IDs (frame 6500)
[2026-04-15 20:34:22] Pool check OK: total=0.0100 ETH, under=0.0050, over=0.0050
[2026-04-15 20:34:22] Market resolved: 4 vehicles → Under 20 wins
[WS] Client connected (2 total)
[2026-04-15 20:34:22] resolveMarket tx sent: 1f3f18b5e898f19a0d3c2e94eee7f43a8c897c749319af75696cdcd75dfd7954
[Prune] Removed 4 stale IDs (frame 6600)
[2026-04-15 20:34:24] resolveMarket attempt 1/3 failed: resolveMarket reverted — tx: 1f3f18b5e898f19a0d3c2e94eee7f43a8c897c749319af75696cdcd75dfd7954
[WS] Client connected (3 total)
[WS] Client disconnected (2 total)
connection handler failed
Traceback (most recent call last):
  File "/home/lumen/miniconda3/lib/python3.13/asyncio/selector_events.py", line 1067, in write
    n = self._sock.send(data)
BrokenPipeError: [Errno 32] Broken pipe

The above exception was the direct cause of the following exception:

Traceback (most recent call last):
  File "/home/lumen/miniconda3/lib/python3.13/site-packages/websockets/asyncio/server.py", line 376, in conn_handler
    await self.handler(connection)
  File "/home/lumen/.gemini/antigravity/scratch/rush/oracle/stream_server.py", line 1261, in handler
    async for msg in ws:
    ...<37 lines>...
            pass
  File "/home/lumen/miniconda3/lib/python3.13/site-packages/websockets/asyncio/connection.py", line 242, in __aiter__
    yield await self.recv()
          ^^^^^^^^^^^^^^^^^
  File "/home/lumen/miniconda3/lib/python3.13/site-packages/websockets/asyncio/connection.py", line 322, in recv
    raise self.protocol.close_exc from self.recv_exc
websockets.exceptions.ConnectionClosedError: no close frame received or sent
[2026-04-15 20:34:30] resolveMarket tx sent: dcb533ab2aef86c31ba6f95df732677967cd43647bcf91efc4b845eba8ace315
[2026-04-15 20:34:30] resolveMarket attempt 2/3 failed: resolveMarket reverted — tx: dcb533ab2aef86c31ba6f95df732677967cd43647bcf91efc4b845eba8ace315
[WS] Client disconnected (1 total)
[Evidence] Saved evidence/1776295834_240s.jpg (92087 bytes, sha256:9abe461cb052d...)
[Prune] Removed 3 stale IDs (frame 6900)
[Prune] Removed 1 stale IDs (frame 7000)
[2026-04-15 20:34:41] resolveMarket tx sent: c0ac3112fdbbc2336a9d5adc1093e537138a4847ddd7c7a47c7c3178cc0094a1
[2026-04-15 20:34:41] resolveMarket attempt 3/3 failed: resolveMarket reverted — tx: c0ac3112fdbbc2336a9d5adc1093e537138a4847ddd7c7a47c7c3178cc0094a1
[2026-04-15 20:34:41] All resolveMarket attempts exhausted — market left unresolved
[2026-04-15 20:34:41] Ledger POST failed (non-fatal): HTTP Error 400: Bad Request
[2026-04-15 20:34:41] New threshold: 17 (avg of [30, 4])
[2026-04-15 20:34:41] Waiting 15s before Round #64...
[Prune] Removed 3 stale IDs (frame 7400)
[Prune] Removed 5 stale IDs (frame 7500)
[2026-04-15 20:34:56] Round #64 | Peace Bridge — USA/Canada Border | threshold=17
[2026-04-15 20:34:57] Cancelling orphan market: 0x797b125C3C5F80351c26c4406Ff81469FDdFfBc6
[2026-04-15 20:34:58] Market cancelled: 0x797b125C3C5F80351c26c4406Ff81469FDdFfBc6 (tx: efc7b674b172fad6ee72c600724fe6bd68783da6f0726ea496c9e642b933211d)
[2026-04-15 20:34:58] Ably publish OK: market_cancelled
[Prune] Removed 6 stale IDs (frame 7600)
[2026-04-15 20:35:01] Refunds distributed: 0x797b125C3C5F80351c26c4406Ff81469FDdFfBc6 (tx: dc3dbaf489e50a5e79402b82a4c4aa587c79fd9e4389a71cbd91bf65aeacc2ca)
[2026-04-15 20:35:01] Cancelled 1 orphan market(s)
[2026-04-15 20:35:01] createMarket tx sent: 8083722a519eb9914ac3003159b3914acfba4a58da701672a905ef03092c8932
[2026-04-15 20:35:02] Market created: 0xF3D51B914D5D4aa187b6A2915f5B99f4480D120D (tx: 8083722a519eb9914ac3003159b3914acfba4a58da701672a905ef03092c8932)
[2026-04-15 20:35:02] Ably publish OK: market_created
[2026-04-15 20:35:02] Counting vehicles for 150s...
[STATE] betting — market=0xF3D51B91... bet=150s count=150s round=64
[LineZone] (307,432) -> (960,432)
[Counter] Line: (579, 10) -> (701, 710)
[2026-04-15 20:35:02] [StreamClient] Round 64 started on stream_server
[Prune] Removed 1 stale IDs (frame 400)
[Prune] Removed 1 stale IDs (frame 500)
[Prune] Removed 3 stale IDs (frame 600)
[Prune] Removed 1 stale IDs (frame 700)
[Prune] Removed 1 stale IDs (frame 800)
[Evidence] Saved evidence/1776296102_30s.jpg (95638 bytes, sha256:3d7454fd129dc...)
[Prune] Removed 2 stale IDs (frame 900)
[Evidence] Saved evidence/1776296102_60s.jpg (84439 bytes, sha256:fce6411f60532...)
[STATE] idle — round 64 complete: 4 vehicles
[Prune] Removed 3 stale IDs (frame 1800)
[Prune] Removed 2 stale IDs (frame 1900)
[Prune] Removed 1 stale IDs (frame 2100)
[Prune] Removed 1 stale IDs (frame 2200)
[Prune] Removed 5 stale IDs (frame 2300)
[Prune] Removed 3 stale IDs (frame 2400)
[STATE] betting — market=0xf108C107... bet=150s count=150s round=65
[LineZone] (307,432) -> (960,432)
[Counter] Line: (579, 10) -> (701, 710)
[Prune] Removed 1 stale IDs (frame 800)
[Evidence] Saved evidence/1776296191_30s.jpg (85038 bytes, sha256:3fb1ef9057625...)
[Prune] Removed 5 stale IDs (frame 900)
[Prune] Removed 6 stale IDs (frame 1000)
[Prune] Removed 3 stale IDs (frame 1100)
[Prune] Removed 5 stale IDs (frame 1200)
[Prune] Removed 6 stale IDs (frame 1300)
[Prune] Removed 4 stale IDs (frame 1400)
[Prune] Removed 18 stale IDs (frame 1500)
[Prune] Removed 6 stale IDs (frame 1600)
[Prune] Removed 9 stale IDs (frame 1700)
[Evidence] Saved evidence/1776296191_60s.jpg (87849 bytes, sha256:72561281b0304...)
[Prune] Removed 1 stale IDs (frame 1800)
[Prune] Removed 3 stale IDs (frame 1900)
[Prune] Removed 4 stale IDs (frame 2000)
[Prune] Removed 4 stale IDs (frame 2100)
[Prune] Removed 8 stale IDs (frame 2200)
[Prune] Removed 11 stale IDs (frame 2300)
[Prune] Removed 10 stale IDs (frame 2400)
[Prune] Removed 9 stale IDs (frame 2500)
[Prune] Removed 12 stale IDs (frame 2600)
[Evidence] Saved evidence/1776296191_90s.jpg (102674 bytes, sha256:c2dd05fa62a7c...)
[Prune] Removed 13 stale IDs (frame 2700)
[Prune] Removed 5 stale IDs (frame 2800)
[Prune] Removed 6 stale IDs (frame 2900)
[Prune] Removed 9 stale IDs (frame 3000)
[Prune] Removed 4 stale IDs (frame 3100)
[Prune] Removed 4 stale IDs (frame 3200)
[Prune] Removed 1 stale IDs (frame 3300)
[Prune] Removed 1 stale IDs (frame 3400)
[Evidence] Saved evidence/1776296191_120s.jpg (101558 bytes, sha256:5e718be1759cf...)
[Prune] Removed 3 stale IDs (frame 3600)
[Prune] Removed 2 stale IDs (frame 3900)
[Prune] Removed 1 stale IDs (frame 4000)
[Prune] Removed 1 stale IDs (frame 4300)
[STATE] counting — market=0xf108C107... duration=150s round=65
[Evidence] Saved evidence/1776296191_150s.jpg (112823 bytes, sha256:51b7f791916cf...)
[Prune] Removed 1 stale IDs (frame 4400)
[Prune] Removed 3 stale IDs (frame 4900)
[Prune] Removed 8 stale IDs (frame 5000)
[Prune] Removed 4 stale IDs (frame 5100)
[Prune] Removed 1 stale IDs (frame 5200)
[Evidence] Saved evidence/1776296191_180s.jpg (109871 bytes, sha256:1360a277a6d90...)
[Prune] Removed 7 stale IDs (frame 5300)
[Prune] Removed 2 stale IDs (frame 5400)
[Prune] Removed 1 stale IDs (frame 5700)
[Prune] Removed 1 stale IDs (frame 5800)
[Prune] Removed 1 stale IDs (frame 5900)
[Prune] Removed 4 stale IDs (frame 6000)
[Prune] Removed 7 stale IDs (frame 6100)
[Evidence] Saved evidence/1776296191_210s.jpg (110297 bytes, sha256:e1f18e2ad9eea...)
[Prune] Removed 2 stale IDs (frame 6200)
[Prune] Removed 2 stale IDs (frame 6300)
[Prune] Removed 6 stale IDs (frame 6400)
[Prune] Removed 1 stale IDs (frame 6500)
[Prune] Removed 2 stale IDs (frame 6600)
[Prune] Removed 2 stale IDs (frame 6700)
[Prune] Removed 4 stale IDs (frame 6800)
[Evidence] Saved evidence/1776296191_240s.jpg (109371 bytes, sha256:75d12db025c4a...)
[2026-04-15 20:40:32] No round_complete via WS — reading result.json fallback
[2026-04-15 20:40:32] Count complete: 4 vehicles (in=1 out=3)
[2026-04-15 20:40:34] Pool check OK: total=0.0100 ETH, under=0.0050, over=0.0050
[2026-04-15 20:40:34] Market resolved: 4 vehicles → Under 17 wins
[2026-04-15 20:40:34] resolveMarket tx sent: 8e38fa85bc79f9e0bbe90486dfa0cc9195c40d607fce37af69a0237b3f7bc8a5
[2026-04-15 20:40:37] resolveMarket attempt 1/3 failed: resolveMarket reverted — tx: 8e38fa85bc79f9e0bbe90486dfa0cc9195c40d607fce37af69a0237b3f7bc8a5
[2026-04-15 20:40:42] resolveMarket tx sent: 88fed86d14c17e91553c782e59dc122e41d28ade0457416df481b20531acf02b
[2026-04-15 20:40:45] resolveMarket attempt 2/3 failed: resolveMarket reverted — tx: 88fed86d14c17e91553c782e59dc122e41d28ade0457416df481b20531acf02b
[Prune] Removed 2 stale IDs (frame 7700)
[2026-04-15 20:40:55] resolveMarket tx sent: 65daa173f6c717faca76755b710e38a94bce29f7e4ae1517dfd2cf4e55870d1f
[2026-04-15 20:40:55] resolveMarket attempt 3/3 failed: resolveMarket reverted — tx: 65daa173f6c717faca76755b710e38a94bce29f7e4ae1517dfd2cf4e55870d1f
[2026-04-15 20:40:55] All resolveMarket attempts exhausted — market left unresolved
[2026-04-15 20:40:56] Ledger POST failed (non-fatal): HTTP Error 400: Bad Request
[2026-04-15 20:40:56] New threshold: 4 (avg of [4, 4])
[2026-04-15 20:40:56] Waiting 15s before Round #65...
[Prune] Removed 3 stale IDs (frame 7800)
[Evidence] Saved evidence/1776296191_270s.jpg (103388 bytes, sha256:bc23bb4d5b955...)
[Prune] Removed 2 stale IDs (frame 8000)
[2026-04-15 20:41:11] Round #65 | Peace Bridge — USA/Canada Border | threshold=4
[2026-04-15 20:41:11] Cancelling orphan market: 0xf108C1071EF4A586c443EaF63eb4f8dFc23f6752
[2026-04-15 20:41:12] Market cancelled: 0xf108C1071EF4A586c443EaF63eb4f8dFc23f6752 (tx: e9a1da604b1ec29fcc119a7a2bdd7a3fc46277b515d329178633bdb6eb8b37f4)
[Prune] Removed 1 stale IDs (frame 8200)
[2026-04-15 20:41:12] Ably publish OK: market_cancelled
[2026-04-15 20:41:15] Refunds distributed: 0xf108C1071EF4A586c443EaF63eb4f8dFc23f6752 (tx: ef73ec22b1b1ef506f4037787787e09fb6bec363afbec9517708bd3fbedbc5c4)
[2026-04-15 20:41:15] Cancelled 1 orphan market(s)
[2026-04-15 20:41:16] createMarket tx sent: 053880141329bba3d735ba57a09b665ab7edeec507be489f602ef0bb761b4418
[2026-04-15 20:41:16] Market created: 0x192aF81e4ec550a59650789Fb00a48728e5007d0 (tx: 053880141329bba3d735ba57a09b665ab7edeec507be489f602ef0bb761b4418)
[2026-04-15 20:41:16] Ably publish OK: market_created
[2026-04-15 20:41:16] Counting vehicles for 150s...
[STATE] betting — market=0x192aF81e... bet=150s count=150s round=65
[LineZone] (307,432) -> (960,432)
[Counter] Line: (579, 10) -> (701, 710)
[2026-04-15 20:41:17] [StreamClient] Round 65 started on stream_server
[Prune] Removed 1 stale IDs (frame 300)
[Prune] Removed 3 stale IDs (frame 800)
[Evidence] Saved evidence/1776296477_30s.jpg (97506 bytes, sha256:e28faec1f6ae2...)
[Prune] Removed 2 stale IDs (frame 1200)
[STATE] idle — round 65 complete: 0 vehicles
[STATE] betting — market=0x848B5DF6... bet=150s count=150s round=66
[LineZone] (307,432) -> (960,432)
[Counter] Line: (579, 10) -> (701, 710)
[Prune] Removed 3 stale IDs (frame 200)
[Prune] Removed 1 stale IDs (frame 300)
[Prune] Removed 1 stale IDs (frame 400)
[Prune] Removed 2 stale IDs (frame 500)
[Prune] Removed 1 stale IDs (frame 600)
[Evidence] Saved evidence/1776296542_30s.jpg (95617 bytes, sha256:a604973a3dc6c...)
[Prune] Removed 2 stale IDs (frame 1000)
[Prune] Removed 6 stale IDs (frame 1100)
[Evidence] Saved evidence/1776296542_60s.jpg (104401 bytes, sha256:c02b85379b21e...)
[Prune] Removed 3 stale IDs (frame 1900)
[Prune] Removed 6 stale IDs (frame 2000)
[Prune] Removed 1 stale IDs (frame 2100)
[Prune] Removed 3 stale IDs (frame 2500)
[Evidence] Saved evidence/1776296542_90s.jpg (91338 bytes, sha256:e1dfaaac70b10...)
[Prune] Removed 1 stale IDs (frame 3000)
[Prune] Removed 3 stale IDs (frame 3100)
[Prune] Removed 3 stale IDs (frame 3300)
[Evidence] Saved evidence/1776296542_120s.jpg (93073 bytes, sha256:ce9120d2af10f...)
[Prune] Removed 2 stale IDs (frame 3900)
[Prune] Removed 3 stale IDs (frame 4000)
[WS] Client connected (2 total)
[Prune] Removed 2 stale IDs (frame 4100)
[WS] Client connected (3 total)
[WS] Client disconnected (1 total)
[Prune] Removed 2 stale IDs (frame 4300)
[STATE] counting — market=0x848B5DF6... duration=150s round=66
[Evidence] Saved evidence/1776296542_150s.jpg (89407 bytes, sha256:1e20de64b2142...)
[WS] Client disconnected (1 total)
[Prune] Removed 4 stale IDs (frame 4600)
[Prune] Removed 5 stale IDs (frame 4700)
[Prune] Removed 1 stale IDs (frame 4900)
[Prune] Removed 2 stale IDs (frame 5000)
[Prune] Removed 1 stale IDs (frame 5100)
[Evidence] Saved evidence/1776296542_180s.jpg (79122 bytes, sha256:403105e21d6b0...)
[Prune] Removed 5 stale IDs (frame 5400)
[Prune] Removed 3 stale IDs (frame 5500)
[Prune] Removed 3 stale IDs (frame 5600)
[Prune] Removed 4 stale IDs (frame 5800)
[Prune] Removed 2 stale IDs (frame 5900)
[Evidence] Saved evidence/1776296542_210s.jpg (87022 bytes, sha256:5988ab14660e5...)
[Prune] Removed 2 stale IDs (frame 6100)
[Prune] Removed 2 stale IDs (frame 6300)
[Prune] Removed 3 stale IDs (frame 6400)
[Prune] Removed 3 stale IDs (frame 6500)
[Prune] Removed 6 stale IDs (frame 6600)
[Prune] Removed 1 stale IDs (frame 6700)
[Prune] Removed 1 stale IDs (frame 6800)
[Prune] Removed 3 stale IDs (frame 6900)
[Evidence] Saved evidence/1776296542_240s.jpg (84641 bytes, sha256:4c233e3d08796...)
[Prune] Removed 2 stale IDs (frame 7000)
[Prune] Removed 1 stale IDs (frame 7100)
[Prune] Removed 2 stale IDs (frame 7500)
[Prune] Removed 1 stale IDs (frame 7600)
[2026-04-15 20:46:47] No round_complete via WS — reading result.json fallback
[2026-04-15 20:46:47] Count complete: 0 vehicles (in=0 out=0)
[2026-04-15 20:46:48] Pool check OK: total=0.0100 ETH, under=0.0050, over=0.0050
[2026-04-15 20:46:48] Market resolved: 0 vehicles → Under 4 wins
[Prune] Removed 5 stale IDs (frame 7700)
[2026-04-15 20:46:49] resolveMarket tx sent: b52080a25ecfb502715f8222f7e126fc6b2e8af2482b57023759811dd1b1f94b
[2026-04-15 20:46:49] resolveMarket attempt 1/3 failed: resolveMarket reverted — tx: b52080a25ecfb502715f8222f7e126fc6b2e8af2482b57023759811dd1b1f94b
[Prune] Removed 1 stale IDs (frame 7800)
[Evidence] Saved evidence/1776296542_270s.jpg (89673 bytes, sha256:10ec75337b95e...)
[2026-04-15 20:46:54] resolveMarket tx sent: 19879355a918ac11250c44be2c91f2f31b1ffe358c259fa4db357b2d66c826ba
[2026-04-15 20:46:57] resolveMarket attempt 2/3 failed: resolveMarket reverted — tx: 19879355a918ac11250c44be2c91f2f31b1ffe358c259fa4db357b2d66c826ba
[Prune] Removed 2 stale IDs (frame 8100)
[Prune] Removed 3 stale IDs (frame 8200)
[2026-04-15 20:47:07] resolveMarket tx sent: 57af59d6ab3473066e682d9c1250f29636a918aa24fb2c2a8e49c2bc402857f5
[2026-04-15 20:47:10] resolveMarket attempt 3/3 failed: resolveMarket reverted — tx: 57af59d6ab3473066e682d9c1250f29636a918aa24fb2c2a8e49c2bc402857f5
[2026-04-15 20:47:10] All resolveMarket attempts exhausted — market left unresolved
[2026-04-15 20:47:10] Ledger POST failed (non-fatal): HTTP Error 400: Bad Request
[2026-04-15 20:47:10] New threshold: 2 (avg of [4, 0])
[2026-04-15 20:47:10] Waiting 15s before Round #66...
[Evidence] Saved evidence/1776296542_final.jpg (84322 bytes, sha256:e33f8473adcf8...)
[Evidence] Saved evidence/1776296542_final.jpg (84292 bytes, sha256:2c613d158574b...)
[Evidence] Saved evidence/1776296542_final.jpg (84582 bytes, sha256:6b11408725420...)
[Evidence] Saved evidence/1776296542_final.jpg (84922 bytes, sha256:7f07be74b7ba8...)
[STATE] idle — round 66 complete: 11 vehicles
[Prune] Removed 2 stale IDs (frame 8700)
[2026-04-15 20:47:25] Round #66 | Peace Bridge — USA/Canada Border | threshold=2
[2026-04-15 20:47:25] Cancelling orphan market: 0x848B5DF657719479FB1dc412ECc9473F385c1e2e
[2026-04-15 20:47:28] Market cancelled: 0x848B5DF657719479FB1dc412ECc9473F385c1e2e (tx: 42a39dd9d31ec2b6f14b878ed680e50d240958f39259f5eb85b8c6c6ff927816)
[2026-04-15 20:47:28] Ably publish OK: market_cancelled
[2026-04-15 20:47:31] Refunds distributed: 0x848B5DF657719479FB1dc412ECc9473F385c1e2e (tx: 73a06e3c22e33e6ec6e7994addd6c527ac85ed90a8eec3c510c90683a7202b0f)
[2026-04-15 20:47:31] Cancelled 1 orphan market(s)
[2026-04-15 20:47:32] createMarket tx sent: 582612534ec5178f2e091213d46e2e4550cd677ffc10ec4650830a62fba60bbb
[Prune] Removed 1 stale IDs (frame 9000)
[2026-04-15 20:47:34] Market created: 0x5F4831f13230AA1c6A025f7114D4Ae65fca21C8A (tx: 582612534ec5178f2e091213d46e2e4550cd677ffc10ec4650830a62fba60bbb)
[2026-04-15 20:47:35] Ably publish OK: market_created
[2026-04-15 20:47:35] Counting vehicles for 150s...
[STATE] betting — market=0x5F4831f1... bet=150s count=150s round=66
[LineZone] (307,432) -> (960,432)
[Counter] Line: (579, 10) -> (701, 710)
[2026-04-15 20:47:35] [StreamClient] Round 66 started on stream_server
[Prune] Removed 1 stale IDs (frame 300)
[Prune] Removed 2 stale IDs (frame 600)
[WS] Client connected (2 total)
[Prune] Removed 6 stale IDs (frame 700)
[Prune] Removed 3 stale IDs (frame 800)
[Evidence] Saved evidence/1776296855_30s.jpg (88934 bytes, sha256:ae7144f8fc456...)
[Prune] Removed 4 stale IDs (frame 900)
[Prune] Removed 3 stale IDs (frame 1000)
[Prune] Removed 4 stale IDs (frame 1100)
[WS] Client disconnected (1 total)
connection handler failed
Traceback (most recent call last):
  File "/home/lumen/miniconda3/lib/python3.13/asyncio/selector_events.py", line 1005, in _read_ready__data_received
    data = self._sock.recv(self.max_size)
ConnectionResetError: [Errno 104] Connection reset by peer

The above exception was the direct cause of the following exception:

Traceback (most recent call last):
  File "/home/lumen/miniconda3/lib/python3.13/site-packages/websockets/asyncio/server.py", line 376, in conn_handler
    await self.handler(connection)
  File "/home/lumen/.gemini/antigravity/scratch/rush/oracle/stream_server.py", line 1261, in handler
    async for msg in ws:
    ...<37 lines>...
            pass
  File "/home/lumen/miniconda3/lib/python3.13/site-packages/websockets/asyncio/connection.py", line 242, in __aiter__
    yield await self.recv()
          ^^^^^^^^^^^^^^^^^
  File "/home/lumen/miniconda3/lib/python3.13/site-packages/websockets/asyncio/connection.py", line 322, in recv
    raise self.protocol.close_exc from self.recv_exc
websockets.exceptions.ConnectionClosedError: no close frame received or sent
[WS] Client connected (2 total)
[Prune] Removed 5 stale IDs (frame 1200)
[Prune] Removed 4 stale IDs (frame 1300)
[STATE] betting — market=0xE37D6AF8... bet=150s count=150s round=67
[LineZone] (307,432) -> (960,432)
[Counter] Line: (579, 10) -> (701, 710)
[Prune] Removed 3 stale IDs (frame 200)
[Prune] Removed 6 stale IDs (frame 300)
[Prune] Removed 6 stale IDs (frame 400)
[Prune] Removed 1 stale IDs (frame 500)
[Prune] Removed 4 stale IDs (frame 600)
[Prune] Removed 1 stale IDs (frame 700)
[Prune] Removed 2 stale IDs (frame 800)
[Evidence] Saved evidence/1776296912_30s.jpg (80316 bytes, sha256:362c41d0c83d0...)
[Prune] Removed 1 stale IDs (frame 900)
[Prune] Removed 1 stale IDs (frame 1000)
[Prune] Removed 4 stale IDs (frame 1200)
[Prune] Removed 1 stale IDs (frame 1300)
[Prune] Removed 2 stale IDs (frame 1500)
[Prune] Removed 1 stale IDs (frame 1700)
[Evidence] Saved evidence/1776296912_60s.jpg (94176 bytes, sha256:5dce872e795b0...)
[Prune] Removed 4 stale IDs (frame 1800)
[Prune] Removed 2 stale IDs (frame 2000)
[Prune] Removed 6 stale IDs (frame 2100)
[Prune] Removed 2 stale IDs (frame 2200)
[Prune] Removed 1 stale IDs (frame 2300)
[Prune] Removed 1 stale IDs (frame 2400)
[Prune] Removed 6 stale IDs (frame 2600)
[Evidence] Saved evidence/1776296912_90s.jpg (86754 bytes, sha256:ef364532a3b3d...)
[Prune] Removed 1 stale IDs (frame 2700)
[Prune] Removed 3 stale IDs (frame 2800)
[Prune] Removed 3 stale IDs (frame 2900)
[Prune] Removed 1 stale IDs (frame 3100)
[Evidence] Saved evidence/1776296912_120s.jpg (90834 bytes, sha256:4e4053619e6de...)
[WS] Client disconnected (1 total)
[Prune] Removed 1 stale IDs (frame 3900)
[Prune] Removed 1 stale IDs (frame 4000)
[Prune] Removed 1 stale IDs (frame 4100)
[Prune] Removed 2 stale IDs (frame 4200)
[STATE] counting — market=0xE37D6AF8... duration=150s round=67
[Evidence] Saved evidence/1776296912_150s.jpg (92709 bytes, sha256:432a04547a3b5...)
[Prune] Removed 2 stale IDs (frame 4400)
[Prune] Removed 4 stale IDs (frame 4500)
[Prune] Removed 2 stale IDs (frame 4600)
[Prune] Removed 3 stale IDs (frame 4700)
[Prune] Removed 2 stale IDs (frame 4800)
[Prune] Removed 4 stale IDs (frame 4900)
[Prune] Removed 1 stale IDs (frame 5000)
[Prune] Removed 1 stale IDs (frame 5100)
[Prune] Removed 3 stale IDs (frame 5200)
[Evidence] Saved evidence/1776296912_180s.jpg (97373 bytes, sha256:690cda1774f94...)
[Prune] Removed 2 stale IDs (frame 5600)
[Prune] Removed 6 stale IDs (frame 5700)
[Prune] Removed 2 stale IDs (frame 5800)
[Prune] Removed 3 stale IDs (frame 5900)
[Prune] Removed 8 stale IDs (frame 6000)
[Prune] Removed 2 stale IDs (frame 6100)
[Evidence] Saved evidence/1776296912_210s.jpg (105994 bytes, sha256:f2e404fa9a0d1...)
[Prune] Removed 1 stale IDs (frame 6200)
[Prune] Removed 1 stale IDs (frame 6500)
[Prune] Removed 2 stale IDs (frame 6700)
[Evidence] Saved evidence/1776296912_240s.jpg (106282 bytes, sha256:041da0a7661a8...)
[Prune] Removed 2 stale IDs (frame 7200)
[Prune] Removed 1 stale IDs (frame 7300)
[Prune] Removed 1 stale IDs (frame 7700)
[Evidence] Saved evidence/1776296912_270s.jpg (96465 bytes, sha256:2ad2f07f0998f...)
[2026-04-15 20:53:05] No round_complete via WS — reading result.json fallback
[2026-04-15 20:53:05] Count complete: 11 vehicles (in=6 out=5)
[2026-04-15 20:53:06] Pool check OK: total=0.0100 ETH, under=0.0050, over=0.0050
[2026-04-15 20:53:06] Market resolved: 11 vehicles → Over 2 wins
[Prune] Removed 4 stale IDs (frame 8000)
[2026-04-15 20:53:07] resolveMarket tx sent: 3afc177bd827561bcdd491e14c25bf006956bb367ea90924730aaf948634389d
[2026-04-15 20:53:07] resolveMarket attempt 1/3 failed: resolveMarket reverted — tx: 3afc177bd827561bcdd491e14c25bf006956bb367ea90924730aaf948634389d
[Prune] Removed 2 stale IDs (frame 8100)
[2026-04-15 20:53:13] resolveMarket tx sent: 6dbdc25e87d6d27bcac69d07316afa3c3cea4f3c2acd71f3eac674df3d1fa15e
[Prune] Removed 1 stale IDs (frame 8200)
[2026-04-15 20:53:15] resolveMarket attempt 2/3 failed: resolveMarket reverted — tx: 6dbdc25e87d6d27bcac69d07316afa3c3cea4f3c2acd71f3eac674df3d1fa15e
[Prune] Removed 2 stale IDs (frame 8300)
[2026-04-15 20:53:26] resolveMarket tx sent: 03e484e85f3ff0a7075910cc9f35b459635aed18a543918449c73efa917b1951
[2026-04-15 20:53:26] resolveMarket attempt 3/3 failed: resolveMarket reverted — tx: 03e484e85f3ff0a7075910cc9f35b459635aed18a543918449c73efa917b1951
[2026-04-15 20:53:26] All resolveMarket attempts exhausted — market left unresolved
[2026-04-15 20:53:26] Ledger POST failed (non-fatal): HTTP Error 400: Bad Request
[2026-04-15 20:53:26] New threshold: 5 (avg of [0, 11])
[2026-04-15 20:53:26] Waiting 15s before Round #67...
[Prune] Removed 1 stale IDs (frame 8700)
[Evidence] Saved evidence/1776296912_final.jpg (100398 bytes, sha256:fcf13c9324bc9...)
[Evidence] Saved evidence/1776296912_final.jpg (100173 bytes, sha256:7e5a539f1dcda...)
[Evidence] Saved evidence/1776296912_final.jpg (100232 bytes, sha256:71fe4af1576cb...)
[Evidence] Saved evidence/1776296912_final.jpg (100271 bytes, sha256:4de1ffd3a4d23...)
[STATE] idle — round 67 complete: 25 vehicles
[Prune] Removed 1 stale IDs (frame 8800)
[Prune] Removed 3 stale IDs (frame 9000)
[2026-04-15 20:53:41] Round #67 | Peace Bridge — USA/Canada Border | threshold=5
[2026-04-15 20:53:42] Cancelling orphan market: 0xE37D6AF8DA6ed46d62673F3Ad488969eF3b023c1
[Prune] Removed 1 stale IDs (frame 9100)
[2026-04-15 20:53:45] Market cancelled: 0xE37D6AF8DA6ed46d62673F3Ad488969eF3b023c1 (tx: b3cc41aa5b3653364c9c7e6f4f49d0665b01f25ba085483a9478ea10d91e3c79)
[2026-04-15 20:53:45] Ably publish OK: market_cancelled
[2026-04-15 20:53:48] Refunds distributed: 0xE37D6AF8DA6ed46d62673F3Ad488969eF3b023c1 (tx: caf58cb4c1152571e5d78b2d5837091228c8f7282c8936e12b4d96c39e8c4aa1)
[2026-04-15 20:53:48] Cancelled 1 orphan market(s)
[Prune] Removed 4 stale IDs (frame 9200)
[2026-04-15 20:53:49] createMarket tx sent: c81df4de49bb04b5a1000e6d97d0e7360d4deb53a9b3b3aa1bf0684b01ccad9a
[2026-04-15 20:53:51] Market created: 0x4676c655955DCF306ccc16Bf694dDf997C0625d4 (tx: c81df4de49bb04b5a1000e6d97d0e7360d4deb53a9b3b3aa1bf0684b01ccad9a)
[Prune] Removed 9 stale IDs (frame 9300)
[2026-04-15 20:53:51] Ably publish OK: market_created
[2026-04-15 20:53:51] Counting vehicles for 150s...
[STATE] betting — market=0x4676c655... bet=150s count=150s round=67
[LineZone] (307,432) -> (960,432)
[Counter] Line: (579, 10) -> (701, 710)
[2026-04-15 20:53:52] [StreamClient] Round 67 started on stream_server
[Prune] Removed 2 stale IDs (frame 300)
[Prune] Removed 1 stale IDs (frame 400)
[Prune] Removed 2 stale IDs (frame 500)
[Prune] Removed 2 stale IDs (frame 700)
[Evidence] Saved evidence/1776297232_30s.jpg (98505 bytes, sha256:41d8bc87590f8...)
[Prune] Removed 1 stale IDs (frame 900)
[Prune] Removed 3 stale IDs (frame 1000)
[Prune] Removed 1 stale IDs (frame 1100)
[Prune] Removed 1 stale IDs (frame 1200)
[Prune] Removed 5 stale IDs (frame 1300)
[Prune] Removed 2 stale IDs (frame 1400)
[Prune] Removed 4 stale IDs (frame 1500)
[STATE] betting — market=0x069417d3... bet=150s count=150s round=68
[LineZone] (307,432) -> (960,432)
[Counter] Line: (579, 10) -> (701, 710)
[Prune] Removed 5 stale IDs (frame 300)
[Prune] Removed 1 stale IDs (frame 400)
[Prune] Removed 2 stale IDs (frame 500)
[Prune] Removed 2 stale IDs (frame 600)
[Prune] Removed 2 stale IDs (frame 700)
[Prune] Removed 3 stale IDs (frame 800)
[Evidence] Saved evidence/1776297284_30s.jpg (108065 bytes, sha256:f6c06a4f8bcc1...)
[Prune] Removed 1 stale IDs (frame 900)
[Prune] Removed 1 stale IDs (frame 1500)
[Prune] Removed 5 stale IDs (frame 1600)
[Prune] Removed 4 stale IDs (frame 1700)
[Evidence] Saved evidence/1776297284_60s.jpg (103900 bytes, sha256:2f7591df0da48...)
[Prune] Removed 3 stale IDs (frame 1800)
[Prune] Removed 3 stale IDs (frame 2500)
[Evidence] Saved evidence/1776297284_90s.jpg (97953 bytes, sha256:939a8541546c6...)
[Prune] Removed 2 stale IDs (frame 2700)
[Prune] Removed 2 stale IDs (frame 3300)
[Prune] Removed 1 stale IDs (frame 3400)
[Evidence] Saved evidence/1776297284_120s.jpg (106127 bytes, sha256:5898340a252a4...)
[Prune] Removed 2 stale IDs (frame 3800)
[Prune] Removed 5 stale IDs (frame 3900)
[Prune] Removed 6 stale IDs (frame 4000)
[Prune] Removed 2 stale IDs (frame 4100)
[Prune] Removed 1 stale IDs (frame 4200)
[STATE] counting — market=0x069417d3... duration=150s round=68
[Evidence] Saved evidence/1776297284_150s.jpg (101053 bytes, sha256:74b3e052ac825...)
[Prune] Removed 2 stale IDs (frame 4400)
[Prune] Removed 3 stale IDs (frame 4800)
[Prune] Removed 4 stale IDs (frame 4900)
[Prune] Removed 2 stale IDs (frame 5000)
[Prune] Removed 1 stale IDs (frame 5100)
[Evidence] Saved evidence/1776297284_180s.jpg (106442 bytes, sha256:7b67c2bc52aca...)
[Prune] Removed 1 stale IDs (frame 5400)
[Prune] Removed 1 stale IDs (frame 5600)
[Prune] Removed 1 stale IDs (frame 5800)
[Prune] Removed 7 stale IDs (frame 5900)
[Prune] Removed 1 stale IDs (frame 6000)
[Prune] Removed 1 stale IDs (frame 6100)
[Evidence] Saved evidence/1776297284_210s.jpg (101255 bytes, sha256:34afc679fccdd...)
[Prune] Removed 2 stale IDs (frame 6200)
[Prune] Removed 5 stale IDs (frame 6300)
[Prune] Removed 5 stale IDs (frame 6400)
[Prune] Removed 4 stale IDs (frame 6700)
[Evidence] Saved evidence/1776297284_240s.jpg (100942 bytes, sha256:30e099690d56f...)
[Prune] Removed 1 stale IDs (frame 7000)
[Prune] Removed 1 stale IDs (frame 7100)
[Prune] Removed 2 stale IDs (frame 7200)
[Prune] Removed 1 stale IDs (frame 7300)
[Prune] Removed 2 stale IDs (frame 7400)
[Prune] Removed 2 stale IDs (frame 7500)
[Prune] Removed 2 stale IDs (frame 7600)
[Prune] Removed 1 stale IDs (frame 7800)
[Evidence] Saved evidence/1776297284_270s.jpg (103930 bytes, sha256:6f0e9fe560ee8...)
[Prune] Removed 1 stale IDs (frame 7900)
[Prune] Removed 2 stale IDs (frame 8000)
[2026-04-15 20:59:22] No round_complete via WS — reading result.json fallback
[2026-04-15 20:59:22] Count complete: 25 vehicles (in=19 out=6)
[2026-04-15 20:59:23] Pool check OK: total=0.0100 ETH, under=0.0050, over=0.0050
[2026-04-15 20:59:23] Market resolved: 25 vehicles → Over 5 wins
[2026-04-15 20:59:24] resolveMarket tx sent: d627896021eadc7687d1af18d852b1239b557c75fcbad88bdfc1925a9aca8e67
[2026-04-15 20:59:24] resolveMarket attempt 1/3 failed: resolveMarket reverted — tx: d627896021eadc7687d1af18d852b1239b557c75fcbad88bdfc1925a9aca8e67
[2026-04-15 20:59:29] resolveMarket tx sent: 81f73c8e1ea4345c966cba15523523cce15d2cabcb589a9eab75315f520557f0
[2026-04-15 20:59:30] resolveMarket attempt 2/3 failed: resolveMarket reverted — tx: 81f73c8e1ea4345c966cba15523523cce15d2cabcb589a9eab75315f520557f0
[Prune] Removed 1 stale IDs (frame 8400)
[Prune] Removed 1 stale IDs (frame 8500)
[2026-04-15 20:59:40] resolveMarket tx sent: d7104fa5e738caca77d9ca6e951805f874b8e0cc531cc07ad3a092bc60d85dc5
[2026-04-15 20:59:43] resolveMarket attempt 3/3 failed: resolveMarket reverted — tx: d7104fa5e738caca77d9ca6e951805f874b8e0cc531cc07ad3a092bc60d85dc5
[2026-04-15 20:59:43] All resolveMarket attempts exhausted — market left unresolved
[2026-04-15 20:59:43] Ledger POST failed (non-fatal): HTTP Error 400: Bad Request
[2026-04-15 20:59:43] New threshold: 18 (avg of [11, 25])
[2026-04-15 20:59:43] Waiting 15s before Round #68...
[Evidence] Saved evidence/1776297284_final.jpg (115551 bytes, sha256:2fcc7a7aa7e95...)
[Evidence] Saved evidence/1776297284_final.jpg (115513 bytes, sha256:9e805fe865866...)
[Evidence] Saved evidence/1776297284_final.jpg (115537 bytes, sha256:a014ee155cb00...)
[STATE] idle — round 68 complete: 20 vehicles
[Prune] Removed 1 stale IDs (frame 8800)
[Prune] Removed 2 stale IDs (frame 9000)
[Prune] Removed 3 stale IDs (frame 9100)
[2026-04-15 20:59:58] Round #68 | Peace Bridge — USA/Canada Border | threshold=18
[2026-04-15 20:59:58] Cancelling orphan market: 0x069417d3A3Bb88531d4F8D31200C366B3eF12701
[2026-04-15 20:59:59] Market cancelled: 0x069417d3A3Bb88531d4F8D31200C366B3eF12701 (tx: 7328d1c181a1e80bf5902087a127e750dffa9d0e8c0e1cb1e334fdf91f225edc)
[2026-04-15 20:59:59] Ably publish OK: market_cancelled
[2026-04-15 21:00:00] Refunds distributed: 0x069417d3A3Bb88531d4F8D31200C366B3eF12701 (tx: d7a952e92655c24722115f5791b6ad267353cd3553bdca014ec3d28c5266c7be)
[2026-04-15 21:00:00] Cancelled 1 orphan market(s)
[2026-04-15 21:00:01] createMarket tx sent: e670c017137bd446382e8411717940c7a2a578ac6527828e15023d45bf53eb85
[2026-04-15 21:00:03] Market created: 0xe17Dd554347fA5806b96ecb6737b2628A7A29F60 (tx: e670c017137bd446382e8411717940c7a2a578ac6527828e15023d45bf53eb85)
[Prune] Removed 3 stale IDs (frame 9300)
[2026-04-15 21:00:04] Ably publish OK: market_created
[2026-04-15 21:00:04] Counting vehicles for 150s...
[STATE] betting — market=0xe17Dd554... bet=150s count=150s round=68
[LineZone] (307,432) -> (960,432)
[Counter] Line: (579, 10) -> (701, 710)
[2026-04-15 21:00:04] [StreamClient] Round 68 started on stream_server
[Prune] Removed 3 stale IDs (frame 200)
[Prune] Removed 2 stale IDs (frame 600)
[Prune] Removed 3 stale IDs (frame 700)
[Prune] Removed 2 stale IDs (frame 800)
[Evidence] Saved evidence/1776297604_30s.jpg (110895 bytes, sha256:84d3c5a78c9be...)
[Prune] Removed 2 stale IDs (frame 900)
[STATE] betting — market=0x2B72277F... bet=150s count=150s round=69
[LineZone] (307,432) -> (960,432)
[Counter] Line: (579, 10) -> (701, 710)
[Prune] Removed 2 stale IDs (frame 200)
[Prune] Removed 1 stale IDs (frame 400)
[Prune] Removed 3 stale IDs (frame 500)
[Prune] Removed 3 stale IDs (frame 700)
[Evidence] Saved evidence/1776297659_30s.jpg (107608 bytes, sha256:9f88f34b7eebd...)
[Prune] Removed 5 stale IDs (frame 900)
[Prune] Removed 2 stale IDs (frame 1000)
[Prune] Removed 2 stale IDs (frame 1400)
[Prune] Removed 3 stale IDs (frame 1500)
[Prune] Removed 4 stale IDs (frame 1600)
[Prune] Removed 1 stale IDs (frame 1700)
[Evidence] Saved evidence/1776297659_60s.jpg (110587 bytes, sha256:a2c47bc2c997c...)
[Prune] Removed 2 stale IDs (frame 1900)
[Prune] Removed 2 stale IDs (frame 2000)
[Prune] Removed 5 stale IDs (frame 2100)
[Prune] Removed 1 stale IDs (frame 2200)
[Prune] Removed 5 stale IDs (frame 2500)
[Prune] Removed 2 stale IDs (frame 2600)
[Evidence] Saved evidence/1776297659_90s.jpg (99923 bytes, sha256:ed25ac063b249...)
[Prune] Removed 3 stale IDs (frame 2700)
[Prune] Removed 2 stale IDs (frame 2800)
[Prune] Removed 2 stale IDs (frame 3100)
[Prune] Removed 4 stale IDs (frame 3200)
[Prune] Removed 3 stale IDs (frame 3300)
[Prune] Removed 3 stale IDs (frame 3400)
[Prune] Removed 4 stale IDs (frame 3500)
[Evidence] Saved evidence/1776297659_120s.jpg (109768 bytes, sha256:29c8b8e54f628...)
[Prune] Removed 6 stale IDs (frame 3600)
[Prune] Removed 5 stale IDs (frame 3700)
[Prune] Removed 1 stale IDs (frame 4200)
[Prune] Removed 2 stale IDs (frame 4300)
[STATE] counting — market=0x2B72277F... duration=150s round=69
[Evidence] Saved evidence/1776297659_150s.jpg (105838 bytes, sha256:44b6ac50e2c0b...)
[Prune] Removed 3 stale IDs (frame 4400)
[Prune] Removed 5 stale IDs (frame 4600)
[Prune] Removed 1 stale IDs (frame 4700)
[Prune] Removed 4 stale IDs (frame 5200)
[Evidence] Saved evidence/1776297659_180s.jpg (107262 bytes, sha256:ffdb42cab6620...)
[Prune] Removed 3 stale IDs (frame 5400)
[Evidence] Saved evidence/1776297659_210s.jpg (112281 bytes, sha256:5491fd09c86e0...)
[Prune] Removed 1 stale IDs (frame 6500)
[Prune] Removed 1 stale IDs (frame 6700)
[Prune] Removed 1 stale IDs (frame 6800)
[Evidence] Saved evidence/1776297659_240s.jpg (112065 bytes, sha256:68047021097a5...)
[Prune] Removed 1 stale IDs (frame 7600)
[Prune] Removed 2 stale IDs (frame 7700)
[Evidence] Saved evidence/1776297659_270s.jpg (111833 bytes, sha256:22aeed4e70dc7...)
[Prune] Removed 1 stale IDs (frame 8000)
[2026-04-15 21:05:34] No round_complete via WS — reading result.json fallback
[2026-04-15 21:05:34] Count complete: 20 vehicles (in=13 out=7)
[2026-04-15 21:05:35] Pool check OK: total=0.0100 ETH, under=0.0050, over=0.0050
[2026-04-15 21:05:35] Market resolved: 20 vehicles → Over 18 wins
[Prune] Removed 1 stale IDs (frame 8100)
[2026-04-15 21:05:36] resolveMarket tx sent: ef10a7460c05ae33df6bdb0e92d80e0964e880e10fcb87f8ecdea3725dda4f46
[2026-04-15 21:05:38] resolveMarket attempt 1/3 failed: resolveMarket reverted — tx: ef10a7460c05ae33df6bdb0e92d80e0964e880e10fcb87f8ecdea3725dda4f46
[Prune] Removed 1 stale IDs (frame 8200)
[2026-04-15 21:05:44] resolveMarket tx sent: 916d0c813c7ed26c5ce6c77ca0234a66ca2ae0bc374545d349d7d45a773e1065
[2026-04-15 21:05:44] resolveMarket attempt 2/3 failed: resolveMarket reverted — tx: 916d0c813c7ed26c5ce6c77ca0234a66ca2ae0bc374545d349d7d45a773e1065
[2026-04-15 21:05:54] resolveMarket tx sent: 12af1bc83551d6650dec6fc6b2858de6160c15b383e566dab131d6e316d40324
[Prune] Removed 2 stale IDs (frame 8700)
[2026-04-15 21:05:57] resolveMarket attempt 3/3 failed: resolveMarket reverted — tx: 12af1bc83551d6650dec6fc6b2858de6160c15b383e566dab131d6e316d40324
[2026-04-15 21:05:57] All resolveMarket attempts exhausted — market left unresolved
[2026-04-15 21:05:57] Ledger POST failed (non-fatal): HTTP Error 400: Bad Request
[2026-04-15 21:05:57] New threshold: 22 (avg of [25, 20])
[2026-04-15 21:05:57] Waiting 15s before Round #69...
[Evidence] Saved evidence/1776297659_final.jpg (112010 bytes, sha256:0fafc6d075ff4...)
[Evidence] Saved evidence/1776297659_final.jpg (111998 bytes, sha256:315af8fb71ead...)
[Evidence] Saved evidence/1776297659_final.jpg (111992 bytes, sha256:cb913631f7fcd...)
[STATE] idle — round 69 complete: 20 vehicles
[Prune] Removed 1 stale IDs (frame 8800)
[Prune] Removed 2 stale IDs (frame 9000)
[Prune] Removed 6 stale IDs (frame 9100)
[2026-04-15 21:06:12] Round #69 | Peace Bridge — USA/Canada Border | threshold=22
[2026-04-15 21:06:13] Cancelling orphan market: 0x2B72277F7DF4Cb9c8B2aD004e1585660DA4b1E63
[Prune] Removed 1 stale IDs (frame 9200)
[2026-04-15 21:06:15] Market cancelled: 0x2B72277F7DF4Cb9c8B2aD004e1585660DA4b1E63 (tx: 953c82d24026c2a504e2a52ecfe03ef112ceb687464e70b223d9483eac5a272b)
[2026-04-15 21:06:16] Ably publish OK: market_cancelled
[Prune] Removed 1 stale IDs (frame 9300)
[2026-04-15 21:06:19] Refunds distributed: 0x2B72277F7DF4Cb9c8B2aD004e1585660DA4b1E63 (tx: 65ea4a4fc83c7b3370482b0f74b69804c2e17bd80f54e2d591ba0b343b735240)
[2026-04-15 21:06:19] Cancelled 1 orphan market(s)
[2026-04-15 21:06:19] createMarket tx sent: 2ec5fa5424101194f3319a926e1d516ae295321ee9ba6bcd22dadc30d9cbd108
[2026-04-15 21:06:20] Market created: 0x8a2162530fb92ff83B85F4c7c672ed98171b6f8a (tx: 2ec5fa5424101194f3319a926e1d516ae295321ee9ba6bcd22dadc30d9cbd108)
[2026-04-15 21:06:20] Ably publish OK: market_created
[2026-04-15 21:06:20] Counting vehicles for 150s...
[STATE] betting — market=0x8a216253... bet=150s count=150s round=69
[LineZone] (307,432) -> (960,432)
[Counter] Line: (579, 10) -> (701, 710)
[2026-04-15 21:06:20] [StreamClient] Round 69 started on stream_server
[Prune] Removed 4 stale IDs (frame 300)
[Prune] Removed 4 stale IDs (frame 400)
[Prune] Removed 3 stale IDs (frame 600)
[WS] Client disconnected (0 total)
[WS] Client connected (1 total)
[Evidence] Saved evidence/1776297980_30s.jpg (113100 bytes, sha256:a1101dd062a22...)
[Prune] Removed 3 stale IDs (frame 900)
[Prune] Removed 1 stale IDs (frame 1100)
[Prune] Removed 1 stale IDs (frame 1500)
[STATE] betting — market=0x868d13b9... bet=150s count=150s round=70
[LineZone] (307,432) -> (960,432)
[Counter] Line: (579, 10) -> (701, 710)
[Evidence] Saved evidence/1776298032_30s.jpg (110754 bytes, sha256:ddb1b72ac8c02...)
[Prune] Removed 2 stale IDs (frame 1000)
[Prune] Removed 2 stale IDs (frame 1100)
[Prune] Removed 1 stale IDs (frame 1200)
[Prune] Removed 4 stale IDs (frame 1300)
[Prune] Removed 5 stale IDs (frame 1400)
[Prune] Removed 1 stale IDs (frame 1500)
[Prune] Removed 2 stale IDs (frame 1700)
[Evidence] Saved evidence/1776298032_60s.jpg (95359 bytes, sha256:423befc3d9cb5...)
[Prune] Removed 2 stale IDs (frame 1800)
[Prune] Removed 1 stale IDs (frame 1900)
[Prune] Removed 2 stale IDs (frame 2000)
[Prune] Removed 6 stale IDs (frame 2100)
[Prune] Removed 1 stale IDs (frame 2200)
[Prune] Removed 2 stale IDs (frame 2300)
[Prune] Removed 1 stale IDs (frame 2400)
[Prune] Removed 1 stale IDs (frame 2500)
[Evidence] Saved evidence/1776298032_90s.jpg (115986 bytes, sha256:aca0113657cd0...)
[Prune] Removed 3 stale IDs (frame 3200)
[Prune] Removed 4 stale IDs (frame 3300)
[Prune] Removed 3 stale IDs (frame 3400)
[Evidence] Saved evidence/1776298032_120s.jpg (112430 bytes, sha256:614ee85627d54...)
[Prune] Removed 3 stale IDs (frame 3500)
[Prune] Removed 2 stale IDs (frame 3600)
[Prune] Removed 1 stale IDs (frame 3900)
[Prune] Removed 3 stale IDs (frame 4000)
[STATE] counting — market=0x868d13b9... duration=150s round=70
[Evidence] Saved evidence/1776298032_150s.jpg (109803 bytes, sha256:9c50a6f937510...)
[Prune] Removed 2 stale IDs (frame 4500)
[Prune] Removed 2 stale IDs (frame 4700)
[Prune] Removed 2 stale IDs (frame 4800)
[Prune] Removed 1 stale IDs (frame 4900)
[Prune] Removed 1 stale IDs (frame 5000)
[Prune] Removed 3 stale IDs (frame 5100)
[Prune] Removed 4 stale IDs (frame 5200)
[Evidence] Saved evidence/1776298032_180s.jpg (108901 bytes, sha256:efdee2c3af883...)
[Prune] Removed 1 stale IDs (frame 5600)
[Prune] Removed 1 stale IDs (frame 5800)
[Prune] Removed 2 stale IDs (frame 5900)
[Prune] Removed 5 stale IDs (frame 6000)
[Prune] Removed 2 stale IDs (frame 6100)
[Evidence] Saved evidence/1776298032_210s.jpg (114986 bytes, sha256:2b52bbc235f85...)
[Prune] Removed 2 stale IDs (frame 6400)
[Prune] Removed 2 stale IDs (frame 6600)
[Prune] Removed 1 stale IDs (frame 6900)
[Prune] Removed 3 stale IDs (frame 7000)
[Evidence] Saved evidence/1776298032_240s.jpg (119612 bytes, sha256:a686ce0a9811a...)
[Prune] Removed 2 stale IDs (frame 7100)
[Prune] Removed 2 stale IDs (frame 7300)
[Prune] Removed 4 stale IDs (frame 7400)
[Prune] Removed 1 stale IDs (frame 7600)
[Prune] Removed 2 stale IDs (frame 7700)
[Prune] Removed 2 stale IDs (frame 7800)
[Evidence] Saved evidence/1776298032_270s.jpg (110282 bytes, sha256:20da332ba0b22...)
[Prune] Removed 1 stale IDs (frame 7900)
[Prune] Removed 3 stale IDs (frame 8000)
[2026-04-15 21:11:50] No round_complete via WS — reading result.json fallback
[2026-04-15 21:11:50] Count complete: 20 vehicles (in=14 out=6)
[2026-04-15 21:11:52] Pool check OK: total=0.0100 ETH, under=0.0050, over=0.0050
[2026-04-15 21:11:52] Market resolved: 20 vehicles → Under 22 wins
[2026-04-15 21:11:53] resolveMarket tx sent: 8eedf96a8fa52e6649eb90dcd3cd13f47d87ef0ceff57bf2418fec1cb6c99ae7
[Prune] Removed 2 stale IDs (frame 8200)
[2026-04-15 21:11:55] resolveMarket attempt 1/3 failed: resolveMarket reverted — tx: 8eedf96a8fa52e6649eb90dcd3cd13f47d87ef0ceff57bf2418fec1cb6c99ae7
[Prune] Removed 1 stale IDs (frame 8300)
[2026-04-15 21:12:01] resolveMarket tx sent: 241219b2dfa4cb8b1fece58a7fb5dc8a2e0d204b866c365e799258f14baa1740
[2026-04-15 21:12:03] resolveMarket attempt 2/3 failed: resolveMarket reverted — tx: 241219b2dfa4cb8b1fece58a7fb5dc8a2e0d204b866c365e799258f14baa1740
[Prune] Removed 1 stale IDs (frame 8500)
[Prune] Removed 3 stale IDs (frame 8600)
[Evidence] Saved evidence/1776298032_final.jpg (115108 bytes, sha256:874b3c972d3d1...)
[Evidence] Saved evidence/1776298032_final.jpg (115100 bytes, sha256:46b5a81138904...)
[Evidence] Saved evidence/1776298032_final.jpg (115005 bytes, sha256:5b9323957d62e...)
[STATE] idle — round 70 complete: 18 vehicles
[2026-04-15 21:12:14] resolveMarket tx sent: e70919081bc0d062e2f1f4c40488e1f1bd7c896197228a02c14aefa85a62f7a0
[2026-04-15 21:12:16] resolveMarket attempt 3/3 failed: resolveMarket reverted — tx: e70919081bc0d062e2f1f4c40488e1f1bd7c896197228a02c14aefa85a62f7a0
[2026-04-15 21:12:16] All resolveMarket attempts exhausted — market left unresolved
[2026-04-15 21:12:16] Ledger POST failed (non-fatal): HTTP Error 400: Bad Request
[2026-04-15 21:12:16] New threshold: 20 (avg of [20, 20])
[2026-04-15 21:12:16] Waiting 15s before Round #70...
[Prune] Removed 2 stale IDs (frame 9100)
[Prune] Removed 1 stale IDs (frame 9200)
[Prune] Removed 5 stale IDs (frame 9300)
[2026-04-15 21:12:31] Round #70 | Peace Bridge — USA/Canada Border | threshold=20
[2026-04-15 21:12:32] Cancelling orphan market: 0x868d13b9A5370DA498B483013aA845958D3D5D5f
[Prune] Removed 4 stale IDs (frame 9400)
[2026-04-15 21:12:35] Market cancelled: 0x868d13b9A5370DA498B483013aA845958D3D5D5f (tx: 248c85abf425fd31b5db5600fa569ca5605b5681b7763369bf53a7fe8d99e28c)
[2026-04-15 21:12:35] Ably publish OK: market_cancelled
[2026-04-15 21:12:36] Refunds distributed: 0x868d13b9A5370DA498B483013aA845958D3D5D5f (tx: cda3f06763926c2c1a75a227b2eb8de91d1c54a2049b6f416cd1c146cb6ed424)
[2026-04-15 21:12:36] Cancelled 1 orphan market(s)
[2026-04-15 21:12:36] createMarket tx sent: 60b940dcfc82a6321fc3afd234d3ef4f5b9048eddc1efcab1792b103881a58ea
[Prune] Removed 6 stale IDs (frame 9500)
[2026-04-15 21:12:39] Market created: 0xbF6f5D44f3bC7D3Cf1E3e41A53909CC70c779AAf (tx: 60b940dcfc82a6321fc3afd234d3ef4f5b9048eddc1efcab1792b103881a58ea)
[2026-04-15 21:12:39] Ably publish OK: market_created
[2026-04-15 21:12:39] Counting vehicles for 150s...
[STATE] betting — market=0xbF6f5D44... bet=150s count=150s round=70
[LineZone] (307,432) -> (960,432)
[Counter] Line: (579, 10) -> (701, 710)
[2026-04-15 21:12:39] [StreamClient] Round 70 started on stream_server
[Evidence] Saved evidence/1776298359_30s.jpg (120108 bytes, sha256:26dea77b6f0d2...)
[Prune] Removed 1 stale IDs (frame 900)
[Prune] Removed 1 stale IDs (frame 1200)
[Prune] Removed 5 stale IDs (frame 1400)
[STATE] betting — market=0x9dDd0861... bet=150s count=150s round=71
[LineZone] (307,432) -> (960,432)
[Counter] Line: (579, 10) -> (701, 710)
[Prune] Removed 3 stale IDs (frame 600)
[Prune] Removed 7 stale IDs (frame 700)
[Prune] Removed 3 stale IDs (frame 800)
[Evidence] Saved evidence/1776298411_30s.jpg (103389 bytes, sha256:5f6c510c7ac55...)
[Prune] Removed 2 stale IDs (frame 900)
[Prune] Removed 2 stale IDs (frame 1500)
[Prune] Removed 1 stale IDs (frame 1700)
[Evidence] Saved evidence/1776298411_60s.jpg (116354 bytes, sha256:e0ab4d0709850...)
[Prune] Removed 2 stale IDs (frame 1800)
[Prune] Removed 1 stale IDs (frame 1900)
[Prune] Removed 1 stale IDs (frame 2000)
[Prune] Removed 2 stale IDs (frame 2100)
[Prune] Removed 2 stale IDs (frame 2200)
[Prune] Removed 1 stale IDs (frame 2300)
[Prune] Removed 1 stale IDs (frame 2400)
[Prune] Removed 2 stale IDs (frame 2500)
[Prune] Removed 4 stale IDs (frame 2600)
[Evidence] Saved evidence/1776298411_90s.jpg (104756 bytes, sha256:146a6632919e5...)
[Prune] Removed 10 stale IDs (frame 2700)
[Prune] Removed 1 stale IDs (frame 2800)
[Prune] Removed 2 stale IDs (frame 2900)
[Prune] Removed 2 stale IDs (frame 3000)
[Prune] Removed 2 stale IDs (frame 3200)
[Evidence] Saved evidence/1776298411_120s.jpg (120589 bytes, sha256:b24868258d8fc...)
[Prune] Removed 1 stale IDs (frame 3800)
[Prune] Removed 2 stale IDs (frame 3900)
[Prune] Removed 1 stale IDs (frame 4000)
[Prune] Removed 2 stale IDs (frame 4100)
[Prune] Removed 3 stale IDs (frame 4200)
[STATE] counting — market=0x9dDd0861... duration=150s round=71
[Evidence] Saved evidence/1776298411_150s.jpg (119141 bytes, sha256:3b254d819edd3...)
[Prune] Removed 1 stale IDs (frame 4700)
[Prune] Removed 3 stale IDs (frame 4800)
[Prune] Removed 2 stale IDs (frame 4900)
[Prune] Removed 7 stale IDs (frame 5000)
[Prune] Removed 4 stale IDs (frame 5100)
[Evidence] Saved evidence/1776298411_180s.jpg (107861 bytes, sha256:9eea3f738ab00...)

[Launcher] Shutdown signal received — stopping oracle services...
[Launcher] Stopping watchdog (PID 388361)...
[2026-04-15 21:16:35] INFO SIGTERM received — initiating graceful shutdown
[2026-04-15 21:16:35] INFO Sending SIGTERM to child PID 388534
[2026-04-15 21:16:35] SIGTERM received — requesting graceful shutdown
[2026-04-15 21:16:35] Shutdown requested — will exit after this round.
[Prune] Removed 1 stale IDs (frame 5400)
[Prune] Removed 1 stale IDs (frame 5600)
[Prune] Removed 2 stale IDs (frame 5700)
[Prune] Removed 1 stale IDs (frame 5800)
[2026-04-15 21:16:50] WARNING Child did not exit after SIGTERM — sending SIGKILL
[2026-04-15 21:16:50] INFO Watchdog shutting down...
[2026-04-15 21:16:50] INFO Watchdog stopped. Total uptime: 7h00m, total restarts: 0
[WS] Client disconnected (1 total)
connection handler failed
Traceback (most recent call last):
  File "/home/lumen/miniconda3/lib/python3.13/site-packages/websockets/asyncio/server.py", line 376, in conn_handler
    await self.handler(connection)
  File "/home/lumen/.gemini/antigravity/scratch/rush/oracle/stream_server.py", line 1261, in handler
    async for msg in ws:
    ...<37 lines>...
            pass
  File "/home/lumen/miniconda3/lib/python3.13/site-packages/websockets/asyncio/connection.py", line 242, in __aiter__
    yield await self.recv()
          ^^^^^^^^^^^^^^^^^
  File "/home/lumen/miniconda3/lib/python3.13/site-packages/websockets/asyncio/connection.py", line 322, in recv
    raise self.protocol.close_exc from self.recv_exc
websockets.exceptions.ConnectionClosedError: no close frame received or sent
[Launcher] Stopping stream server (PID 1098847)...
start.sh, linha 76: 388361 Morto                   python3 -u watchdog.py "$@"
[Launcher] Done.
