2026-04-19T19:38:47Z | === run start ===
2026-04-19T19:38:49Z | idx 63 | poked (still held) | tx 0xb0cce87212e1ffc4f33718543755b92faeb979e54bdd2cfe6d19b4722b7a5aa7 | dep_before=1096683531746036
2026-04-19T19:38:55Z | idx 64 | poked (still held) | tx 0xc7be01ddbbe6eb1f301afd3dc60cae92828434a5e2175adccb7a0063cc823b06 | dep_before=1085862764550269
2026-04-19T19:39:00Z | idx 72 | poked (still held) | tx 0x08bb92dc7ee2510dba39c4f7f67103e80460a515121127e3a1e37fa1b4ec0f00 | dep_before=1459730985449741
2026-04-19T19:39:05Z | idx 73 | poked (still held) | tx 0x3d1b829b2681d90fb109b8a8d9ad40cb03fb490fec4ac55dfcc99e10cadccce7 | dep_before=1244528835978839
2026-04-19T19:39:11Z | idx 95 | poked (still held) | tx 0x406ac912241a56a46a4e1b8d453c4cd0cd0c61ba9f49ecd0ae497b3162fd91e3 | dep_before=949982275132279
2026-04-19T19:39:16Z | idx 57 | poked (still held) | tx 0x0ee4f244c898f35e3bd7cc3903f7d180c90fcd607c1d3f2b7575c6d8572d5d25 | dep_before=1260626223544977
2026-04-19T19:39:22Z | idx 75 | poked (still held) | tx 0x874e844018a226739784bacaf462754e7d3ce4606eaf0719f1734a1a1ad0b7b0 | dep_before=1015945138888894
2026-04-19T19:39:29Z | idx 85 | poked (still held) | tx 0x909a20bc0e7a7ae6ba63a78079d9e5a7e26f20c87204b6e528fa0c141f7bd77b | dep_before=128446759259262
2026-04-19T19:39:34Z | idx 91 | poked (still held) | tx 0xa0f07f9c5d8b37ca6e9d077573c963dbd2e2998f09834f3ccc3ab5c0a7a45c46 | dep_before=1513102380952385
2026-04-19T19:39:39Z | idx 97 | poked (still held) | tx 0xa9c2ff1e7febe106af10bf591e427f394863c2347aec561dc66807a09c865cb9 | dep_before=1297204034391538
2026-04-19T19:39:45Z | idx 2 | poked (still held) | tx 0xa27f0492a18f54d9e37e7bc82a91a1320b6d7ba60630cf9424115b1696263c13 | dep_before=967230158730163
2026-04-19T19:39:50Z | idx 9 | poked (still held) | tx 0x7907b9bf5c9c84d4f1c0fa640d3a0571496facd626d83d752b35eba8502036ff | dep_before=1117333068783072
2026-04-19T19:39:57Z | idx 20 | poked (still held) | tx 0xdc36a719798822ce456a9a5962e736b9e17c78fd5660ec71731a8877ab668c5d | dep_before=533002645502649
2026-04-19T19:40:02Z | idx 21 | poked (still held) | tx 0xd644acc12a841c90c34ffd4a5aa258d21af24a04f1950c4a6ffed5924baff031 | dep_before=232605720899474
2026-04-19T19:40:07Z | idx 26 | poked (still held) | tx 0x42bea5b431f787ed7ba2610e63e3a8c90c9f3ffb04c5fdd230dbd7568069c945 | dep_before=913526554232807
2026-04-19T19:40:13Z | idx 4 | poked (still held) | tx 0x109af7c6ce5e63a53010a77ce2dcbad0a02dde692b6b0aeb6d96a532538d1bc4 | dep_before=3271046461640215
2026-04-19T19:40:18Z | idx 22 | poked (still held) | tx 0x50100b8f0bb574ad34a0ee409871b5060abd1a71151dad4e9879b1dde4e16b79 | dep_before=3873201388888893
2026-04-19T19:40:23Z | idx 60 | poked (still held) | tx 0xd9fb466e370ae4e587ecf9e86f94a96630c50457ed6976003118f925ae2ffa61 | dep_before=1213955720899473
2026-04-19T19:40:29Z | idx 62 | poked (still held) | tx 0x982b39909e2658b5ecc4dce05599bbc44d9f215e6bf9448d1ba29de9777d541a | dep_before=1400464847883600
2026-04-19T19:40:34Z | idx 96 | poked (still held) | tx 0x46f001731a568f328dc4b52f0ee7240736d8f8b438197bd391303a37fe30b30e | dep_before=1228997685185190
2026-04-19T19:40:37Z | summary | poked=20 foreclosed=0 already=0 non_target=0 failed=0
2026-04-19T19:40:37Z | === run end ===
2026-04-19T21:00:01Z | === run start ===
2026-04-19T21:00:01Z | idx 63 | owner  not in target set (skip)
2026-04-19T21:00:01Z | idx 64 | owner  not in target set (skip)
2026-04-19T21:00:01Z | idx 72 | owner  not in target set (skip)
2026-04-19T21:00:01Z | idx 73 | owner  not in target set (skip)
2026-04-19T21:00:01Z | idx 95 | owner  not in target set (skip)
2026-04-19T21:00:01Z | idx 57 | owner  not in target set (skip)
2026-04-19T21:00:01Z | idx 75 | owner  not in target set (skip)
2026-04-19T21:00:01Z | idx 85 | owner  not in target set (skip)
2026-04-19T21:00:01Z | idx 91 | owner  not in target set (skip)
2026-04-19T21:00:01Z | idx 97 | owner  not in target set (skip)
2026-04-19T21:00:01Z | idx 2 | owner  not in target set (skip)
2026-04-19T21:00:01Z | idx 9 | owner  not in target set (skip)
2026-04-19T21:00:01Z | idx 20 | owner  not in target set (skip)
2026-04-19T21:00:01Z | idx 21 | owner  not in target set (skip)
2026-04-19T21:00:01Z | idx 26 | owner  not in target set (skip)
2026-04-19T21:00:01Z | idx 4 | owner  not in target set (skip)
2026-04-19T21:00:01Z | idx 22 | owner  not in target set (skip)
2026-04-19T21:00:01Z | idx 60 | owner  not in target set (skip)
2026-04-19T21:00:01Z | idx 62 | owner  not in target set (skip)
2026-04-19T21:00:01Z | idx 96 | owner  not in target set (skip)
2026-04-19T21:00:01Z | summary | poked=0 foreclosed=0 already=0 non_target=20 failed=0
2026-04-19T21:00:01Z | === run end ===
2026-04-20T03:00:01Z | === run start ===
2026-04-20T03:00:01Z | idx 63 | owner  not in target set (skip)
2026-04-20T03:00:01Z | idx 64 | owner  not in target set (skip)
2026-04-20T03:00:01Z | idx 72 | owner  not in target set (skip)
2026-04-20T03:00:01Z | idx 73 | owner  not in target set (skip)
2026-04-20T03:00:01Z | idx 95 | owner  not in target set (skip)
2026-04-20T03:00:01Z | idx 57 | owner  not in target set (skip)
2026-04-20T03:00:01Z | idx 75 | owner  not in target set (skip)
2026-04-20T03:00:01Z | idx 85 | owner  not in target set (skip)
2026-04-20T03:00:01Z | idx 91 | owner  not in target set (skip)
2026-04-20T03:00:01Z | idx 97 | owner  not in target set (skip)
2026-04-20T03:00:01Z | idx 2 | owner  not in target set (skip)
2026-04-20T03:00:01Z | idx 9 | owner  not in target set (skip)
2026-04-20T03:00:01Z | idx 20 | owner  not in target set (skip)
2026-04-20T03:00:01Z | idx 21 | owner  not in target set (skip)
2026-04-20T03:00:01Z | idx 26 | owner  not in target set (skip)
2026-04-20T03:00:01Z | idx 4 | owner  not in target set (skip)
2026-04-20T03:00:01Z | idx 22 | owner  not in target set (skip)
2026-04-20T03:00:01Z | idx 60 | owner  not in target set (skip)
2026-04-20T03:00:01Z | idx 62 | owner  not in target set (skip)
2026-04-20T03:00:01Z | idx 96 | owner  not in target set (skip)
2026-04-20T03:00:01Z | summary | poked=0 foreclosed=0 already=0 non_target=20 failed=0
2026-04-20T03:00:01Z | === run end ===
2026-04-20T09:00:01Z | === run start ===
2026-04-20T09:00:01Z | idx 63 | owner  not in target set (skip)
2026-04-20T09:00:02Z | idx 64 | owner  not in target set (skip)
2026-04-20T09:00:02Z | idx 72 | owner  not in target set (skip)
2026-04-20T09:00:02Z | idx 73 | owner  not in target set (skip)
2026-04-20T09:00:02Z | idx 95 | owner  not in target set (skip)
2026-04-20T09:00:02Z | idx 57 | owner  not in target set (skip)
2026-04-20T09:00:02Z | idx 75 | owner  not in target set (skip)
2026-04-20T09:00:02Z | idx 85 | owner  not in target set (skip)
2026-04-20T09:00:02Z | idx 91 | owner  not in target set (skip)
2026-04-20T09:00:02Z | idx 97 | owner  not in target set (skip)
2026-04-20T09:00:02Z | idx 2 | owner  not in target set (skip)
2026-04-20T09:00:02Z | idx 9 | owner  not in target set (skip)
2026-04-20T09:00:02Z | idx 20 | owner  not in target set (skip)
2026-04-20T09:00:02Z | idx 21 | owner  not in target set (skip)
2026-04-20T09:00:02Z | idx 26 | owner  not in target set (skip)
2026-04-20T09:00:02Z | idx 4 | owner  not in target set (skip)
2026-04-20T09:00:02Z | idx 22 | owner  not in target set (skip)
2026-04-20T09:00:02Z | idx 60 | owner  not in target set (skip)
2026-04-20T09:00:02Z | idx 62 | owner  not in target set (skip)
2026-04-20T09:00:02Z | idx 96 | owner  not in target set (skip)
2026-04-20T09:00:02Z | summary | poked=0 foreclosed=0 already=0 non_target=20 failed=0
2026-04-20T09:00:02Z | === run end ===
2026-04-20T10:37:13Z | === run start ===
2026-04-20T10:37:16Z | idx 63 | poked (still held) | tx 0x58047ea03e200f1806992d40c065fab225b847b8e53cf4eb5b9a313ff4ba6656 | dep_before=1096400793650798
2026-04-20T10:37:21Z | idx 64 | poked (still held) | tx 0x19b88f22bc41bff86ca314770c186a9a13545c984531f1de2e1ee53119a562da | dep_before=1085712301587307
2026-04-20T10:37:26Z | idx 72 | poked (still held) | tx 0xe922abae377303b37a31a8aa0d7c054d099c2e172b3797a5e28220b2bc34572c | dep_before=1459441633597890
2026-04-20T10:37:31Z | idx 73 | poked (still held) | tx 0xc9660cae14736ac0174a945557d7e8beccefdba8cc2f6caf1ce5bf581b67bd2c | dep_before=1244370105820109
2026-04-20T10:37:37Z | idx 95 | poked (still held) | tx 0x50331a7f55f0ee535058fbfe39f553682ebf62ebb735fcfc41b6929e9a531f16 | dep_before=949687962962967
2026-04-20T10:37:42Z | idx 57 | poked (still held) | tx 0x460100b136f3531fd331a7eeb97ed8d8d477c6b6802502df49c53ca6399826a4 | dep_before=1260462533068787
2026-04-20T10:37:49Z | idx 75 | poked (still held) | tx 0x1f317f2300a860ad7b15f089662bb6856f5f6a265ee8cda02716c8ed3ff6c3c1 | dep_before=1015642559523815
2026-04-20T10:37:54Z | idx 85 | poked (still held) | tx 0x85dccd5faf4ae722055af99121772ddd884ba5e4b30a2ac64d26ed3db962629d | dep_before=128274801587305
2026-04-20T10:37:59Z | idx 91 | poked (still held) | tx 0xb6f5075394ded736d82421fa870a0fdd265464a7e577e29a7e3b013e821a1c6b | dep_before=1512791534391539
2026-04-20T10:38:05Z | idx 97 | poked (still held) | tx 0xd716f88d7390c8eab98c2ed56bdbbfc112fd084f3382d6b28f1dbb685f33a6ac | dep_before=1296889880952385
2026-04-20T10:38:11Z | idx 2 | poked (still held) | tx 0xcf1836695a5f4c9d48ba3ef1c7748002e20c9ab762eca76dad5fd56f012c40c9 | dep_before=967048280423285
2026-04-20T10:38:16Z | idx 9 | poked (still held) | tx 0x7cdca17c772508308311d829d6b17013bbce9496459c196635e9ae20ffb84379 | dep_before=1117012301587305
2026-04-20T10:38:21Z | idx 20 | poked (still held) | tx 0x4b8380588039a0cae96ff8ad6f3bbbd7e1f8e8d28543d8d5fa0c9f699f9b980c | dep_before=532814153439157
2026-04-20T10:38:26Z | idx 21 | poked (still held) | tx 0xe9b495e6feefb044d649da5835f5a2ea83c5cea2c73e1c45bfb5ff0c8739a999 | dep_before=232278339947094
2026-04-20T10:38:31Z | idx 26 | poked (still held) | tx 0x29572e31a393a2d36250eb96a57b326655263e76b5ae3c09a9aae9a84dc6816b | dep_before=913329794973548
2026-04-20T10:38:37Z | idx 4 | poked (still held) | tx 0xb71413d24125845c008c7b2f75c6a451149560c3e87e3a007e6b7e57b6586683 | dep_before=3270712466931221
2026-04-20T10:38:42Z | idx 22 | poked (still held) | tx 0xccc332e80cd0f44151c0e9a1d9422ad754d7b284a7ff9895c8f5c5e5bd9d02c8 | dep_before=3872999669312174
2026-04-20T10:38:47Z | idx 60 | poked (still held) | tx 0xd074367b41254babf84a3b173ca598719ab8ce778d69ca9a13e0cce97e568687 | dep_before=1213613458994712
2026-04-20T10:38:52Z | idx 62 | poked (still held) | tx 0x553ad07d7889ce81459d910d764ee2bce594a5bf6510befaf8bf46db00d64a89 | dep_before=1400256514550267
2026-04-20T10:38:57Z | idx 96 | poked (still held) | tx 0xa797358cd2de87766d707e1909111452d09c3808e8de3ba8d27f9a6e6c41b4fe | dep_before=1228650462962968
2026-04-20T10:39:00Z | summary | poked=20 foreclosed=0 already=0 non_target=0 failed=0
2026-04-20T10:39:00Z | === run end ===
2026-04-20T15:00:01Z | === run start ===
2026-04-20T15:00:01Z | idx 63 | owner  not in target set (skip)
2026-04-20T15:00:01Z | idx 64 | owner  not in target set (skip)
2026-04-20T15:00:01Z | idx 72 | owner  not in target set (skip)
2026-04-20T15:00:01Z | idx 73 | owner  not in target set (skip)
2026-04-20T15:00:01Z | idx 95 | owner  not in target set (skip)
2026-04-20T15:00:01Z | idx 57 | owner  not in target set (skip)
2026-04-20T15:00:01Z | idx 75 | owner  not in target set (skip)
2026-04-20T15:00:01Z | idx 85 | owner  not in target set (skip)
2026-04-20T15:00:01Z | idx 91 | owner  not in target set (skip)
2026-04-20T15:00:01Z | idx 97 | owner  not in target set (skip)
2026-04-20T15:00:01Z | idx 2 | owner  not in target set (skip)
2026-04-20T15:00:01Z | idx 9 | owner  not in target set (skip)
2026-04-20T15:00:01Z | idx 20 | owner  not in target set (skip)
2026-04-20T15:00:01Z | idx 21 | owner  not in target set (skip)
2026-04-20T15:00:01Z | idx 26 | owner  not in target set (skip)
2026-04-20T15:00:01Z | idx 4 | owner  not in target set (skip)
2026-04-20T15:00:01Z | idx 22 | owner  not in target set (skip)
2026-04-20T15:00:01Z | idx 60 | owner  not in target set (skip)
2026-04-20T15:00:01Z | idx 62 | owner  not in target set (skip)
2026-04-20T15:00:01Z | idx 96 | owner  not in target set (skip)
2026-04-20T15:00:01Z | summary | poked=0 foreclosed=0 already=0 non_target=20 failed=0
2026-04-20T15:00:01Z | === run end ===
2026-04-20T21:00:01Z | === run start ===
2026-04-20T21:00:01Z | idx 63 | owner  not in target set (skip)
2026-04-20T21:00:01Z | idx 64 | owner  not in target set (skip)
2026-04-20T21:00:01Z | idx 72 | owner  not in target set (skip)
2026-04-20T21:00:01Z | idx 73 | owner  not in target set (skip)
2026-04-20T21:00:01Z | idx 95 | owner  not in target set (skip)
2026-04-20T21:00:01Z | idx 57 | owner  not in target set (skip)
2026-04-20T21:00:01Z | idx 75 | owner  not in target set (skip)
2026-04-20T21:00:01Z | idx 85 | owner  not in target set (skip)
2026-04-20T21:00:01Z | idx 91 | owner  not in target set (skip)
2026-04-20T21:00:01Z | idx 97 | owner  not in target set (skip)
2026-04-20T21:00:01Z | idx 2 | owner  not in target set (skip)
2026-04-20T21:00:01Z | idx 9 | owner  not in target set (skip)
2026-04-20T21:00:01Z | idx 20 | owner  not in target set (skip)
2026-04-20T21:00:01Z | idx 21 | owner  not in target set (skip)
2026-04-20T21:00:01Z | idx 26 | owner  not in target set (skip)
2026-04-20T21:00:01Z | idx 4 | owner  not in target set (skip)
2026-04-20T21:00:01Z | idx 22 | owner  not in target set (skip)
2026-04-20T21:00:01Z | idx 60 | owner  not in target set (skip)
2026-04-20T21:00:01Z | idx 62 | owner  not in target set (skip)
2026-04-20T21:00:01Z | idx 96 | owner  not in target set (skip)
2026-04-20T21:00:01Z | summary | poked=0 foreclosed=0 already=0 non_target=20 failed=0
2026-04-20T21:00:01Z | === run end ===
2026-04-21T03:00:01Z | === run start ===
2026-04-21T03:00:01Z | idx 63 | owner  not in target set (skip)
2026-04-21T03:00:01Z | idx 64 | owner  not in target set (skip)
2026-04-21T03:00:01Z | idx 72 | owner  not in target set (skip)
2026-04-21T03:00:01Z | idx 73 | owner  not in target set (skip)
2026-04-21T03:00:01Z | idx 95 | owner  not in target set (skip)
2026-04-21T03:00:01Z | idx 57 | owner  not in target set (skip)
2026-04-21T03:00:01Z | idx 75 | owner  not in target set (skip)
2026-04-21T03:00:01Z | idx 85 | owner  not in target set (skip)
2026-04-21T03:00:01Z | idx 91 | owner  not in target set (skip)
2026-04-21T03:00:01Z | idx 97 | owner  not in target set (skip)
2026-04-21T03:00:01Z | idx 2 | owner  not in target set (skip)
2026-04-21T03:00:01Z | idx 9 | owner  not in target set (skip)
2026-04-21T03:00:01Z | idx 20 | owner  not in target set (skip)
2026-04-21T03:00:01Z | idx 21 | owner  not in target set (skip)
2026-04-21T03:00:01Z | idx 26 | owner  not in target set (skip)
2026-04-21T03:00:01Z | idx 4 | owner  not in target set (skip)
2026-04-21T03:00:01Z | idx 22 | owner  not in target set (skip)
2026-04-21T03:00:01Z | idx 60 | owner  not in target set (skip)
2026-04-21T03:00:01Z | idx 62 | owner  not in target set (skip)
2026-04-21T03:00:01Z | idx 96 | owner  not in target set (skip)
2026-04-21T03:00:01Z | summary | poked=0 foreclosed=0 already=0 non_target=20 failed=0
2026-04-21T03:00:01Z | === run end ===
2026-04-21T09:00:01Z | === run start ===
2026-04-21T09:00:01Z | idx 63 | owner  not in target set (skip)
2026-04-21T09:00:01Z | idx 64 | owner  not in target set (skip)
2026-04-21T09:00:01Z | idx 72 | owner  not in target set (skip)
2026-04-21T09:00:01Z | idx 73 | owner  not in target set (skip)
2026-04-21T09:00:01Z | idx 95 | owner  not in target set (skip)
2026-04-21T09:00:01Z | idx 57 | owner  not in target set (skip)
2026-04-21T09:00:01Z | idx 75 | owner  not in target set (skip)
2026-04-21T09:00:01Z | idx 85 | owner  not in target set (skip)
2026-04-21T09:00:01Z | idx 91 | owner  not in target set (skip)
2026-04-21T09:00:01Z | idx 97 | owner  not in target set (skip)
2026-04-21T09:00:01Z | idx 2 | owner  not in target set (skip)
2026-04-21T09:00:01Z | idx 9 | owner  not in target set (skip)
2026-04-21T09:00:01Z | idx 20 | owner  not in target set (skip)
2026-04-21T09:00:01Z | idx 21 | owner  not in target set (skip)
2026-04-21T09:00:01Z | idx 26 | owner  not in target set (skip)
2026-04-21T09:00:01Z | idx 4 | owner  not in target set (skip)
2026-04-21T09:00:01Z | idx 22 | owner  not in target set (skip)
2026-04-21T09:00:01Z | idx 60 | owner  not in target set (skip)
2026-04-21T09:00:01Z | idx 62 | owner  not in target set (skip)
2026-04-21T09:00:01Z | idx 96 | owner  not in target set (skip)
2026-04-21T09:00:01Z | summary | poked=0 foreclosed=0 already=0 non_target=20 failed=0
2026-04-21T09:00:01Z | === run end ===
2026-04-21T15:00:01Z | === run start ===
2026-04-21T15:00:01Z | idx 63 | owner  not in target set (skip)
2026-04-21T15:00:01Z | idx 64 | owner  not in target set (skip)
2026-04-21T15:00:01Z | idx 72 | owner  not in target set (skip)
2026-04-21T15:00:01Z | idx 73 | owner  not in target set (skip)
2026-04-21T15:00:01Z | idx 95 | owner  not in target set (skip)
2026-04-21T15:00:01Z | idx 57 | owner  not in target set (skip)
2026-04-21T15:00:01Z | idx 75 | owner  not in target set (skip)
2026-04-21T15:00:01Z | idx 85 | owner  not in target set (skip)
2026-04-21T15:00:01Z | idx 91 | owner  not in target set (skip)
2026-04-21T15:00:01Z | idx 97 | owner  not in target set (skip)
2026-04-21T15:00:01Z | idx 2 | owner  not in target set (skip)
2026-04-21T15:00:01Z | idx 9 | owner  not in target set (skip)
2026-04-21T15:00:01Z | idx 20 | owner  not in target set (skip)
2026-04-21T15:00:01Z | idx 21 | owner  not in target set (skip)
2026-04-21T15:00:01Z | idx 26 | owner  not in target set (skip)
2026-04-21T15:00:01Z | idx 4 | owner  not in target set (skip)
2026-04-21T15:00:01Z | idx 22 | owner  not in target set (skip)
2026-04-21T15:00:01Z | idx 60 | owner  not in target set (skip)
2026-04-21T15:00:01Z | idx 62 | owner  not in target set (skip)
2026-04-21T15:00:01Z | idx 96 | owner  not in target set (skip)
2026-04-21T15:00:01Z | summary | poked=0 foreclosed=0 already=0 non_target=20 failed=0
2026-04-21T15:00:01Z | === run end ===
2026-04-21T21:00:01Z | === run start ===
2026-04-21T21:00:01Z | idx 63 | owner  not in target set (skip)
2026-04-21T21:00:01Z | idx 64 | owner  not in target set (skip)
2026-04-21T21:00:01Z | idx 72 | owner  not in target set (skip)
2026-04-21T21:00:01Z | idx 73 | owner  not in target set (skip)
2026-04-21T21:00:01Z | idx 95 | owner  not in target set (skip)
2026-04-21T21:00:01Z | idx 57 | owner  not in target set (skip)
2026-04-21T21:00:01Z | idx 75 | owner  not in target set (skip)
2026-04-21T21:00:01Z | idx 85 | owner  not in target set (skip)
2026-04-21T21:00:01Z | idx 91 | owner  not in target set (skip)
2026-04-21T21:00:01Z | idx 97 | owner  not in target set (skip)
2026-04-21T21:00:01Z | idx 2 | owner  not in target set (skip)
2026-04-21T21:00:01Z | idx 9 | owner  not in target set (skip)
2026-04-21T21:00:01Z | idx 20 | owner  not in target set (skip)
2026-04-21T21:00:01Z | idx 21 | owner  not in target set (skip)
2026-04-21T21:00:01Z | idx 26 | owner  not in target set (skip)
2026-04-21T21:00:01Z | idx 4 | owner  not in target set (skip)
2026-04-21T21:00:01Z | idx 22 | owner  not in target set (skip)
2026-04-21T21:00:01Z | idx 60 | owner  not in target set (skip)
2026-04-21T21:00:01Z | idx 62 | owner  not in target set (skip)
2026-04-21T21:00:01Z | idx 96 | owner  not in target set (skip)
2026-04-21T21:00:01Z | summary | poked=0 foreclosed=0 already=0 non_target=20 failed=0
2026-04-21T21:00:01Z | === run end ===
2026-04-22T03:00:01Z | === run start ===
2026-04-22T03:00:01Z | idx 63 | owner  not in target set (skip)
2026-04-22T03:00:01Z | idx 64 | owner  not in target set (skip)
2026-04-22T03:00:01Z | idx 72 | owner  not in target set (skip)
2026-04-22T03:00:01Z | idx 73 | owner  not in target set (skip)
2026-04-22T03:00:01Z | idx 95 | owner  not in target set (skip)
2026-04-22T03:00:01Z | idx 57 | owner  not in target set (skip)
2026-04-22T03:00:01Z | idx 75 | owner  not in target set (skip)
2026-04-22T03:00:01Z | idx 85 | owner  not in target set (skip)
2026-04-22T03:00:01Z | idx 91 | owner  not in target set (skip)
2026-04-22T03:00:01Z | idx 97 | owner  not in target set (skip)
2026-04-22T03:00:01Z | idx 2 | owner  not in target set (skip)
2026-04-22T03:00:01Z | idx 9 | owner  not in target set (skip)
2026-04-22T03:00:01Z | idx 20 | owner  not in target set (skip)
2026-04-22T03:00:01Z | idx 21 | owner  not in target set (skip)
2026-04-22T03:00:01Z | idx 26 | owner  not in target set (skip)
2026-04-22T03:00:01Z | idx 4 | owner  not in target set (skip)
2026-04-22T03:00:01Z | idx 22 | owner  not in target set (skip)
2026-04-22T03:00:01Z | idx 60 | owner  not in target set (skip)
2026-04-22T03:00:01Z | idx 62 | owner  not in target set (skip)
2026-04-22T03:00:01Z | idx 96 | owner  not in target set (skip)
2026-04-22T03:00:01Z | summary | poked=0 foreclosed=0 already=0 non_target=20 failed=0
2026-04-22T03:00:01Z | === run end ===
2026-04-22T09:00:01Z | === run start ===
2026-04-22T09:00:01Z | idx 63 | owner  not in target set (skip)
2026-04-22T09:00:01Z | idx 64 | owner  not in target set (skip)
2026-04-22T09:00:01Z | idx 72 | owner  not in target set (skip)
2026-04-22T09:00:01Z | idx 73 | owner  not in target set (skip)
2026-04-22T09:00:01Z | idx 95 | owner  not in target set (skip)
2026-04-22T09:00:01Z | idx 57 | owner  not in target set (skip)
2026-04-22T09:00:01Z | idx 75 | owner  not in target set (skip)
2026-04-22T09:00:01Z | idx 85 | owner  not in target set (skip)
2026-04-22T09:00:01Z | idx 91 | owner  not in target set (skip)
2026-04-22T09:00:01Z | idx 97 | owner  not in target set (skip)
2026-04-22T09:00:01Z | idx 2 | owner  not in target set (skip)
2026-04-22T09:00:01Z | idx 9 | owner  not in target set (skip)
2026-04-22T09:00:01Z | idx 20 | owner  not in target set (skip)
2026-04-22T09:00:01Z | idx 21 | owner  not in target set (skip)
2026-04-22T09:00:01Z | idx 26 | owner  not in target set (skip)
2026-04-22T09:00:01Z | idx 4 | owner  not in target set (skip)
2026-04-22T09:00:01Z | idx 22 | owner  not in target set (skip)
2026-04-22T09:00:01Z | idx 60 | owner  not in target set (skip)
2026-04-22T09:00:01Z | idx 62 | owner  not in target set (skip)
2026-04-22T09:00:01Z | idx 96 | owner  not in target set (skip)
2026-04-22T09:00:01Z | summary | poked=0 foreclosed=0 already=0 non_target=20 failed=0
2026-04-22T09:00:01Z | === run end ===
2026-04-22T15:00:01Z | === run start ===
2026-04-22T15:00:01Z | idx 63 | owner  not in target set (skip)
2026-04-22T15:00:01Z | idx 64 | owner  not in target set (skip)
2026-04-22T15:00:01Z | idx 72 | owner  not in target set (skip)
2026-04-22T15:00:01Z | idx 73 | owner  not in target set (skip)
2026-04-22T15:00:01Z | idx 95 | owner  not in target set (skip)
2026-04-22T15:00:01Z | idx 57 | owner  not in target set (skip)
2026-04-22T15:00:01Z | idx 75 | owner  not in target set (skip)
2026-04-22T15:00:01Z | idx 85 | owner  not in target set (skip)
2026-04-22T15:00:01Z | idx 91 | owner  not in target set (skip)
2026-04-22T15:00:01Z | idx 97 | owner  not in target set (skip)
2026-04-22T15:00:01Z | idx 2 | owner  not in target set (skip)
2026-04-22T15:00:01Z | idx 9 | owner  not in target set (skip)
2026-04-22T15:00:01Z | idx 20 | owner  not in target set (skip)
2026-04-22T15:00:01Z | idx 21 | owner  not in target set (skip)
2026-04-22T15:00:01Z | idx 26 | owner  not in target set (skip)
2026-04-22T15:00:01Z | idx 4 | owner  not in target set (skip)
2026-04-22T15:00:01Z | idx 22 | owner  not in target set (skip)
2026-04-22T15:00:01Z | idx 60 | owner  not in target set (skip)
2026-04-22T15:00:01Z | idx 62 | owner  not in target set (skip)
2026-04-22T15:00:01Z | idx 96 | owner  not in target set (skip)
2026-04-22T15:00:01Z | summary | poked=0 foreclosed=0 already=0 non_target=20 failed=0
2026-04-22T15:00:01Z | === run end ===
2026-04-22T20:31:36Z | === run start ===
2026-04-22T20:31:38Z | idx 63 | poked (still held) | tx 0xcb4469ac200bac4ad194ea961c172ef7945c52cfaf828ff1aecc8eba30eadde0 | dep_before=1051835648148153
2026-04-22T20:31:43Z | idx 64 | poked (still held) | tx 0xa91fe25603fd8d2665c47b24bdb63ce75e0cc6dd0824e2394aa55e31d40c71a4 | dep_before=1041145502645509
2026-04-22T20:31:49Z | idx 72 | poked (still held) | tx 0x4e0e14b2d748e4d6fd4b27b48542f4bf9fd2352a8da1c4ee93980b66fc1dd52a | dep_before=1414876488095245
2026-04-22T20:31:54Z | idx 73 | poked (still held) | tx 0xed5d297156e8c88911dbdfd3a7b4a477e1b22ed707f9508643425d3cdfad76f3 | dep_before=1199804960317464
2026-04-22T20:31:59Z | idx 95 | poked (still held) | tx 0x2f44b454f90df182a9df5b7b7c66c998839c01fc04f368c126926c8193bd65fd | dep_before=905122817460322
2026-04-22T20:32:04Z | idx 57 | poked (still held) | tx 0x452fcad6348110c47495dce76c34a33a4e7bce537dc94eda0412b6446f9c5dfb | dep_before=1215897387566142
2026-04-22T20:32:09Z | idx 75 | poked (still held) | tx 0x0fa9802ec77032e4375ca3f17c691d40f37ac830ef05ae2f96b4714e45e0c027 | dep_before=971077414021170
2026-04-22T20:32:15Z | idx 85 | FORECLOSED via poke | tx 0x90f8343a26a2514f1d454a9ca94d9db9e149276cc5db6c688f1abb9aa62c73d7
2026-04-22T20:32:20Z | idx 91 | poked (still held) | tx 0x9af4f53539986a91409b96b4e1ee0e3889c69cbcd98825baaa31a0f11c3e27ae | dep_before=1468226388888894
2026-04-22T20:32:26Z | idx 97 | poked (still held) | tx 0xb07e27ed6c30246a48e3cdddb7dfa1598313d5dc8fa1231006b4b06efd50b3a3 | dep_before=1252326388888893
2026-04-22T20:32:31Z | idx 2 | poked (still held) | tx 0x63b43f06f2c9ad47efa2267ef058a02180aba3050671680a9d381cb0be8b1b18 | dep_before=922483134920640
2026-04-22T20:32:36Z | idx 9 | poked (still held) | tx 0x7a340ab99eedec8d11174350e405df30ccdf4bedf3f9e263a8e9231ade5e585f | dep_before=1072447156084660
2026-04-22T20:32:41Z | idx 20 | poked (still held) | tx 0x8a1cc3235e625b281da53d4a0bb02f9edaf1d5521c6808a6a3b186afa02f70c6 | dep_before=488249007936512
2026-04-22T20:32:46Z | idx 21 | poked (still held) | tx 0x006d7bc2d28a158475d3fb9dee30f152718774d7ef529774d24b3b4e5e6670f6 | dep_before=187714847883602
2026-04-22T20:32:52Z | idx 26 | poked (still held) | tx 0xc7ca27c64b554ccd182d1c0d5e0d9ff8ad8ae4fb04aecf2412580070f4374ac7 | dep_before=868766302910056
2026-04-22T20:32:59Z | idx 4 | poked (still held) | tx 0xe8fe263cdadc261fa11bf6b88bc2da6d7383f836def39f43288f301bd7ac8cd4 | dep_before=3226148974867729
2026-04-22T20:33:04Z | idx 22 | poked (still held) | tx 0xd6c8cb2d4d378bf46510c973f7a81fa0a6f6a06de737d97da37bd61f3bce59e2 | dep_before=3828436177248682
2026-04-22T20:33:09Z | idx 60 | poked (still held) | tx 0x0ed3c51936c35ea3f0d2afa4a5687a0c58f0d2031aa962061610fbfc976b6fe3 | dep_before=1169051620370374
2026-04-22T20:33:15Z | idx 62 | poked (still held) | tx 0x7ee19e9659ca6e6965df639fc9c7cb9e44ea31bfb7027a69302c0ede32084a66 | dep_before=1355693022486775
2026-04-22T20:33:20Z | idx 96 | poked (still held) | tx 0x83f5b30e238bac4aeceb7b5f76409a21ce9ac0d3484b4beaf235eedc48047598 | dep_before=1184086970899476
2026-04-22T20:33:23Z | summary | poked=19 foreclosed=1 already=0 non_target=0 failed=0
2026-04-22T20:33:23Z | === run end ===
2026-04-22T20:35:04Z | === run start ===
2026-04-22T20:35:06Z | idx 63 | poked (still held) | tx 0xe3a3d8194913a67df93c3fa78df4ec1da8ddd562707ce0829c0532391bf35b2a | dep_before=879496031746037
2026-04-22T20:35:12Z | idx 64 | poked (still held) | tx 0x2f487c4c384238a32599941d8b940f668038e5a68976570dfcda3679659eaf6f | dep_before=868805886243393
2026-04-22T20:35:17Z | idx 72 | poked (still held) | tx 0x600633aad24fc8cfac7058144f77793d711ba8a33f0544eb23136f353406acc6 | dep_before=1242536871693129
2026-04-22T20:35:23Z | idx 73 | poked (still held) | tx 0x83e77fb651ced1281aeb794d2dea2cdd3b3a6fad3da0710aac48292da0e7c0e5 | dep_before=1027465343915348
2026-04-22T20:35:28Z | idx 95 | poked (still held) | tx 0x4013a3bea8f1f11e93ec087440db2f4ac68eca9151f2806d9a516e64f3ae350b | dep_before=732783201058206
2026-04-22T20:35:33Z | idx 57 | poked (still held) | tx 0x8d274bb45eb5558b2413ee593e3e0fb685543816f22e4f967073f2d0c2952d1b | dep_before=1043557771164026
2026-04-22T20:35:38Z | idx 75 | poked (still held) | tx 0xd35f9db884af9f031c579d6d45202b93a9425aaa02f3eca9e1bebe27354b3d5a | dep_before=798737797619054
2026-04-22T20:35:42Z | idx 85 | already foreclosed (skip)
2026-04-22T20:35:44Z | idx 91 | poked (still held) | tx 0x5f14debd2bcaea6a7bcc08c5ef24c2692868dfab87d479e0e6f0d2340fde4028 | dep_before=1295888425925932
2026-04-22T20:35:50Z | idx 97 | poked (still held) | tx 0xe133179d5f5c5b642e8a8087fc048787aad736ea60c4251d58744cf8ec3fe9a1 | dep_before=1079986772486777
2026-04-22T20:35:55Z | idx 2 | poked (still held) | tx 0xb9594e67bf404a96ed561ef7d346a51dbeb64acdd40d3290fec13b04fa264654 | dep_before=750145171957678
2026-04-22T20:36:01Z | idx 9 | poked (still held) | tx 0xebaaf710d9e63eab694e5ea4950aa72b40e59477788c7b932608c9cdaf5a86e6 | dep_before=900109193121698
2026-04-22T20:36:06Z | idx 20 | poked (still held) | tx 0xd8015a46c7cbfeb763d706d24b771293d5363ee3b0a9c77afef2f9d3b91f58b2 | dep_before=315911044973550
2026-04-22T20:36:11Z | idx 21 | poked (still held) | tx 0xff6e4a9ac7f62dcbfb4bdd45a1e2182684d9ebe67fba0fd49115de54cf17e77e | dep_before=15376884920640
2026-04-22T20:36:16Z | idx 26 | poked (still held) | tx 0x6adeb9e7645263f1e6aba9412b96e246b294f4f01efbab1d33e5b06587e6f4f7 | dep_before=696428339947094
2026-04-22T20:36:22Z | idx 4 | poked (still held) | tx 0xc5a50058526b56def29c6153c0e7fdb6fb1fe0c67e816c2e825b1407fbab3bfb | dep_before=3053809358465613
2026-04-22T20:36:27Z | idx 22 | poked (still held) | tx 0x628a62c11e2e48be1b0e684fd5a0faf7d2c15b26e33041d4457454b5c897c844 | dep_before=3656096560846566
2026-04-22T20:36:32Z | idx 60 | poked (still held) | tx 0x3408155976c03f6b51b70aced895fbc50933c3c99f9467590de81955325a3534 | dep_before=996710350529105
2026-04-22T20:36:38Z | idx 62 | poked (still held) | tx 0xef1a848b8ce6eae6122a3af3637e3068bf14f923c758179eb95c6370159d088a | dep_before=1183353406084659
2026-04-22T20:36:43Z | idx 96 | poked (still held) | tx 0x8d0c416cc8051bcada2c9f40c1ccdedac5dd99b9f1d43ad88ac9d60c069d955a | dep_before=1011747354497360
2026-04-22T20:36:46Z | summary | poked=19 foreclosed=0 already=1 non_target=0 failed=0
2026-04-22T20:36:46Z | === run end ===
2026-04-22T21:00:01Z | === run start ===
2026-04-22T21:00:01Z | idx 63 | owner  not in target set (skip)
2026-04-22T21:00:01Z | idx 64 | owner  not in target set (skip)
2026-04-22T21:00:01Z | idx 72 | owner  not in target set (skip)
2026-04-22T21:00:01Z | idx 73 | owner  not in target set (skip)
2026-04-22T21:00:01Z | idx 95 | owner  not in target set (skip)
2026-04-22T21:00:01Z | idx 57 | owner  not in target set (skip)
2026-04-22T21:00:01Z | idx 75 | owner  not in target set (skip)
2026-04-22T21:00:01Z | idx 85 | owner  not in target set (skip)
2026-04-22T21:00:01Z | idx 91 | owner  not in target set (skip)
2026-04-22T21:00:01Z | idx 97 | owner  not in target set (skip)
2026-04-22T21:00:01Z | idx 2 | owner  not in target set (skip)
2026-04-22T21:00:01Z | idx 9 | owner  not in target set (skip)
2026-04-22T21:00:01Z | idx 20 | owner  not in target set (skip)
2026-04-22T21:00:01Z | idx 21 | owner  not in target set (skip)
2026-04-22T21:00:01Z | idx 26 | owner  not in target set (skip)
2026-04-22T21:00:01Z | idx 4 | owner  not in target set (skip)
2026-04-22T21:00:01Z | idx 22 | owner  not in target set (skip)
2026-04-22T21:00:01Z | idx 60 | owner  not in target set (skip)
2026-04-22T21:00:01Z | idx 62 | owner  not in target set (skip)
2026-04-22T21:00:01Z | idx 96 | owner  not in target set (skip)
2026-04-22T21:00:01Z | summary | poked=0 foreclosed=0 already=0 non_target=20 failed=0
2026-04-22T21:00:01Z | === run end ===
2026-04-23T03:00:01Z | === run start ===
2026-04-23T03:00:01Z | idx 63 | owner  not in target set (skip)
2026-04-23T03:00:01Z | idx 64 | owner  not in target set (skip)
2026-04-23T03:00:01Z | idx 72 | owner  not in target set (skip)
2026-04-23T03:00:01Z | idx 73 | owner  not in target set (skip)
2026-04-23T03:00:01Z | idx 95 | owner  not in target set (skip)
2026-04-23T03:00:01Z | idx 57 | owner  not in target set (skip)
2026-04-23T03:00:01Z | idx 75 | owner  not in target set (skip)
2026-04-23T03:00:01Z | idx 85 | owner  not in target set (skip)
2026-04-23T03:00:01Z | idx 91 | owner  not in target set (skip)
2026-04-23T03:00:01Z | idx 97 | owner  not in target set (skip)
2026-04-23T03:00:01Z | idx 2 | owner  not in target set (skip)
2026-04-23T03:00:01Z | idx 9 | owner  not in target set (skip)
2026-04-23T03:00:01Z | idx 20 | owner  not in target set (skip)
2026-04-23T03:00:01Z | idx 21 | owner  not in target set (skip)
2026-04-23T03:00:01Z | idx 26 | owner  not in target set (skip)
2026-04-23T03:00:01Z | idx 4 | owner  not in target set (skip)
2026-04-23T03:00:01Z | idx 22 | owner  not in target set (skip)
2026-04-23T03:00:01Z | idx 60 | owner  not in target set (skip)
2026-04-23T03:00:01Z | idx 62 | owner  not in target set (skip)
2026-04-23T03:00:01Z | idx 96 | owner  not in target set (skip)
2026-04-23T03:00:01Z | summary | poked=0 foreclosed=0 already=0 non_target=20 failed=0
2026-04-23T03:00:01Z | === run end ===
2026-04-23T09:00:01Z | === run start ===
2026-04-23T09:00:01Z | idx 63 | owner  not in target set (skip)
2026-04-23T09:00:01Z | idx 64 | owner  not in target set (skip)
2026-04-23T09:00:01Z | idx 72 | owner  not in target set (skip)
2026-04-23T09:00:01Z | idx 73 | owner  not in target set (skip)
2026-04-23T09:00:01Z | idx 95 | owner  not in target set (skip)
2026-04-23T09:00:01Z | idx 57 | owner  not in target set (skip)
2026-04-23T09:00:01Z | idx 75 | owner  not in target set (skip)
2026-04-23T09:00:01Z | idx 85 | owner  not in target set (skip)
2026-04-23T09:00:01Z | idx 91 | owner  not in target set (skip)
2026-04-23T09:00:01Z | idx 97 | owner  not in target set (skip)
2026-04-23T09:00:01Z | idx 2 | owner  not in target set (skip)
2026-04-23T09:00:01Z | idx 9 | owner  not in target set (skip)
2026-04-23T09:00:01Z | idx 20 | owner  not in target set (skip)
2026-04-23T09:00:01Z | idx 21 | owner  not in target set (skip)
2026-04-23T09:00:01Z | idx 26 | owner  not in target set (skip)
2026-04-23T09:00:01Z | idx 4 | owner  not in target set (skip)
2026-04-23T09:00:01Z | idx 22 | owner  not in target set (skip)
2026-04-23T09:00:01Z | idx 60 | owner  not in target set (skip)
2026-04-23T09:00:01Z | idx 62 | owner  not in target set (skip)
2026-04-23T09:00:01Z | idx 96 | owner  not in target set (skip)
2026-04-23T09:00:01Z | summary | poked=0 foreclosed=0 already=0 non_target=20 failed=0
2026-04-23T09:00:01Z | === run end ===
2026-04-23T14:35:13Z | === run start ===
2026-04-23T14:35:15Z | idx 63 | poked (still held) | tx 0xb2b8100050fb5e1ef4db37a00aaa8bae8d599c70917a2ce14f3eba487ab1e298 | dep_before=879324074074080
2026-04-23T14:35:21Z | idx 64 | poked (still held) | tx 0x0a3b2b13a1ffa4dc20aaf480d0bd88105d9e75f415f029f221e55af3c5551b6d | dep_before=868633928571436
2026-04-23T14:35:26Z | idx 72 | poked (still held) | tx 0x1ee8b3fb2e88e7bf90331acf3633b9f091acf4fa0fc9d5512f00eb91ba494db8 | dep_before=1242363260582018
2026-04-23T14:35:31Z | idx 73 | poked (still held) | tx 0x15efe4c95c71d99269aeaed655c5bbdaf86c2db7257f4aaa6e74daa1cc05215b | dep_before=1027293386243391
2026-04-23T14:35:37Z | idx 95 | poked (still held) | tx 0x457fa2321b260b617411b7d1c1a4a8e568ed671d07e3ddde8b8bec25e9c0ee5d | dep_before=732609589947095
2026-04-23T14:35:42Z | idx 57 | poked (still held) | tx 0x791f416dd079a032397eced1fc7b3580afb44760a0b530c9f288d16fc307dc56 | dep_before=1043384160052915
2026-04-23T14:35:47Z | idx 75 | poked (still held) | tx 0x4c5982e4c3b95ffc67efc2e870fe793320336ac40400a066b1b4e5417c911e88 | dep_before=798565839947097
2026-04-23T14:35:51Z | idx 85 | already foreclosed (skip)
2026-04-23T14:35:55Z | idx 91 | poked (still held) | tx 0xaa0fb4e35925d475af16876e223876c89e5b879867b2fccf68db82fa78ac2f34 | dep_before=1295719775132282
2026-04-23T14:36:00Z | idx 97 | poked (still held) | tx 0x5e54f027c2b1bfa557aba3a74d2e3e56da3c85b4492a5f1c9baee96c5b681ae9 | dep_before=1079818121693127
2026-04-23T14:36:05Z | idx 2 | poked (still held) | tx 0xc5ad750ec8c3e37337a246269cb5cea7b077e28a1d37de93c01e0e0fb18de10c | dep_before=749974867724874
2026-04-23T14:36:11Z | idx 9 | poked (still held) | tx 0x43afa6599d719c5c880c8514c479ba6053ffaaeda6b83d888fe1def1534fab8e | dep_before=899940542328048
2026-04-23T14:36:16Z | idx 20 | poked (still held) | tx 0x97461d54c441e1e162e7640508a82dbf242f6d3611d7b7a7549123f890878d88 | dep_before=315742394179900
2026-04-23T14:36:22Z | idx 21 | poked (still held) | tx 0xb16f6ffd130a3f27a072279e62ec2db3e2ca4df09ce66f334a284c082048ec47 | dep_before=15206580687836
2026-04-23T14:36:29Z | idx 26 | poked (still held) | tx 0x70bfa9617225265d62269df88f0bfbb1ec10229a0620c207f01b46975af8cf34 | dep_before=696259689153444
2026-04-23T14:36:34Z | idx 4 | poked (still held) | tx 0x999de8d474c346ebe8cf84285062498a3cf4e1f762a410f2c9671f2a11f5efde | dep_before=3053640707671963
2026-04-23T14:36:39Z | idx 22 | poked (still held) | tx 0xcb125c12680f9ae1ca6f09530c176c5c2e88be5468fa4f8b11075aa57bd65bf5 | dep_before=3655929563492069
2026-04-23T14:36:44Z | idx 60 | poked (still held) | tx 0xc00651a596d6941fd764ea885b2038ca41d0728455f91b5f0914df115a22c479 | dep_before=996543353174608
2026-04-23T14:36:50Z | idx 62 | poked (still held) | tx 0xb707b0e2db61b41d1fc73c439c93fb9d403dd7aa219bd4e5ba33641e07cd107b | dep_before=1183184755291009
2026-04-23T14:36:55Z | idx 96 | poked (still held) | tx 0xabdd54560b2af2f6c602621f1d9bd48796b93787e414ebfcfa060e6aa8401cd9 | dep_before=1011580357142863
2026-04-23T14:36:58Z | summary | poked=19 foreclosed=0 already=1 non_target=0 failed=0
2026-04-23T14:36:58Z | === run end ===
2026-04-23T15:00:01Z | === run start ===
2026-04-23T15:00:01Z | idx 63 | owner  not in target set (skip)
2026-04-23T15:00:01Z | idx 64 | owner  not in target set (skip)
2026-04-23T15:00:01Z | idx 72 | owner  not in target set (skip)
2026-04-23T15:00:01Z | idx 73 | owner  not in target set (skip)
2026-04-23T15:00:01Z | idx 95 | owner  not in target set (skip)
2026-04-23T15:00:01Z | idx 57 | owner  not in target set (skip)
2026-04-23T15:00:01Z | idx 75 | owner  not in target set (skip)
2026-04-23T15:00:01Z | idx 85 | owner  not in target set (skip)
2026-04-23T15:00:01Z | idx 91 | owner  not in target set (skip)
2026-04-23T15:00:01Z | idx 97 | owner  not in target set (skip)
2026-04-23T15:00:01Z | idx 2 | owner  not in target set (skip)
2026-04-23T15:00:01Z | idx 9 | owner  not in target set (skip)
2026-04-23T15:00:01Z | idx 20 | owner  not in target set (skip)
2026-04-23T15:00:01Z | idx 21 | owner  not in target set (skip)
2026-04-23T15:00:01Z | idx 26 | owner  not in target set (skip)
2026-04-23T15:00:01Z | idx 4 | owner  not in target set (skip)
2026-04-23T15:00:01Z | idx 22 | owner  not in target set (skip)
2026-04-23T15:00:01Z | idx 60 | owner  not in target set (skip)
2026-04-23T15:00:01Z | idx 62 | owner  not in target set (skip)
2026-04-23T15:00:01Z | idx 96 | owner  not in target set (skip)
2026-04-23T15:00:01Z | summary | poked=0 foreclosed=0 already=0 non_target=20 failed=0
2026-04-23T15:00:01Z | === run end ===
2026-04-23T21:00:01Z | === run start ===
2026-04-23T21:00:01Z | idx 63 | owner  not in target set (skip)
2026-04-23T21:00:01Z | idx 64 | owner  not in target set (skip)
2026-04-23T21:00:01Z | idx 72 | owner  not in target set (skip)
2026-04-23T21:00:01Z | idx 73 | owner  not in target set (skip)
2026-04-23T21:00:01Z | idx 95 | owner  not in target set (skip)
2026-04-23T21:00:01Z | idx 57 | owner  not in target set (skip)
2026-04-23T21:00:01Z | idx 75 | owner  not in target set (skip)
2026-04-23T21:00:01Z | idx 85 | owner  not in target set (skip)
2026-04-23T21:00:01Z | idx 91 | owner  not in target set (skip)
2026-04-23T21:00:01Z | idx 97 | owner  not in target set (skip)
2026-04-23T21:00:01Z | idx 2 | owner  not in target set (skip)
2026-04-23T21:00:01Z | idx 9 | owner  not in target set (skip)
2026-04-23T21:00:01Z | idx 20 | owner  not in target set (skip)
2026-04-23T21:00:01Z | idx 21 | owner  not in target set (skip)
2026-04-23T21:00:01Z | idx 26 | owner  not in target set (skip)
2026-04-23T21:00:01Z | idx 4 | owner  not in target set (skip)
2026-04-23T21:00:01Z | idx 22 | owner  not in target set (skip)
2026-04-23T21:00:01Z | idx 60 | owner  not in target set (skip)
2026-04-23T21:00:01Z | idx 62 | owner  not in target set (skip)
2026-04-23T21:00:01Z | idx 96 | owner  not in target set (skip)
2026-04-23T21:00:01Z | summary | poked=0 foreclosed=0 already=0 non_target=20 failed=0
2026-04-23T21:00:01Z | === run end ===
2026-04-24T01:40:40Z | === run start ===
2026-04-24T01:40:42Z | idx 63 | poked (still held) | tx 0xd09b8909495b0d8ddbbbd24e90367a050ee9f2fbffe0c5836e143d65ea859da8 | dep_before=825744378306885
2026-04-24T01:40:48Z | idx 64 | poked (still held) | tx 0x37a7170d12662d3872d64907fe30cc17bc6b8c1bc0d78b5f142b898fc1e42d23 | dep_before=815055886243394
2026-04-24T01:40:54Z | idx 72 | poked (still held) | tx 0x3322a651fac50e5d9f98a11e2a412c2431e24d3552c1e404b340995943cc0fa5 | dep_before=1188785218253976
2026-04-24T01:40:59Z | idx 73 | poked (still held) | tx 0xa29d5035695318693bcc4b151125d460dbf6499875f7b1aaf8f16405b1b41d0f | dep_before=973713690476196
2026-04-24T01:41:04Z | idx 95 | poked (still held) | tx 0x2711152a4e956b537ecf44bd9873484d44a78714e9ef5534e36258df8b3f2194 | dep_before=679031547619053
2026-04-24T01:41:10Z | idx 57 | poked (still held) | tx 0x722e655cfb3f10a7fa9ef16b26acd7ffb315ae4948fa3d2a18ba627010958f5d | dep_before=989806117724873
2026-04-24T01:41:15Z | idx 75 | poked (still held) | tx 0x3df45bf804433c2854314c58c93c09c94e9006c556202b6f45ffd39d44d1983c | dep_before=744986144179902
2026-04-24T01:41:19Z | idx 85 | already foreclosed (skip)
2026-04-24T01:41:21Z | idx 91 | poked (still held) | tx 0x194f5b244798199d931af98e47313aab34a509926973f9405950f2a841919c80 | dep_before=1242140079365087
2026-04-24T01:41:27Z | idx 97 | poked (still held) | tx 0xc78c8242a48119e074444229b1eabb36119c3714e2e1a29fa8b3eaa1fe40f529 | dep_before=1026238425925932
2026-04-24T01:41:32Z | idx 2 | poked (still held) | tx 0x99837559101c0c8e0ac89f880a69be13c18823967134ea8fca3088811b1662c9 | dep_before=696395171957679
2026-04-24T01:41:38Z | idx 9 | poked (still held) | tx 0x38b1d5ec3985a456cddda7f64df975a615ed5daf6a17a8aaf575ed5a07fb618e | dep_before=846360846560853
2026-04-24T01:41:45Z | idx 20 | poked (still held) | tx 0xbde5010f16351062850018f79d876113f9c8bbd68f8908db7ced5f867655c0a9 | dep_before=262162698412705
2026-04-24T01:41:48Z | idx 21 | already foreclosed (skip)
2026-04-24T01:41:51Z | idx 26 | poked (still held) | tx 0x88d6c1f310a01509da3425435ff2e3864bb80f3e4f5d71f4f4cda5d6e9636239 | dep_before=642678339947095
2026-04-24T01:41:56Z | idx 4 | poked (still held) | tx 0x488dd12685f3b399adf698e40dca0701223ec039b2cf90d4ca61307b49b33445 | dep_before=3000059358465614
2026-04-24T01:42:03Z | idx 22 | poked (still held) | tx 0xf4042bb42278cc7736d7387aae392916ecf3b738bbf9910b462ae9c73f5ff2e2 | dep_before=3602346560846567
2026-04-24T01:42:09Z | idx 60 | poked (still held) | tx 0xae029c97ece837ea76f86ac65dfa593757b3ed2c86ccf2f8795eca9c853eecd4 | dep_before=942962003968259
2026-04-24T01:42:14Z | idx 62 | poked (still held) | tx 0x2c71856e3b79d96f3903105023d591bf3262917e33247af0f58a60d3fe9ff75b | dep_before=1129603406084660
2026-04-24T01:42:20Z | idx 96 | poked (still held) | tx 0x4fbe0318e94f7f2d49c73b489f14a8f5e8a1f267d2cb681c3d2be795f72a9e2c | dep_before=957999007936514
2026-04-24T01:42:23Z | summary | poked=18 foreclosed=0 already=2 non_target=0 failed=0
2026-04-24T01:42:23Z | === run end ===
2026-04-24T02:15:50Z | === run start ===
2026-04-24T02:15:53Z | idx 63 | poked (still held) | tx 0xcfde119a1386f0e7eb2e2dbe13e28e33937fe16affb669938504a2350b3351ad | dep_before=792736772486780
2026-04-24T02:15:58Z | idx 64 | poked (still held) | tx 0x61b674a9f77b2898541d87d230d2cb120f30779e4b1f8ef62fc4d1a45539d673 | dep_before=782046626984135
2026-04-24T02:16:04Z | idx 72 | poked (still held) | tx 0xb41bf06df011f4e7f174c1fe41b4809b5264beb8d2f532bdf3a8051ddd4d3ea2 | dep_before=1155775958994717
2026-04-24T02:16:10Z | idx 73 | poked (still held) | tx 0x6969013cbf4eba19c08a0990ba6a71498d008126766fe2e5e56cb890ed9ccd9a | dep_before=940704431216937
2026-04-24T02:16:15Z | idx 95 | poked (still held) | tx 0xc6c2767a950d7194d2e2fa4d5293432d950768192533d0a8e24361e324226115 | dep_before=646022288359794
2026-04-24T02:16:20Z | idx 57 | poked (still held) | tx 0xcd60766b60a3a5d312d998cceae8a9e6e6c8117624664ad1129c191907ed35b3 | dep_before=956796858465614
2026-04-24T02:16:25Z | idx 75 | poked (still held) | tx 0xb4de80a94b02d6a93ed4cae98a59ebcfe000719b05d6ff51ce0536d6862b3d06 | dep_before=711976884920643
2026-04-24T02:16:29Z | idx 85 | already foreclosed (skip)
2026-04-24T02:16:31Z | idx 91 | poked (still held) | tx 0x26c7dd511f9f43c14ea52c4e026518673d6893ac99b596f225da5b5cbcc81d51 | dep_before=1209130820105828
2026-04-24T02:16:37Z | idx 97 | poked (still held) | tx 0xa63a398398f8f878a307159e2f26f6309158e6965f69a2ad1c98f895c8692fd7 | dep_before=993230820105827
2026-04-24T02:16:42Z | idx 2 | poked (still held) | tx 0xe203ae172f067e14b83392fac2305cb107198d15bd796b0d713f07b842dd0b75 | dep_before=663387566137574
2026-04-24T02:16:48Z | idx 9 | poked (still held) | tx 0xd2ee583e51a596fd3461d0d6f105416c2af439c552c64a21b691b3fd6d840383 | dep_before=813351587301594
2026-04-24T02:16:54Z | idx 20 | poked (still held) | tx 0x3c27f9cfccba59da43d8a5cac389e7f670e94b9fe9a374b0aa500a16e643c18a | dep_before=229153439153446
2026-04-24T02:16:57Z | idx 21 | already foreclosed (skip)
2026-04-24T02:17:00Z | idx 26 | poked (still held) | tx 0x31c0ed5d9fd4d6a7bb999161f17df8863fcdc01caa9666bbc2dba4f9f0c27c33 | dep_before=609674041005297
2026-04-24T02:17:05Z | idx 4 | poked (still held) | tx 0x690b279e09297d0881d1225efb4c0bc9ba0f16bc0b2dead6e68b416f719218db | dep_before=2967055059523816
2026-04-24T02:17:11Z | idx 22 | poked (still held) | tx 0x64f2abec0aa777b05a2b882dc9a2aa6bc896f9c7365762d6142e43b67a17c557 | dep_before=3569342261904769
2026-04-24T02:17:17Z | idx 60 | poked (still held) | tx 0x404f4fbc3ae511b4e6ec64d9afc598664bc3b2eb4978fdf4a10039402234f7ad | dep_before=909956051587307
2026-04-24T02:17:22Z | idx 62 | poked (still held) | tx 0x649b1e288202b77ea7837b4b9be3b01df28ab15bd51e6b555c5e840abef46ab9 | dep_before=1096597453703708
2026-04-24T02:17:28Z | idx 96 | poked (still held) | tx 0x59d3e9ed30d77b4fbd3d8dc36fbaa7b0579d4bedf1b9e207bf14efa65a32c836 | dep_before=924991402116409
2026-04-24T02:17:31Z | summary | poked=18 foreclosed=0 already=2 non_target=0 failed=0
2026-04-24T02:17:31Z | === run end ===
2026-04-24T03:00:01Z | === run start ===
2026-04-24T03:00:04Z | idx 63 | poked (still held) | tx 0x1048e70e8fbcd9361b19d8ed13e6102c5ea01d8a252cd2362dee91a771404f97 | dep_before=790992394179902
2026-04-24T03:00:11Z | idx 64 | poked (still held) | tx 0xce93e8d4094b19cbd90ca9c967c692377c1156242044a77a085e7b6877dac20d | dep_before=780302248677257
2026-04-24T03:00:17Z | idx 72 | poked (still held) | tx 0xe89cd598380fec039f57d073903af2233f79fa2a18ba82e295a111f484c1de24 | dep_before=1154031580687839
2026-04-24T03:00:22Z | idx 73 | poked (still held) | tx 0x5acc35f5e4d488166e5feeb9deae3e2cd96f99751925570a8287e9e89b5679da | dep_before=938960052910059
2026-04-24T03:00:27Z | idx 95 | poked (still held) | tx 0x5905951a9ea3a1a7c65b86c731265fe83e1600de754677f133dd708447af7f17 | dep_before=644277910052916
2026-04-24T03:00:33Z | idx 57 | poked (still held) | tx 0x08d980681c14626971317240f27ea254bb4b0921f8e374348b2dd8154ce9a60c | dep_before=955052480158736
2026-04-24T03:00:38Z | idx 75 | poked (still held) | tx 0x1136d11243f313706db00b2bbaccb9a7d0cd39dfd1bca8a2d6e7e9b16bbfea98 | dep_before=710232506613765
2026-04-24T03:00:41Z | idx 85 | already foreclosed (skip)
2026-04-24T03:00:43Z | idx 91 | poked (still held) | tx 0xa070efe455f92f3f3268bed689701fdd86b3cac0723d620fd80a2cef883773fe | dep_before=1207386441798950
2026-04-24T03:00:49Z | idx 97 | poked (still held) | tx 0x471b15ac3799d08f9d3a80f924b94bdf5df24357f8b5740a12854f21adad9b4f | dep_before=991486441798949
2026-04-24T03:00:54Z | idx 2 | poked (still held) | tx 0x63891d3a9ea090340b9db79b1ea822ee428e20d9bfc610388d553e1e76d73adb | dep_before=661643187830696
2026-04-24T03:00:59Z | idx 9 | poked (still held) | tx 0x1b8eab1711c3159394c20594799491f3e0cb293a33ffd3b3be659c3cf5afede7 | dep_before=811607208994716
2026-04-24T03:01:05Z | idx 20 | poked (still held) | tx 0x77745a641e168813c21a7acc771d45bfeeaa1f95a9dcc05e71b049368d905fac | dep_before=227409060846568
2026-04-24T03:01:08Z | idx 21 | already foreclosed (skip)
2026-04-24T03:01:11Z | idx 26 | poked (still held) | tx 0x4c62c2b0797f9a032bb2a2c5faf8e5e9f0d621df6144231b3bdd6d50c7d59396 | dep_before=607929662698419
2026-04-24T03:01:16Z | idx 4 | poked (still held) | tx 0xe6695f4df1ab8cd5b96fcd87b38f7ca202230736c79fa8188ca3bee41cdf395c | dep_before=2965310681216938
2026-04-24T03:01:21Z | idx 22 | poked (still held) | tx 0x320225b3a86cc4bf42438b3aa32b8d05c6601564c53798e75ffefe5d891fa033 | dep_before=3567599537037045
2026-04-24T03:01:27Z | idx 60 | poked (still held) | tx 0x45636969e16d1ddf5128186311fa2f8669b81467b5ebf23840408e88015454c4 | dep_before=908213326719583
2026-04-24T03:01:32Z | idx 62 | poked (still held) | tx 0xdf185419afa89c3bb874f5190228e3ea3350f2dd3ef02d6e730c189950ce4a7a | dep_before=1094854728835984
2026-04-24T03:01:38Z | idx 96 | poked (still held) | tx 0xe67c294a9d43ba8116902be8cec3a98e1ead49ac1824e5a1f23a9e3e00bce345 | dep_before=923248677248685
2026-04-24T03:01:41Z | summary | poked=18 foreclosed=0 already=2 non_target=0 failed=0
2026-04-24T03:01:41Z | === run end ===
2026-04-24T09:00:01Z | === run start ===
2026-04-24T09:00:04Z | idx 63 | poked (still held) | tx 0xc8b988e6a7213199aa10eacf4020f06afa50a02bd92264e69f67e229a0c28695 | dep_before=788799933862442
2026-04-24T09:00:10Z | idx 64 | poked (still held) | tx 0xef4fd0c3f4e83253aecafe530c081c808d5483f5906f8d8acf163da4ab7b47fb | dep_before=778109788359797
2026-04-24T09:00:17Z | idx 72 | poked (still held) | tx 0xb527b059b525b99eb79607facb1ffcbaaf36cafc187c0894611423278045fc69 | dep_before=1151839120370379
2026-04-24T09:00:22Z | idx 73 | poked (still held) | tx 0x974e5c77ca3100cfbc40ad904db48d8708fa82a4ca25b669a86abeb37cca68d5 | dep_before=936767592592599
2026-04-24T09:00:28Z | idx 95 | poked (still held) | tx 0xd47d36b450cf375b68d5d3e541a38660ebdb2ef9999a4143e693048c690ab707 | dep_before=642083796296303
2026-04-24T09:00:33Z | idx 57 | poked (still held) | tx 0x742d498286ee2edf6fb02aded7984d662b606398e03fe6272e9f4af8b79e5f03 | dep_before=952860019841276
2026-04-24T09:00:38Z | idx 75 | poked (still held) | tx 0x95079aee2273e8370892dcf64f9940842e119fdabd2c490141f138681bd968f6 | dep_before=708040046296305
2026-04-24T09:00:42Z | idx 85 | already foreclosed (skip)
2026-04-24T09:00:44Z | idx 91 | poked (still held) | tx 0xd6f2a6f6ed727016d7c0c3f2a561b2693f99c847ba74304b4b5c825b88919e93 | dep_before=1205193981481490
2026-04-24T09:00:49Z | idx 97 | poked (still held) | tx 0xc2a9951dbff5482c25e4379b0754d5af055e925745828ebb9ac951e52282f6f8 | dep_before=989293981481489
2026-04-24T09:00:54Z | idx 2 | poked (still held) | tx 0xf179e38ceeecb1027af76526bacab83a961cf826ac7dc5050a912e31b17969a2 | dep_before=659450727513236
2026-04-24T09:00:59Z | idx 9 | poked (still held) | tx 0x4f50a964c066ee14af90221107228995e61aa4898092d461e109e1655dfd8c0b | dep_before=809414748677256
2026-04-24T09:01:05Z | idx 20 | poked (still held) | tx 0xa1e8e657137584cc5d53ccb37df4502e07a6de354adced31044a83ba7672400e | dep_before=225218253968262
2026-04-24T09:01:08Z | idx 21 | already foreclosed (skip)
2026-04-24T09:01:11Z | idx 26 | poked (still held) | tx 0x842a2622284cb0a1e8c1dc0afbc9d39c26d4258cad8831088e91703d4b485ff2 | dep_before=605738855820113
2026-04-24T09:01:16Z | idx 4 | poked (still held) | tx 0x3d189d94b45c278329bff5924967decf95a37e8737a03081653acfd9a1637924 | dep_before=2963119874338632
2026-04-24T09:01:22Z | idx 22 | poked (still held) | tx 0x0466a04d95226fdd01767dd082e8dc1ba01d2ee57c26977ef2464dfb8ad50f76 | dep_before=3565407076719585
2026-04-24T09:01:27Z | idx 60 | poked (still held) | tx 0xaac305195b04365d1c274612acc7309d28d32cc67d96811f3f86ef5a34137b0c | dep_before=906022519841277
2026-04-24T09:01:32Z | idx 62 | poked (still held) | tx 0xec3583e26b6be57939f65d26f149fcd542e5841bc1acfc50bd9d8b8ccfc43f9c | dep_before=1092663921957678
2026-04-24T09:01:37Z | idx 96 | poked (still held) | tx 0x94e7b60780f4eb2b21b961d66c17bbf13f45b7f37de5588640e128ece21b745c | dep_before=921057870370379
2026-04-24T09:01:40Z | summary | poked=18 foreclosed=0 already=2 non_target=0 failed=0
2026-04-24T09:01:40Z | === run end ===
2026-04-24T14:50:56Z | === run start ===
2026-04-24T14:50:58Z | idx 63 | poked (still held) | tx 0x0077313b6fc16808e46c6a9de1a25a4eabe9dea6a6f7f102613beb9ebbf195c5 | dep_before=770942791005300
2026-04-24T14:51:04Z | idx 64 | poked (still held) | tx 0x8ab94a5cdcdba2c31e98f3e1ae3ceb5bff839c208e45199c110ee98432a68289 | dep_before=760252645502655
2026-04-24T14:51:09Z | idx 72 | poked (still held) | tx 0xd7f783a6f74b506befaa0fc181260dfa47644392dba12f84eaa86d1ed4127c74 | dep_before=1133981977513237
2026-04-24T14:51:14Z | idx 73 | poked (still held) | tx 0xd235f6e0b31226f7bf9d9454c608a10b257c2341d0f7faf4f502f9c3b7d4b674 | dep_before=918910449735457
2026-04-24T14:51:22Z | idx 95 | poked (still held) | tx 0x997c7a0f959df29c9bf48633f1329ed6f92952af5e524f9d098edd95a40c4c45 | dep_before=624226653439161
2026-04-24T14:51:29Z | idx 57 | poked (still held) | tx 0xe409389728981151ca065a8d583a2030829ec281178cc03acd40943c8b9ecc77 | dep_before=935002876984134
2026-04-24T14:51:35Z | idx 75 | poked (still held) | tx 0x14caa6e8d0dca0a90daefdd60494370d898bc88936c3285d4ecc6c30d6293be7 | dep_before=690182903439163
2026-04-24T14:51:38Z | idx 85 | already foreclosed (skip)
2026-04-24T14:51:40Z | idx 91 | poked (still held) | tx 0x3a865bab50b02b7bb212d222999640a0d8e8e514acd46bd2ac87743cb36cdf8e | dep_before=1187336838624348
2026-04-24T14:51:46Z | idx 97 | poked (still held) | tx 0x7998b159d8f61e6685d79a1cadd185a9aac3701ec68b51eec32a6b60027674c5 | dep_before=971436838624347
2026-04-24T14:51:51Z | idx 2 | poked (still held) | tx 0x37f3b8841acf386a17fa96bbb5269afc7cae5dae1e7926d70f177f97f1dbf1e0 | dep_before=641593584656094
2026-04-24T14:51:56Z | idx 9 | poked (still held) | tx 0xf4ba9cad676a2f01c5435ffe227306b1d1d8b36aea28b07d824f5de6f920d56c | dep_before=791557605820114
2026-04-24T14:52:01Z | idx 20 | poked (still held) | tx 0x0f230b2e6c58df62fb8d03d9b332163a3d8ae6f63089faab92252c499388842d | dep_before=207361111111120
2026-04-24T14:52:05Z | idx 21 | already foreclosed (skip)
2026-04-24T14:52:09Z | idx 26 | poked (still held) | tx 0x39c43f297b6ec88de8b4537c81cd049ef7840cc5fda75f0efe1e9e6e7f760dbb | dep_before=587881712962971
2026-04-24T14:52:15Z | idx 4 | poked (still held) | tx 0xb5d282d8d0399c0c6c9a6ea13854208fe6e3193bd647359ec278c719eefaa6ff | dep_before=2945262731481490
2026-04-24T14:52:20Z | idx 22 | poked (still held) | tx 0xc660bd08042fcba4db7d7dcd1ee6c5906c7fab3d22be001ccd9437c1628a1a65 | dep_before=3547549933862443
2026-04-24T14:52:27Z | idx 60 | poked (still held) | tx 0x84d878b8857a48bae6a90252cd3355721104d230c5fef0c55b8bbeaadc4b9b68 | dep_before=888165376984135
2026-04-24T14:52:32Z | idx 62 | poked (still held) | tx 0xb5eee7ecd21df51f7905d7fc18fb0beeb072c5ec1172a9340a4244bbc5b3a81e | dep_before=1074806779100536
2026-04-24T14:52:38Z | idx 96 | poked (still held) | tx 0x182e2469ed39cc332bb19783b7bad7d404bfcfbcf4370940568d05009b6d177e | dep_before=903200727513237
2026-04-24T14:52:41Z | summary | poked=18 foreclosed=0 already=2 non_target=0 failed=0
2026-04-24T14:52:41Z | === run end ===
2026-04-24T15:00:01Z | === run start ===
2026-04-24T15:00:03Z | idx 63 | poked (still held) | tx 0x82b4ae6ecd4bbbb54d989a0e672a344fa27ac714a4cd102fe46236ebcbdc2307 | dep_before=753537037037047
2026-04-24T15:00:09Z | idx 64 | poked (still held) | tx 0xae922140a7be05147bb1da7e8b35bc609b310996dd4d1a26baa5f4e1e5262543 | dep_before=742846891534402
2026-04-24T15:00:15Z | idx 72 | poked (still held) | tx 0xe848b619398ce272ac60c137d73649e865192c75b46627eae79c846331bb4ef4 | dep_before=1116577876984137
2026-04-24T15:00:20Z | idx 73 | poked (still held) | tx 0xb7cf1a020335ac3c0a694e195ffdffaa0f31531e10d6e99ae285d5822bfadb1a | dep_before=901506349206357
2026-04-24T15:00:26Z | idx 95 | poked (still held) | tx 0xd5316a986e096f90c8c7d2b0b023ab23580fe7c3ec085b4cc004872a860a1df4 | dep_before=606822552910061
2026-04-24T15:00:31Z | idx 57 | poked (still held) | tx 0x60e823bc6ee3401d9020508e05dffced0133bda1a500185888440e3748bf5428 | dep_before=917595469576727
2026-04-24T15:00:37Z | idx 75 | poked (still held) | tx 0xf14ecef96d9dc1c3c2dc07ae94cdbc7f10ad9eff6c9bd7acf8ee83bd0a3bf149 | dep_before=672775496031756
2026-04-24T15:00:40Z | idx 85 | already foreclosed (skip)
2026-04-24T15:00:43Z | idx 91 | poked (still held) | tx 0x62d64a4dd2435cd2e9d4657fc6dca8443aa0011ac63789ff9f118eda663e0c10 | dep_before=1169929431216941
2026-04-24T15:00:48Z | idx 97 | poked (still held) | tx 0xd6d3c12f815cf2f4bcc46daae26419d3a355051f4bdfef1d6c019e3c6b0aa5ce | dep_before=954027777777787
2026-04-24T15:00:54Z | idx 2 | poked (still held) | tx 0x73ab00ce44e97ac8b7ce93c488744b797fd90e3bd8952923f63ff0d2c8e05a0f | dep_before=624186177248687
2026-04-24T15:01:01Z | idx 9 | poked (still held) | tx 0x9393b7cd1913e51b53bfbf107b5b69d4ea83b72faff641039850c2e42de521dd | dep_before=774150198412707
2026-04-24T15:01:07Z | idx 20 | poked (still held) | tx 0xcae91f27acf9a1ed98a6b3ff2f27942e3ccf91f4cbfabbdbd18a110f9031665c | dep_before=189952050264560
2026-04-24T15:01:10Z | idx 21 | already foreclosed (skip)
2026-04-24T15:01:12Z | idx 26 | poked (still held) | tx 0xcce88eb3d1c9528037c5ccc87d19453f3dce82689707729a8f0185eb1f91d10f | dep_before=570472652116411
2026-04-24T15:01:18Z | idx 4 | poked (still held) | tx 0x1404d05cf60bbe247cffd0d461f7ad187bf429f8951029fc49ea674fbb3288c9 | dep_before=2927853670634930
2026-04-24T15:01:23Z | idx 22 | poked (still held) | tx 0x1cac018583339dc1e195c3df4b0c44500a98327d9a20e6e834c7ac21a52934b2 | dep_before=3530140873015883
2026-04-24T15:01:29Z | idx 60 | poked (still held) | tx 0xf69a1fbaa1fb056155a24578103e3251bf792261abba95c0aaf92524bff2705a | dep_before=870754662698421
2026-04-24T15:01:34Z | idx 62 | poked (still held) | tx 0x5d33f31271915b9b528e6503e08e62e15d42d0a5e7257530dd63b781296d1d80 | dep_before=1057396064814822
2026-04-24T15:01:41Z | idx 96 | poked (still held) | tx 0x2509cf18209afe5f261a4a6f64df6e8b8eb4836e347f86dc9e6d36d5d05e668f | dep_before=885790013227523
2026-04-24T15:01:44Z | summary | poked=18 foreclosed=0 already=2 non_target=0 failed=0
2026-04-24T15:01:44Z | === run end ===
2026-04-24T21:00:01Z | === run start ===
2026-04-24T21:00:03Z | idx 63 | poked (still held) | tx 0xb5c359f2690b221b17c38534bb3c496da19f17f3e96832f5cb44ef9865a91094 | dep_before=753085648148159
2026-04-24T21:00:09Z | idx 64 | poked (still held) | tx 0x69527f8a8fd28861d4c7c6b8659bd2f36c7101f196adadc9280509080352472d | dep_before=742397156084667
2026-04-24T21:00:15Z | idx 72 | poked (still held) | tx 0xcea125c0aa52bd0dfb23270406194b5b5b4dcfbe6292a698dfe396d25da3294b | dep_before=1116126488095249
2026-04-24T21:00:20Z | idx 73 | poked (still held) | tx 0x59ee2b86594fa0a0c928a4727ba01b4e9c5ccfa6363ff93b026b418dbb13190a | dep_before=901054960317469
2026-04-24T21:00:27Z | idx 95 | poked (still held) | tx 0x7f242e9a78046bb226cd23b8c4e7c0fbd6b598b4e866afdcfda2b5dfd015d41f | dep_before=606371164021173
2026-04-24T21:00:32Z | idx 57 | poked (still held) | tx 0x8706b43bfa0b3b68d1b6b0295c053bf5a3e3e3c0b2f6616e9f66e2fd3dc7758e | dep_before=917145734126992
2026-04-24T21:00:37Z | idx 75 | poked (still held) | tx 0xc03653d709844056a2e9df433cf9b46d5d6e5be544b1a321bc16cbf6e5bbd9d2 | dep_before=672327414021174
2026-04-24T21:00:41Z | idx 85 | already foreclosed (skip)
2026-04-24T21:00:43Z | idx 91 | poked (still held) | tx 0x07d9111ab487b1f10ec4fca1cc3b86df533e318321d2c2adb2ea8b2252d47da9 | dep_before=1169481349206359
2026-04-24T21:00:49Z | idx 97 | poked (still held) | tx 0xc406bc7b61422308b191e69377412d498f74f2be4569c95fe88ab853f44c3e39 | dep_before=953579695767205
2026-04-24T21:00:54Z | idx 2 | poked (still held) | tx 0x5202c5d4d3737b47c240920ba7796b597424874a7e33a87e59be59bba66b571e | dep_before=623736441798952
2026-04-24T21:01:00Z | idx 9 | poked (still held) | tx 0x2c9d67bbb0847a7594053fb39ff8453babc8061c2d4f1f18964dd4ded5de6ac4 | dep_before=773700462962972
2026-04-24T21:01:05Z | idx 20 | poked (still held) | tx 0xab8f931f73a70ed4118551b33feb520f890a0f207406ee690b08d2ec9e21cb46 | dep_before=189502314814825
2026-04-24T21:01:09Z | idx 21 | already foreclosed (skip)
2026-04-24T21:01:11Z | idx 26 | poked (still held) | tx 0xf028d930a40653fdadbc5f14dbd1047bb0b81981e8418f0a7afeb360dd3bd607 | dep_before=570022916666676
2026-04-24T21:01:17Z | idx 4 | poked (still held) | tx 0xf9238d9fb05f1df1f3c9a172c2e3e34901c939b2a9686edd8d1888a49bba09ed | dep_before=2927403935185195
2026-04-24T21:01:22Z | idx 22 | poked (still held) | tx 0x12702d0cc18c54e9fe921979b406a7204fb28319f4a8d819481286e68863f568 | dep_before=3529691137566148
2026-04-24T21:01:28Z | idx 60 | poked (still held) | tx 0xe35240d0053fb26c58998f2475ce41241a31522b494f02b1afa1965721f33b71 | dep_before=870306580687839
2026-04-24T21:01:33Z | idx 62 | poked (still held) | tx 0x0b4432d42e1f26318bea3be3c5242a03e4a14378c50dc90b967edae5a9b88f89 | dep_before=1056947982804240
2026-04-24T21:01:39Z | idx 96 | poked (still held) | tx 0x30d831c89ca14b3347aac406aa315b95883ce272f908ab7a90f3b8e78e97118a | dep_before=885341931216941
2026-04-24T21:01:42Z | summary | poked=18 foreclosed=0 already=2 non_target=0 failed=0
2026-04-24T21:01:42Z | === run end ===
2026-04-25T03:00:01Z | === run start ===
2026-04-25T03:00:05Z | idx 63 | poked (still held) | tx 0x331bc0805997e90d094eaf2ded61e829fb2aff0307e93315815a236f5a6c98b7 | dep_before=735228505291017
2026-04-25T03:00:11Z | idx 64 | poked (still held) | tx 0xf224591f4b3ef7cf034b0c3b0786214dc9e67a5d83a5bdc567a232c4854842df | dep_before=724540013227525
2026-04-25T03:00:16Z | idx 72 | poked (still held) | tx 0x08513308b201a0c19cc8d086d01a1d89c9139d392b286674666ce3a5ed848c35 | dep_before=1098269345238107
2026-04-25T03:00:21Z | idx 73 | poked (still held) | tx 0x370e6df4d8c26900e3306a8cdf485e4877ff12de6d578f0bbb2455e84c68da1f | dep_before=883197817460327
2026-04-25T03:00:27Z | idx 95 | poked (still held) | tx 0x398355ce03e7c42a5fbd2262cdf651ad36279d67000e6afa66b80a382f2c855d | dep_before=588514021164031
2026-04-25T03:00:33Z | idx 57 | poked (still held) | tx 0xeb8e878a9d73dadf48d2d806d4642f819a66f8513a2bc2b4e1542faeaf795b8d | dep_before=899288591269850
2026-04-25T03:00:38Z | idx 75 | poked (still held) | tx 0x167bc115ed2379da33e01d0a0bffa71618d5529aa02124701f2d338c68bcc223 | dep_before=654468617724878
2026-04-25T03:00:42Z | idx 85 | already foreclosed (skip)
2026-04-25T03:00:44Z | idx 91 | poked (still held) | tx 0xb0b38f212e234026070f068c264eba2319904df0ef3d6b66e48ce03a5f435b09 | dep_before=1151622552910063
2026-04-25T03:00:50Z | idx 97 | poked (still held) | tx 0x794b822c7ce7dfba97288aa77974f7cd9cfdaa07ee1178e2a488ea72f88ed0f3 | dep_before=935722552910063
2026-04-25T03:00:56Z | idx 2 | poked (still held) | tx 0x3e7396f1449b97d35cfd60f9b7756a3dabdf69d3e4e2c9c7a8f1c67f12ee60fa | dep_before=605879298941810
2026-04-25T03:01:01Z | idx 9 | poked (still held) | tx 0x36f29f588dc442da1feeed97f83adc115aa1e28dfac8a45d92240986ef2878f4 | dep_before=755843320105830
2026-04-25T03:01:06Z | idx 20 | poked (still held) | tx 0x6423442203859642c18ae469299ca94a82cff76e1461ede138b2515c09057804 | dep_before=171645171957683
2026-04-25T03:01:10Z | idx 21 | already foreclosed (skip)
2026-04-25T03:01:12Z | idx 26 | poked (still held) | tx 0x1760edaeb404c30dca7bafdfc2256e0e95d77c058527720e4755072430a5b118 | dep_before=552165773809534
2026-04-25T03:01:17Z | idx 4 | poked (still held) | tx 0x6fd80444fc39a3e8c67e2c635b2b22713a27b6732176c338c41af3dc204a362e | dep_before=2909548445767206
2026-04-25T03:01:23Z | idx 22 | poked (still held) | tx 0xadeb096ef460bfbc6424ec0166e973018030f06e64873aec3d9ce82b18129695 | dep_before=3511835648148159
2026-04-25T03:01:28Z | idx 60 | poked (still held) | tx 0x01f4d49f86114b80b46e68cf8f608fe778895e098369278ad6a5ff60263ef4a3 | dep_before=852449437830697
2026-04-25T03:01:34Z | idx 62 | poked (still held) | tx 0x72a6be6cb8ceb11a899375c0d368401aace87e40f20fa01e8f9a06be10529fff | dep_before=1039090839947098
2026-04-25T03:01:39Z | idx 96 | poked (still held) | tx 0x9f231c032af2c974aad7a0ece42e099960f6e96efbce5aeaf7e2484b63912030 | dep_before=867486441798952
2026-04-25T03:01:42Z | summary | poked=18 foreclosed=0 already=2 non_target=0 failed=0
2026-04-25T03:01:42Z | === run end ===
2026-04-25T09:00:01Z | === run start ===
2026-04-25T09:00:03Z | idx 63 | poked (still held) | tx 0x19e6afcf391896df605e8cdad76f33866bad3ca4f3ea4fe8cc3e09c9b133baa3 | dep_before=717371362433875
2026-04-25T09:00:09Z | idx 64 | poked (still held) | tx 0x9c5e4de94ea72055e001018c926ae4069b998f42f3279431590e5b57a6f856b2 | dep_before=706681216931229
2026-04-25T09:00:14Z | idx 72 | poked (still held) | tx 0x57d07d00b8d9344440ffe88a9f7d262ea5990114a882f56ed3623977136592d9 | dep_before=1080410548941811
2026-04-25T09:00:20Z | idx 73 | poked (still held) | tx 0xae485944672dd0e9653bd5566a49a399a6db7566ed7472a5b71d7100c524b0ed | dep_before=865339021164031
2026-04-25T09:00:25Z | idx 95 | poked (still held) | tx 0x360c645034138922edb477d9084aa81fdf914a69bf05afc775a304bd6292ccca | dep_before=570656878306889
2026-04-25T09:00:30Z | idx 57 | poked (still held) | tx 0xd567ac2538a5d46519c42dc66935707058c06c70a9c029508e9bab98eb8d2ed2 | dep_before=881431448412708
2026-04-25T09:00:36Z | idx 75 | poked (still held) | tx 0x5a827c1417e185b45ec1542f7fdd270f621514c03ddaa6e421f0fca986f196eb | dep_before=636611474867736
2026-04-25T09:00:39Z | idx 85 | already foreclosed (skip)
2026-04-25T09:00:42Z | idx 91 | poked (still held) | tx 0x0651d2862d7f6d09b44180feb9d9de3479842ceddcb767bd4d4f253fd8195cd8 | dep_before=1133765410052921
2026-04-25T09:00:47Z | idx 97 | poked (still held) | tx 0x515434919ec41ab64a4ea675e61476a081bb196f03f5dd358636bdf56dd1c224 | dep_before=917863756613767
2026-04-25T09:00:53Z | idx 2 | poked (still held) | tx 0xf4f15d25f097e1e52606bb0862c5b0f93dd4c87bb5211e9983736e2a22d4d6d3 | dep_before=588020502645514
2026-04-25T09:00:58Z | idx 9 | poked (still held) | tx 0x7930fddc8c846c54d0ad2895b73771b7ab166510c24f04dd9418ef9a14767960 | dep_before=737986177248688
2026-04-25T09:01:03Z | idx 20 | poked (still held) | tx 0x765c00aeffd7128dd9fe1a821e2a9e3aad6017e42261d4fe2ff7cf1c07d57fbb | dep_before=153788029100541
2026-04-25T09:01:07Z | idx 21 | already foreclosed (skip)
2026-04-25T09:01:09Z | idx 26 | poked (still held) | tx 0x5d1cd44f599df80777df4903086277f2dc83ff912e76ffd414d0bf9178bb0cea | dep_before=534308630952392
2026-04-25T09:01:15Z | idx 4 | poked (still held) | tx 0x8cb92cce8660ad40f3ef630b5c329e7b691c5c2f2117c13e4f3d3ebcf9dbaf1e | dep_before=2891689649470910
2026-04-25T09:01:20Z | idx 22 | poked (still held) | tx 0xc8bb16de01ea9cd039bbb29790c483047615f12e2fdf9ef54f991458731ea954 | dep_before=3493978505291017
2026-04-25T09:01:25Z | idx 60 | poked (still held) | tx 0x3ae684bd70aa35c33118e2a24bbadfd8438f437665d69e4fb52039c3ffe58e2b | dep_before=834592294973555
2026-04-25T09:01:31Z | idx 62 | poked (still held) | tx 0x943b356961382c8e25fc589cc9d092e8e5033770eff50f1c532e360124e88e10 | dep_before=1021233697089956
2026-04-25T09:01:36Z | idx 96 | poked (still held) | tx 0x67dbc8ddf6162254d65ebe96033d8b7bc9c4de5fe6a696a2d7021fd5be1e624c | dep_before=849629298941810
2026-04-25T09:01:39Z | summary | poked=18 foreclosed=0 already=2 non_target=0 failed=0
2026-04-25T09:01:39Z | === run end ===
2026-04-25T15:00:01Z | === run start ===
2026-04-25T15:00:05Z | idx 63 | poked (still held) | tx 0xa7d202c518606ddd8591bede7b346c72d9f024185d0c0d5702321207efd6f15c | dep_before=699514219576733
2026-04-25T15:00:10Z | idx 64 | poked (still held) | tx 0xa83bcecab56187c6ec1d66838ea0f1c7f3ee1d1b906d7cbbf184a8d617106826 | dep_before=688825727513240
2026-04-25T15:00:24Z | idx 72 | poked (still held) | tx 0x70deddff7bb37151468d533f06c2c5e612b0d1901f98ead065ba294b6cb8cee3 | dep_before=1062555059523822
2026-04-25T15:00:29Z | idx 73 | poked (still held) | tx 0xff813d88379f1cd6c5ec8b73bb8865571effdad0cd8f4d886d7bff1042bacc42 | dep_before=847483531746042
2026-04-25T15:00:35Z | idx 95 | poked (still held) | tx 0x5c906f0cd2d3c869449b7320c71d1c6dea36fe3620676bc144ce5ab7e88c1ce3 | dep_before=552799735449747
2026-04-25T15:00:40Z | idx 57 | poked (still held) | tx 0x00042645ba0322e0d098f821ef76e3531bf9cc126e8a21d3175f350e192aa5c0 | dep_before=863575958994719
2026-04-25T15:00:47Z | idx 75 | poked (still held) | tx 0xfe583e4eee5199131e496b6e993128eb619905d847496f67b325dfef5df9df94 | dep_before=618755985449747
2026-04-25T15:00:51Z | idx 85 | already foreclosed (skip)
2026-04-25T15:00:53Z | idx 91 | poked (still held) | tx 0x50284f78804a36fdcf7a914fc18de08f627ce62e92763dc06b1d5e6cf0c7a820 | dep_before=1115909920634932
2026-04-25T15:00:58Z | idx 97 | poked (still held) | tx 0x28c487766d9163a339fd40412010685e37e8ff4f0667cd68c93f1ada7e3b8d56 | dep_before=900008267195778
2026-04-25T15:01:03Z | idx 2 | poked (still held) | tx 0xbc5b4ef1fddc0c7cbeb435fa9fa35875ad12ed627d0597a653ca0385ee2d5eb2 | dep_before=570166666666679
2026-04-25T15:01:09Z | idx 9 | poked (still held) | tx 0xcf060138367a72fad8b3686a93b9a1547354fb8e8fd698da45e912993a44b9fa | dep_before=720130687830699
2026-04-25T15:01:14Z | idx 20 | poked (still held) | tx 0xfc1f7d31f366bc74442a4ecea76ccf7a41b0865ebc1d6e0c21e2ac2e228d32b8 | dep_before=135932539682552
2026-04-25T15:01:18Z | idx 21 | already foreclosed (skip)
2026-04-25T15:01:20Z | idx 26 | poked (still held) | tx 0x4dcebacf0ee3ac412ba40d744ff69b9862f88cdde00e715894ccab6aaed57677 | dep_before=516453141534403
2026-04-25T15:01:26Z | idx 4 | poked (still held) | tx 0xff6bff2ef1f81a37a5879a51847800a056538a75c88a8f8bd6b5a68cc2a626be | dep_before=2873835813492075
2026-04-25T15:01:31Z | idx 22 | poked (still held) | tx 0xa4c3115227b062c328ac90adc6196c91be4c8469fff266dc0f3cca1f6c4409b2 | dep_before=3476123015873028
2026-04-25T15:01:36Z | idx 60 | poked (still held) | tx 0xc45aa619cb8c8aa2897ad2cf3d3d76e4be08767fe648ebe762fc3a57c7efa92b | dep_before=816736805555566
2026-04-25T15:01:43Z | idx 62 | poked (still held) | tx 0xc020917fa0e24744270a4da01b13f1bb194ce5c581d61b3a1ed6274ea2a6d49d | dep_before=1003379861111121
2026-04-25T15:01:48Z | idx 96 | poked (still held) | tx 0xb84abf2007599abb936ed736a3371b1697784b8c82013c79586d228505bc6f2e | dep_before=831773809523821
2026-04-25T15:01:51Z | summary | poked=18 foreclosed=0 already=2 non_target=0 failed=0
2026-04-25T15:01:51Z | === run end ===
2026-04-25T21:00:01Z | === run start ===
2026-04-25T21:00:03Z | idx 63 | poked (still held) | tx 0x70f443398309ba6c3a97e897360d460d464856bd1ed18f8f059880317ac1fbc3 | dep_before=681657076719591
2026-04-25T21:00:08Z | idx 64 | poked (still held) | tx 0x2d66d3b8da9c77ebd4d0836e73c0a5ebb7fc34b85f72dffd0c9ad785a8830ad9 | dep_before=670966931216944
2026-04-25T21:00:14Z | idx 72 | poked (still held) | tx 0x124c9ea1b710abc3beb1909ca3d9d804ad6cc0c1e7f1492493dee0e70b6663b8 | dep_before=1044689649470912
2026-04-25T21:00:19Z | idx 73 | poked (still held) | tx 0x6cde3f642a7c1de27ca965fb5d9c5deeba97dc27c1a5ef45c91c14ea31c3e7f1 | dep_before=829618121693132
2026-04-25T21:00:24Z | idx 95 | poked (still held) | tx 0xb0519a69af92e01e37ed34ef8a98af01217ce13fc864cedc00b5dfd02668d6bd | dep_before=534935978835991
2026-04-25T21:00:29Z | idx 57 | poked (still held) | tx 0x8faa0a67d3ef0faf25e419db86752dc2e3c9e6c55c800a789a7660352810b147 | dep_before=845710548941809
2026-04-25T21:00:34Z | idx 75 | poked (still held) | tx 0x1fbecb227e9d8bc04e4a51f68489ca08a71184168b0b799894345c9877e5c5d1 | dep_before=600890575396837
2026-04-25T21:00:38Z | idx 85 | already foreclosed (skip)
2026-04-25T21:00:40Z | idx 91 | poked (still held) | tx 0xe545edf98cb4cb5578baf2e8944f43350fceb1573e2c7acd0853a8e7840aa906 | dep_before=1098044510582022
2026-04-25T21:00:45Z | idx 97 | poked (still held) | tx 0x4f6e8e5de5059e010849d4fb0f3c7a3d194a3e8ab2db7234f9616f0147ad6697 | dep_before=882142857142868
2026-04-25T21:00:51Z | idx 2 | poked (still held) | tx 0xe9721e9a2639ac1d746a909dc7bbb06c9046846832f73ff8c7ff69f4d2d799d6 | dep_before=552299603174616
2026-04-25T21:00:56Z | idx 9 | poked (still held) | tx 0x5f9c3b6cc58e16a543a53b63f0fbd1f7803eba4d982d3736461324e9ebcffe0b | dep_before=702265277777789
2026-04-25T21:01:03Z | idx 20 | poked (still held) | tx 0xabba46ad9566b82469547a585a8ed54651afcfde65e8dc3aadd7dac8362072cb | dep_before=118067129629642
2026-04-25T21:01:07Z | idx 21 | already foreclosed (skip)
2026-04-25T21:01:09Z | idx 26 | poked (still held) | tx 0x2dbb33d23c116a0c25937c7796d5195bd3735c9bbad513051f682545d8f79243 | dep_before=498587731481493
2026-04-25T21:01:14Z | idx 4 | poked (still held) | tx 0xfd428eb3148e91532fe151fece8f6e981dadb936d270ab235ba77239c794ab8e | dep_before=2855968750000012
2026-04-25T21:01:19Z | idx 22 | poked (still held) | tx 0x3e3e9b8158a642fd5628c44db5294b52e1422017ec9dceca64326d9d3e8f3ec5 | dep_before=3458257605820118
2026-04-25T21:01:25Z | idx 60 | poked (still held) | tx 0x99938e83e5f23e0d347c2eb35e71dfe9624a94935ee01041c17c2e3174bf5db0 | dep_before=798871395502656
2026-04-25T21:01:38Z | idx 62 | poked (still held) | tx 0x6e552462bb62520a41f75d70b15fdc5c1e999767d1751ce5ceb555b9f5f89995 | dep_before=985512797619058
2026-04-25T21:01:43Z | idx 96 | poked (still held) | tx 0xb70fc0651e723465b20cdd7ab9c5393d57960a6ffa388f37f42a4810b94a86fa | dep_before=813906746031758
2026-04-25T21:01:46Z | summary | poked=18 foreclosed=0 already=2 non_target=0 failed=0
2026-04-25T21:01:46Z | === run end ===
2026-04-26T03:00:01Z | === run start ===
2026-04-26T03:00:03Z | idx 63 | poked (still held) | tx 0xda915afc793b590456a8bfec95e783d572ff57f64d7bc8ddbe9aebf0a309ee18 | dep_before=663799933862449
2026-04-26T03:00:09Z | idx 64 | poked (still held) | tx 0xd2fab3b4e2c19b297ca4944d96d46de2857b8d87279618dea5328fe3ad190261 | dep_before=653111441798955
2026-04-26T03:00:14Z | idx 72 | poked (still held) | tx 0xfdf7faa6146a97b946afe3fe7014b7bca59685c1ebf49a0a65698935cd9892ed | dep_before=1026840773809537
2026-04-26T03:00:19Z | idx 73 | poked (still held) | tx 0x811808c7b2e78eaad1a5ae7a6a25c48ccda6755e4289ccfbbed9bc9af59804e8 | dep_before=811770899470910
2026-04-26T03:00:25Z | idx 95 | poked (still held) | tx 0x9b6046036ee661e6e55d31cace02f53c9b2392f3fb39456941ccb72006ad9819 | dep_before=517087103174616
2026-04-26T03:00:30Z | idx 57 | poked (still held) | tx 0xf3195ad8195dcfcbdcbf546211fe894c48cea60efc5180fe358f9f3bd56c50bb | dep_before=827861673280434
2026-04-26T03:00:36Z | idx 75 | poked (still held) | tx 0xd4d71934877f2d4633744afd166bcf855b792c814c745d2313f3076c6583435f | dep_before=583043353174615
2026-04-26T03:00:39Z | idx 85 | already foreclosed (skip)
2026-04-26T03:00:41Z | idx 91 | poked (still held) | tx 0x9ff6e134ea5b9231352b1e85623a79df1ea16f6770ee439edd1b41277b29247d | dep_before=1080197288359800
2026-04-26T03:00:47Z | idx 97 | poked (still held) | tx 0xa2a0ed3146fd1b9ee99097a6606e51dc0d5f7ba9ad5a291b5df0d01773d92276 | dep_before=864295634920646
2026-04-26T03:00:52Z | idx 2 | poked (still held) | tx 0xe32493c387934c815569f1b9b3c7e02981a6800e1864338487ed4bd337b33bba | dep_before=534454034391548
2026-04-26T03:00:58Z | idx 9 | poked (still held) | tx 0xde2f30c8b10f3b2a3dcb56a345ca1446e7974ff1662a7fd59bbe97f321b7537b | dep_before=684418055555567
2026-04-26T03:01:05Z | idx 20 | poked (still held) | tx 0xe144fcff2fac3132b5418548e7c762d63676644c17960402f68403c237109578 | dep_before=100219907407420
2026-04-26T03:01:09Z | idx 21 | already foreclosed (skip)
2026-04-26T03:01:11Z | idx 26 | poked (still held) | tx 0xd188aecffc77fe4c5f4c0128cc96dea9c866264f914b49f6e1a92121f2c3fbbb | dep_before=480740509259271
2026-04-26T03:01:16Z | idx 4 | poked (still held) | tx 0x44b30ab5e5038c1824d8c0c456cedb057640d05b2e81c5ab9c4145415ed402a6 | dep_before=2838121527777790
2026-04-26T03:01:22Z | idx 22 | poked (still held) | tx 0x4c42dc5a87df0888fd0ace9a1faec3c6c6188a66d92f8328b5a6e945214d407c | dep_before=3440408730158743
2026-04-26T03:01:27Z | idx 60 | poked (still held) | tx 0xe0be402bfdfebdc46faea3cbbb5caa48edfb48ac7ecce60888b4e2cb1f1942d3 | dep_before=781024173280434
2026-04-26T03:01:32Z | idx 62 | poked (still held) | tx 0xd4b334d8312f27ec4c6bc7f292e8115595af1d75e4090390558f8a38c222a2d4 | dep_before=967658961640223
2026-04-26T03:01:38Z | idx 96 | poked (still held) | tx 0x86ef07a437448fbabee81ab0c6c7aa1b3ab90dd12ba983178a3182fd70a0ff30 | dep_before=796054563492076
2026-04-26T03:01:41Z | summary | poked=18 foreclosed=0 already=2 non_target=0 failed=0
2026-04-26T03:01:41Z | === run end ===
2026-04-26T09:00:01Z | === run start ===
2026-04-26T09:00:04Z | idx 63 | poked (still held) | tx 0x2d145c5d020561cd75a7da0eb6cf1c615bb1117d96eb12199b3524ae0f0931f3 | dep_before=645942791005307
2026-04-26T09:00:11Z | idx 64 | poked (still held) | tx 0x5c5c7f4db02f6f64789ead18f6cddc520f0a14789b3ef0aa70d8adfd33bb6e04 | dep_before=635254298941813
2026-04-26T09:00:16Z | idx 72 | poked (still held) | tx 0x93e6b793f97c57b06903cf96b07dbe691ce91fd25c1103a72b7fe8b10c088300 | dep_before=1008983630952395
2026-04-26T09:00:21Z | idx 73 | poked (still held) | tx 0x92b6ee5a62ff28fa2f25b9ee4bf8458f148abbe1c2af557f3569a893b220d045 | dep_before=793912103174614
2026-04-26T09:00:27Z | idx 95 | poked (still held) | tx 0x2605c2db49b436dc55bb1a0351e984a663a0a2eb5013f778d91f0f614f471b91 | dep_before=499229960317474
2026-04-26T09:00:32Z | idx 57 | poked (still held) | tx 0x36d4c818414a50feb636cbad9a8c0127660bef7b32e53a1d29e9b97438c196fb | dep_before=810004530423292
2026-04-26T09:00:39Z | idx 75 | poked (still held) | tx 0x44767cf01ae3f53bfd1154d304247d13f7a13c11463fe2d123c5f837c6ba9302 | dep_before=565184556878319
2026-04-26T09:00:43Z | idx 85 | already foreclosed (skip)
2026-04-26T09:00:45Z | idx 91 | poked (still held) | tx 0x77de1d1b5067d7e04434164c5866fd0f1e284bdae6986689cef7ad56c7e450b6 | dep_before=1062338492063504
2026-04-26T09:00:50Z | idx 97 | poked (still held) | tx 0x37671f3fc1fc1bb51d53ab28f5d4d847d427224d98548697d5ac11f3dc1ac110 | dep_before=846438492063504
2026-04-26T09:00:56Z | idx 2 | poked (still held) | tx 0xf6bca856b99ab6d1208d7a0af6ef33d0b56ad565381be34d74842bc14af02f6f | dep_before=516595238095252
2026-04-26T09:01:01Z | idx 9 | poked (still held) | tx 0xac0130c8adefdba720464f75d8a99cf3a5e77791a06ddfd856467593d657735e | dep_before=666559259259271
2026-04-26T09:01:06Z | idx 20 | poked (still held) | tx 0x4cb3c9ea42bede5217551145e6acce093308d0c54f0454ffe8955fcae12bdf12 | dep_before=82361111111124
2026-04-26T09:01:10Z | idx 21 | already foreclosed (skip)
2026-04-26T09:01:12Z | idx 26 | poked (still held) | tx 0x0c995e3dbae2770d47724c5b6e9f88c9f75f2bcb77381f9d23774f49b4e091e4 | dep_before=462881712962975
2026-04-26T09:01:17Z | idx 4 | poked (still held) | tx 0x1549455c38b3282e0bfff29c95a3b1c5e7b9cab02bbc74d034fc937df7794fef | dep_before=2820262731481494
2026-04-26T09:01:22Z | idx 22 | poked (still held) | tx 0xb85f66d0fb3762315e51758a9988a86be7ee9d4ce4278f5d8e0c98a24546fe61 | dep_before=3422549933862447
2026-04-26T09:01:28Z | idx 60 | poked (still held) | tx 0xeaf12f9b8f4ea3b5e429323b5466aa76278d26a41ac00e80c3f93ea0fc8b6745 | dep_before=763165376984138
2026-04-26T09:01:33Z | idx 62 | poked (still held) | tx 0x0bf63c6ab4123b14bbdce9212475c2f2c26726226f4d4da985674c9e8198c9ba | dep_before=949806779100541
2026-04-26T09:01:38Z | idx 96 | poked (still held) | tx 0xd848d5cfc1acff0e9dac43b36e450ae7bde6f28dd5fcc0abd91276614746aaac | dep_before=778200727513241
2026-04-26T09:01:41Z | summary | poked=18 foreclosed=0 already=2 non_target=0 failed=0
2026-04-26T09:01:41Z | === run end ===
2026-04-26T15:00:01Z | === run start ===
2026-04-26T15:00:04Z | idx 63 | poked (still held) | tx 0x0d4c2a54a9dc064f69940741a1651992a06f50bef5053bcfda2bdc6ca57af600 | dep_before=628085648148165
2026-04-26T15:00:10Z | idx 64 | poked (still held) | tx 0xfaeafb5329d532a4b43ec13712c2237017e5ae10612aa023480047267153ddf6 | dep_before=617395502645517
2026-04-26T15:00:15Z | idx 72 | poked (still held) | tx 0x718afdec0cd9ad0e43e21976573e8845f156c75d484181d7cb65d2121812b5cc | dep_before=991124834656099
2026-04-26T15:00:20Z | idx 73 | poked (still held) | tx 0xe6737c500b5f6f1416782114e4b7c398f1d3511d78613182b4cbb4fc6a5c3efb | dep_before=776053306878318
2026-04-26T15:00:25Z | idx 95 | poked (still held) | tx 0x514b257c4cb8836d051512a86ae0da37ee5b2dda0fa9d761d32447b044752d3c | dep_before=481371164021178
2026-04-26T15:00:31Z | idx 57 | poked (still held) | tx 0x22a03228a8432cd35713964d66d13f514c6c131827d901fc4d9977a34cb6e6cd | dep_before=792145734126996
2026-04-26T15:00:36Z | idx 75 | poked (still held) | tx 0xdec0b8ba5e1207ffbadbbb59ccf6a53890fb9349319be705ade4e14ed078b38f | dep_before=547325760582023
2026-04-26T15:00:40Z | idx 85 | already foreclosed (skip)
2026-04-26T15:00:42Z | idx 91 | poked (still held) | tx 0xe66615586a799d3c46f620531e6aa7eed28a5c2baa4d3a609da6f05622f25eaf | dep_before=1044479695767208
2026-04-26T15:00:47Z | idx 97 | poked (still held) | tx 0xaceb5c301ae7f0347cfbf15be42db12b990e2f8ec8ad04b2c4c3e1972f60aca4 | dep_before=828578042328055
2026-04-26T15:00:53Z | idx 2 | poked (still held) | tx 0x9ab5f44595b54458dcc54df5f23f4524a5849c8ce3020605a697429962844b6e | dep_before=498734788359803
2026-04-26T15:00:58Z | idx 9 | poked (still held) | tx 0x35724b8b0e12ee8cf1e2ab6712cbb334b96aea04ca747ae5a4983b37e6f9c9e0 | dep_before=648700462962975
2026-04-26T15:01:04Z | idx 20 | poked (still held) | tx 0x53a680fdaf3c1ccf384f5a07e79e55852346aa4ef539b410c62b0197d5a06104 | dep_before=64502314814828
2026-04-26T15:01:07Z | idx 21 | already foreclosed (skip)
2026-04-26T15:01:10Z | idx 26 | poked (still held) | tx 0x7490017def14d4a7cbb4214f0ac1f083ac05e9c9f1a8e7fd5bffcc1417849a5e | dep_before=445022916666679
2026-04-26T15:01:15Z | idx 4 | poked (still held) | tx 0x03dc971dedc1b2066f8ee57c6322c7bd284b5c2282ae2efb7d702f95678e94b7 | dep_before=2802403935185198
2026-04-26T15:01:21Z | idx 22 | poked (still held) | tx 0x982b1d7da971ed16f6656523efe0165951f33b58daf8f81df05e475a6975b15b | dep_before=3404692791005305
2026-04-26T15:01:26Z | idx 60 | poked (still held) | tx 0x0f9b31ca77c6ab8e0b64dd9060acd5645b9c00455320b83b692dfceb95bfda20 | dep_before=745306580687842
2026-04-26T15:01:32Z | idx 62 | poked (still held) | tx 0x162b5bcadc5adeee50243ef3f3ef70fb86481395fae2e2729bb8d59a5b1370b1 | dep_before=931949636243399
2026-04-26T15:01:37Z | idx 96 | poked (still held) | tx 0x14f7f7192a40cd1224db1d7ad8360cdd6fc9ada99e62d12976bc6caa349f3646 | dep_before=760343584656099
2026-04-26T15:01:40Z | summary | poked=18 foreclosed=0 already=2 non_target=0 failed=0
2026-04-26T15:01:40Z | === run end ===
2026-04-26T16:52:23Z | === run start ===
2026-04-26T16:52:26Z | idx 63 | poked (still held) | tx 0x14a7d614c756482ed0c5c28822f0081f311503ba1e81df3757c16778fa61c950 | dep_before=610228505291023
2026-04-26T16:52:31Z | idx 64 | poked (still held) | tx 0xf5a43c372b4bd982666937edb5f9a04b30b174d9a2fe673a317bb792ba0de917 | dep_before=599538359788375
2026-04-26T16:52:36Z | idx 72 | poked (still held) | tx 0x6ca948d0117b8ecd00f746c49c48a3b7be473e447b07f594eb912fbd16218f12 | dep_before=973269345238110
2026-04-26T16:52:41Z | idx 73 | poked (still held) | tx 0xad8c0d2fd557a6f1017d70f0096e895457c683b42e09d80124ee321ed777ae3e | dep_before=758197817460329
2026-04-26T16:52:47Z | idx 95 | poked (still held) | tx 0xaeb6a4799d5d71378c0df1da4ca5caede749af7eb920ff026fc7d2b755d1b19c | dep_before=463514021164036
2026-04-26T16:52:52Z | idx 57 | poked (still held) | tx 0x60702cc38c36d146ace47f267ed6a0513e8889c001fd96f47b1ef71819dd244f | dep_before=774290244709007
2026-04-26T16:52:57Z | idx 75 | poked (still held) | tx 0xef8f18e9c55f1c3b20799fbd8d4cbcb50a62dc72c6d1a2e7fb35a3d50ca84a02 | dep_before=529470271164034
2026-04-26T16:53:01Z | idx 85 | already foreclosed (skip)
2026-04-26T16:53:03Z | idx 91 | poked (still held) | tx 0xcaf4d625f4efad892302e1343dd37b5b67ac7b7f0e82a61d5030f1b137cd0912 | dep_before=1026624206349219
2026-04-26T16:53:09Z | idx 97 | poked (still held) | tx 0x2c21fe126c2af66b04a13a4ab31c9dd5590537b6bde775bfd8f87076a2a8eacd | dep_before=810722552910066
2026-04-26T16:53:14Z | idx 2 | poked (still held) | tx 0x5c6b9faca4d8439ceb60351cf4cc5f0e45e85ab9d7d72ad7e41ba21ed4e0eecf | dep_before=480880952380968
2026-04-26T16:53:19Z | idx 9 | poked (still held) | tx 0xe40a60660cdfd382b779622c2c8d527a2b1839c62badd258a474d788b5e6acbb | dep_before=630844973544986
2026-04-26T16:53:24Z | idx 20 | poked (still held) | tx 0xa20c2a078d86281141b866fc2f5fcbc6be4a0a3bf5aee45972aa0f00c849b123 | dep_before=46646825396839
2026-04-26T16:53:27Z | idx 21 | already foreclosed (skip)
2026-04-26T16:53:30Z | idx 26 | poked (still held) | tx 0x995553c72d685e0a2aaae2656102a6ca7a2f854feef2c66066b47e9a1329244e | dep_before=427167427248690
2026-04-26T16:53:37Z | idx 4 | poked (still held) | tx 0x0a719a6766b19cc6fbf752ed11273cefa5ab78d7710be0bd661ed1ab30dc8283 | dep_before=2784550099206363
2026-04-26T16:53:42Z | idx 22 | poked (still held) | tx 0x8761792cbebc830e05470d4ad9eddbe312ad703eacf83220bb94747f2f676d04 | dep_before=3386837301587316
2026-04-26T16:53:48Z | idx 60 | poked (still held) | tx 0x34cf5e0d8ac2692c369f5baa187287d3721211201af30ff9144c6f2bc989f3b1 | dep_before=727451091269853
2026-04-26T16:53:53Z | idx 62 | poked (still held) | tx 0x616e81e2e49f9320e378f3044739d4ee9237ef4332eb3ef5c61993c2251c3815 | dep_before=914092493386257
2026-04-26T16:53:58Z | idx 96 | poked (still held) | tx 0xa42d926d8544eee2d48ef152c333bdc72fa0a66cd4706c2afc1e7b115de87712 | dep_before=742488095238110
2026-04-26T16:54:01Z | summary | poked=18 foreclosed=0 already=2 non_target=0 failed=0
2026-04-26T16:54:01Z | === run end ===
2026-04-26T21:00:01Z | === run start ===
2026-04-26T21:00:04Z | idx 63 | poked (still held) | tx 0x02a8281a8befdcdecaebbb580ef28ae833d070247bcf5d96c1743334e52b7ee8 | dep_before=604654761904780
2026-04-26T21:00:11Z | idx 64 | poked (still held) | tx 0x7985ee09a666b5202b7a8d0bef3a9100eff15cb8cac65bf4147872d0d307452a | dep_before=593966269841286
2026-04-26T21:00:25Z | idx 72 | poked (still held) | tx 0x9548ceb132709a7f466112ffcf6a10c998dfd05a2b2a1d884deeb1825088320a | dep_before=967695601851867
2026-04-26T21:00:30Z | idx 73 | poked (still held) | tx 0x13681905e3d6c736c87011765cbc772643e8543bcf98593f073d407f79a34185 | dep_before=752624074074086
2026-04-26T21:00:36Z | idx 95 | poked (still held) | tx 0x838123c5714db8f749cfba3b8bf7716bc8c95953fe3666147078b364bd271a93 | dep_before=457941931216947
2026-04-26T21:00:41Z | idx 57 | poked (still held) | tx 0xb4fcade3c0a7860c9eb61427ed73dc941a0fb297eef7699e684427b63fcde8e2 | dep_before=768716501322764
2026-04-26T21:00:47Z | idx 75 | poked (still held) | tx 0x83f559ec4403808cdf682b97014af8fbf315e57a4a3a4f804c563082ad20a9d7 | dep_before=523896527777791
2026-04-26T21:00:50Z | idx 85 | already foreclosed (skip)
2026-04-26T21:00:52Z | idx 91 | poked (still held) | tx 0xd83853ec743a5e12a78a80e479d1556a7796272db7c1764fa36b131f0b182f2d | dep_before=1021050462962976
2026-04-26T21:00:57Z | idx 97 | poked (still held) | tx 0x27d8ac968739d3c810c5a4a58b1379127744ab3dc93f9f6327b3b19ab736a9ad | dep_before=805150462962977
2026-04-26T21:01:03Z | idx 2 | poked (still held) | tx 0xc3fcc4d8ff3c0fa4872c99eb87d62abf5396f9c709c99135dac8d5d27b5ff1cd | dep_before=475307208994725
2026-04-26T21:01:08Z | idx 9 | poked (still held) | tx 0xcbe98da6e7850728a15c92b54e82f3295efa7c2e5a544d56255a81ea65519ac0 | dep_before=625272883597897
2026-04-26T21:01:15Z | idx 20 | poked (still held) | tx 0x735292b02b03e1ceb1404930350ec45f2a5798477dab5ff10a6d4a3fd44dae1a | dep_before=41074735449750
2026-04-26T21:01:19Z | idx 21 | already foreclosed (skip)
2026-04-26T21:01:23Z | idx 26 | poked (still held) | tx 0x023757809041e2764ae688c291a8ee60fc6d5dfd311115c5cbb3d868a5188d0d | dep_before=421595337301601
2026-04-26T21:01:28Z | idx 4 | poked (still held) | tx 0x11605ea5a3d1d8e3e9526b3b4b84cda1dca3520e29b24c83d7243b7bcb903228 | dep_before=2778976355820120
2026-04-26T21:01:34Z | idx 22 | poked (still held) | tx 0xa1bf7a0c6673116489aa8b0ce214d58cdff911645e105e6621434c17fa645a8d | dep_before=3381263558201073
2026-04-26T21:01:39Z | idx 60 | poked (still held) | tx 0x71b45dbde5fbba7d3110422f2611e72bfd6349829d158b0627b754d9a9010d3c | dep_before=721877347883610
2026-04-26T21:01:44Z | idx 62 | poked (still held) | tx 0xb30462d6042822b05594eee3c242948bd571268561f03e1f751d1f030b955d5a | dep_before=908518750000014
2026-04-26T21:01:49Z | idx 96 | poked (still held) | tx 0x5e722b2cd9d2eb75b392cc1b3da0086ce81d1392f5f46695935e6f4e467f90d1 | dep_before=736914351851867
2026-04-26T21:01:52Z | summary | poked=18 foreclosed=0 already=2 non_target=0 failed=0
2026-04-26T21:01:52Z | === run end ===
2026-04-27T03:00:01Z | === run start ===
2026-04-27T03:00:04Z | idx 63 | poked (still held) | tx 0x917c21c74bee74b25d381e5f88878362189f19a67913877e65e0bfc6b243dd2b | dep_before=592371362433881
2026-04-27T03:00:10Z | idx 64 | poked (still held) | tx 0xffd40e357f665ddc59e767140c4c49a1460d111634787ffa3e747330991f6921 | dep_before=581681216931234
2026-04-27T03:00:15Z | idx 72 | poked (still held) | tx 0xdf8c5c31c1b4cf97b311aaa25558c81bfd48f859a3cca9268f272ff5b06352cc | dep_before=955403935185202
2026-04-27T03:00:20Z | idx 73 | poked (still held) | tx 0xb36382c52e3b2ea0e9a9c7ad22238272845f7e08e06b5419dba68d758c5df9e5 | dep_before=740332407407420
2026-04-27T03:00:26Z | idx 95 | poked (still held) | tx 0xff4ae8c256daec382be9851bdaa5919ac461c6b0e889d53b7af6d4b47412c81d | dep_before=445648611111127
2026-04-27T03:00:33Z | idx 57 | poked (still held) | tx 0x31b21caba17cc7296b227dae71bd538175ce5e0cbcda242d0c3274bd7e464b46 | dep_before=756424834656098
2026-04-27T03:00:38Z | idx 75 | poked (still held) | tx 0xca0df4d2afec43d99d5c94b012f7733ba5160669e8fa16361122315a35a6d6fb | dep_before=511604861111125
2026-04-27T03:00:42Z | idx 85 | already foreclosed (skip)
2026-04-27T03:00:44Z | idx 91 | poked (still held) | tx 0x852df380a7eaf7e326cf51a3ffda6e18e5273a5ee45aa4e1c02e3638540cec25 | dep_before=1008758796296310
2026-04-27T03:00:50Z | idx 97 | poked (still held) | tx 0x6a1cc404ab5afbe6fe855c42e5b7f34b24c14f0fd67ba70da4aebe147cb228d1 | dep_before=792857142857157
2026-04-27T03:00:55Z | idx 2 | poked (still held) | tx 0x523381c6430f2159563544a9b199757940bfc50ba4d7f12fe48d21b47a015a30 | dep_before=463015542328059
2026-04-27T03:01:00Z | idx 9 | poked (still held) | tx 0x32b00c3b81e88633bd8aeec9290014c12edb13db1cd98ccafe682e0ea7ea8895 | dep_before=612979563492077
2026-04-27T03:01:05Z | idx 20 | poked (still held) | tx 0x44fea134a8624a409f1bf3d4f1f26057fe9c8cfc27067c42b2a0a2ed87e10054 | dep_before=28781415343930
2026-04-27T03:01:09Z | idx 21 | already foreclosed (skip)
2026-04-27T03:01:11Z | idx 26 | poked (still held) | tx 0x6b9c7267d5127e4e5ad33f20d70460d92a4037cb35a6509137af5ce53d596f1e | dep_before=409300363756628
2026-04-27T03:01:17Z | idx 4 | poked (still held) | tx 0x24104abc629cbae99909e42b13a21d87e280bc49ce5cb930179a3cb448066920 | dep_before=2766681382275147
2026-04-27T03:01:22Z | idx 22 | poked (still held) | tx 0xf50d3dbf294a7333e22039db2218515fbe357729a5734d4f4f953e6ff092d210 | dep_before=3368968584656100
2026-04-27T03:01:27Z | idx 60 | poked (still held) | tx 0x1b34712e92fc76edda2a5948d5726834c8d5ad6bfc21e051af97506cb12afd30 | dep_before=709584027777790
2026-04-27T03:01:33Z | idx 62 | poked (still held) | tx 0xfaa28cb1e38315edf0657d035ba68c3875846ef9b5648eb2ede8ebfce37d8fa6 | dep_before=896225429894194
2026-04-27T03:01:38Z | idx 96 | poked (still held) | tx 0xa16716c7ebbd2d65553a3b107d39ac6959afe2d3652fb7308166509951b7b2df | dep_before=724619378306894
2026-04-27T03:01:41Z | summary | poked=18 foreclosed=0 already=2 non_target=0 failed=0
2026-04-27T03:01:41Z | === run end ===
2026-04-27T09:00:01Z | === run start ===
2026-04-27T09:00:04Z | idx 63 | poked (still held) | tx 0x8edf3325948e2e4b81aac55f59230eca73cf6898feb8b8410cdd0ccf4c14116e | dep_before=574514219576739
2026-04-27T09:00:11Z | idx 64 | poked (still held) | tx 0x64577173dc9d77392ce335a36f50f8086cbf99d493b78438c8ed843d10e60ff5 | dep_before=563824074074092
2026-04-27T09:00:17Z | idx 72 | poked (still held) | tx 0x79f9fcda7ff7a2d06d4cc44e9e5200ce120e36508555b830b931b5fe969f2f8b | dep_before=937555059523827
2026-04-27T09:00:22Z | idx 73 | poked (still held) | tx 0xe32ad8e16b414f570434483ffd0875e505b10abdf4f7cb4f1dcef8cc139ff5ef | dep_before=722483531746045
2026-04-27T09:00:28Z | idx 95 | poked (still held) | tx 0x7fb725a2037f3334d66b17da112e363e7579803c6f01d14c39ee936188a021e0 | dep_before=427799735449752
2026-04-27T09:00:33Z | idx 57 | poked (still held) | tx 0x10bb0466c5f89ec6154d238a6c962ffffbfbd63b0cc8b8740bfccc064e885052 | dep_before=738574305555569
2026-04-27T09:00:38Z | idx 75 | poked (still held) | tx 0x87f51d400c1a33da2047f29a44d76cc1eec034829c91b536d87af539bff33d66 | dep_before=493754332010596
2026-04-27T09:00:42Z | idx 85 | already foreclosed (skip)
2026-04-27T09:00:44Z | idx 91 | poked (still held) | tx 0xf75251c592082393333d034fdbb4447a0a1e764c7f68cc7810eff7e8b36edfd4 | dep_before=990908267195781
2026-04-27T09:00:50Z | idx 97 | poked (still held) | tx 0xe94c5f0ecdf3f2231297b5c51a4501fe61b351e0d521f7515913375241e8c41a | dep_before=775006613756628
2026-04-27T09:00:57Z | idx 2 | poked (still held) | tx 0x8939624307172f149ce6cc3eea2aa273094c9752ab45d2cc0862d176c83b0625 | dep_before=445165013227530
2026-04-27T09:01:02Z | idx 9 | poked (still held) | tx 0x50e124fe9dfd15de932310bbb0e6845f8e0c556801df529be49a7994ec52d414 | dep_before=595129034391548
2026-04-27T09:01:07Z | idx 20 | poked (still held) | tx 0x51cae28ab2a91371c986287fe44ce47366f38168bbb519143ed3bbdb113a04d1 | dep_before=10930886243401
2026-04-27T09:01:11Z | idx 21 | already foreclosed (skip)
2026-04-27T09:01:14Z | idx 26 | poked (still held) | tx 0x6f970bbf52031caec2ef5e6285573b2e898ec005c78f3084970ca16117cf85bb | dep_before=391451488095253
2026-04-27T09:01:19Z | idx 4 | poked (still held) | tx 0x339689c463c31e419edaaad50c04cb2eb83c658d6bcf5c41d6466505a80c8355 | dep_before=2748834160052925
2026-04-27T09:01:25Z | idx 22 | poked (still held) | tx 0x1ee1a626a48fda26ae0cdc3b0dad467e9f0a7d52d58872b074f83e5ba0e925f0 | dep_before=3351121362433878
2026-04-27T09:01:30Z | idx 60 | poked (still held) | tx 0x155f2d8af86139ca16510f3123bdb35c068e05fa2c41a20496a802aa42bb48af | dep_before=691735152116415
2026-04-27T09:01:35Z | idx 62 | poked (still held) | tx 0x210173baff932cb7d07d0036fa3621cce8c335b9131c6efba036817a0fbb2af7 | dep_before=878378207671972
2026-04-27T09:01:41Z | idx 96 | poked (still held) | tx 0xa6062efc82c991f46688b198be5a4cd4837a71fe74df4f2057672729d24569b0 | dep_before=706772156084672
2026-04-27T09:01:44Z | summary | poked=18 foreclosed=0 already=2 non_target=0 failed=0
2026-04-27T09:01:44Z | === run end ===
2026-04-27T15:00:01Z | === run start ===
2026-04-27T15:00:05Z | idx 63 | poked (still held) | tx 0x784b1a5623cf72c1400a8b5f01c4b2e197a173ec274c906ccd30628be352a20e | dep_before=556657076719597
2026-04-27T15:00:11Z | idx 64 | poked (still held) | tx 0x53f3b72192a746ff6761ce496bfbf27e9337f3ea6d832245f70707c794c8682f | dep_before=545966931216950
2026-04-27T15:00:16Z | idx 72 | poked (still held) | tx 0xc3b578f863b4feb85bb86031582d5e2ebb434f82397d392016a46ee1ae62d774 | dep_before=919696263227531
2026-04-27T15:00:21Z | idx 73 | poked (still held) | tx 0xa34a4b3b60a4ab5e81476f55639a08903ae232aed637484aaf3fb16e6c7f48fe | dep_before=704624735449749
2026-04-27T15:00:27Z | idx 95 | poked (still held) | tx 0x7d13f9b1e2b03d2b870af0a45f86011de91adc9addd618044572ad30f1daf329 | dep_before=409940939153456
2026-04-27T15:00:32Z | idx 57 | poked (still held) | tx 0x157db72565384afffa24c1f6bde97f4f620e136e5488f713b3780b855726072c | dep_before=720717162698427
2026-04-27T15:00:38Z | idx 75 | poked (still held) | tx 0x536e3610412f40086fb263f22dfb29c0a25671d127f31dd44c96dd65540a2e51 | dep_before=475897189153454
2026-04-27T15:00:41Z | idx 85 | already foreclosed (skip)
2026-04-27T15:00:44Z | idx 91 | poked (still held) | tx 0x8b1f26379a50be872261ae6451dc65b42386552b4c88f050386dbfef1081de1c | dep_before=973051124338639
2026-04-27T15:00:49Z | idx 97 | poked (still held) | tx 0xbf9346077acc296a2de871747efebfea627b8b704fa492250f1a363703e435e8 | dep_before=757149470899486
2026-04-27T15:00:54Z | idx 2 | poked (still held) | tx 0x074725539d4551da4d1d452f72555ca3c76b29f64e8b9625eac71bf5c59917c8 | dep_before=427306216931234
2026-04-27T15:01:00Z | idx 9 | poked (still held) | tx 0xdd23663ba9846951a256d1e9ab217adcef2079270d845c01e1f7a0257b0fb1dc | dep_before=577270238095252
2026-04-27T15:01:03Z | idx 20 | already foreclosed (skip)
2026-04-27T15:01:04Z | idx 21 | already foreclosed (skip)
2026-04-27T15:03:14Z | idx 26 | poked (still held) | tx 0x35b9b1b474379722c0d1f7063fec236116a2755b7f2b4d9290443cd552639a3b | dep_before=373592691798957
2026-04-27T15:03:20Z | idx 4 | poked (still held) | tx 0x9f5f6da92168fc907df8bb5fd3ff5c680921310b136f75f8429e16aad99eebcb | dep_before=2730975363756629
2026-04-27T15:03:25Z | idx 22 | poked (still held) | tx 0x49a62469d4bfe1a7a1b741142c1501057441927db91da93312d11ccde8e391aa | dep_before=3333262566137582
2026-04-27T15:03:30Z | idx 60 | poked (still held) | tx 0xd24d56921f7b591becc22de1bd798eaf58d4e52d40baa284118a3ad258057c13 | dep_before=673876355820119
2026-04-27T15:03:35Z | idx 62 | poked (still held) | tx 0xbf68becfbecdb1a66ce4ee8c53274f3cca5e7ae5660b6b8210c5a3b945cbc9c4 | dep_before=860517757936523
2026-04-27T15:03:41Z | idx 96 | poked (still held) | tx 0xbcd866a572025e708be5aa4c237d3ebf18364c3b2839b63bd87e4d4f9be399bc | dep_before=688911706349223
2026-04-27T15:03:44Z | summary | poked=17 foreclosed=0 already=3 non_target=0 failed=0
2026-04-27T15:03:44Z | === run end ===
2026-04-27T21:00:01Z | === run start ===
2026-04-27T21:00:03Z | idx 63 | poked (still held) | tx 0x5b745cccba06799821d243d0edf0af3421eb0b3fbb3aa870a58fb176edbba52e | dep_before=538799933862455
2026-04-27T21:00:09Z | idx 64 | poked (still held) | tx 0x73f0efa408b820d3ae93aafd06581de8690ef6078eece49c04a7de7234a763a8 | dep_before=528109788359808
2026-04-27T21:00:14Z | idx 72 | poked (still held) | tx 0x88749b099acfdb8f8d9fbd23450962c82d3226b7d11f71fe924c98b85d5933cd | dep_before=901839120370389
2026-04-27T21:00:20Z | idx 73 | poked (still held) | tx 0xa34ee01026ae4687f37dad55eddd997820c5f460000ed14b1b4a598d6315af74 | dep_before=686767592592607
2026-04-27T21:00:25Z | idx 95 | poked (still held) | tx 0xe0bea88908250d9c4f6c5fc29ca6c2914a887d12347959dd472ff3f9273ccce9 | dep_before=392085449735467
2026-04-27T21:00:31Z | idx 57 | poked (still held) | tx 0x5d51a59f979a814f5bc4aad6c41ffc2cac0d1231a671605476928b9b69b56bd0 | dep_before=702860019841285
2026-04-27T21:00:36Z | idx 75 | poked (still held) | tx 0xa48565fb5d4ce9fa80e7b89aecbb7d070e791d955acb82fcd33493c10925f47d | dep_before=458040046296312
2026-04-27T21:00:39Z | idx 85 | already foreclosed (skip)
2026-04-27T21:00:42Z | idx 91 | poked (still held) | tx 0xe1cf80a32ffc6014a04b7e7b465f74d6a13be82866e96c4042bc73e6818f9d21 | dep_before=955193981481497
2026-04-27T21:00:47Z | idx 97 | poked (still held) | tx 0xb1007e1fe798f594ca78de61ff88b24cd3efa0b616adc51b9eb371763cf00e50 | dep_before=739293981481497
2026-04-27T21:00:53Z | idx 2 | poked (still held) | tx 0xc5935550fc8841cc356a158e003bec00bac7702f333db8c441bdaf1bf8ae3db0 | dep_before=409450727513245
2026-04-27T21:00:58Z | idx 9 | poked (still held) | tx 0xe363e08f06dceacba1b3c0c409da293c8d61a8019b75359c71134cb56a78618c | dep_before=559414748677263
2026-04-27T21:01:02Z | idx 20 | already foreclosed (skip)
2026-04-27T21:01:02Z | idx 21 | already foreclosed (skip)
2026-04-27T21:01:04Z | idx 26 | poked (still held) | tx 0x771014cd73e66a1a199f07a6f2dc8c20ed7cb0118fa9dd2735e9a3394015ce01 | dep_before=355636342592608
2026-04-27T21:01:10Z | idx 4 | poked (still held) | tx 0x5b9cbe440b8b59eca9fbe9ca3fa838c1c821c21ec536185625fc7e1fce5d6e9c | dep_before=2713017361111127
2026-04-27T21:01:17Z | idx 22 | poked (still held) | tx 0xd71c6084d9e312072bba12766ca989b75971b49867f5cbf814ab042d6c34f0f4 | dep_before=3315306216931233
2026-04-27T21:01:22Z | idx 60 | poked (still held) | tx 0x92bd2c16d1e2823d5debaf9a615440d6dc5c08546c4689d169f952ef87ca0d77 | dep_before=655920006613770
2026-04-27T21:01:28Z | idx 62 | poked (still held) | tx 0xfdc5a7807d33f1b60d72124b11840f275b3e8bf1173bd577a2267337d5ad554b | dep_before=842561408730174
2026-04-27T21:01:33Z | idx 96 | poked (still held) | tx 0x5583b07e2b800aa975662776c3a051ad2b60564c7130348dc41e3176b5ff45b9 | dep_before=670957010582028
2026-04-27T21:01:36Z | summary | poked=17 foreclosed=0 already=3 non_target=0 failed=0
2026-04-27T21:01:36Z | === run end ===
2026-04-28T03:00:01Z | === run start ===
2026-04-28T03:00:05Z | idx 63 | poked (still held) | tx 0xf20e60d2793c97da88b45d9f82324e6db51cdb9dc192c6850a46bd8ede94fe5a | dep_before=520942791005313
2026-04-28T03:00:10Z | idx 64 | poked (still held) | tx 0x961e4f49dabcde5a2365d10dc8bf15814cd49a30badc0043bc8f4b8e925c5000 | dep_before=510254298941819
2026-04-28T03:00:16Z | idx 72 | poked (still held) | tx 0x11b0666c3b11b3a16ec7d8d642f993b9dcde59da5bc7342716a8ea8e20c1d64a | dep_before=883983630952400
2026-04-28T03:00:21Z | idx 73 | poked (still held) | tx 0x10879b2f95bc101ec4d08ac95730ca983920566d3826242791ce802cdda70a25 | dep_before=668912103174618
2026-04-28T03:00:26Z | idx 95 | poked (still held) | tx 0xd0d42175ef3f86dea5c7fa5364bb6f0bfd8b77b0aeb7612f16839db8955468d4 | dep_before=374228306878325
2026-04-28T03:00:32Z | idx 57 | poked (still held) | tx 0x8b6cc7452aa4146ce6afa023f9189664118a8411b6773bccd4ab8dfed3952457 | dep_before=685004530423296
2026-04-28T03:00:37Z | idx 75 | poked (still held) | tx 0x4bd1bd9fe27fa4d82773a584829029e5d11c11d2f2f90638971a3a9d0a197fd3 | dep_before=440184556878323
2026-04-28T03:00:41Z | idx 85 | already foreclosed (skip)
2026-04-28T03:00:43Z | idx 91 | poked (still held) | tx 0xea7a716c56e235c69ac72fd96d1fd19cd97f26c9401397250b1724ee4cd6f288 | dep_before=937338492063508
2026-04-28T03:00:48Z | idx 97 | poked (still held) | tx 0x887466336f5b3f8b7240181337721cb23b5f56b7df2dea6ff69bbec2db94bdd2 | dep_before=721436838624355
2026-04-28T03:00:54Z | idx 2 | poked (still held) | tx 0x82db54bc01753877a948d49bb6c4807489ab8eacbba2d01d205e291276a1c537 | dep_before=391595238095256
2026-04-28T03:00:59Z | idx 9 | poked (still held) | tx 0x91bb535dfb71b5f8e4d6c2f15b241fa39bcd78dd06682cc72a1f27c14e01638a | dep_before=541559259259274
2026-04-28T03:01:02Z | idx 20 | already foreclosed (skip)
2026-04-28T03:01:03Z | idx 21 | already foreclosed (skip)
2026-04-28T03:01:05Z | idx 26 | poked (still held) | tx 0x9ed94dcc18abf6d5f1eb3d21c4acca22345c4ad09e7f85e212cac224f412c92f | dep_before=337886673280439
2026-04-28T03:01:11Z | idx 4 | poked (still held) | tx 0x104f40cc411ace4a5075ac571b57d17df0bc5a12635f9560144c914f82fa9a16 | dep_before=2695267691798958
2026-04-28T03:01:16Z | idx 22 | poked (still held) | tx 0x390a1a8b93829496a1df13a69d69c523a6924243f8aca650a8bbdd1e9a501d16 | dep_before=3297554894179911
2026-04-28T03:01:22Z | idx 60 | poked (still held) | tx 0x921e00d9dc8a201356955ba8755bc2b3c3f30b40a3389d94266583488ae45a1c | dep_before=638168683862448
2026-04-28T03:01:27Z | idx 62 | poked (still held) | tx 0xfad4dc2730f5407b5b086efc14bbd58b190de2b28d578c3449941bfb4ffa7fca | dep_before=824810085978852
2026-04-28T03:01:32Z | idx 96 | poked (still held) | tx 0xdaf4a300d02a716a754e1a95998ba3d6f86b55b0ee44bbbff0bbe2ac0c25fabf | dep_before=653205687830706
2026-04-28T03:01:35Z | summary | poked=17 foreclosed=0 already=3 non_target=0 failed=0
2026-04-28T03:01:35Z | === run end ===
2026-04-28T09:00:01Z | === run start ===
2026-04-28T09:00:03Z | idx 63 | poked (still held) | tx 0x248f23595c8ad2d597d08f985dbc38b04f609eefb13832679cd5daac57f047ec | dep_before=503085648148171
2026-04-28T09:00:08Z | idx 64 | poked (still held) | tx 0x7549f38c78881139851a54a100672705ce8efd7daa9d982c13ca24f61b8e6661 | dep_before=492395502645523
2026-04-28T09:00:14Z | idx 72 | poked (still held) | tx 0xaff49571678d4dc90aed2906c159a0016050349491a32230f504b2d4e2e081af | dep_before=866124834656104
2026-04-28T09:00:19Z | idx 73 | poked (still held) | tx 0xd226c6f03bc4d553e457b97132747f6f2b5fa6247fb964e86424051733f39c94 | dep_before=651054960317476
2026-04-28T09:00:24Z | idx 95 | poked (still held) | tx 0xc6fd2098c684330b814072070362b627c42cd897ff609ce05d1c91319b3f6566 | dep_before=356371164021183
2026-04-28T09:00:30Z | idx 57 | poked (still held) | tx 0x6460d289699beb760c9e59d17270f5b2d9469f987f8e21207c2b60fb73eb2832 | dep_before=667145734127000
2026-04-28T09:00:35Z | idx 75 | poked (still held) | tx 0x61a4b6012c26b54d86cbff8e6157d250c2c569091887d4c09df2e507d9c37b83 | dep_before=422327414021181
2026-04-28T09:00:38Z | idx 85 | already foreclosed (skip)
2026-04-28T09:00:40Z | idx 91 | poked (still held) | tx 0x518e3d90c3fea7ed02343b6d38a824d98b6dba8a0e3345e0d4f65ce568777f80 | dep_before=919481349206366
2026-04-28T09:00:46Z | idx 97 | poked (still held) | tx 0x0644eaad5d75b6bc18502271d49abe078ca7c8c1f7905c510a99d6bcaced2e08 | dep_before=703579695767213
2026-04-28T09:00:51Z | idx 2 | poked (still held) | tx 0xe843ffb38027ec3a754a24c634449b72ee465c2772b5c2b66da1b05d7d58466e | dep_before=373736441798960
2026-04-28T09:00:57Z | idx 9 | poked (still held) | tx 0x2abe4c33fec60a28c5d4ecb7417328942ef1070f618abf44ae42510fdb4f831a | dep_before=523702116402132
2026-04-28T09:01:00Z | idx 20 | already foreclosed (skip)
2026-04-28T09:01:01Z | idx 21 | already foreclosed (skip)
2026-04-28T09:01:03Z | idx 26 | poked (still held) | tx 0xebfc90ee74d0298ebc636eeca59cfaf112e57f0695b2e8aee9002721ff327e73 | dep_before=320027876984143
2026-04-28T09:01:09Z | idx 4 | poked (still held) | tx 0xe12702823d651687157af820af9b7a51890244137f653c198e3128aaa6649f99 | dep_before=2677410548941816
2026-04-28T09:01:14Z | idx 22 | poked (still held) | tx 0x564008609f835cf8b80a2075561c06b1822e5d288242ea2e43a5baf383fb6865 | dep_before=3279697751322769
2026-04-28T09:01:19Z | idx 60 | poked (still held) | tx 0xbd8e658542929090bde9ce688824704bc8f1339192d47747d8b740328996290a | dep_before=620311541005306
2026-04-28T09:01:25Z | idx 62 | poked (still held) | tx 0xe88fd71b833325f83c6255e29e25eeda79a509ad63b39af147769a0451183942 | dep_before=806954596560863
2026-04-28T09:01:30Z | idx 96 | poked (still held) | tx 0xc461b3016ffb119834121e444385aaffd0ec49d8e633a5f1ad3d60987358784a | dep_before=635348544973564
2026-04-28T09:01:33Z | summary | poked=17 foreclosed=0 already=3 non_target=0 failed=0
2026-04-28T09:01:33Z | === run end ===
2026-04-28T15:00:01Z | === run start ===
2026-04-28T15:00:03Z | idx 63 | poked (still held) | tx 0x9c0631c4b1deb85db49680433f40d8f3c74aec2a17f3e1878ef9353eb5775d4a | dep_before=485230158730182
2026-04-28T15:00:11Z | idx 64 | poked (still held) | tx 0xb3e3a0482023a877f46ff42f9c2f17cd92643ec890af15807a124e083539846e | dep_before=474540013227534
2026-04-28T15:00:16Z | idx 72 | poked (still held) | tx 0x007e15893349fa92e77b1db941335a82e22899d192909275e8141fe667d93ec3 | dep_before=848269345238115
2026-04-28T15:00:22Z | idx 73 | poked (still held) | tx 0x887daa013b0f7b86aeb7a0a0efb03d651120db4934ae4ca33282257af36c4892 | dep_before=633197817460334
2026-04-28T15:00:27Z | idx 95 | poked (still held) | tx 0xb46610cc0e8c39508e9f0731dd929fbe5a7b236250ade29c55cfa07d122bfc56 | dep_before=338515674603194
2026-04-28T15:00:32Z | idx 57 | poked (still held) | tx 0x976235c0ad5e0c8ecc55f249f536e6d7a63b77c886f921041081d74e595d9c9b | dep_before=649290244709011
2026-04-28T15:00:37Z | idx 75 | poked (still held) | tx 0x54723366ec6a3c92fa8d2b98eb3606b26c4beb8b881cba69d8ba7249e55f8842 | dep_before=404471924603192
2026-04-28T15:00:41Z | idx 85 | already foreclosed (skip)
2026-04-28T15:00:43Z | idx 91 | poked (still held) | tx 0xc921c861d06dc474ed11caa16af2c99ba1def3274f7551fa9d79d2da9c2de900 | dep_before=901625859788377
2026-04-28T15:00:49Z | idx 97 | poked (still held) | tx 0x846fc54afe0bd488d3a1b5747197647fb4fb425d81f957bdc036f3bfcd5374af | dep_before=685724206349224
2026-04-28T15:00:54Z | idx 2 | poked (still held) | tx 0x4d2d81bc6cc5e7263ecfe1f331cf73ebcf519d5b916dcb40995ce380477a8188 | dep_before=355880952380971
2026-04-28T15:00:59Z | idx 9 | poked (still held) | tx 0x18acba1d7ffa935eab0d5e23722c49b3bf5167836dbbc21344493b782185f084 | dep_before=505846626984143
2026-04-28T15:01:03Z | idx 20 | already foreclosed (skip)
2026-04-28T15:01:04Z | idx 21 | already foreclosed (skip)
2026-04-28T15:01:20Z | idx 26 | FAILED after 3 tries | Error: Failed to estimate gas: server returned an error response: error code -32000: gas required exceeds allowance (42153)
2026-04-28T15:01:40Z | idx 4 | FAILED after 3 tries | Error: Failed to estimate gas: server returned an error response: error code -32000: gas required exceeds allowance (42153)
2026-04-28T15:02:00Z | idx 22 | FAILED after 3 tries | Error: Failed to estimate gas: server returned an error response: error code -32000: gas required exceeds allowance (42153)
2026-04-28T15:02:19Z | idx 60 | FAILED after 3 tries | Error: Failed to estimate gas: server returned an error response: error code -32000: gas required exceeds allowance (42219)
2026-04-28T15:02:39Z | idx 62 | FAILED after 3 tries | Error: Failed to estimate gas: server returned an error response: error code -32000: gas required exceeds allowance (42153)
2026-04-28T15:02:59Z | idx 96 | FAILED after 3 tries | Error: Failed to estimate gas: server returned an error response: error code -32000: gas required exceeds allowance (42153)
2026-04-28T15:03:02Z | summary | poked=11 foreclosed=0 already=3 non_target=0 failed=6
2026-04-28T15:03:02Z | === run end ===
2026-04-28T21:00:01Z | === run start ===
2026-04-28T21:00:17Z | idx 63 | FAILED after 3 tries | Error: Failed to estimate gas: server returned an error response: error code -32000: gas required exceeds allowance (42153)
2026-04-28T21:00:37Z | idx 64 | FAILED after 3 tries | Error: Failed to estimate gas: server returned an error response: error code -32000: gas required exceeds allowance (41542)
2026-04-28T21:01:00Z | idx 72 | FAILED after 3 tries | Error: Failed to estimate gas: server returned an error response: error code -32000: gas required exceeds allowance (41597)
2026-04-28T21:01:22Z | idx 73 | FAILED after 3 tries | Error: Failed to estimate gas: server returned an error response: error code -32000: gas required exceeds allowance (42375)
2026-04-28T21:01:41Z | idx 95 | FAILED after 3 tries | Error: Failed to estimate gas: server returned an error response: error code -32000: gas required exceeds allowance (41495)
2026-04-28T21:02:01Z | idx 57 | FAILED after 3 tries | Error: Failed to estimate gas: server returned an error response: error code -32000: gas required exceeds allowance (42153)
2026-04-28T21:02:22Z | idx 75 | FAILED after 3 tries | Error: Failed to estimate gas: server returned an error response: error code -32000: gas required exceeds allowance (39604)
2026-04-28T21:02:25Z | idx 85 | already foreclosed (skip)
2026-04-28T21:02:42Z | idx 91 | FAILED after 3 tries | Error: Failed to estimate gas: server returned an error response: error code -32000: gas required exceeds allowance (42532)
2026-04-28T21:03:02Z | idx 97 | FAILED after 3 tries | Error: Failed to estimate gas: server returned an error response: error code -32000: gas required exceeds allowance (42530)
2026-04-28T21:03:22Z | idx 2 | FAILED after 3 tries | Error: Failed to estimate gas: server returned an error response: error code -32000: gas required exceeds allowance (42340)
2026-04-28T21:03:42Z | idx 9 | FAILED after 3 tries | Error: Failed to estimate gas: server returned an error response: error code -32000: gas required exceeds allowance (42153)
2026-04-28T21:03:45Z | idx 20 | already foreclosed (skip)
2026-04-28T21:03:46Z | idx 21 | already foreclosed (skip)
2026-04-28T21:04:03Z | idx 26 | FAILED after 3 tries | Error: Failed to estimate gas: server returned an error response: error code -32000: gas required exceeds allowance (42574)
2026-04-28T21:04:23Z | idx 4 | FAILED after 3 tries | Error: Failed to estimate gas: server returned an error response: error code -32000: gas required exceeds allowance (42574)
2026-04-28T21:04:43Z | idx 22 | FAILED after 3 tries | Error: Failed to estimate gas: server returned an error response: error code -32000: gas required exceeds allowance (42574)
2026-04-28T21:05:02Z | idx 60 | FAILED after 3 tries | Error: Failed to estimate gas: server returned an error response: error code -32000: gas required exceeds allowance (42574)
2026-04-28T21:05:22Z | idx 62 | FAILED after 3 tries | Error: Failed to estimate gas: server returned an error response: error code -32000: gas required exceeds allowance (42153)
2026-04-28T21:05:42Z | idx 96 | FAILED after 3 tries | Error: Failed to estimate gas: server returned an error response: error code -32000: gas required exceeds allowance (41495)
2026-04-28T21:05:45Z | summary | poked=0 foreclosed=0 already=3 non_target=0 failed=17
2026-04-28T21:05:45Z | === run end ===
2026-04-29T03:00:01Z | === run start ===
2026-04-29T03:00:18Z | idx 63 | FAILED after 3 tries | Error: Failed to estimate gas: server returned an error response: error code -32000: gas required exceeds allowance (42153)
2026-04-29T03:00:38Z | idx 64 | FAILED after 3 tries | Error: Failed to estimate gas: server returned an error response: error code -32000: gas required exceeds allowance (42155)
2026-04-29T03:00:58Z | idx 72 | FAILED after 3 tries | Error: Failed to estimate gas: server returned an error response: error code -32000: gas required exceeds allowance (42563)
2026-04-29T03:01:17Z | idx 73 | FAILED after 3 tries | Error: Failed to estimate gas: server returned an error response: error code -32000: gas required exceeds allowance (42194)
2026-04-29T03:01:37Z | idx 95 | FAILED after 3 tries | Error: Failed to estimate gas: server returned an error response: error code -32000: gas required exceeds allowance (42153)
2026-04-29T03:01:57Z | idx 57 | FAILED after 3 tries | Error: Failed to estimate gas: server returned an error response: error code -32000: gas required exceeds allowance (42194)
2026-04-29T03:02:17Z | idx 75 | FAILED after 3 tries | Error: Failed to estimate gas: server returned an error response: error code -32000: gas required exceeds allowance (42194)
2026-04-29T03:02:20Z | idx 85 | already foreclosed (skip)
2026-04-29T03:02:37Z | idx 91 | FAILED after 3 tries | Error: Failed to estimate gas: server returned an error response: error code -32000: gas required exceeds allowance (42194)
2026-04-29T03:02:57Z | idx 97 | FAILED after 3 tries | Error: Failed to estimate gas: server returned an error response: error code -32000: gas required exceeds allowance (42153)
2026-04-29T03:03:16Z | idx 2 | FAILED after 3 tries | Error: Failed to estimate gas: server returned an error response: error code -32000: gas required exceeds allowance (42153)
2026-04-29T03:03:36Z | idx 9 | FAILED after 3 tries | Error: Failed to estimate gas: server returned an error response: error code -32000: gas required exceeds allowance (40813)
2026-04-29T03:03:40Z | idx 20 | already foreclosed (skip)
2026-04-29T03:03:40Z | idx 21 | already foreclosed (skip)
2026-04-29T03:03:57Z | idx 26 | FAILED after 3 tries | Error: Failed to estimate gas: server returned an error response: error code -32000: gas required exceeds allowance (42153)
2026-04-29T03:04:17Z | idx 4 | FAILED after 3 tries | Error: Failed to estimate gas: server returned an error response: error code -32000: gas required exceeds allowance (40813)
2026-04-29T03:04:36Z | idx 22 | FAILED after 3 tries | Error: Failed to estimate gas: server returned an error response: error code -32000: gas required exceeds allowance (42173)
2026-04-29T03:04:56Z | idx 60 | FAILED after 3 tries | Error: Failed to estimate gas: server returned an error response: error code -32000: gas required exceeds allowance (42153)
2026-04-29T03:05:16Z | idx 62 | FAILED after 3 tries | Error: Failed to estimate gas: server returned an error response: error code -32000: gas required exceeds allowance (42153)
2026-04-29T03:05:35Z | idx 96 | FAILED after 3 tries | Error: Failed to estimate gas: server returned an error response: error code -32000: gas required exceeds allowance (42255)
2026-04-29T03:05:38Z | summary | poked=0 foreclosed=0 already=3 non_target=0 failed=17
2026-04-29T03:05:38Z | === run end ===
2026-04-29T09:00:01Z | === run start ===
2026-04-29T09:00:18Z | idx 63 | FAILED after 3 tries | Error: Failed to estimate gas: server returned an error response: error code -32000: gas required exceeds allowance (42500)
2026-04-29T09:00:38Z | idx 64 | FAILED after 3 tries | Error: Failed to estimate gas: server returned an error response: error code -32000: gas required exceeds allowance (42480)
2026-04-29T09:00:57Z | idx 72 | FAILED after 3 tries | Error: Failed to estimate gas: server returned an error response: error code -32000: gas required exceeds allowance (42008)
2026-04-29T09:01:17Z | idx 73 | FAILED after 3 tries | Error: Failed to estimate gas: server returned an error response: error code -32000: gas required exceeds allowance (42574)
2026-04-29T09:01:37Z | idx 95 | FAILED after 3 tries | Error: Failed to estimate gas: server returned an error response: error code -32000: gas required exceeds allowance (42574)
2026-04-29T09:01:56Z | idx 57 | FAILED after 3 tries | Error: Failed to estimate gas: server returned an error response: error code -32000: gas required exceeds allowance (42521)
2026-04-29T09:02:16Z | idx 75 | FAILED after 3 tries | Error: Failed to estimate gas: server returned an error response: error code -32000: gas required exceeds allowance (42574)
2026-04-29T09:02:20Z | idx 85 | already foreclosed (skip)
2026-04-29T09:02:36Z | idx 91 | FAILED after 3 tries | Error: Failed to estimate gas: server returned an error response: error code -32000: gas required exceeds allowance (42574)
2026-04-29T09:02:56Z | idx 97 | FAILED after 3 tries | Error: Failed to estimate gas: server returned an error response: error code -32000: gas required exceeds allowance (42468)
2026-04-29T09:03:16Z | idx 2 | FAILED after 3 tries | Error: Failed to estimate gas: server returned an error response: error code -32000: gas required exceeds allowance (42468)
2026-04-29T09:03:35Z | idx 9 | FAILED after 3 tries | Error: Failed to estimate gas: server returned an error response: error code -32000: gas required exceeds allowance (42468)
2026-04-29T09:03:39Z | idx 20 | already foreclosed (skip)
2026-04-29T09:03:39Z | idx 21 | already foreclosed (skip)
2026-04-29T09:03:56Z | idx 26 | FAILED after 3 tries | Error: Failed to estimate gas: server returned an error response: error code -32000: gas required exceeds allowance (42551)
2026-04-29T09:04:16Z | idx 4 | FAILED after 3 tries | Error: Failed to estimate gas: server returned an error response: error code -32000: gas required exceeds allowance (42532)
2026-04-29T09:04:35Z | idx 22 | FAILED after 3 tries | Error: Failed to estimate gas: server returned an error response: error code -32000: gas required exceeds allowance (42532)
2026-04-29T09:04:55Z | idx 60 | FAILED after 3 tries | Error: Failed to estimate gas: server returned an error response: error code -32000: gas required exceeds allowance (42574)
2026-04-29T09:05:15Z | idx 62 | FAILED after 3 tries | Error: Failed to estimate gas: server returned an error response: error code -32000: gas required exceeds allowance (42574)
2026-04-29T09:05:34Z | idx 96 | FAILED after 3 tries | Error: Failed to estimate gas: server returned an error response: error code -32000: gas required exceeds allowance (42574)
2026-04-29T09:05:37Z | summary | poked=0 foreclosed=0 already=3 non_target=0 failed=17
2026-04-29T09:05:37Z | === run end ===
2026-04-29T15:00:01Z | === run start ===
2026-04-29T15:00:18Z | idx 63 | FAILED after 3 tries | Error: Failed to estimate gas: server returned an error response: error code -32000: gas required exceeds allowance (40638)
2026-04-29T15:00:38Z | idx 64 | FAILED after 3 tries | Error: Failed to estimate gas: server returned an error response: error code -32000: gas required exceeds allowance (41113)
2026-04-29T15:00:58Z | idx 72 | FAILED after 3 tries | Error: Failed to estimate gas: server returned an error response: error code -32000: gas required exceeds allowance (38704)
2026-04-29T15:01:18Z | idx 73 | FAILED after 3 tries | Error: Failed to estimate gas: server returned an error response: error code -32000: gas required exceeds allowance (38704)
2026-04-29T15:01:38Z | idx 95 | FAILED after 3 tries | Error: Failed to estimate gas: server returned an error response: error code -32000: gas required exceeds allowance (38743)
2026-04-29T15:01:58Z | idx 57 | FAILED after 3 tries | Error: Failed to estimate gas: server returned an error response: error code -32000: gas required exceeds allowance (38704)
2026-04-29T15:02:18Z | idx 75 | FAILED after 3 tries | Error: Failed to estimate gas: server returned an error response: error code -32000: gas required exceeds allowance (39193)
2026-04-29T15:02:21Z | idx 85 | already foreclosed (skip)
2026-04-29T15:02:38Z | idx 91 | FAILED after 3 tries | Error: Failed to estimate gas: server returned an error response: error code -32000: gas required exceeds allowance (39290)
2026-04-29T15:02:58Z | idx 97 | FAILED after 3 tries | Error: Failed to estimate gas: server returned an error response: error code -32000: gas required exceeds allowance (42142)
2026-04-29T15:03:18Z | idx 2 | FAILED after 3 tries | Error: Failed to estimate gas: server returned an error response: error code -32000: gas required exceeds allowance (41455)
2026-04-29T15:03:38Z | idx 9 | FAILED after 3 tries | Error: Failed to estimate gas: server returned an error response: error code -32000: gas required exceeds allowance (41503)
2026-04-29T15:03:41Z | idx 20 | already foreclosed (skip)
2026-04-29T15:03:42Z | idx 21 | already foreclosed (skip)
2026-04-29T15:03:59Z | idx 26 | FAILED after 3 tries | Error: Failed to estimate gas: server returned an error response: error code -32000: gas required exceeds allowance (40212)
2026-04-29T15:04:19Z | idx 4 | FAILED after 3 tries | Error: Failed to estimate gas: server returned an error response: error code -32000: gas required exceeds allowance (41475)
2026-04-29T15:04:38Z | idx 22 | FAILED after 3 tries | Error: Failed to estimate gas: server returned an error response: error code -32000: gas required exceeds allowance (38704)
2026-04-29T15:04:58Z | idx 60 | FAILED after 3 tries | Error: Failed to estimate gas: server returned an error response: error code -32000: gas required exceeds allowance (38704)
2026-04-29T15:05:18Z | idx 62 | FAILED after 3 tries | Error: Failed to estimate gas: server returned an error response: error code -32000: gas required exceeds allowance (41358)
2026-04-29T15:05:38Z | idx 96 | FAILED after 3 tries | Error: Failed to estimate gas: server returned an error response: error code -32000: gas required exceeds allowance (42109)
2026-04-29T15:05:41Z | summary | poked=0 foreclosed=0 already=3 non_target=0 failed=17
2026-04-29T15:05:41Z | === run end ===
2026-04-29T21:00:01Z | === run start ===
2026-04-29T21:00:18Z | idx 63 | FAILED after 3 tries | Error: Failed to estimate gas: server returned an error response: error code -32000: gas required exceeds allowance (42153)
2026-04-29T21:00:38Z | idx 64 | FAILED after 3 tries | Error: Failed to estimate gas: server returned an error response: error code -32000: gas required exceeds allowance (42153)
2026-04-29T21:00:57Z | idx 72 | FAILED after 3 tries | Error: Failed to estimate gas: server returned an error response: error code -32000: gas required exceeds allowance (39604)
2026-04-29T21:01:17Z | idx 73 | FAILED after 3 tries | Error: Failed to estimate gas: server returned an error response: error code -32000: gas required exceeds allowance (41548)
2026-04-29T21:01:37Z | idx 95 | FAILED after 3 tries | Error: Failed to estimate gas: server returned an error response: error code -32000: gas required exceeds allowance (41455)
2026-04-29T21:01:57Z | idx 57 | FAILED after 3 tries | Error: Failed to estimate gas: server returned an error response: error code -32000: gas required exceeds allowance (42153)
2026-04-29T21:02:16Z | idx 75 | FAILED after 3 tries | Error: Failed to estimate gas: server returned an error response: error code -32000: gas required exceeds allowance (39837)
2026-04-29T21:02:20Z | idx 85 | already foreclosed (skip)
2026-04-29T21:02:37Z | idx 91 | FAILED after 3 tries | Error: Failed to estimate gas: server returned an error response: error code -32000: gas required exceeds allowance (41455)
2026-04-29T21:02:56Z | idx 97 | FAILED after 3 tries | Error: Failed to estimate gas: server returned an error response: error code -32000: gas required exceeds allowance (41894)
2026-04-29T21:03:16Z | idx 2 | FAILED after 3 tries | Error: Failed to estimate gas: server returned an error response: error code -32000: gas required exceeds allowance (41455)
2026-04-29T21:03:36Z | idx 9 | FAILED after 3 tries | Error: Failed to estimate gas: server returned an error response: error code -32000: gas required exceeds allowance (41801)
2026-04-29T21:03:39Z | idx 20 | already foreclosed (skip)
2026-04-29T21:03:40Z | idx 21 | already foreclosed (skip)
2026-04-29T21:03:57Z | idx 26 | FAILED after 3 tries | Error: Failed to estimate gas: server returned an error response: error code -32000: gas required exceeds allowance (41455)
2026-04-29T21:04:17Z | idx 4 | FAILED after 3 tries | Error: Failed to estimate gas: server returned an error response: error code -32000: gas required exceeds allowance (40489)
2026-04-29T21:04:36Z | idx 22 | FAILED after 3 tries | Error: Failed to estimate gas: server returned an error response: error code -32000: gas required exceeds allowance (39694)
2026-04-29T21:04:56Z | idx 60 | FAILED after 3 tries | Error: Failed to estimate gas: server returned an error response: error code -32000: gas required exceeds allowance (41531)
2026-04-29T21:05:16Z | idx 62 | FAILED after 3 tries | Error: Failed to estimate gas: server returned an error response: error code -32000: gas required exceeds allowance (42153)
2026-04-29T21:05:36Z | idx 96 | FAILED after 3 tries | Error: Failed to estimate gas: server returned an error response: error code -32000: gas required exceeds allowance (42153)
2026-04-29T21:05:39Z | summary | poked=0 foreclosed=0 already=3 non_target=0 failed=17
2026-04-29T21:05:39Z | === run end ===
2026-04-30T03:00:01Z | === run start ===
2026-04-30T03:00:17Z | idx 63 | FAILED after 3 tries | Error: Failed to estimate gas: server returned an error response: error code -32000: gas required exceeds allowance (38704)
2026-04-30T03:00:37Z | idx 64 | FAILED after 3 tries | Error: Failed to estimate gas: server returned an error response: error code -32000: gas required exceeds allowance (41530)
2026-04-30T03:00:57Z | idx 72 | FAILED after 3 tries | Error: Failed to estimate gas: server returned an error response: error code -32000: gas required exceeds allowance (41034)
2026-04-30T03:01:17Z | idx 73 | FAILED after 3 tries | Error: Failed to estimate gas: server returned an error response: error code -32000: gas required exceeds allowance (41536)
2026-04-30T03:01:36Z | idx 95 | FAILED after 3 tries | Error: Failed to estimate gas: server returned an error response: error code -32000: gas required exceeds allowance (38704)
2026-04-30T03:01:56Z | idx 57 | FAILED after 3 tries | Error: Failed to estimate gas: server returned an error response: error code -32000: gas required exceeds allowance (38704)
2026-04-30T03:02:16Z | idx 75 | FAILED after 3 tries | Error: Failed to estimate gas: server returned an error response: error code -32000: gas required exceeds allowance (38704)
2026-04-30T03:02:19Z | idx 85 | already foreclosed (skip)
2026-04-30T03:02:36Z | idx 91 | FAILED after 3 tries | Error: Failed to estimate gas: server returned an error response: error code -32000: gas required exceeds allowance (38704)
2026-04-30T03:02:56Z | idx 97 | FAILED after 3 tries | Error: Failed to estimate gas: server returned an error response: error code -32000: gas required exceeds allowance (38888)
2026-04-30T03:03:16Z | idx 2 | FAILED after 3 tries | Error: Failed to estimate gas: server returned an error response: error code -32000: gas required exceeds allowance (40547)
2026-04-30T03:03:36Z | idx 9 | FAILED after 3 tries | Error: Failed to estimate gas: server returned an error response: error code -32000: gas required exceeds allowance (40996)
2026-04-30T03:03:39Z | idx 20 | already foreclosed (skip)
2026-04-30T03:03:40Z | idx 21 | already foreclosed (skip)
2026-04-30T03:03:57Z | idx 26 | FAILED after 3 tries | Error: Failed to estimate gas: server returned an error response: error code -32000: gas required exceeds allowance (39466)
2026-04-30T03:04:17Z | idx 4 | FAILED after 3 tries | Error: Failed to estimate gas: server returned an error response: error code -32000: gas required exceeds allowance (38704)
2026-04-30T03:04:37Z | idx 22 | FAILED after 3 tries | Error: Failed to estimate gas: server returned an error response: error code -32000: gas required exceeds allowance (38704)
2026-04-30T03:04:57Z | idx 60 | FAILED after 3 tries | Error: Failed to estimate gas: server returned an error response: error code -32000: gas required exceeds allowance (39149)
2026-04-30T03:05:17Z | idx 62 | FAILED after 3 tries | Error: Failed to estimate gas: server returned an error response: error code -32000: gas required exceeds allowance (40843)
2026-04-30T03:05:36Z | idx 96 | FAILED after 3 tries | Error: Failed to estimate gas: server returned an error response: error code -32000: gas required exceeds allowance (39604)
2026-04-30T03:05:39Z | summary | poked=0 foreclosed=0 already=3 non_target=0 failed=17
2026-04-30T03:05:39Z | === run end ===
2026-04-30T09:00:01Z | === run start ===
2026-04-30T09:00:18Z | idx 63 | FAILED after 3 tries | Error: Failed to estimate gas: server returned an error response: error code -32000: gas required exceeds allowance (41801)
2026-04-30T09:00:37Z | idx 64 | FAILED after 3 tries | Error: Failed to estimate gas: server returned an error response: error code -32000: gas required exceeds allowance (41678)
2026-04-30T09:00:57Z | idx 72 | FAILED after 3 tries | Error: Failed to estimate gas: server returned an error response: error code -32000: gas required exceeds allowance (41455)
2026-04-30T09:01:17Z | idx 73 | FAILED after 3 tries | Error: Failed to estimate gas: server returned an error response: error code -32000: gas required exceeds allowance (41801)
2026-04-30T09:01:37Z | idx 95 | FAILED after 3 tries | Error: Failed to estimate gas: server returned an error response: error code -32000: gas required exceeds allowance (41536)
2026-04-30T09:01:56Z | idx 57 | FAILED after 3 tries | Error: Failed to estimate gas: server returned an error response: error code -32000: gas required exceeds allowance (40547)
2026-04-30T09:02:16Z | idx 75 | FAILED after 3 tries | Error: Failed to estimate gas: server returned an error response: error code -32000: gas required exceeds allowance (42153)
2026-04-30T09:02:20Z | idx 85 | already foreclosed (skip)
2026-04-30T09:02:36Z | idx 91 | FAILED after 3 tries | Error: Failed to estimate gas: server returned an error response: error code -32000: gas required exceeds allowance (40996)
2026-04-30T09:02:56Z | idx 97 | FAILED after 3 tries | Error: Failed to estimate gas: server returned an error response: error code -32000: gas required exceeds allowance (41455)
2026-04-30T09:03:15Z | idx 2 | FAILED after 3 tries | Error: Failed to estimate gas: server returned an error response: error code -32000: gas required exceeds allowance (39274)
2026-04-30T09:03:35Z | idx 9 | FAILED after 3 tries | Error: Failed to estimate gas: server returned an error response: error code -32000: gas required exceeds allowance (38704)
2026-04-30T09:03:39Z | idx 20 | already foreclosed (skip)
2026-04-30T09:03:39Z | idx 21 | already foreclosed (skip)
2026-04-30T09:03:56Z | idx 26 | FAILED after 3 tries | Error: Failed to estimate gas: server returned an error response: error code -32000: gas required exceeds allowance (40813)
2026-04-30T09:04:16Z | idx 4 | FAILED after 3 tries | Error: Failed to estimate gas: server returned an error response: error code -32000: gas required exceeds allowance (39604)
2026-04-30T09:04:35Z | idx 22 | FAILED after 3 tries | Error: Failed to estimate gas: server returned an error response: error code -32000: gas required exceeds allowance (40547)
2026-04-30T09:04:55Z | idx 60 | FAILED after 3 tries | Error: Failed to estimate gas: server returned an error response: error code -32000: gas required exceeds allowance (40764)
2026-04-30T09:05:15Z | idx 62 | FAILED after 3 tries | Error: Failed to estimate gas: server returned an error response: error code -32000: gas required exceeds allowance (41455)
2026-04-30T09:05:34Z | idx 96 | FAILED after 3 tries | Error: Failed to estimate gas: server returned an error response: error code -32000: gas required exceeds allowance (38704)
2026-04-30T09:05:37Z | summary | poked=0 foreclosed=0 already=3 non_target=0 failed=17
2026-04-30T09:05:37Z | === run end ===
2026-04-30T15:00:01Z | === run start ===
2026-04-30T15:00:25Z | idx 63 | FAILED after 3 tries | Error: Failed to estimate gas: server returned an error response: error code -32000: gas required exceeds allowance (40004)
2026-04-30T15:00:46Z | idx 64 | FAILED after 3 tries | Error: Failed to estimate gas: server returned an error response: error code -32000: gas required exceeds allowance (39604)
2026-04-30T15:01:07Z | idx 72 | FAILED after 3 tries | Error: Failed to estimate gas: server returned an error response: error code -32000: gas required exceeds allowance (40547)
2026-04-30T15:01:27Z | idx 73 | FAILED after 3 tries | Error: Failed to estimate gas: server returned an error response: error code -32000: gas required exceeds allowance (39611)
2026-04-30T15:01:48Z | idx 95 | FAILED after 3 tries | Error: Failed to estimate gas: server returned an error response: error code -32000: gas required exceeds allowance (40757)
2026-04-30T15:02:09Z | idx 57 | FAILED after 3 tries | Error: Failed to estimate gas: server returned an error response: error code -32000: gas required exceeds allowance (42153)
2026-04-30T15:02:29Z | idx 75 | FAILED after 3 tries | Error: Failed to estimate gas: server returned an error response: error code -32000: gas required exceeds allowance (42153)
2026-04-30T15:02:33Z | idx 85 | already foreclosed (skip)
2026-04-30T15:02:51Z | idx 91 | FAILED after 3 tries | Error: Failed to estimate gas: server returned an error response: error code -32000: gas required exceeds allowance (42153)
2026-04-30T15:03:11Z | idx 97 | FAILED after 3 tries | Error: Failed to estimate gas: server returned an error response: error code -32000: gas required exceeds allowance (42153)
2026-04-30T15:03:32Z | idx 2 | FAILED after 3 tries | Error: Failed to estimate gas: server returned an error response: error code -32000: gas required exceeds allowance (41084)
2026-04-30T15:03:53Z | idx 9 | FAILED after 3 tries | Error: Failed to estimate gas: server returned an error response: error code -32000: gas required exceeds allowance (38704)
2026-04-30T15:03:57Z | idx 20 | already foreclosed (skip)
2026-04-30T15:03:57Z | idx 21 | already foreclosed (skip)
2026-04-30T15:04:15Z | idx 26 | FAILED after 3 tries | Error: Failed to estimate gas: server returned an error response: error code -32000: gas required exceeds allowance (42153)
2026-04-30T15:04:36Z | idx 4 | FAILED after 3 tries | Error: Failed to estimate gas: server returned an error response: error code -32000: gas required exceeds allowance (42153)
2026-04-30T15:04:57Z | idx 22 | FAILED after 3 tries | Error: Failed to estimate gas: server returned an error response: error code -32000: gas required exceeds allowance (40547)
2026-04-30T15:05:18Z | idx 60 | FAILED after 3 tries | Error: Failed to estimate gas: server returned an error response: error code -32000: gas required exceeds allowance (41334)
2026-04-30T15:05:39Z | idx 62 | FAILED after 3 tries | Error: Failed to estimate gas: server returned an error response: error code -32000: gas required exceeds allowance (39604)
2026-04-30T15:06:00Z | idx 96 | FAILED after 3 tries | Error: Failed to estimate gas: server returned an error response: error code -32000: gas required exceeds allowance (39604)
2026-04-30T15:06:03Z | summary | poked=0 foreclosed=0 already=3 non_target=0 failed=17
2026-04-30T15:06:03Z | === run end ===
2026-04-30T21:00:01Z | === run start ===
2026-04-30T21:00:17Z | idx 63 | FAILED after 3 tries | Error: Failed to estimate gas: server returned an error response: error code -32000: gas required exceeds allowance (42153)
2026-04-30T21:00:37Z | idx 64 | FAILED after 3 tries | Error: Failed to estimate gas: server returned an error response: error code -32000: gas required exceeds allowance (42153)
2026-04-30T21:00:57Z | idx 72 | FAILED after 3 tries | Error: Failed to estimate gas: server returned an error response: error code -32000: gas required exceeds allowance (42153)
2026-04-30T21:01:17Z | idx 73 | FAILED after 3 tries | Error: Failed to estimate gas: server returned an error response: error code -32000: gas required exceeds allowance (41536)
2026-04-30T21:01:36Z | idx 95 | FAILED after 3 tries | Error: Failed to estimate gas: server returned an error response: error code -32000: gas required exceeds allowance (41536)
2026-04-30T21:01:56Z | idx 57 | FAILED after 3 tries | Error: Failed to estimate gas: server returned an error response: error code -32000: gas required exceeds allowance (42153)
2026-04-30T21:02:16Z | idx 75 | FAILED after 3 tries | Error: Failed to estimate gas: server returned an error response: error code -32000: gas required exceeds allowance (42153)
2026-04-30T21:02:19Z | idx 85 | already foreclosed (skip)
2026-04-30T21:02:36Z | idx 91 | FAILED after 3 tries | Error: Failed to estimate gas: server returned an error response: error code -32000: gas required exceeds allowance (42153)
2026-04-30T21:02:56Z | idx 97 | FAILED after 3 tries | Error: Failed to estimate gas: server returned an error response: error code -32000: gas required exceeds allowance (41455)
2026-04-30T21:03:16Z | idx 2 | FAILED after 3 tries | Error: Failed to estimate gas: server returned an error response: error code -32000: gas required exceeds allowance (41455)
2026-04-30T21:03:35Z | idx 9 | FAILED after 3 tries | Error: Failed to estimate gas: server returned an error response: error code -32000: gas required exceeds allowance (41455)
2026-04-30T21:03:39Z | idx 20 | already foreclosed (skip)
2026-04-30T21:03:39Z | idx 21 | already foreclosed (skip)
2026-04-30T21:03:56Z | idx 26 | FAILED after 3 tries | Error: Failed to estimate gas: server returned an error response: error code -32000: gas required exceeds allowance (41986)
2026-04-30T21:04:16Z | idx 4 | FAILED after 3 tries | Error: Failed to estimate gas: server returned an error response: error code -32000: gas required exceeds allowance (42153)
2026-04-30T21:04:36Z | idx 22 | FAILED after 3 tries | Error: Failed to estimate gas: server returned an error response: error code -32000: gas required exceeds allowance (42153)
2026-04-30T21:04:56Z | idx 60 | FAILED after 3 tries | Error: Failed to estimate gas: server returned an error response: error code -32000: gas required exceeds allowance (42574)
2026-04-30T21:05:16Z | idx 62 | FAILED after 3 tries | Error: Failed to estimate gas: server returned an error response: error code -32000: gas required exceeds allowance (41652)
2026-04-30T21:05:35Z | idx 96 | FAILED after 3 tries | Error: Failed to estimate gas: server returned an error response: error code -32000: gas required exceeds allowance (41475)
2026-04-30T21:05:38Z | summary | poked=0 foreclosed=0 already=3 non_target=0 failed=17
2026-04-30T21:05:38Z | === run end ===
2026-05-01T03:00:01Z | === run start ===
2026-05-01T03:00:18Z | idx 63 | FAILED after 3 tries | Error: Failed to estimate gas: server returned an error response: error code -32000: gas required exceeds allowance (42532)
2026-05-01T03:00:38Z | idx 64 | FAILED after 3 tries | Error: Failed to estimate gas: server returned an error response: error code -32000: gas required exceeds allowance (42296)
2026-05-01T03:00:57Z | idx 72 | FAILED after 3 tries | Error: Failed to estimate gas: server returned an error response: error code -32000: gas required exceeds allowance (42362)
2026-05-01T03:01:17Z | idx 73 | FAILED after 3 tries | Error: Failed to estimate gas: server returned an error response: error code -32000: gas required exceeds allowance (42153)
2026-05-01T03:01:37Z | idx 95 | FAILED after 3 tries | Error: Failed to estimate gas: server returned an error response: error code -32000: gas required exceeds allowance (42153)
2026-05-01T03:01:57Z | idx 57 | FAILED after 3 tries | Error: Failed to estimate gas: server returned an error response: error code -32000: gas required exceeds allowance (42153)
2026-05-01T03:02:16Z | idx 75 | FAILED after 3 tries | Error: Failed to estimate gas: server returned an error response: error code -32000: gas required exceeds allowance (42153)
2026-05-01T03:02:20Z | idx 85 | already foreclosed (skip)
2026-05-01T03:02:37Z | idx 91 | FAILED after 3 tries | Error: Failed to estimate gas: server returned an error response: error code -32000: gas required exceeds allowance (41495)
2026-05-01T03:02:56Z | idx 97 | FAILED after 3 tries | Error: Failed to estimate gas: server returned an error response: error code -32000: gas required exceeds allowance (41455)
2026-05-01T03:03:16Z | idx 2 | FAILED after 3 tries | Error: Failed to estimate gas: server returned an error response: error code -32000: gas required exceeds allowance (42153)
2026-05-01T03:03:36Z | idx 9 | FAILED after 3 tries | Error: Failed to estimate gas: server returned an error response: error code -32000: gas required exceeds allowance (42153)
2026-05-01T03:03:39Z | idx 20 | already foreclosed (skip)
2026-05-01T03:03:40Z | idx 21 | already foreclosed (skip)
2026-05-01T03:03:57Z | idx 26 | FAILED after 3 tries | Error: Failed to estimate gas: server returned an error response: error code -32000: gas required exceeds allowance (42153)
2026-05-01T03:04:17Z | idx 4 | FAILED after 3 tries | Error: Failed to estimate gas: server returned an error response: error code -32000: gas required exceeds allowance (41495)
2026-05-01T03:04:36Z | idx 22 | FAILED after 3 tries | Error: Failed to estimate gas: server returned an error response: error code -32000: gas required exceeds allowance (41495)
2026-05-01T03:04:56Z | idx 60 | FAILED after 3 tries | Error: Failed to estimate gas: server returned an error response: error code -32000: gas required exceeds allowance (41455)
2026-05-01T03:05:16Z | idx 62 | FAILED after 3 tries | Error: Failed to estimate gas: server returned an error response: error code -32000: gas required exceeds allowance (41455)
2026-05-01T03:05:35Z | idx 96 | FAILED after 3 tries | Error: Failed to estimate gas: server returned an error response: error code -32000: gas required exceeds allowance (41455)
2026-05-01T03:05:38Z | summary | poked=0 foreclosed=0 already=3 non_target=0 failed=17
2026-05-01T03:05:38Z | === run end ===
2026-05-01T09:00:01Z | === run start ===
2026-05-01T09:00:18Z | idx 63 | FAILED after 3 tries | Error: Failed to estimate gas: server returned an error response: error code -32000: gas required exceeds allowance (42468)
2026-05-01T09:00:38Z | idx 64 | FAILED after 3 tries | Error: Failed to estimate gas: server returned an error response: error code -32000: gas required exceeds allowance (42310)
2026-05-01T09:00:57Z | idx 72 | FAILED after 3 tries | Error: Failed to estimate gas: server returned an error response: error code -32000: gas required exceeds allowance (42362)
2026-05-01T09:01:17Z | idx 73 | FAILED after 3 tries | Error: Failed to estimate gas: server returned an error response: error code -32000: gas required exceeds allowance (42257)
2026-05-01T09:01:36Z | idx 95 | FAILED after 3 tries | Error: Failed to estimate gas: server returned an error response: error code -32000: gas required exceeds allowance (42574)
2026-05-01T09:01:56Z | idx 57 | FAILED after 3 tries | Error: Failed to estimate gas: server returned an error response: error code -32000: gas required exceeds allowance (42210)
2026-05-01T09:02:15Z | idx 75 | FAILED after 3 tries | Error: Failed to estimate gas: server returned an error response: error code -32000: gas required exceeds allowance (42028)
2026-05-01T09:02:19Z | idx 85 | already foreclosed (skip)
2026-05-01T09:02:36Z | idx 91 | FAILED after 3 tries | Error: Failed to estimate gas: server returned an error response: error code -32000: gas required exceeds allowance (42574)
2026-05-01T09:02:55Z | idx 97 | FAILED after 3 tries | Error: Failed to estimate gas: server returned an error response: error code -32000: gas required exceeds allowance (42574)
2026-05-01T09:03:15Z | idx 2 | FAILED after 3 tries | Error: Failed to estimate gas: server returned an error response: error code -32000: gas required exceeds allowance (42532)
2026-05-01T09:03:34Z | idx 9 | FAILED after 3 tries | Error: Failed to estimate gas: server returned an error response: error code -32000: gas required exceeds allowance (42574)
2026-05-01T09:03:38Z | idx 20 | already foreclosed (skip)
2026-05-01T09:03:38Z | idx 21 | already foreclosed (skip)
2026-05-01T09:03:55Z | idx 26 | FAILED after 3 tries | Error: Failed to estimate gas: server returned an error response: error code -32000: gas required exceeds allowance (41866)
2026-05-01T09:04:15Z | idx 4 | FAILED after 3 tries | Error: Failed to estimate gas: server returned an error response: error code -32000: gas required exceeds allowance (41334)
2026-05-01T09:04:34Z | idx 22 | FAILED after 3 tries | Error: Failed to estimate gas: server returned an error response: error code -32000: gas required exceeds allowance (42574)
2026-05-01T09:04:54Z | idx 60 | FAILED after 3 tries | Error: Failed to estimate gas: server returned an error response: error code -32000: gas required exceeds allowance (42153)
2026-05-01T09:05:13Z | idx 62 | FAILED after 3 tries | Error: Failed to estimate gas: server returned an error response: error code -32000: gas required exceeds allowance (42153)
2026-05-01T09:05:33Z | idx 96 | FAILED after 3 tries | Error: Failed to estimate gas: server returned an error response: error code -32000: gas required exceeds allowance (42574)
2026-05-01T09:05:36Z | summary | poked=0 foreclosed=0 already=3 non_target=0 failed=17
2026-05-01T09:05:36Z | === run end ===
2026-05-01T15:00:01Z | === run start ===
2026-05-01T15:00:18Z | idx 63 | FAILED after 3 tries | Error: Failed to estimate gas: server returned an error response: error code -32000: gas required exceeds allowance (40799)
2026-05-01T15:00:37Z | idx 64 | FAILED after 3 tries | Error: Failed to estimate gas: server returned an error response: error code -32000: gas required exceeds allowance (42153)
2026-05-01T15:00:57Z | idx 72 | FAILED after 3 tries | Error: Failed to estimate gas: server returned an error response: error code -32000: gas required exceeds allowance (39375)
2026-05-01T15:01:17Z | idx 73 | FAILED after 3 tries | Error: Failed to estimate gas: server returned an error response: error code -32000: gas required exceeds allowance (40070)
2026-05-01T15:01:36Z | idx 95 | FAILED after 3 tries | Error: Failed to estimate gas: server returned an error response: error code -32000: gas required exceeds allowance (40070)
2026-05-01T15:01:56Z | idx 57 | FAILED after 3 tries | Error: Failed to estimate gas: server returned an error response: error code -32000: gas required exceeds allowance (39604)
2026-05-01T15:02:16Z | idx 75 | FAILED after 3 tries | Error: Failed to estimate gas: server returned an error response: error code -32000: gas required exceeds allowance (40813)
2026-05-01T15:02:19Z | idx 85 | already foreclosed (skip)
2026-05-01T15:02:36Z | idx 91 | FAILED after 3 tries | Error: Failed to estimate gas: server returned an error response: error code -32000: gas required exceeds allowance (42153)
2026-05-01T15:02:56Z | idx 97 | FAILED after 3 tries | Error: Failed to estimate gas: server returned an error response: error code -32000: gas required exceeds allowance (38704)
2026-05-01T15:03:16Z | idx 2 | FAILED after 3 tries | Error: Failed to estimate gas: server returned an error response: error code -32000: gas required exceeds allowance (40813)
2026-05-01T15:03:35Z | idx 9 | FAILED after 3 tries | Error: Failed to estimate gas: server returned an error response: error code -32000: gas required exceeds allowance (41495)
2026-05-01T15:03:39Z | idx 20 | already foreclosed (skip)
2026-05-01T15:03:40Z | idx 21 | already foreclosed (skip)
2026-05-01T15:03:56Z | idx 26 | FAILED after 3 tries | Error: Failed to estimate gas: server returned an error response: error code -32000: gas required exceeds allowance (39076)
2026-05-01T15:04:16Z | idx 4 | FAILED after 3 tries | Error: Failed to estimate gas: server returned an error response: error code -32000: gas required exceeds allowance (41842)
2026-05-01T15:04:36Z | idx 22 | FAILED after 3 tries | Error: Failed to estimate gas: server returned an error response: error code -32000: gas required exceeds allowance (41594)
2026-05-01T15:04:56Z | idx 60 | FAILED after 3 tries | Error: Failed to estimate gas: server returned an error response: error code -32000: gas required exceeds allowance (41455)
2026-05-01T15:05:16Z | idx 62 | FAILED after 3 tries | Error: Failed to estimate gas: server returned an error response: error code -32000: gas required exceeds allowance (38704)
2026-05-01T15:05:35Z | idx 96 | FAILED after 3 tries | Error: Failed to estimate gas: server returned an error response: error code -32000: gas required exceeds allowance (41577)
2026-05-01T15:05:38Z | summary | poked=0 foreclosed=0 already=3 non_target=0 failed=17
2026-05-01T15:05:38Z | === run end ===
2026-05-01T21:00:01Z | === run start ===
2026-05-01T21:00:18Z | idx 63 | FAILED after 3 tries | Error: Failed to estimate gas: server returned an error response: error code -32000: gas required exceeds allowance (42153)
2026-05-01T21:00:38Z | idx 64 | FAILED after 3 tries | Error: Failed to estimate gas: server returned an error response: error code -32000: gas required exceeds allowance (40472)
2026-05-01T21:00:57Z | idx 72 | FAILED after 3 tries | Error: Failed to estimate gas: server returned an error response: error code -32000: gas required exceeds allowance (42153)
2026-05-01T21:01:17Z | idx 73 | FAILED after 3 tries | Error: Failed to estimate gas: server returned an error response: error code -32000: gas required exceeds allowance (42574)
2026-05-01T21:01:37Z | idx 95 | FAILED after 3 tries | Error: Failed to estimate gas: server returned an error response: error code -32000: gas required exceeds allowance (42574)
2026-05-01T21:01:56Z | idx 57 | FAILED after 3 tries | Error: Failed to estimate gas: server returned an error response: error code -32000: gas required exceeds allowance (42362)
2026-05-01T21:02:16Z | idx 75 | FAILED after 3 tries | Error: Failed to estimate gas: server returned an error response: error code -32000: gas required exceeds allowance (42574)
2026-05-01T21:02:20Z | idx 85 | already foreclosed (skip)
2026-05-01T21:02:37Z | idx 91 | FAILED after 3 tries | Error: Failed to estimate gas: server returned an error response: error code -32000: gas required exceeds allowance (42574)
2026-05-01T21:02:56Z | idx 97 | FAILED after 3 tries | Error: Failed to estimate gas: server returned an error response: error code -32000: gas required exceeds allowance (42359)
2026-05-01T21:03:16Z | idx 2 | FAILED after 3 tries | Error: Failed to estimate gas: server returned an error response: error code -32000: gas required exceeds allowance (42153)
2026-05-01T21:03:36Z | idx 9 | FAILED after 3 tries | Error: Failed to estimate gas: server returned an error response: error code -32000: gas required exceeds allowance (42574)
2026-05-01T21:03:39Z | idx 20 | already foreclosed (skip)
2026-05-01T21:03:40Z | idx 21 | already foreclosed (skip)
2026-05-01T21:03:57Z | idx 26 | FAILED after 3 tries | Error: Failed to estimate gas: server returned an error response: error code -32000: gas required exceeds allowance (42362)
2026-05-01T21:04:16Z | idx 4 | FAILED after 3 tries | Error: Failed to estimate gas: server returned an error response: error code -32000: gas required exceeds allowance (42574)
2026-05-01T21:04:36Z | idx 22 | FAILED after 3 tries | Error: Failed to estimate gas: server returned an error response: error code -32000: gas required exceeds allowance (42362)
2026-05-01T21:04:56Z | idx 60 | FAILED after 3 tries | Error: Failed to estimate gas: server returned an error response: error code -32000: gas required exceeds allowance (42574)
2026-05-01T21:05:16Z | idx 62 | FAILED after 3 tries | Error: Failed to estimate gas: server returned an error response: error code -32000: gas required exceeds allowance (42048)
2026-05-01T21:05:35Z | idx 96 | FAILED after 3 tries | Error: Failed to estimate gas: server returned an error response: error code -32000: gas required exceeds allowance (42574)
2026-05-01T21:05:38Z | summary | poked=0 foreclosed=0 already=3 non_target=0 failed=17
2026-05-01T21:05:38Z | === run end ===
2026-05-02T03:00:01Z | === run start ===
2026-05-02T03:00:18Z | idx 63 | FAILED after 3 tries | Error: Failed to estimate gas: server returned an error response: error code -32000: gas required exceeds allowance (41455)
2026-05-02T03:00:38Z | idx 64 | FAILED after 3 tries | Error: Failed to estimate gas: server returned an error response: error code -32000: gas required exceeds allowance (41925)
2026-05-02T03:00:57Z | idx 72 | FAILED after 3 tries | Error: Failed to estimate gas: server returned an error response: error code -32000: gas required exceeds allowance (41925)
2026-05-02T03:01:17Z | idx 73 | FAILED after 3 tries | Error: Failed to estimate gas: server returned an error response: error code -32000: gas required exceeds allowance (41536)
2026-05-02T03:01:37Z | idx 95 | FAILED after 3 tries | Error: Failed to estimate gas: server returned an error response: error code -32000: gas required exceeds allowance (42049)
2026-05-02T03:01:56Z | idx 57 | FAILED after 3 tries | Error: Failed to estimate gas: server returned an error response: error code -32000: gas required exceeds allowance (41495)
2026-05-02T03:02:16Z | idx 75 | FAILED after 3 tries | Error: Failed to estimate gas: server returned an error response: error code -32000: gas required exceeds allowance (42574)
2026-05-02T03:02:20Z | idx 85 | already foreclosed (skip)
2026-05-02T03:02:36Z | idx 91 | FAILED after 3 tries | Error: Failed to estimate gas: server returned an error response: error code -32000: gas required exceeds allowance (41907)
2026-05-02T03:02:56Z | idx 97 | FAILED after 3 tries | Error: Failed to estimate gas: server returned an error response: error code -32000: gas required exceeds allowance (42153)
2026-05-02T03:03:16Z | idx 2 | FAILED after 3 tries | Error: Failed to estimate gas: server returned an error response: error code -32000: gas required exceeds allowance (42153)
2026-05-02T03:03:35Z | idx 9 | FAILED after 3 tries | Error: Failed to estimate gas: server returned an error response: error code -32000: gas required exceeds allowance (41842)
2026-05-02T03:03:39Z | idx 20 | already foreclosed (skip)
2026-05-02T03:03:40Z | idx 21 | already foreclosed (skip)
2026-05-02T03:03:56Z | idx 26 | FAILED after 3 tries | Error: Failed to estimate gas: server returned an error response: error code -32000: gas required exceeds allowance (42153)
2026-05-02T03:04:16Z | idx 4 | FAILED after 3 tries | Error: Failed to estimate gas: server returned an error response: error code -32000: gas required exceeds allowance (42574)
2026-05-02T03:04:36Z | idx 22 | FAILED after 3 tries | Error: Failed to estimate gas: server returned an error response: error code -32000: gas required exceeds allowance (40547)
2026-05-02T03:04:55Z | idx 60 | FAILED after 3 tries | Error: Failed to estimate gas: server returned an error response: error code -32000: gas required exceeds allowance (41455)
2026-05-02T03:05:15Z | idx 62 | FAILED after 3 tries | Error: Failed to estimate gas: server returned an error response: error code -32000: gas required exceeds allowance (41455)
2026-05-02T03:05:35Z | idx 96 | FAILED after 3 tries | Error: Failed to estimate gas: server returned an error response: error code -32000: gas required exceeds allowance (41455)
2026-05-02T03:05:38Z | summary | poked=0 foreclosed=0 already=3 non_target=0 failed=17
2026-05-02T03:05:38Z | === run end ===
2026-05-02T09:00:01Z | === run start ===
2026-05-02T09:00:17Z | idx 63 | FAILED after 3 tries | Error: Failed to estimate gas: server returned an error response: error code -32000: gas required exceeds allowance (40838)
2026-05-02T09:00:37Z | idx 64 | FAILED after 3 tries | Error: Failed to estimate gas: server returned an error response: error code -32000: gas required exceeds allowance (42574)
2026-05-02T09:00:56Z | idx 72 | FAILED after 3 tries | Error: Failed to estimate gas: server returned an error response: error code -32000: gas required exceeds allowance (42574)
2026-05-02T09:01:16Z | idx 73 | FAILED after 3 tries | Error: Failed to estimate gas: server returned an error response: error code -32000: gas required exceeds allowance (42341)
2026-05-02T09:01:36Z | idx 95 | FAILED after 3 tries | Error: Failed to estimate gas: server returned an error response: error code -32000: gas required exceeds allowance (41986)
2026-05-02T09:01:55Z | idx 57 | FAILED after 3 tries | Error: Failed to estimate gas: server returned an error response: error code -32000: gas required exceeds allowance (42153)
2026-05-02T09:02:15Z | idx 75 | FAILED after 3 tries | Error: Failed to estimate gas: server returned an error response: error code -32000: gas required exceeds allowance (42363)
2026-05-02T09:02:19Z | idx 85 | already foreclosed (skip)
2026-05-02T09:02:35Z | idx 91 | FAILED after 3 tries | Error: Failed to estimate gas: server returned an error response: error code -32000: gas required exceeds allowance (42153)
2026-05-02T09:02:55Z | idx 97 | FAILED after 3 tries | Error: Failed to estimate gas: server returned an error response: error code -32000: gas required exceeds allowance (42362)
2026-05-02T09:03:15Z | idx 2 | FAILED after 3 tries | Error: Failed to estimate gas: server returned an error response: error code -32000: gas required exceeds allowance (42574)
2026-05-02T09:03:34Z | idx 9 | FAILED after 3 tries | Error: Failed to estimate gas: server returned an error response: error code -32000: gas required exceeds allowance (42477)
2026-05-02T09:03:38Z | idx 20 | already foreclosed (skip)
2026-05-02T09:03:38Z | idx 21 | already foreclosed (skip)
2026-05-02T09:03:55Z | idx 26 | FAILED after 3 tries | Error: Failed to estimate gas: server returned an error response: error code -32000: gas required exceeds allowance (42574)
2026-05-02T09:04:14Z | idx 4 | FAILED after 3 tries | Error: Failed to estimate gas: server returned an error response: error code -32000: gas required exceeds allowance (42574)
2026-05-02T09:04:34Z | idx 22 | FAILED after 3 tries | Error: Failed to estimate gas: server returned an error response: error code -32000: gas required exceeds allowance (42404)
2026-05-02T09:04:54Z | idx 60 | FAILED after 3 tries | Error: Failed to estimate gas: server returned an error response: error code -32000: gas required exceeds allowance (41455)
2026-05-02T09:05:13Z | idx 62 | FAILED after 3 tries | Error: Failed to estimate gas: server returned an error response: error code -32000: gas required exceeds allowance (42573)
2026-05-02T09:05:33Z | idx 96 | FAILED after 3 tries | Error: Failed to estimate gas: server returned an error response: error code -32000: gas required exceeds allowance (41536)
2026-05-02T09:05:36Z | summary | poked=0 foreclosed=0 already=3 non_target=0 failed=17
2026-05-02T09:05:36Z | === run end ===
2026-05-02T15:00:01Z | === run start ===
2026-05-02T15:00:18Z | idx 63 | FAILED after 3 tries | Error: Failed to estimate gas: server returned an error response: error code -32000: gas required exceeds allowance (41700)
2026-05-02T15:00:38Z | idx 64 | FAILED after 3 tries | Error: Failed to estimate gas: server returned an error response: error code -32000: gas required exceeds allowance (42010)
2026-05-02T15:00:57Z | idx 72 | FAILED after 3 tries | Error: Failed to estimate gas: server returned an error response: error code -32000: gas required exceeds allowance (42231)
2026-05-02T15:01:17Z | idx 73 | FAILED after 3 tries | Error: Failed to estimate gas: server returned an error response: error code -32000: gas required exceeds allowance (42153)
2026-05-02T15:01:37Z | idx 95 | FAILED after 3 tries | Error: Failed to estimate gas: server returned an error response: error code -32000: gas required exceeds allowance (42532)
2026-05-02T15:01:57Z | idx 57 | FAILED after 3 tries | Error: Failed to estimate gas: server returned an error response: error code -32000: gas required exceeds allowance (41842)
2026-05-02T15:02:17Z | idx 75 | FAILED after 3 tries | Error: Failed to estimate gas: server returned an error response: error code -32000: gas required exceeds allowance (42153)
2026-05-02T15:02:20Z | idx 85 | already foreclosed (skip)
2026-05-02T15:02:37Z | idx 91 | FAILED after 3 tries | Error: Failed to estimate gas: server returned an error response: error code -32000: gas required exceeds allowance (42244)
2026-05-02T15:02:57Z | idx 97 | FAILED after 3 tries | Error: Failed to estimate gas: server returned an error response: error code -32000: gas required exceeds allowance (42318)
2026-05-02T15:03:16Z | idx 2 | FAILED after 3 tries | Error: Failed to estimate gas: server returned an error response: error code -32000: gas required exceeds allowance (42153)
2026-05-02T15:03:36Z | idx 9 | FAILED after 3 tries | Error: Failed to estimate gas: server returned an error response: error code -32000: gas required exceeds allowance (41957)
2026-05-02T15:03:40Z | idx 20 | already foreclosed (skip)
2026-05-02T15:03:40Z | idx 21 | already foreclosed (skip)
2026-05-02T15:03:57Z | idx 26 | FAILED after 3 tries | Error: Failed to estimate gas: server returned an error response: error code -32000: gas required exceeds allowance (42574)
2026-05-02T15:04:17Z | idx 4 | FAILED after 3 tries | Error: Failed to estimate gas: server returned an error response: error code -32000: gas required exceeds allowance (42574)
2026-05-02T15:04:37Z | idx 22 | FAILED after 3 tries | Error: Failed to estimate gas: server returned an error response: error code -32000: gas required exceeds allowance (41692)
2026-05-02T15:04:56Z | idx 60 | FAILED after 3 tries | Error: Failed to estimate gas: server returned an error response: error code -32000: gas required exceeds allowance (42153)
2026-05-02T15:05:16Z | idx 62 | FAILED after 3 tries | Error: Failed to estimate gas: server returned an error response: error code -32000: gas required exceeds allowance (42362)
2026-05-02T15:05:36Z | idx 96 | FAILED after 3 tries | Error: Failed to estimate gas: server returned an error response: error code -32000: gas required exceeds allowance (41455)
2026-05-02T15:05:39Z | summary | poked=0 foreclosed=0 already=3 non_target=0 failed=17
2026-05-02T15:05:39Z | === run end ===
2026-05-02T21:00:01Z | === run start ===
2026-05-02T21:00:18Z | idx 63 | FAILED after 3 tries | Error: Failed to estimate gas: server returned an error response: error code -32000: gas required exceeds allowance (40032)
2026-05-02T21:00:38Z | idx 64 | FAILED after 3 tries | Error: Failed to estimate gas: server returned an error response: error code -32000: gas required exceeds allowance (41455)
2026-05-02T21:00:57Z | idx 72 | FAILED after 3 tries | Error: Failed to estimate gas: server returned an error response: error code -32000: gas required exceeds allowance (42153)
2026-05-02T21:01:17Z | idx 73 | FAILED after 3 tries | Error: Failed to estimate gas: server returned an error response: error code -32000: gas required exceeds allowance (42574)
2026-05-02T21:01:37Z | idx 95 | FAILED after 3 tries | Error: Failed to estimate gas: server returned an error response: error code -32000: gas required exceeds allowance (42153)
2026-05-02T21:01:57Z | idx 57 | FAILED after 3 tries | Error: Failed to estimate gas: server returned an error response: error code -32000: gas required exceeds allowance (42153)
2026-05-02T21:02:16Z | idx 75 | FAILED after 3 tries | Error: Failed to estimate gas: server returned an error response: error code -32000: gas required exceeds allowance (42574)
2026-05-02T21:02:20Z | idx 85 | already foreclosed (skip)
2026-05-02T21:02:37Z | idx 91 | FAILED after 3 tries | Error: Failed to estimate gas: server returned an error response: error code -32000: gas required exceeds allowance (41801)
2026-05-02T21:02:56Z | idx 97 | FAILED after 3 tries | Error: Failed to estimate gas: server returned an error response: error code -32000: gas required exceeds allowance (42153)
2026-05-02T21:03:16Z | idx 2 | FAILED after 3 tries | Error: Failed to estimate gas: server returned an error response: error code -32000: gas required exceeds allowance (42574)
2026-05-02T21:03:36Z | idx 9 | FAILED after 3 tries | Error: Failed to estimate gas: server returned an error response: error code -32000: gas required exceeds allowance (42007)
2026-05-02T21:03:40Z | idx 20 | already foreclosed (skip)
2026-05-02T21:03:40Z | idx 21 | already foreclosed (skip)
2026-05-02T21:03:57Z | idx 26 | FAILED after 3 tries | Error: Failed to estimate gas: server returned an error response: error code -32000: gas required exceeds allowance (41455)
2026-05-02T21:04:17Z | idx 4 | FAILED after 3 tries | Error: Failed to estimate gas: server returned an error response: error code -32000: gas required exceeds allowance (41977)
2026-05-02T21:04:36Z | idx 22 | FAILED after 3 tries | Error: Failed to estimate gas: server returned an error response: error code -32000: gas required exceeds allowance (42153)
2026-05-02T21:04:56Z | idx 60 | FAILED after 3 tries | Error: Failed to estimate gas: server returned an error response: error code -32000: gas required exceeds allowance (41455)
2026-05-02T21:05:16Z | idx 62 | FAILED after 3 tries | Error: Failed to estimate gas: server returned an error response: error code -32000: gas required exceeds allowance (42574)
2026-05-02T21:05:35Z | idx 96 | FAILED after 3 tries | Error: Failed to estimate gas: server returned an error response: error code -32000: gas required exceeds allowance (42574)
2026-05-02T21:05:38Z | summary | poked=0 foreclosed=0 already=3 non_target=0 failed=17
2026-05-02T21:05:38Z | === run end ===
2026-05-03T03:00:01Z | === run start ===
2026-05-03T03:00:18Z | idx 63 | FAILED after 3 tries | Error: Failed to estimate gas: server returned an error response: error code -32000: gas required exceeds allowance (41455)
2026-05-03T03:00:38Z | idx 64 | FAILED after 3 tries | Error: Failed to estimate gas: server returned an error response: error code -32000: gas required exceeds allowance (42153)
2026-05-03T03:00:57Z | idx 72 | FAILED after 3 tries | Error: Failed to estimate gas: server returned an error response: error code -32000: gas required exceeds allowance (41536)
2026-05-03T03:01:17Z | idx 73 | FAILED after 3 tries | Error: Failed to estimate gas: server returned an error response: error code -32000: gas required exceeds allowance (41842)
2026-05-03T03:01:37Z | idx 95 | FAILED after 3 tries | Error: Failed to estimate gas: server returned an error response: error code -32000: gas required exceeds allowance (41627)
2026-05-03T03:01:56Z | idx 57 | FAILED after 3 tries | Error: Failed to estimate gas: server returned an error response: error code -32000: gas required exceeds allowance (41495)
2026-05-03T03:02:16Z | idx 75 | FAILED after 3 tries | Error: Failed to estimate gas: server returned an error response: error code -32000: gas required exceeds allowance (41455)
2026-05-03T03:02:20Z | idx 85 | already foreclosed (skip)
2026-05-03T03:02:36Z | idx 91 | FAILED after 3 tries | Error: Failed to estimate gas: server returned an error response: error code -32000: gas required exceeds allowance (41455)
2026-05-03T03:02:56Z | idx 97 | FAILED after 3 tries | Error: Failed to estimate gas: server returned an error response: error code -32000: gas required exceeds allowance (42362)
2026-05-03T03:03:16Z | idx 2 | FAILED after 3 tries | Error: Failed to estimate gas: server returned an error response: error code -32000: gas required exceeds allowance (42574)
2026-05-03T03:03:36Z | idx 9 | FAILED after 3 tries | Error: Failed to estimate gas: server returned an error response: error code -32000: gas required exceeds allowance (42362)
2026-05-03T03:03:39Z | idx 20 | already foreclosed (skip)
2026-05-03T03:03:40Z | idx 21 | already foreclosed (skip)
2026-05-03T03:03:56Z | idx 26 | FAILED after 3 tries | Error: Failed to estimate gas: server returned an error response: error code -32000: gas required exceeds allowance (41455)
2026-05-03T03:04:16Z | idx 4 | FAILED after 3 tries | Error: Failed to estimate gas: server returned an error response: error code -32000: gas required exceeds allowance (41455)
2026-05-03T03:04:36Z | idx 22 | FAILED after 3 tries | Error: Failed to estimate gas: server returned an error response: error code -32000: gas required exceeds allowance (40547)
2026-05-03T03:04:55Z | idx 60 | FAILED after 3 tries | Error: Failed to estimate gas: server returned an error response: error code -32000: gas required exceeds allowance (41455)
2026-05-03T03:05:15Z | idx 62 | FAILED after 3 tries | Error: Failed to estimate gas: server returned an error response: error code -32000: gas required exceeds allowance (41455)
2026-05-03T03:05:35Z | idx 96 | FAILED after 3 tries | Error: Failed to estimate gas: server returned an error response: error code -32000: gas required exceeds allowance (41455)
2026-05-03T03:05:38Z | summary | poked=0 foreclosed=0 already=3 non_target=0 failed=17
2026-05-03T03:05:38Z | === run end ===
2026-05-03T09:00:01Z | === run start ===
2026-05-03T09:00:18Z | idx 63 | FAILED after 3 tries | Error: Failed to estimate gas: server returned an error response: error code -32000: gas required exceeds allowance (41536)
2026-05-03T09:00:38Z | idx 64 | FAILED after 3 tries | Error: Failed to estimate gas: server returned an error response: error code -32000: gas required exceeds allowance (42028)
2026-05-03T09:00:58Z | idx 72 | FAILED after 3 tries | Error: Failed to estimate gas: server returned an error response: error code -32000: gas required exceeds allowance (42563)
2026-05-03T09:01:17Z | idx 73 | FAILED after 3 tries | Error: Failed to estimate gas: server returned an error response: error code -32000: gas required exceeds allowance (42142)
2026-05-03T09:01:37Z | idx 95 | FAILED after 3 tries | Error: Failed to estimate gas: server returned an error response: error code -32000: gas required exceeds allowance (42574)
2026-05-03T09:01:56Z | idx 57 | FAILED after 3 tries | Error: Failed to estimate gas: server returned an error response: error code -32000: gas required exceeds allowance (42341)
2026-05-03T09:02:16Z | idx 75 | FAILED after 3 tries | Error: Failed to estimate gas: server returned an error response: error code -32000: gas required exceeds allowance (42153)
2026-05-03T09:02:19Z | idx 85 | already foreclosed (skip)
2026-05-03T09:02:36Z | idx 91 | FAILED after 3 tries | Error: Failed to estimate gas: server returned an error response: error code -32000: gas required exceeds allowance (42531)
2026-05-03T09:02:56Z | idx 97 | FAILED after 3 tries | Error: Failed to estimate gas: server returned an error response: error code -32000: gas required exceeds allowance (42362)
2026-05-03T09:03:15Z | idx 2 | FAILED after 3 tries | Error: Failed to estimate gas: server returned an error response: error code -32000: gas required exceeds allowance (41993)
2026-05-03T09:03:35Z | idx 9 | FAILED after 3 tries | Error: Failed to estimate gas: server returned an error response: error code -32000: gas required exceeds allowance (41536)
2026-05-03T09:03:39Z | idx 20 | already foreclosed (skip)
2026-05-03T09:03:39Z | idx 21 | already foreclosed (skip)
2026-05-03T09:03:56Z | idx 26 | FAILED after 3 tries | Error: Failed to estimate gas: server returned an error response: error code -32000: gas required exceeds allowance (41536)
2026-05-03T09:04:15Z | idx 4 | FAILED after 3 tries | Error: Failed to estimate gas: server returned an error response: error code -32000: gas required exceeds allowance (41986)
2026-05-03T09:04:35Z | idx 22 | FAILED after 3 tries | Error: Failed to estimate gas: server returned an error response: error code -32000: gas required exceeds allowance (41865)
2026-05-03T09:04:55Z | idx 60 | FAILED after 3 tries | Error: Failed to estimate gas: server returned an error response: error code -32000: gas required exceeds allowance (41536)
2026-05-03T09:05:14Z | idx 62 | FAILED after 3 tries | Error: Failed to estimate gas: server returned an error response: error code -32000: gas required exceeds allowance (41675)
2026-05-03T09:05:34Z | idx 96 | FAILED after 3 tries | Error: Failed to estimate gas: server returned an error response: error code -32000: gas required exceeds allowance (42574)
2026-05-03T09:05:37Z | summary | poked=0 foreclosed=0 already=3 non_target=0 failed=17
2026-05-03T09:05:37Z | === run end ===
2026-05-03T15:00:01Z | === run start ===
2026-05-03T15:00:18Z | idx 63 | FAILED after 3 tries | Error: Failed to estimate gas: server returned an error response: error code -32000: gas required exceeds allowance (41129)
2026-05-03T15:00:38Z | idx 64 | FAILED after 3 tries | Error: Failed to estimate gas: server returned an error response: error code -32000: gas required exceeds allowance (39604)
2026-05-03T15:00:57Z | idx 72 | FAILED after 3 tries | Error: Failed to estimate gas: server returned an error response: error code -32000: gas required exceeds allowance (41959)
2026-05-03T15:01:17Z | idx 73 | FAILED after 3 tries | Error: Failed to estimate gas: server returned an error response: error code -32000: gas required exceeds allowance (41536)
2026-05-03T15:01:37Z | idx 95 | FAILED after 3 tries | Error: Failed to estimate gas: server returned an error response: error code -32000: gas required exceeds allowance (41455)
2026-05-03T15:01:56Z | idx 57 | FAILED after 3 tries | Error: Failed to estimate gas: server returned an error response: error code -32000: gas required exceeds allowance (42153)
2026-05-03T15:02:16Z | idx 75 | FAILED after 3 tries | Error: Failed to estimate gas: server returned an error response: error code -32000: gas required exceeds allowance (42153)
2026-05-03T15:02:19Z | idx 85 | already foreclosed (skip)
2026-05-03T15:02:36Z | idx 91 | FAILED after 3 tries | Error: Failed to estimate gas: server returned an error response: error code -32000: gas required exceeds allowance (39976)
2026-05-03T15:02:56Z | idx 97 | FAILED after 3 tries | Error: Failed to estimate gas: server returned an error response: error code -32000: gas required exceeds allowance (41395)
2026-05-03T15:03:15Z | idx 2 | FAILED after 3 tries | Error: Failed to estimate gas: server returned an error response: error code -32000: gas required exceeds allowance (42153)
2026-05-03T15:03:35Z | idx 9 | FAILED after 3 tries | Error: Failed to estimate gas: server returned an error response: error code -32000: gas required exceeds allowance (41455)
2026-05-03T15:03:38Z | idx 20 | already foreclosed (skip)
2026-05-03T15:03:39Z | idx 21 | already foreclosed (skip)
2026-05-03T15:03:55Z | idx 26 | FAILED after 3 tries | Error: Failed to estimate gas: server returned an error response: error code -32000: gas required exceeds allowance (40547)
2026-05-03T15:04:15Z | idx 4 | FAILED after 3 tries | Error: Failed to estimate gas: server returned an error response: error code -32000: gas required exceeds allowance (39243)
2026-05-03T15:04:34Z | idx 22 | FAILED after 3 tries | Error: Failed to estimate gas: server returned an error response: error code -32000: gas required exceeds allowance (40066)
2026-05-03T15:04:54Z | idx 60 | FAILED after 3 tries | Error: Failed to estimate gas: server returned an error response: error code -32000: gas required exceeds allowance (41801)
2026-05-03T15:05:14Z | idx 62 | FAILED after 3 tries | Error: Failed to estimate gas: server returned an error response: error code -32000: gas required exceeds allowance (40813)
2026-05-03T15:05:33Z | idx 96 | FAILED after 3 tries | Error: Failed to estimate gas: server returned an error response: error code -32000: gas required exceeds allowance (41840)
2026-05-03T15:05:36Z | summary | poked=0 foreclosed=0 already=3 non_target=0 failed=17
2026-05-03T15:05:36Z | === run end ===
2026-05-03T21:00:01Z | === run start ===
2026-05-03T21:00:18Z | idx 63 | FAILED after 3 tries | Error: Failed to estimate gas: server returned an error response: error code -32000: gas required exceeds allowance (41455)
2026-05-03T21:00:37Z | idx 64 | FAILED after 3 tries | Error: Failed to estimate gas: server returned an error response: error code -32000: gas required exceeds allowance (41493)
2026-05-03T21:00:57Z | idx 72 | FAILED after 3 tries | Error: Failed to estimate gas: server returned an error response: error code -32000: gas required exceeds allowance (42153)
2026-05-03T21:01:16Z | idx 73 | FAILED after 3 tries | Error: Failed to estimate gas: server returned an error response: error code -32000: gas required exceeds allowance (42572)
2026-05-03T21:01:36Z | idx 95 | FAILED after 3 tries | Error: Failed to estimate gas: server returned an error response: error code -32000: gas required exceeds allowance (41531)
2026-05-03T21:01:56Z | idx 57 | FAILED after 3 tries | Error: Failed to estimate gas: server returned an error response: error code -32000: gas required exceeds allowance (42153)
2026-05-03T21:02:15Z | idx 75 | FAILED after 3 tries | Error: Failed to estimate gas: server returned an error response: error code -32000: gas required exceeds allowance (41531)
2026-05-03T21:02:19Z | idx 85 | already foreclosed (skip)
2026-05-03T21:02:35Z | idx 91 | FAILED after 3 tries | Error: Failed to estimate gas: server returned an error response: error code -32000: gas required exceeds allowance (42532)
2026-05-03T21:02:55Z | idx 97 | FAILED after 3 tries | Error: Failed to estimate gas: server returned an error response: error code -32000: gas required exceeds allowance (42153)
2026-05-03T21:03:15Z | idx 2 | FAILED after 3 tries | Error: Failed to estimate gas: server returned an error response: error code -32000: gas required exceeds allowance (42572)
2026-05-03T21:03:34Z | idx 9 | FAILED after 3 tries | Error: Failed to estimate gas: server returned an error response: error code -32000: gas required exceeds allowance (42207)
2026-05-03T21:03:38Z | idx 20 | already foreclosed (skip)
2026-05-03T21:03:38Z | idx 21 | already foreclosed (skip)
2026-05-03T21:03:55Z | idx 26 | FAILED after 3 tries | Error: Failed to estimate gas: server returned an error response: error code -32000: gas required exceeds allowance (42341)
2026-05-03T21:04:15Z | idx 4 | FAILED after 3 tries | Error: Failed to estimate gas: server returned an error response: error code -32000: gas required exceeds allowance (41264)
2026-05-03T21:04:34Z | idx 22 | FAILED after 3 tries | Error: Failed to estimate gas: server returned an error response: error code -32000: gas required exceeds allowance (41455)
2026-05-03T21:04:54Z | idx 60 | FAILED after 3 tries | Error: Failed to estimate gas: server returned an error response: error code -32000: gas required exceeds allowance (42028)
2026-05-03T21:05:14Z | idx 62 | FAILED after 3 tries | Error: Failed to estimate gas: server returned an error response: error code -32000: gas required exceeds allowance (42532)
2026-05-03T21:05:33Z | idx 96 | FAILED after 3 tries | Error: Failed to estimate gas: server returned an error response: error code -32000: gas required exceeds allowance (42552)
2026-05-03T21:05:36Z | summary | poked=0 foreclosed=0 already=3 non_target=0 failed=17
2026-05-03T21:05:36Z | === run end ===
2026-05-04T03:00:01Z | === run start ===
2026-05-04T03:00:18Z | idx 63 | FAILED after 3 tries | Error: Failed to estimate gas: server returned an error response: error code -32000: gas required exceeds allowance (41531)
2026-05-04T03:00:37Z | idx 64 | FAILED after 3 tries | Error: Failed to estimate gas: server returned an error response: error code -32000: gas required exceeds allowance (38704)
2026-05-04T03:00:57Z | idx 72 | FAILED after 3 tries | Error: Failed to estimate gas: server returned an error response: error code -32000: gas required exceeds allowance (39411)
2026-05-04T03:01:17Z | idx 73 | FAILED after 3 tries | Error: Failed to estimate gas: server returned an error response: error code -32000: gas required exceeds allowance (39104)
2026-05-04T03:01:37Z | idx 95 | FAILED after 3 tries | Error: Failed to estimate gas: server returned an error response: error code -32000: gas required exceeds allowance (38704)
2026-05-04T03:01:56Z | idx 57 | FAILED after 3 tries | Error: Failed to estimate gas: server returned an error response: error code -32000: gas required exceeds allowance (40547)
2026-05-04T03:02:16Z | idx 75 | FAILED after 3 tries | Error: Failed to estimate gas: server returned an error response: error code -32000: gas required exceeds allowance (42417)
2026-05-04T03:02:19Z | idx 85 | already foreclosed (skip)
2026-05-04T03:02:36Z | idx 91 | FAILED after 3 tries | Error: Failed to estimate gas: server returned an error response: error code -32000: gas required exceeds allowance (42153)
2026-05-04T03:02:56Z | idx 97 | FAILED after 3 tries | Error: Failed to estimate gas: server returned an error response: error code -32000: gas required exceeds allowance (39218)
2026-05-04T03:03:16Z | idx 2 | FAILED after 3 tries | Error: Failed to estimate gas: server returned an error response: error code -32000: gas required exceeds allowance (39127)
2026-05-04T03:03:35Z | idx 9 | FAILED after 3 tries | Error: Failed to estimate gas: server returned an error response: error code -32000: gas required exceeds allowance (41037)
2026-05-04T03:03:39Z | idx 20 | already foreclosed (skip)
2026-05-04T03:03:39Z | idx 21 | already foreclosed (skip)
2026-05-04T03:03:56Z | idx 26 | FAILED after 3 tries | Error: Failed to estimate gas: server returned an error response: error code -32000: gas required exceeds allowance (41037)
2026-05-04T03:04:17Z | idx 4 | FAILED after 3 tries | Error: Failed to estimate gas: server returned an error response: error code -32000: gas required exceeds allowance (42574)
2026-05-04T03:04:36Z | idx 22 | FAILED after 3 tries | Error: Failed to estimate gas: server returned an error response: error code -32000: gas required exceeds allowance (42321)
2026-05-04T03:04:56Z | idx 60 | FAILED after 3 tries | Error: Failed to estimate gas: server returned an error response: error code -32000: gas required exceeds allowance (40547)
2026-05-04T03:05:16Z | idx 62 | FAILED after 3 tries | Error: Failed to estimate gas: server returned an error response: error code -32000: gas required exceeds allowance (38704)
2026-05-04T03:05:35Z | idx 96 | FAILED after 3 tries | Error: Failed to estimate gas: server returned an error response: error code -32000: gas required exceeds allowance (41455)
2026-05-04T03:05:38Z | summary | poked=0 foreclosed=0 already=3 non_target=0 failed=17
2026-05-04T03:05:38Z | === run end ===
2026-05-04T09:00:01Z | === run start ===
2026-05-04T09:00:18Z | idx 63 | FAILED after 3 tries | Error: Failed to estimate gas: server returned an error response: error code -32000: gas required exceeds allowance (38704)
2026-05-04T09:00:37Z | idx 64 | FAILED after 3 tries | Error: Failed to estimate gas: server returned an error response: error code -32000: gas required exceeds allowance (39149)
2026-05-04T09:00:57Z | idx 72 | FAILED after 3 tries | Error: Failed to estimate gas: server returned an error response: error code -32000: gas required exceeds allowance (39059)
2026-05-04T09:01:16Z | idx 73 | FAILED after 3 tries | Error: Failed to estimate gas: server returned an error response: error code -32000: gas required exceeds allowance (38881)
2026-05-04T09:01:36Z | idx 95 | FAILED after 3 tries | Error: Failed to estimate gas: server returned an error response: error code -32000: gas required exceeds allowance (39720)
2026-05-04T09:01:55Z | idx 57 | FAILED after 3 tries | Error: Failed to estimate gas: server returned an error response: error code -32000: gas required exceeds allowance (40547)
2026-05-04T09:02:15Z | idx 75 | FAILED after 3 tries | Error: Failed to estimate gas: server returned an error response: error code -32000: gas required exceeds allowance (42153)
2026-05-04T09:02:18Z | idx 85 | already foreclosed (skip)
2026-05-04T09:02:35Z | idx 91 | FAILED after 3 tries | Error: Failed to estimate gas: server returned an error response: error code -32000: gas required exceeds allowance (41455)
2026-05-04T09:02:55Z | idx 97 | FAILED after 3 tries | Error: Failed to estimate gas: server returned an error response: error code -32000: gas required exceeds allowance (41842)
2026-05-04T09:03:14Z | idx 2 | FAILED after 3 tries | Error: Failed to estimate gas: server returned an error response: error code -32000: gas required exceeds allowance (39149)
2026-05-04T09:03:34Z | idx 9 | FAILED after 3 tries | Error: Failed to estimate gas: server returned an error response: error code -32000: gas required exceeds allowance (38973)
2026-05-04T09:03:37Z | idx 20 | already foreclosed (skip)
2026-05-04T09:03:38Z | idx 21 | already foreclosed (skip)
2026-05-04T09:03:54Z | idx 26 | FAILED after 3 tries | Error: Failed to estimate gas: server returned an error response: error code -32000: gas required exceeds allowance (42153)
2026-05-04T09:04:14Z | idx 4 | FAILED after 3 tries | Error: Failed to estimate gas: server returned an error response: error code -32000: gas required exceeds allowance (41916)
2026-05-04T09:04:33Z | idx 22 | FAILED after 3 tries | Error: Failed to estimate gas: server returned an error response: error code -32000: gas required exceeds allowance (39248)
2026-05-04T09:04:53Z | idx 60 | FAILED after 3 tries | Error: Failed to estimate gas: server returned an error response: error code -32000: gas required exceeds allowance (38704)
2026-05-04T09:05:12Z | idx 62 | FAILED after 3 tries | Error: Failed to estimate gas: server returned an error response: error code -32000: gas required exceeds allowance (39328)
2026-05-04T09:05:32Z | idx 96 | FAILED after 3 tries | Error: Failed to estimate gas: server returned an error response: error code -32000: gas required exceeds allowance (41455)
2026-05-04T09:05:35Z | summary | poked=0 foreclosed=0 already=3 non_target=0 failed=17
2026-05-04T09:05:35Z | === run end ===
2026-05-04T15:00:01Z | === run start ===
2026-05-04T15:00:18Z | idx 63 | FAILED after 3 tries | Error: Failed to estimate gas: server returned an error response: error code -32000: gas required exceeds allowance (38704)
2026-05-04T15:00:38Z | idx 64 | FAILED after 3 tries | Error: Failed to estimate gas: server returned an error response: error code -32000: gas required exceeds allowance (38704)
2026-05-04T15:00:58Z | idx 72 | FAILED after 3 tries | Error: Failed to estimate gas: server returned an error response: error code -32000: gas required exceeds allowance (38704)
2026-05-04T15:01:17Z | idx 73 | FAILED after 3 tries | Error: Failed to estimate gas: server returned an error response: error code -32000: gas required exceeds allowance (38704)
2026-05-04T15:01:37Z | idx 95 | FAILED after 3 tries | Error: Failed to estimate gas: server returned an error response: error code -32000: gas required exceeds allowance (38704)
2026-05-04T15:01:57Z | idx 57 | FAILED after 3 tries | Error: Failed to estimate gas: server returned an error response: error code -32000: gas required exceeds allowance (38714)
2026-05-04T15:02:16Z | idx 75 | FAILED after 3 tries | Error: Failed to estimate gas: server returned an error response: error code -32000: gas required exceeds allowance (39381)
2026-05-04T15:02:20Z | idx 85 | already foreclosed (skip)
2026-05-04T15:02:36Z | idx 91 | FAILED after 3 tries | Error: Failed to estimate gas: server returned an error response: error code -32000: gas required exceeds allowance (40070)
2026-05-04T15:02:56Z | idx 97 | FAILED after 3 tries | Error: Failed to estimate gas: server returned an error response: error code -32000: gas required exceeds allowance (39604)
2026-05-04T15:03:16Z | idx 2 | FAILED after 3 tries | Error: Failed to estimate gas: server returned an error response: error code -32000: gas required exceeds allowance (39557)
2026-05-04T15:03:35Z | idx 9 | FAILED after 3 tries | Error: Failed to estimate gas: server returned an error response: error code -32000: gas required exceeds allowance (40547)
2026-05-04T15:03:39Z | idx 20 | already foreclosed (skip)
2026-05-04T15:03:40Z | idx 21 | already foreclosed (skip)
2026-05-04T15:03:56Z | idx 26 | FAILED after 3 tries | Error: Failed to estimate gas: server returned an error response: error code -32000: gas required exceeds allowance (40838)
2026-05-04T15:04:16Z | idx 4 | FAILED after 3 tries | Error: Failed to estimate gas: server returned an error response: error code -32000: gas required exceeds allowance (38704)
2026-05-04T15:04:35Z | idx 22 | FAILED after 3 tries | Error: Failed to estimate gas: server returned an error response: error code -32000: gas required exceeds allowance (38704)
2026-05-04T15:04:55Z | idx 60 | FAILED after 3 tries | Error: Failed to estimate gas: server returned an error response: error code -32000: gas required exceeds allowance (40321)
2026-05-04T15:05:15Z | idx 62 | FAILED after 3 tries | Error: Failed to estimate gas: server returned an error response: error code -32000: gas required exceeds allowance (40353)
2026-05-04T15:05:34Z | idx 96 | FAILED after 3 tries | Error: Failed to estimate gas: server returned an error response: error code -32000: gas required exceeds allowance (38704)
2026-05-04T15:05:37Z | summary | poked=0 foreclosed=0 already=3 non_target=0 failed=17
2026-05-04T15:05:37Z | === run end ===
2026-05-04T21:00:01Z | === run start ===
2026-05-04T21:00:32Z | idx 63 | FAILED after 3 tries | Error: Failed to estimate gas: server returned an error response: error code -32000: gas required exceeds allowance (41455)
2026-05-04T21:00:53Z | idx 64 | FAILED after 3 tries | Error: Failed to estimate gas: server returned an error response: error code -32000: gas required exceeds allowance (41455)
2026-05-04T21:01:14Z | idx 72 | FAILED after 3 tries | Error: Failed to estimate gas: server returned an error response: error code -32000: gas required exceeds allowance (41087)
2026-05-04T21:01:34Z | idx 73 | FAILED after 3 tries | Error: Failed to estimate gas: server returned an error response: error code -32000: gas required exceeds allowance (42153)
2026-05-04T21:01:55Z | idx 95 | FAILED after 3 tries | Error: Failed to estimate gas: server returned an error response: error code -32000: gas required exceeds allowance (41127)
2026-05-04T21:02:15Z | idx 57 | FAILED after 3 tries | Error: Failed to estimate gas: server returned an error response: error code -32000: gas required exceeds allowance (42153)
2026-05-04T21:02:36Z | idx 75 | FAILED after 3 tries | Error: Failed to estimate gas: server returned an error response: error code -32000: gas required exceeds allowance (41099)
2026-05-04T21:02:46Z | idx 85 | already foreclosed (skip)
2026-05-04T21:03:03Z | idx 91 | FAILED after 3 tries | Error: Failed to estimate gas: server returned an error response: error code -32000: gas required exceeds allowance (39604)
2026-05-04T21:03:24Z | idx 97 | FAILED after 3 tries | Error: Failed to estimate gas: server returned an error response: error code -32000: gas required exceeds allowance (40996)
2026-05-04T21:03:45Z | idx 2 | FAILED after 3 tries | Error: Failed to estimate gas: server returned an error response: error code -32000: gas required exceeds allowance (39327)
2026-05-04T21:04:07Z | idx 9 | FAILED after 3 tries | Error: Failed to estimate gas: server returned an error response: error code -32000: gas required exceeds allowance (39251)
2026-05-04T21:04:11Z | idx 20 | already foreclosed (skip)
2026-05-04T21:04:12Z | idx 21 | already foreclosed (skip)
2026-05-04T21:04:29Z | idx 26 | FAILED after 3 tries | Error: Failed to estimate gas: server returned an error response: error code -32000: gas required exceeds allowance (38704)
2026-05-04T21:04:50Z | idx 4 | FAILED after 3 tries | Error: Failed to estimate gas: server returned an error response: error code -32000: gas required exceeds allowance (39324)
2026-05-04T21:05:10Z | idx 22 | FAILED after 3 tries | Error: Failed to estimate gas: server returned an error response: error code -32000: gas required exceeds allowance (40624)
2026-05-04T21:05:31Z | idx 60 | FAILED after 3 tries | Error: Failed to estimate gas: server returned an error response: error code -32000: gas required exceeds allowance (39238)
2026-05-04T21:05:51Z | idx 62 | FAILED after 3 tries | Error: Failed to estimate gas: server returned an error response: error code -32000: gas required exceeds allowance (41455)
2026-05-04T21:06:12Z | idx 96 | FAILED after 3 tries | Error: Failed to estimate gas: server returned an error response: error code -32000: gas required exceeds allowance (40548)
2026-05-04T21:06:15Z | summary | poked=0 foreclosed=0 already=3 non_target=0 failed=17
2026-05-04T21:06:15Z | === run end ===
2026-05-05T01:25:23Z | === run start ===
2026-05-05T01:25:40Z | idx 63 | FAILED after 3 tries | Error: Failed to estimate gas: server returned an error response: error code -32000: gas required exceeds allowance (39782)
2026-05-05T01:26:00Z | idx 64 | FAILED after 3 tries | Error: Failed to estimate gas: server returned an error response: error code -32000: gas required exceeds allowance (41455)
2026-05-05T01:26:20Z | idx 72 | FAILED after 3 tries | Error: Failed to estimate gas: server returned an error response: error code -32000: gas required exceeds allowance (41455)
2026-05-05T01:26:43Z | idx 73 | FAILED after 3 tries | Error: Failed to estimate gas: server returned an error response: error code -32000: gas required exceeds allowance (41842)
2026-05-05T01:27:06Z | idx 95 | FAILED after 3 tries | Error: Failed to estimate gas: server returned an error response: error code -32000: gas required exceeds allowance (40679)
2026-05-05T01:27:26Z | idx 57 | FAILED after 3 tries | Error: Failed to estimate gas: server returned an error response: error code -32000: gas required exceeds allowance (41455)
2026-05-05T01:27:46Z | idx 75 | FAILED after 3 tries | Error: Failed to estimate gas: server returned an error response: error code -32000: gas required exceeds allowance (42153)
2026-05-05T01:27:49Z | idx 85 | already foreclosed (skip)
2026-05-05T01:28:06Z | idx 91 | FAILED after 3 tries | Error: Failed to estimate gas: server returned an error response: error code -32000: gas required exceeds allowance (41510)
2026-05-05T01:28:26Z | idx 97 | FAILED after 3 tries | Error: Failed to estimate gas: server returned an error response: error code -32000: gas required exceeds allowance (42574)
2026-05-05T01:28:46Z | idx 2 | FAILED after 3 tries | Error: Failed to estimate gas: server returned an error response: error code -32000: gas required exceeds allowance (41536)
2026-05-05T01:29:05Z | idx 9 | FAILED after 3 tries | Error: Failed to estimate gas: server returned an error response: error code -32000: gas required exceeds allowance (40996)
2026-05-05T01:29:09Z | idx 20 | already foreclosed (skip)
2026-05-05T01:29:10Z | idx 21 | already foreclosed (skip)
2026-05-05T01:29:26Z | idx 26 | FAILED after 3 tries | Error: Failed to estimate gas: server returned an error response: error code -32000: gas required exceeds allowance (41750)
2026-05-05T02:20:36Z | === run start ===
2026-05-05T02:20:38Z | idx 63 | poked (still held) | tx 0xcc406dacf0458570325d38386ed39a87d1ebc4c13ef47b10beb169bb36d8592b | dep_before=467371362433886
2026-05-05T02:20:43Z | idx 64 | poked (still held) | tx 0x0a61afa435c82fcebf0e8bec990d057cb2accace2bf3e7435e9d6c7851e33bf0 | dep_before=456682870370392
2026-05-05T02:20:48Z | idx 72 | poked (still held) | tx 0x659824d0bdf13af6528ab48d0b1b7f0c3bfd512c82225c56fdee3408a9ee5e55 | dep_before=830410548941819
2026-05-05T02:20:54Z | idx 73 | poked (still held) | tx 0xbeea90ecb42c7121f4575c534d0a152b1bbba56970e270fdbc62db9fd363a0e7 | dep_before=615339021164038
2026-05-05T02:20:59Z | idx 95 | FORECLOSED via poke | tx 0x9dc9161df0ad90f691d1050d6a4830a7b2d37e1205f07c845496a3a10827c1a1
2026-05-05T02:21:04Z | idx 57 | poked (still held) | tx 0x5428477f21cc21a0be8d4002d380987acbe05266237aa6d770874efb635c58a4 | dep_before=631431448412715
2026-05-05T02:21:10Z | idx 75 | poked (still held) | tx 0xf8d0b3723fc9e6e6e65bf3eb29aa3b0c1341fe48657f93e2da971e14e156e816 | dep_before=386611474867743
2026-05-05T02:21:13Z | idx 85 | already foreclosed (skip)
2026-05-05T02:21:15Z | idx 91 | poked (still held) | tx 0xe39542a3c3262e6c6dfdc1adee0552046964cbad348766b2a05aad31b6d63cd8 | dep_before=883765410052928
2026-05-05T02:21:20Z | idx 97 | poked (still held) | tx 0x88ada3b729ffe901a14b262971a47f3ee27d60bc7218d3a13c2dbac65fac73bc | dep_before=667865410052928
2026-05-05T02:21:26Z | idx 2 | poked (still held) | tx 0x5a599b2cfa703b5516223138336616e4834f31898cfe797fff8d466e8964ff63 | dep_before=338022156084675
2026-05-05T02:21:33Z | idx 9 | poked (still held) | tx 0x58ac756cf4957a759128c14364cfaacffc848b141c619d83222bcf549179a9fe | dep_before=487986177248694
2026-05-05T02:21:37Z | idx 20 | already foreclosed (skip)
2026-05-05T02:21:37Z | idx 21 | already foreclosed (skip)
2026-05-05T02:21:40Z | idx 26 | poked (still held) | tx 0x20a87dad943908ac7af4843cf6d87a69e40fd8a55e1b45bd7f953dd4353bcee2 | dep_before=302172387566154
2026-05-05T02:21:47Z | idx 4 | poked (still held) | tx 0x4d7ced11782b4d5fa5ca76c8e710117f5491c2c1236c972865310e3dc2b73e28 | dep_before=2659555059523827
2026-05-05T02:21:52Z | idx 22 | poked (still held) | tx 0x5bdf6e4da510a61948372a92dd23bd6191fe2d5add80a638ed3258fb242a9735 | dep_before=3261842261904780
2026-05-05T02:21:58Z | idx 60 | poked (still held) | tx 0x62b0bbe4ac4179ecd33e5f34536d762a8e987b5d7f29e339d46d0fb94d72070f | dep_before=602456051587317
2026-05-05T02:22:03Z | idx 62 | poked (still held) | tx 0x6bd8fde9042152b275a5cd705c79674e9277f7bbcb5790b595e97ce2f29d76dd | dep_before=789099107142874
2026-05-05T02:22:08Z | idx 96 | poked (still held) | tx 0xb9e5fd8ea6c1bb0437562b6ad329fe281f80fdf60fd0b2c03f409842e61a1f3a | dep_before=617493055555575
2026-05-05T02:22:11Z | summary | poked=16 foreclosed=1 already=3 non_target=0 failed=0
2026-05-05T02:22:11Z | === run end ===
2026-05-05T03:00:01Z | === run start ===
2026-05-05T03:00:12Z | idx 63 | poked (still held) | tx 0xc9018e94dd82867fe904ea30acd00585ca6f33e04446103fc9f3ea8ea3bf5e86 | dep_before=5041666666691
2026-05-05T03:00:16Z | idx 64 | already foreclosed (skip)
2026-05-05T03:00:18Z | idx 72 | poked (still held) | tx 0x57e021cee09a426353962a0d275f7eeaf0328b83b8f3e4aa46cd6673b5ffb183 | dep_before=368082506613777
2026-05-05T03:00:25Z | idx 73 | poked (still held) | tx 0x9888b35bb0e041495976f91bcac01b9c17b8ef107e0720e31f0c80f9c6239d2b | dep_before=153010978835996
2026-05-05T03:00:29Z | idx 95 | already foreclosed (skip)
2026-05-05T03:00:31Z | idx 57 | poked (still held) | tx 0x0a41c2e815a91de92eb3b39bddda62d440b352fc61ae08006e3ddce0fe3f57c0 | dep_before=169103406084673
2026-05-05T03:00:34Z | idx 75 | already foreclosed (skip)
2026-05-05T03:00:35Z | idx 85 | already foreclosed (skip)
2026-05-05T03:00:37Z | idx 91 | poked (still held) | tx 0xd504caa2a0e16c302f76a49146988f76e9f9102d2bf30a542a8a6cebed084b65 | dep_before=421437367724886
2026-05-05T03:00:42Z | idx 97 | poked (still held) | tx 0x26430c8ea3d582d19075017d8565949f7bce13092e695226d68ba212600ea073 | dep_before=205537367724886
2026-05-05T03:00:46Z | idx 2 | already foreclosed (skip)
2026-05-05T03:00:48Z | idx 9 | poked (still held) | tx 0xf869597a2605f70d0faf36c4399114c2b04c99311128b2274287f51b80aa9436 | dep_before=25658134920652
2026-05-05T03:00:52Z | idx 20 | already foreclosed (skip)
2026-05-05T03:00:53Z | idx 21 | already foreclosed (skip)
2026-05-05T03:00:53Z | idx 26 | already foreclosed (skip)
2026-05-05T03:00:55Z | idx 4 | poked (still held) | tx 0xfce9fddcd83bb2bf29b88db10b08b8b847f52e8329287f64cc0606bd131e4b66 | dep_before=2179364914021182
2026-05-05T03:01:01Z | idx 22 | poked (still held) | tx 0xf56677ff2b3c03796414105ec76e51f017536fb8502f72853b02de3dbb2f27bc | dep_before=2781652116402135
2026-05-05T03:01:06Z | idx 60 | poked (still held) | tx 0xf52469d3cb67a5a835b343fdf66d98634d974f0c32ee0d7a99f8475153e99b99 | dep_before=122265906084672
2026-05-05T03:01:11Z | idx 62 | poked (still held) | tx 0x6c3137b690c761ef4d02db5d62cb7c6de521e3b5b44241929710b6026a029f1f | dep_before=308908961640229
2026-05-05T03:01:17Z | idx 96 | poked (still held) | tx 0x4f25fe5f3ed84abac2b955ae13890ce21d04891ed0f28e8f19fe4f40fc293fae | dep_before=137302910052930
2026-05-05T03:01:20Z | summary | poked=12 foreclosed=0 already=8 non_target=0 failed=0
2026-05-05T03:01:20Z | === run end ===
2026-05-05T09:00:01Z | === run start ===
2026-05-05T09:00:04Z | idx 63 | poked (still held) | tx 0x21270d5fa3604ee359507dfb36520d57b0425a7262d2769fcb0e74b129751465 | dep_before=3079034391559
2026-05-05T09:00:07Z | idx 64 | already foreclosed (skip)
2026-05-05T09:00:09Z | idx 72 | poked (still held) | tx 0x3e1500698b9c2942ddc0598d167655898d49e545ac0a17edfff2285305f9eede | dep_before=366123181216952
2026-05-05T09:00:14Z | idx 73 | poked (still held) | tx 0x508a598cc7c9375651b0778701f7a0db3417a4d5b95e08c20e08cf89bcbdef8b | dep_before=151051653439171
2026-05-05T09:00:18Z | idx 95 | already foreclosed (skip)
2026-05-05T09:00:20Z | idx 57 | poked (still held) | tx 0x4ff37d16c799bf74efd3b49edc739b224356226e8ff55752a8ee395bde6533e1 | dep_before=167147387566155
2026-05-05T09:00:24Z | idx 75 | already foreclosed (skip)
2026-05-05T09:00:24Z | idx 85 | already foreclosed (skip)
2026-05-05T09:00:27Z | idx 91 | poked (still held) | tx 0xa12de99c80854861a01fe73db8bf83d703f4c2a76c9f80e9d44d97577be22d22 | dep_before=419486309523828
2026-05-05T09:00:32Z | idx 97 | poked (still held) | tx 0x940b17336523c964e9a9d13106732ce58fbe02b66b229b72eb7a37846c6fb099 | dep_before=203584656084675
2026-05-05T09:00:35Z | idx 2 | already foreclosed (skip)
2026-05-05T09:00:37Z | idx 9 | poked (still held) | tx 0xd8254cd84c09d3a6a95f225e984150e5bcc2ab6ed2fab88d4e6a3d69efab3ec2 | dep_before=23710383597901
2026-05-05T09:00:41Z | idx 20 | already foreclosed (skip)
2026-05-05T09:00:41Z | idx 21 | already foreclosed (skip)
2026-05-05T09:00:42Z | idx 26 | already foreclosed (skip)
2026-05-05T09:00:44Z | idx 4 | poked (still held) | tx 0xf64ec6b112f8faa3af67bc87213deaa7f9033d0df91c11fb7a2fb6037e96b809 | dep_before=2177422123015891
2026-05-05T09:00:49Z | idx 22 | poked (still held) | tx 0xb78904913a43ae7c1e25b71585015f5fa2d58752222b2ab79e93b4d56e7f255f | dep_before=2779710978835998
2026-05-05T09:00:54Z | idx 60 | poked (still held) | tx 0x6d2b5b12fc86eed794ff95f8b01e9f2037e6047c99c1317e9d281c2f9c8f0e7d | dep_before=120324768518535
2026-05-05T09:01:00Z | idx 62 | poked (still held) | tx 0xc43ca5176c3c99cb590c7a7f2dfd19d42c19cf03c632cd887b3d024522f5b3b1 | dep_before=306966170634938
2026-05-05T09:01:07Z | idx 96 | poked (still held) | tx 0x71a642cac080f334db6ae051027f2302539cfc289ed90488648af6082da2138d | dep_before=135361772486793
2026-05-05T09:01:10Z | summary | poked=12 foreclosed=0 already=8 non_target=0 failed=0
2026-05-05T09:01:10Z | === run end ===
2026-05-05T15:00:01Z | === run start ===
2026-05-05T15:00:01Z | idx 63 | already foreclosed (skip)
2026-05-05T15:00:02Z | idx 64 | already foreclosed (skip)
2026-05-05T15:00:04Z | idx 72 | poked (still held) | tx 0x0399f55306f02bfb906091894edf4c51a5d4debc381079113feca24386d4e6b6 | dep_before=348272652116423
2026-05-05T15:00:10Z | idx 73 | poked (still held) | tx 0x8c5f97bf0b1e747e84dc5780b8a9d883d246970ae3bc10bf3bd08c1daa84d702 | dep_before=133202777777796
2026-05-05T15:00:13Z | idx 95 | already foreclosed (skip)
2026-05-05T15:00:15Z | idx 57 | poked (still held) | tx 0x0d3cf0f98b67ab4fa9c8b00551433a63f1dc9fbbf44ffe95f22822709029f2af | dep_before=149298511904780
2026-05-05T15:00:19Z | idx 75 | already foreclosed (skip)
2026-05-05T15:00:19Z | idx 85 | already foreclosed (skip)
2026-05-05T15:00:22Z | idx 91 | poked (still held) | tx 0xbe94bdd2f91e05490d1abc4edb94f6ff28193f3070d7995ba95e66b730882cd9 | dep_before=401637433862453
2026-05-05T15:00:27Z | idx 97 | poked (still held) | tx 0xc0f1de63421d2c54f0ee38d9dfca656b0da03cc1289b3afc00ed5a8a135b6526 | dep_before=185735780423300
2026-05-05T15:00:31Z | idx 2 | already foreclosed (skip)
2026-05-05T15:00:33Z | idx 9 | poked (still held) | tx 0xe9a46a12c82c019192491c6a658ba80172fe67b48d26ae1107dcf55e223fe8d8 | dep_before=5861507936526
2026-05-05T15:00:37Z | idx 20 | already foreclosed (skip)
2026-05-05T15:00:37Z | idx 21 | already foreclosed (skip)
2026-05-05T15:00:38Z | idx 26 | already foreclosed (skip)
2026-05-05T15:00:40Z | idx 4 | poked (still held) | tx 0x0960197b61ad123323095cd74e2659a49aeb9be15f76525c35f822d83c190d76 | dep_before=2159574900793669
2026-05-05T15:00:46Z | idx 22 | poked (still held) | tx 0x92602dfd0a7cc6cf8d8d74d6a4539ae728bc97ffe0dc99c7c1c43c0aab9413ef | dep_before=2761862103174623
2026-05-05T15:00:51Z | idx 60 | poked (still held) | tx 0x4607a264fb4aba327bc3c4e3846299331895ee3c432ed03492902215a1f86da9 | dep_before=102477546296313
2026-05-05T15:00:57Z | idx 62 | poked (still held) | tx 0xec13b6d4fa7eebfd3558e5bbaf5d161f2538d637d25885d64b0235e5a2c2cf20 | dep_before=289118948412716
2026-05-05T15:01:02Z | idx 96 | poked (still held) | tx 0x0d14a1d9780a29c68424660277058060db9fe215e10637f2c637e6cc3e54439d | dep_before=117512896825418
2026-05-05T15:01:05Z | summary | poked=11 foreclosed=0 already=9 non_target=0 failed=0
2026-05-05T15:01:05Z | === run end ===
2026-05-05T21:00:01Z | === run start ===
2026-05-05T21:00:01Z | idx 63 | already foreclosed (skip)
2026-05-05T21:00:02Z | idx 64 | already foreclosed (skip)
2026-05-05T21:00:04Z | idx 72 | poked (still held) | tx 0xf7c9207fcfb74f50c5fe28521bf3b9295964d89b53704ea91f4798c5ccb49895 | dep_before=330420469576741
2026-05-05T21:00:10Z | idx 73 | poked (still held) | tx 0xf1273eddbbba9902bb0da39a85e7e2461fa149496a04d0b051f09a195f7bafca | dep_before=115348941798961
2026-05-05T21:00:13Z | idx 95 | already foreclosed (skip)
2026-05-05T21:00:24Z | idx 57 | poked (still held) | tx 0xb21527826247f1165337a288117964429c25cb7f73af680da3634e3f07326fc4 | dep_before=131444675925945
2026-05-05T21:00:27Z | idx 75 | already foreclosed (skip)
2026-05-05T21:00:28Z | idx 85 | already foreclosed (skip)
2026-05-05T21:00:30Z | idx 91 | poked (still held) | tx 0xc70a839c2d00cc0a3101f4f387ebbc0f25357580cb0bd0e0f8cd6e19524139e7 | dep_before=383783597883618
2026-05-05T21:00:44Z | idx 97 | poked (still held) | tx 0x69567ef1b7aa8b1379177a259c4d800a4686abc631e42267524dbf1b285b1468 | dep_before=167881944444465
2026-05-05T21:00:48Z | idx 2 | already foreclosed (skip)
2026-05-05T21:00:48Z | idx 9 | already foreclosed (skip)
2026-05-05T21:00:49Z | idx 20 | already foreclosed (skip)
2026-05-05T21:00:49Z | idx 21 | already foreclosed (skip)
2026-05-05T21:00:50Z | idx 26 | already foreclosed (skip)
2026-05-05T21:00:52Z | idx 4 | poked (still held) | tx 0x9c1adc2a2d3a8446f35259b133212f8e1647d104074e706235913ee6610f5a82 | dep_before=2141721064814834
2026-05-05T21:00:57Z | idx 22 | poked (still held) | tx 0x15e3fb79166a6ec77e803a3fb81e94e883c66d1195551fdbff306152671a5951 | dep_before=2744008267195788
2026-05-05T21:01:03Z | idx 60 | poked (still held) | tx 0x3b25a6ec52243dd18e23f3c30a75ec5a49fbe1ba0befbd0fb1009589b981fb59 | dep_before=84622056878324
2026-05-05T21:01:08Z | idx 62 | poked (still held) | tx 0x638d0c8681bb9e41183fe9889acb984dab5c79525fcd4fe760f1d70fcb91ea37 | dep_before=271265112433881
2026-05-05T21:01:15Z | idx 96 | poked (still held) | tx 0x4258fff14f92c93fc6f945e0e48105156fdc3e286eb2b1d3889ca2b41730033a | dep_before=99659060846583
2026-05-05T21:01:18Z | summary | poked=10 foreclosed=0 already=10 non_target=0 failed=0
2026-05-05T21:01:18Z | === run end ===
2026-05-06T03:00:01Z | === run start ===
2026-05-06T03:00:01Z | idx 63 | already foreclosed (skip)
2026-05-06T03:00:02Z | idx 64 | already foreclosed (skip)
2026-05-06T03:00:04Z | idx 72 | poked (still held) | tx 0x339debc5f3f0d7536f3258750a846ed40c16a0e6585676f51277e104ffcfc8a2 | dep_before=312563326719599
2026-05-06T03:00:09Z | idx 73 | poked (still held) | tx 0xff72f9ffbc5c53175c9857b981a399c9ef061b0df65d519d13fb23b63e2f94c2 | dep_before=97491798941819
2026-05-06T03:00:13Z | idx 95 | already foreclosed (skip)
2026-05-06T03:00:15Z | idx 57 | poked (still held) | tx 0xc9148036ee8fbb289071bfbae586acad9933fdabe0259a44e5817f0458618b62 | dep_before=113580919312189
2026-05-06T03:00:19Z | idx 75 | already foreclosed (skip)
2026-05-06T03:00:19Z | idx 85 | already foreclosed (skip)
2026-05-06T03:00:21Z | idx 91 | poked (still held) | tx 0x5ed9b42cfa6147950b8e2b91fd214050f7d2415c3b9678fd1b798f1fde10c7bf | dep_before=365919841269862
2026-05-06T03:00:27Z | idx 97 | poked (still held) | tx 0x71ab056d9207255eeb87a9d897d44e74ceb813f68ae700b8b506b40bc61385fa | dep_before=150011574074095
2026-05-06T03:00:30Z | idx 2 | already foreclosed (skip)
2026-05-06T03:00:31Z | idx 9 | already foreclosed (skip)
2026-05-06T03:00:31Z | idx 20 | already foreclosed (skip)
2026-05-06T03:00:32Z | idx 21 | already foreclosed (skip)
2026-05-06T03:00:32Z | idx 26 | already foreclosed (skip)
2026-05-06T03:00:34Z | idx 4 | poked (still held) | tx 0x70600484f7e554814ec4319c887e3b7bf36df8aa1d506343840984d04acf8164 | dep_before=2123854001322771
2026-05-06T03:00:40Z | idx 22 | poked (still held) | tx 0xc7cf07f015e8db8333026218563892bcc2bc3d31d347ac632910626ca6ed5365 | dep_before=2726141203703725
2026-05-06T03:00:45Z | idx 60 | poked (still held) | tx 0xdd645c18b750de42d652027724654fa319c4499978296d2f5235c18360878994 | dep_before=66756646825414
2026-05-06T03:00:50Z | idx 62 | poked (still held) | tx 0xdb370129ef9e8de8f28fa79a4acf89772f8fba7b79f0819b853642cb6176babe | dep_before=253398048941818
2026-05-06T03:00:55Z | idx 96 | poked (still held) | tx 0x5fea3ce84a1ae5b55b659ffb320ba47819d953dca3ec5b91c543561b20b57858 | dep_before=81791997354520
2026-05-06T03:00:58Z | summary | poked=10 foreclosed=0 already=10 non_target=0 failed=0
2026-05-06T03:00:58Z | === run end ===
